0 1.987 1.003 0 1.00321 3 0 3.20833 0 0 -19.4925 
0.001 1.987 1.006 0 1.00641 3 0 3.19852 0 0 -19.4925 
0.002 1.987 1.009 0 1.0096 3 0 3.18871 0 0 -19.4925 
0.003 1.987 1.012 0 1.01277 3 0 3.1789 0 0 -19.4925 
0.004 1.987 1.015 0 1.01594 3 0 3.16909 0 0 -19.4925 
0.005 1.987 1.018 0 1.0191 3 0 3.15928 0 0 -19.4925 
0.006 1.987 1.021 0 1.02225 3 0 3.14947 0 0 -19.4925 
0.007 1.987 1.024 0 1.02539 3 0 3.13966 0 0 -19.4925 
0.008 1.987 1.027 0 1.02852 3 0 3.12985 0 0 -19.4925 
0.009 1.987 1.03 0 1.03164 3 0 3.12004 0 0 -19.4925 
0.01 1.987 1.033 0 1.03475 3 0 3.11023 0 0 -19.4925 
0.011 1.987 1.036 0 1.03785 3 0 3.10042 0 0 -19.4925 
0.012 1.987 1.039 0 1.04094 3 0 3.09061 0 0 -19.4925 
0.013 1.987 1.042 0 1.04402 3 0 3.0808 0 0 -19.4925 
0.014 1.987 1.045 0 1.04709 3 0 3.07099 0 0 -19.4925 
0.015 1.987 1.048 0 1.05016 3 0 3.06118 0 0 -19.4925 
0.016 1.987 1.051 0 1.05321 3 0 3.05137 0 0 -19.4925 
0.017 1.987 1.054 0 1.05625 3 0 3.04156 0 0 -19.4925 
0.018 1.987 1.057 0 1.05928 3 0 3.03175 0 0 -19.4925 
0.019 1.987 1.06 0 1.0623 3 0 3.02194 0 0 -19.4925 
0.02 1.987 1.063 0 1.06531 3 0 3.01213 0 0 -19.4925 
0.021 1.987 1.066 0 1.06832 3 0 3.00232 0 0 -19.4925 
0.022 1.987 1.069 0 1.07131 3 0 2.99251 0 0 -19.4925 
0.023 1.987 1.072 0 1.07429 3 0 2.9827 0 0 -19.4925 
0.024 1.987 1.075 0 1.07727 3 0 2.97289 0 0 -19.4925 
0.025 1.987 1.078 0 1.08023 3 0 2.96308 0 0 -19.4925 
0.026 1.987 1.081 0 1.08318 3 0 2.95327 0 0 -19.4925 
0.027 1.987 1.084 0 1.08613 3 0 2.94346 0 0 -19.4925 
0.028 1.987 1.087 0 1.08906 3 0 2.93365 0 0 -19.4925 
0.029 1.987 1.09 0 1.09198 3 0 2.92384 0 0 -19.4925 
0.03 1.987 1.093 0 1.0949 3 0 2.91403 0 0 -19.4925 
0.031 1.987 1.096 0 1.0978 3 0 2.90422 0 0 -19.4925 
0.032 1.987 1.099 0 1.1007 3 0 2.89441 0 0 -19.4925 
0.033 1.987 1.102 0 1.10358 3 0 2.8846 0 0 -19.4925 
0.034 1.987 1.105 0 1.10645 3 0 2.87479 0 0 -19.4925 
0.035 1.987 1.108 0 1.10932 3 0 2.86498 0 0 -19.4925 
0.036 1.987 1.111 0 1.11217 3 0 2.85517 0 0 -19.4925 
0.037 1.987 1.114 0 1.11502 3 0 2.84536 0 0 -19.4925 
0.038 1.987 1.117 0 1.11786 3 0 2.83555 0 0 -19.4925 
0.039 1.987 1.12 0 1.12068 3 0 2.82574 0 0 -19.4925 
0.04 1.987 1.123 0 1.1235 3 0 2.81593 0 0 -19.4925 
0.041 1.987 1.126 0 1.1263 3 0 2.80612 0 0 -19.4925 
0.042 1.987 1.129 0 1.1291 3 0 2.79631 0 0 -19.4925 
0.043 1.987 1.132 0 1.13189 3 0 2.7865 0 0 -19.4925 
0.044 1.987 1.135 0 1.13466 3 0 2.77669 0 0 -19.4925 
0.045 1.987 1.138 0 1.13743 3 0 2.76688 0 0 -19.4925 
0.046 1.987 1.141 0 1.14019 3 0 2.75707 0 0 -19.4925 
0.047 1.987 1.144 0 1.14293 3 0 2.74726 0 0 -19.4925 
0.048 1.987 1.147 0 1.14567 3 0 2.73745 0 0 -19.4925 
0.049 1.987 1.15 0 1.1484 3 0 2.72764 0 0 -19.4925 
0.05 1.987 1.153 0 1.15112 3 0 2.71783 0 0 -19.4925 
0.051 1.987 1.156 0 1.15383 3 0 2.70802 0 0 -19.4925 
0.052 1.987 1.159 0 1.15652 3 0 2.69821 0 0 -19.4925 
0.053 1.987 1.162 0 1.15921 3 0 2.6884 0 0 -19.4925 
0.054 1.987 1.165 0 1.16189 3 0 2.67859 0 0 -19.4925 
0.055 1.987 1.168 0 1.16456 3 0 2.66878 0 0 -19.4925 
0.056 1.987 1.171 0 1.16722 3 0 2.65897 0 0 -19.4925 
0.057 1.987 1.174 0 1.16987 3 0 2.64916 0 0 -19.4925 
0.058 1.987 1.177 0 1.17251 3 0 2.63935 0 0 -19.4925 
0.059 1.987 1.18 0 1.17514 3 0 2.62954 0 0 -19.4925 
0.06 1.987 1.183 0 1.17776 3 0 2.61973 0 0 -19.4925 
0.061 1.987 1.186 0 1.18037 3 0 2.60992 0 0 -19.4925 
0.062 1.987 1.189 0 1.18297 3 0 2.60011 0 0 -19.4925 
0.063 1.987 1.192 0 1.18556 3 0 2.5903 0 0 -19.4925 
0.064 1.987 1.195 0 1.18814 3 0 2.58049 0 0 -19.4925 
0.065 1.987 1.198 0 1.19071 3 0 2.57068 0 0 -19.4925 
0.066 1.987 1.201 0 1.19327 3 0 2.56087 0 0 -19.4925 
0.067 1.987 1.204 0 1.19582 3 0 2.55106 0 0 -19.4925 
0.068 1.987 1.207 0 1.19836 3 0 2.54125 0 0 -19.4925 
0.069 1.987 1.21 0 1.20089 3 0 2.53144 0 0 -19.4925 
0.07 1.987 1.213 0 1.20341 3 0 2.52163 0 0 -19.4925 
0.071 1.987 1.216 0 1.20593 3 0 2.51182 0 0 -19.4925 
0.072 1.987 1.219 0 1.20843 3 0 2.50201 0 0 -19.4925 
0.073 1.987 1.222 0 1.21092 3 0 2.4922 0 0 -19.4925 
0.074 1.987 1.225 0 1.2134 3 0 2.48239 0 0 -19.4925 
0.075 1.987 1.228 0 1.21587 3 0 2.47258 0 0 -19.4925 
0.076 1.987 1.231 0 1.21834 3 0 2.46277 0 0 -19.4925 
0.077 1.987 1.234 0 1.22079 3 0 2.45296 0 0 -19.4925 
0.078 1.987 1.237 0 1.22323 3 0 2.44315 0 0 -19.4925 
0.079 1.987 1.24 0 1.22567 3 0 2.43334 0 0 -19.4925 
0.08 1.987 1.243 0 1.22809 3 0 2.42353 0 0 -19.4925 
0.081 1.987 1.246 0 1.2305 3 0 2.41372 0 0 -19.4925 
0.082 1.987 1.249 0 1.23291 3 0 2.40391 0 0 -19.4925 
0.083 1.987 1.252 0 1.2353 3 0 2.3941 0 0 -19.4925 
0.084 1.987 1.255 0 1.23769 3 0 2.38429 0 0 -19.4925 
0.085 1.987 1.258 0 1.24006 3 0 2.37448 0 0 -19.4925 
0.086 1.987 1.261 0 1.24243 3 0 2.36467 0 0 -19.4925 
0.087 1.987 1.264 0 1.24478 3 0 2.35486 0 0 -19.4925 
0.088 1.987 1.267 0 1.24713 3 0 2.34505 0 0 -19.4925 
0.089 1.987 1.27 0 1.24946 3 0 2.33524 0 0 -19.4925 
0.09 1.987 1.273 0 1.25179 3 0 2.32543 0 0 -19.4925 
0.091 1.987 1.276 0 1.2541 3 0 2.31562 0 0 -19.4925 
0.092 1.987 1.279 0 1.25641 3 0 2.30581 0 0 -19.4925 
0.093 1.987 1.282 0 1.2587 3 0 2.296 0 0 -19.4925 
0.094 1.987 1.285 0 1.26099 3 0 2.28619 0 0 -19.4925 
0.095 1.987 1.288 0 1.26327 3 0 2.27638 0 0 -19.4925 
0.096 1.987 1.291 0 1.26553 3 0 2.26657 0 0 -19.4925 
0.097 1.987 1.294 0 1.26779 3 0 2.25676 0 0 -19.4925 
0.098 1.987 1.297 0 1.27004 3 0 2.24695 0 0 -19.4925 
0.099 1.987 1.3 0 1.27227 3 0 2.23714 0 0 -19.4925 
0.1 1.987 1.303 0 1.2745 3 0 2.22733 0 0 -19.4925 
0.101 1.987 1.306 0 1.27672 3 0 2.21752 0 0 -19.4925 
0.102 1.987 1.309 0 1.27893 3 0 2.20771 0 0 -19.4925 
0.103 1.987 1.312 0 1.28112 3 0 2.1979 0 0 -19.4925 
0.104 1.987 1.315 0 1.28331 3 0 2.18809 0 0 -19.4925 
0.105 1.987 1.318 0 1.28549 3 0 2.17828 0 0 -19.4925 
0.106 1.987 1.321 0 1.28766 3 0 2.16847 0 0 -19.4925 
0.107 1.987 1.324 0 1.28982 3 0 2.15866 0 0 -19.4925 
0.108 1.987 1.327 0 1.29197 3 0 2.14885 0 0 -19.4925 
0.109 1.987 1.33 0 1.29411 3 0 2.13904 0 0 -19.4925 
0.11 1.987 1.333 0 1.29623 3 0 2.12923 0 0 -19.4925 
0.111 1.987 1.336 0 1.29835 3 0 2.11942 0 0 -19.4925 
0.112 1.987 1.339 0 1.30046 3 0 2.10961 0 0 -19.4925 
0.113 1.987 1.342 0 1.30256 3 0 2.0998 0 0 -19.4925 
0.114 1.987 1.345 0 1.30465 3 0 2.08999 0 0 -19.4925 
0.115 1.987 1.348 0 1.30673 3 0 2.08018 0 0 -19.4925 
0.116 1.987 1.351 0 1.3088 3 0 2.07037 0 0 -19.4925 
0.117 1.987 1.354 0 1.31086 3 0 2.06056 0 0 -19.4925 
0.118 1.987 1.357 0 1.31292 3 0 2.05075 0 0 -19.4925 
0.119 1.987 1.36 0 1.31496 3 0 2.04094 0 0 -19.4925 
0.12 1.987 1.363 0 1.31699 3 0 2.03113 0 0 -19.4925 
0.121 1.987 1.366 0 1.31901 3 0 2.02132 0 0 -19.4925 
0.122 1.987 1.369 0 1.32102 3 0 2.01151 0 0 -19.4925 
0.123 1.987 1.372 0 1.32302 3 0 2.0017 0 0 -19.4925 
0.124 1.987 1.375 0 1.32501 3 0 1.99189 0 0 -19.4925 
0.125 1.987 1.378 0 1.327 3 0 1.98208 0 0 -19.4925 
0.126 1.987 1.381 0 1.32897 3 0 1.97227 0 0 -19.4925 
0.127 1.987 1.384 0 1.33093 3 0 1.96246 0 0 -19.4925 
0.128 1.987 1.387 0 1.33288 3 0 1.95265 0 0 -19.4925 
0.129 1.987 1.39 0 1.33483 3 0 1.94284 0 0 -19.4925 
0.13 1.987 1.393 0 1.33676 3 0 1.93303 0 0 -19.4925 
0.131 1.987 1.396 0 1.33868 3 0 1.92322 0 0 -19.4925 
0.132 1.987 1.399 0 1.3406 3 0 1.91341 0 0 -19.4925 
0.133 1.987 1.402 0 1.3425 3 0 1.9036 0 0 -19.4925 
0.134 1.987 1.405 0 1.34439 3 0 1.89379 0 0 -19.4925 
0.135 1.987 1.408 0 1.34628 3 0 1.88398 0 0 -19.4925 
0.136 1.987 1.411 0 1.34815 3 0 1.87417 0 0 -19.4925 
0.137 1.987 1.414 0 1.35002 3 0 1.86436 0 0 -19.4925 
0.138 1.987 1.417 0 1.35187 3 0 1.85455 0 0 -19.4925 
0.139 1.987 1.42 0 1.35371 3 0 1.84474 0 0 -19.4925 
0.14 1.987 1.423 0 1.35555 3 0 1.83493 0 0 -19.4925 
0.141 1.987 1.426 0 1.35737 3 0 1.82512 0 0 -19.4925 
0.142 1.987 1.429 0 1.35919 3 0 1.81531 0 0 -19.4925 
0.143 1.987 1.432 0 1.361 3 0 1.8055 0 0 -19.4925 
0.144 1.987 1.435 0 1.36279 3 0 1.79569 0 0 -19.4925 
0.145 1.987 1.438 0 1.36458 3 0 1.78588 0 0 -19.4925 
0.146 1.987 1.441 0 1.36635 3 0 1.77607 0 0 -19.4925 
0.147 1.987 1.444 0 1.36812 3 0 1.76626 0 0 -19.4925 
0.148 1.987 1.447 0 1.36988 3 0 1.75645 0 0 -19.4925 
0.149 1.987 1.45 0 1.37162 3 0 1.74664 0 0 -19.4925 
0.15 1.987 1.453 0 1.37336 3 0 1.73683 0 0 -19.4925 
0.151 1.987 1.456 0 1.37509 3 0 1.72702 0 0 -19.4925 
0.152 1.987 1.459 0 1.3768 3 0 1.71721 0 0 -19.4925 
0.153 1.987 1.462 0 1.37851 3 0 1.7074 0 0 -19.4925 
0.154 1.987 1.465 0 1.38021 3 0 1.69759 0 0 -19.4925 
0.155 1.987 1.468 0 1.3819 3 0 1.68778 0 0 -19.4925 
0.156 1.987 1.471 0 1.38357 3 0 1.67797 0 0 -19.4925 
0.157 1.987 1.474 0 1.38524 3 0 1.66816 0 0 -19.4925 
0.158 1.987 1.477 0 1.3869 3 0 1.65835 0 0 -19.4925 
0.159 1.987 1.48 0 1.38855 3 0 1.64854 0 0 -19.4925 
0.16 1.987 1.483 0 1.39019 3 0 1.63873 0 0 -19.4925 
0.161 1.987 1.486 0 1.39182 3 0 1.62892 0 0 -19.4925 
0.162 1.987 1.489 0 1.39344 3 0 1.61911 0 0 -19.4925 
0.163 1.987 1.492 0 1.39505 3 0 1.6093 0 0 -19.4925 
0.164 1.987 1.495 0 1.39665 3 0 1.59949 0 0 -19.4925 
0.165 1.987 1.498 0 1.39823 3 0 1.58968 0 0 -19.4925 
0.166 1.987 1.501 0 1.39981 3 0 1.57987 0 0 -19.4925 
0.167 1.987 1.504 0 1.40138 3 0 1.57006 0 0 -19.4925 
0.168 1.987 1.507 0 1.40294 3 0 1.56025 0 0 -19.4925 
0.169 1.987 1.51 0 1.4045 3 0 1.55044 0 0 -19.4925 
0.17 1.987 1.513 0 1.40604 3 0 1.54063 0 0 -19.4925 
0.171 1.987 1.516 0 1.40757 3 0 1.53082 0 0 -19.4925 
0.172 1.987 1.519 0 1.40909 3 0 1.52101 0 0 -19.4925 
0.173 1.987 1.522 0 1.4106 3 0 1.5112 0 0 -19.4925 
0.174 1.987 1.525 0 1.4121 3 0 1.50139 0 0 -19.4925 
0.175 1.987 1.528 0 1.41359 3 0 1.49158 0 0 -19.4925 
0.176 1.987 1.531 0 1.41507 3 0 1.48177 0 0 -19.4925 
0.177 1.987 1.534 0 1.41655 3 0 1.47196 0 0 -19.4925 
0.178 1.987 1.537 0 1.41801 3 0 1.46215 0 0 -19.4925 
0.179 1.987 1.54 0 1.41946 3 0 1.45234 0 0 -19.4925 
0.18 1.987 1.543 0 1.4209 3 0 1.44253 0 0 -19.4925 
0.181 1.987 1.546 0 1.42234 3 0 1.43272 0 0 -19.4925 
0.182 1.987 1.549 0 1.42376 3 0 1.42291 0 0 -19.4925 
0.183 1.987 1.552 0 1.42517 3 0 1.4131 0 0 -19.4925 
0.184 1.987 1.555 0 1.42657 3 0 1.40329 0 0 -19.4925 
0.185 1.987 1.558 0 1.42797 3 0 1.39348 0 0 -19.4925 
0.186 1.987 1.561 0 1.42935 3 0 1.38367 0 0 -19.4925 
0.187 1.987 1.564 0 1.43073 3 0 1.37386 0 0 -19.4925 
0.188 1.987 1.567 0 1.43209 3 0 1.36405 0 0 -19.4925 
0.189 1.987 1.57 0 1.43344 3 0 1.35424 0 0 -19.4925 
0.19 1.987 1.573 0 1.43479 3 0 1.34443 0 0 -19.4925 
0.191 1.987 1.576 0 1.43612 3 0 1.33462 0 0 -19.4925 
0.192 1.987 1.579 0 1.43745 3 0 1.32481 0 0 -19.4925 
0.193 1.987 1.582 0 1.43876 3 0 1.315 0 0 -19.4925 
0.194 1.987 1.585 0 1.44007 3 0 1.30519 0 0 -19.4925 
0.195 1.987 1.588 0 1.44136 3 0 1.29538 0 0 -19.4925 
0.196 1.987 1.591 0 1.44265 3 0 1.28557 0 0 -19.4925 
0.197 1.987 1.594 0 1.44392 3 0 1.27576 0 0 -19.4925 
0.198 1.987 1.597 0 1.44519 3 0 1.26595 0 0 -19.4925 
0.199 1.987 1.6 0 1.44645 3 0 1.25614 0 0 -19.4925 
0.2 1.987 1.603 0 1.44769 3 0 1.24633 0 0 -19.4925 
0.201 1.987 1.606 0 1.44893 3 0 1.23652 0 0 -19.4925 
0.202 1.987 1.609 0 1.45016 3 0 1.22671 0 0 -19.4925 
0.203 1.987 1.612 0 1.45137 3 0 1.2169 0 0 -19.4925 
0.204 1.987 1.615 0 1.45258 3 0 1.20709 0 0 -19.4925 
0.205 1.987 1.618 0 1.45378 3 0 1.19728 0 0 -19.4925 
0.206 1.987 1.621 0 1.45497 3 0 1.18747 0 0 -19.4925 
0.207 1.987 1.624 0 1.45614 3 0 1.17766 0 0 -19.4925 
0.208 1.987 1.627 0 1.45731 3 0 1.16785 0 0 -19.4925 
0.209 1.987 1.63 0 1.45847 3 0 1.15804 0 0 -19.4925 
0.21 1.987 1.633 0 1.45962 3 0 1.14823 0 0 -19.4925 
0.211 1.987 1.636 0 1.46076 3 0 1.13842 0 0 -19.4925 
0.212 1.987 1.639 0 1.46188 3 0 1.12861 0 0 -19.4925 
0.213 1.987 1.642 0 1.463 3 0 1.1188 0 0 -19.4925 
0.214 1.987 1.645 0 1.46411 3 0 1.10899 0 0 -19.4925 
0.215 1.987 1.648 0 1.46521 3 0 1.09918 0 0 -19.4925 
0.216 1.987 1.651 0 1.4663 3 0 1.08937 0 0 -19.4925 
0.217 1.987 1.654 0 1.46738 3 0 1.07956 0 0 -19.4925 
0.218 1.987 1.657 0 1.46845 3 0 1.06975 0 0 -19.4925 
0.219 1.987 1.66 0 1.46951 3 0 1.05994 0 0 -19.4925 
0.22 1.987 1.663 0 1.47056 3 0 1.05013 0 0 -19.4925 
0.221 1.987 1.666 0 1.4716 3 0 1.04032 0 0 -19.4925 
0.222 1.987 1.669 0 1.47263 3 0 1.03051 0 0 -19.4925 
0.223 1.987 1.672 0 1.47365 3 0 1.0207 0 0 -19.4925 
0.224 1.987 1.675 0 1.47466 3 0 1.01089 0 0 -19.4925 
0.225 1.987 1.678 0 1.47566 2.9983 0 0.999384 -3.36934 0 -22.8618 
0.226 1.987 1.68099 0 1.47665 2.99356 0 0.984829 -9.42667 0 -28.9191 
0.227 1.987 1.68398 0 1.47761 2.98578 0 0.967238 -15.4615 0 -34.954 
0.228 1.987 1.68695 0 1.47856 2.97498 0 0.946625 -21.4654 0 -40.9579 
0.229 1.987 1.68991 0 1.47948 2.96117 0 0.92301 -27.43 0 -46.9225 
0.23 1.987 1.69286 0 1.48038 2.94439 0 0.896418 -33.3471 0 -52.8395 
0.231 1.987 1.69578 0 1.48125 2.92466 0 0.866875 -39.2082 0 -58.7007 
0.232 1.987 1.69868 0 1.48208 2.90201 0 0.834416 -45.0055 0 -64.4979 
0.233 1.987 1.70156 0 1.48288 2.87647 0 0.799074 -50.7306 0 -70.2231 
0.234 1.987 1.70441 0 1.48364 2.8481 0 0.760892 -56.3758 0 -75.8683 
0.235 1.987 1.70723 0 1.48436 2.81693 0 0.719913 -61.9332 0 -81.4257 
0.236 1.987 1.71001 0 1.48504 2.78302 0 0.676185 -67.3951 0 -86.8876 
0.237 1.987 1.71276 0 1.48567 2.7464 0 0.62976 -72.754 0 -92.2464 
0.238 1.987 1.71546 0 1.48625 2.70714 0 0.580693 -78.0024 0 -97.4948 
0.239 1.987 1.71813 0 1.48678 2.66531 0 0.529045 -83.1331 0 -102.626 
0.24 1.987 1.72075 0 1.48725 2.62095 0 0.474877 -88.1391 0 -107.632 
0.241 1.987 1.72332 0 1.48767 2.57414 0 0.418256 -93.0134 0 -112.506 
0.242 1.987 1.72585 0 1.48803 2.52494 0 0.359251 -97.7495 0 -117.242 
0.243 1.987 1.72832 0 1.48833 2.47344 0 0.297936 -102.341 0 -121.833 
0.244 1.987 1.73074 0 1.48856 2.4197 0 0.234387 -106.781 0 -126.273 
0.245 1.987 1.73311 0 1.48873 2.3638 0 0.168681 -111.064 0 -130.556 
0.246 1.987 1.73541 0 1.48883 2.30583 0 0.100902 -115.184 0 -134.677 
0.247 1.987 1.73766 0 1.48886 2.24588 0 0.0311347 -119.136 0 -138.628 
0.248 1.987 1.73984 0 1.48882 2.18402 0 -0.0405341 -122.914 0 -142.406 
0.249 1.987 1.74196 0 1.48871 2.12035 0 -0.114014 -126.512 0 -146.005 
0.25 1.987 1.74402 0 1.48852 2.05496 0 -0.189213 -129.927 0 -149.42 
0.251 1.987 1.746 0 1.48825 1.98795 0 -0.266035 -133.154 0 -152.647 
0.252 1.987 1.74792 0 1.48791 1.91941 0 -0.344385 -136.188 0 -155.681 
0.253 1.987 1.74977 0 1.48748 1.84944 0 -0.424163 -139.026 0 -158.518 
0.254 1.987 1.75155 0 1.48698 1.77814 0 -0.505267 -141.663 0 -161.155 
0.255 1.987 1.75326 0 1.48639 1.70562 0 -0.587597 -144.096 0 -163.589 
0.256 1.987 1.75489 0 1.48572 1.63198 0 -0.671047 -146.323 0 -165.815 
0.257 1.987 1.75645 0 1.48496 1.55733 0 -0.755512 -148.339 0 -167.832 
0.258 1.987 1.75793 0 1.48412 1.48177 0 -0.840885 -150.144 0 -169.636 
0.259 1.987 1.75933 0 1.4832 1.4054 0 -0.927059 -151.734 0 -171.227 
0.26 1.987 1.76066 0 1.48218 1.32835 0 -1.01392 -153.108 0 -172.6 
0.261 1.987 1.76191 0 1.48108 1.25071 0 -1.10137 -154.263 0 -173.756 
0.262 1.987 1.76308 0 1.47989 1.1726 0 -1.18929 -155.2 0 -174.692 
0.263 1.987 1.76418 0 1.47861 1.09414 0 -1.27757 -155.916 0 -175.409 
0.264 1.987 1.76519 0 1.47725 1.01542 0 -1.36609 -156.411 0 -175.904 
0.265 1.987 1.76613 0 1.47579 0.936563 0 -1.45476 -156.686 0 -176.178 
0.266 1.987 1.76699 0 1.47425 0.857681 0 -1.54345 -156.739 0 -176.231 
0.267 1.987 1.76777 0 1.47262 0.778883 0 -1.63206 -156.571 0 -176.063 
0.268 1.987 1.76847 0 1.4709 0.700281 0 -1.72047 -156.182 0 -175.675 
0.269 1.987 1.76909 0 1.46909 0.621985 0 -1.80858 -155.575 0 -175.067 
0.27 1.987 1.76963 0 1.46719 0.544104 0 -1.89627 -154.749 0 -174.242 
0.271 1.987 1.7701 0 1.46521 0.466747 0 -1.98343 -153.707 0 -173.2 
0.272 1.987 1.77049 0 1.46314 0.390023 0 -2.06997 -152.451 0 -171.943 
0.273 1.987 1.7708 0 1.46098 0.314038 0 -2.15576 -150.982 0 -170.474 
0.274 1.987 1.77104 0 1.45874 0.238899 0 -2.24071 -149.303 0 -168.795 
0.275 1.987 1.77121 0 1.45642 0.164708 0 -2.32471 -147.417 0 -166.91 
0.276 1.987 1.7713 0 1.45401 0.0915687 0 -2.40766 -145.327 0 -164.82 
0.277 1.987 1.77132 0 1.45152 0.0195824 0 -2.48946 -143.037 0 -162.529 
0.278 1.987 1.77127 0 1.44895 -0.0511522 0 -2.57 -140.55 0 -160.042 
0.279 1.987 1.77115 0 1.4463 -0.120538 0 -2.6492 -137.869 0 -157.362 
0.28 1.987 1.77096 0 1.44357 -0.18848 0 -2.72695 -135 0 -154.493 
0.281 1.987 1.7707 0 1.44077 -0.254885 0 -2.80317 -131.947 0 -151.44 
0.282 1.987 1.77038 0 1.43789 -0.319664 0 -2.87775 -128.715 0 -148.207 
0.283 1.987 1.77 0 1.43494 -0.382727 0 -2.95063 -125.308 0 -144.8 
0.284 1.987 1.76956 0 1.43192 -0.443992 0 -3.0217 -121.732 0 -141.224 
0.285 1.987 1.76905 0 1.42883 -0.503374 0 -3.09089 -117.992 0 -137.485 
0.286 1.987 1.76849 0 1.42567 -0.560794 0 -3.15812 -114.095 0 -133.587 
0.287 1.987 1.76788 0 1.42245 -0.616177 0 -3.22332 -110.045 0 -129.538 
0.288 1.987 1.76721 0 1.41916 -0.669448 0 -3.2864 -105.85 0 -125.342 
0.289 1.987 1.76649 0 1.41582 -0.720537 0 -3.3473 -101.515 0 -121.007 
0.29 1.987 1.76572 0 1.41241 -0.769378 0 -3.40595 -97.0471 0 -116.54 
0.291 1.987 1.7649 0 1.40895 -0.815907 0 -3.46229 -92.4532 0 -111.946 
0.292 1.987 1.76404 0 1.40543 -0.860064 0 -3.51626 -87.7401 0 -107.233 
0.293 1.987 1.76314 0 1.40186 -0.901793 0 -3.56779 -82.9147 0 -102.407 
0.294 1.987 1.7622 0 1.39825 -0.94104 0 -3.61685 -77.9844 0 -97.4768 
0.295 1.987 1.76122 0 1.39458 -0.977757 0 -3.66338 -72.9563 0 -92.4488 
0.296 1.987 1.76021 0 1.39088 -1.0119 0 -3.70733 -67.8381 0 -87.3306 
0.297 1.987 1.75917 0 1.38713 -1.04342 0 -3.74866 -62.6373 0 -82.1297 
0.298 1.987 1.75809 0 1.38334 -1.07229 0 -3.78734 -57.3615 0 -76.8539 
0.299 1.987 1.757 0 1.37952 -1.09847 0 -3.82333 -52.0185 0 -71.511 
0.3 1.987 1.75587 0 1.37566 -1.12193 0 -3.8566 -46.6162 0 -66.1087 
0.301 1.987 1.75473 0 1.37177 -1.14265 0 -3.88713 -41.1625 0 -60.655 
0.302 1.987 1.75357 0 1.36786 -1.1606 0 -3.91489 -35.6653 0 -55.1578 
0.303 1.987 1.75239 0 1.36392 -1.17576 0 -3.93986 -30.1326 0 -49.6251 
0.304 1.987 1.75121 0 1.35996 -1.18813 0 -3.96204 -24.5725 0 -44.0649 
0.305 1.987 1.75001 0 1.35597 -1.19769 0 -3.98141 -18.9929 0 -38.4853 
0.306 1.987 1.7488 0 1.35198 -1.20443 0 -3.99796 -13.4019 0 -32.8943 
0.307 1.987 1.7476 0 1.34796 -1.20836 0 -4.0117 -7.80749 0 -27.3 
0.308 1.987 1.74639 0 1.34394 -1.20948 0 -4.02263 -2.2177 0 -21.7102 
0.309 1.987 1.74518 0 1.33991 -1.20948 0 -4.03244 0 0 -19.4925 
0.31 1.987 1.74397 0 1.33587 -1.20948 0 -4.04225 0 0 -19.4925 
0.311 1.987 1.74276 0 1.33182 -1.20948 0 -4.05206 0 0 -19.4925 
0.312 1.987 1.74155 0 1.32775 -1.20948 0 -4.06187 0 0 -19.4925 
0.313 1.987 1.74034 0 1.32368 -1.20948 0 -4.07168 0 0 -19.4925 
0.314 1.987 1.73913 0 1.3196 -1.20948 0 -4.08149 0 0 -19.4925 
0.315 1.987 1.73792 0 1.31551 -1.20948 0 -4.0913 0 0 -19.4925 
0.316 1.987 1.73671 0 1.31141 -1.20948 0 -4.10111 0 0 -19.4925 
0.317 1.987 1.7355 0 1.3073 -1.20948 0 -4.11092 0 0 -19.4925 
0.318 1.987 1.73429 0 1.30318 -1.20948 0 -4.12073 0 0 -19.4925 
0.319 1.987 1.73308 0 1.29905 -1.20948 0 -4.13054 0 0 -19.4925 
0.32 1.987 1.73187 0 1.29491 -1.20948 0 -4.14035 0 0 -19.4925 
0.321 1.987 1.73066 0 1.29075 -1.20948 0 -4.15016 0 0 -19.4925 
0.322 1.987 1.72945 0 1.2866 -1.20948 0 -4.15997 0 0 -19.4925 
0.323 1.987 1.72824 0 1.28243 -1.20948 0 -4.16978 0 0 -19.4925 
0.324 1.987 1.72704 0 1.27825 -1.20948 0 -4.17959 0 0 -19.4925 
0.325 1.987 1.72583 0 1.27406 -1.20948 0 -4.1894 0 0 -19.4925 
0.326 1.987 1.72462 0 1.26986 -1.20948 0 -4.19921 0 0 -19.4925 
0.327 1.987 1.72341 0 1.26565 -1.20948 0 -4.20902 0 0 -19.4925 
0.328 1.987 1.7222 0 1.26143 -1.20948 0 -4.21883 0 0 -19.4925 
0.329 1.987 1.72099 0 1.2572 -1.20948 0 -4.22864 0 0 -19.4925 
0.33 1.987 1.71978 0 1.25296 -1.20948 0 -4.23845 0 0 -19.4925 
0.331 1.987 1.71857 0 1.24871 -1.20948 0 -4.24826 0 0 -19.4925 
0.332 1.987 1.71736 0 1.24446 -1.20948 0 -4.25807 0 0 -19.4925 
0.333 1.987 1.71615 0 1.24019 -1.20948 0 -4.26788 0 0 -19.4925 
0.334 1.987 1.71494 0 1.23591 -1.20948 0 -4.27769 0 0 -19.4925 
0.335 1.987 1.71373 0 1.23162 -1.20948 0 -4.2875 0 0 -19.4925 
0.336 1.987 1.71252 0 1.22733 -1.20948 0 -4.29731 0 0 -19.4925 
0.337 1.987 1.71131 0 1.22302 -1.20948 0 -4.30712 0 0 -19.4925 
0.338 1.987 1.7101 0 1.2187 -1.20948 0 -4.31693 0 0 -19.4925 
0.339 1.987 1.70889 0 1.21437 -1.20948 0 -4.32674 0 0 -19.4925 
0.34 1.987 1.70768 0 1.21004 -1.20948 0 -4.33655 0 0 -19.4925 
0.341 1.987 1.70647 0 1.20569 -1.20948 0 -4.34636 0 0 -19.4925 
0.342 1.987 1.70526 0 1.20134 -1.20948 0 -4.35617 0 0 -19.4925 
0.343 1.987 1.70406 0 1.19697 -1.20948 0 -4.36598 0 0 -19.4925 
0.344 1.987 1.70285 0 1.19259 -1.20948 0 -4.37579 0 0 -19.4925 
0.345 1.987 1.70164 0 1.18821 -1.20948 0 -4.3856 0 0 -19.4925 
0.346 1.987 1.70043 0 1.18381 -1.20948 0 -4.39541 0 0 -19.4925 
0.347 1.987 1.69922 0 1.17941 -1.20948 0 -4.40522 0 0 -19.4925 
0.348 1.987 1.69801 0 1.17499 -1.20948 0 -4.41503 0 0 -19.4925 
0.349 1.987 1.6968 0 1.17057 -1.20948 0 -4.42484 0 0 -19.4925 
0.35 1.987 1.69559 0 1.16613 -1.20948 0 -4.43465 0 0 -19.4925 
0.351 1.987 1.69438 0 1.16169 -1.20948 0 -4.44446 0 0 -19.4925 
0.352 1.987 1.69317 0 1.15723 -1.20948 0 -4.45427 0 0 -19.4925 
0.353 1.987 1.69196 0 1.15277 -1.20948 0 -4.46408 0 0 -19.4925 
0.354 1.987 1.69075 0 1.1483 -1.20948 0 -4.47389 0 0 -19.4925 
0.355 1.987 1.68954 0 1.14381 -1.20948 0 -4.4837 0 0 -19.4925 
0.356 1.987 1.68833 0 1.13932 -1.20948 0 -4.49351 0 0 -19.4925 
0.357 1.987 1.68712 0 1.13482 -1.20948 0 -4.50332 0 0 -19.4925 
0.358 1.987 1.68591 0 1.1303 -1.20948 0 -4.51313 0 0 -19.4925 
0.359 1.987 1.6847 0 1.12578 -1.20948 0 -4.52294 0 0 -19.4925 
0.36 1.987 1.68349 0 1.12125 -1.20948 0 -4.53275 0 0 -19.4925 
0.361 1.987 1.68228 0 1.1167 -1.20948 0 -4.54256 0 0 -19.4925 
0.362 1.987 1.68108 0 1.11215 -1.20948 0 -4.55237 0 0 -19.4925 
0.363 1.987 1.67987 0 1.10759 -1.20948 0 -4.56218 0 0 -19.4925 
0.364 1.987 1.67866 0 1.10302 -1.20948 0 -4.57199 0 0 -19.4925 
0.365 1.987 1.67745 0 1.09844 -1.20948 0 -4.5818 0 0 -19.4925 
0.366 1.987 1.67624 0 1.09384 -1.20948 0 -4.59161 0 0 -19.4925 
0.367 1.987 1.67503 0 1.08924 -1.20948 0 -4.60142 0 0 -19.4925 
0.368 1.987 1.67382 0 1.08463 -1.20948 0 -4.61123 0 0 -19.4925 
0.369 1.987 1.67261 0 1.08001 -1.20948 0 -4.62104 0 0 -19.4925 
0.37 1.987 1.6714 0 1.07538 -1.20948 0 -4.63085 0 0 -19.4925 
0.371 1.987 1.67019 0 1.07074 -1.20948 0 -4.64066 0 0 -19.4925 
0.372 1.987 1.66898 0 1.06609 -1.20948 0 -4.65047 0 0 -19.4925 
0.373 1.987 1.66777 0 1.06143 -1.20948 0 -4.66028 0 0 -19.4925 
0.374 1.987 1.66656 0 1.05676 -1.20948 0 -4.67009 0 0 -19.4925 
0.375 1.987 1.66535 0 1.05208 -1.20948 0 -4.6799 0 0 -19.4925 
0.376 1.987 1.66414 0 1.04739 -1.20948 0 -4.68971 0 0 -19.4925 
0.377 1.987 1.66293 0 1.04269 -1.20948 0 -4.69952 0 0 -19.4925 
0.378 1.987 1.66172 0 1.03798 -1.20948 0 -4.70933 0 0 -19.4925 
0.379 1.987 1.66051 0 1.03326 -1.20948 0 -4.71914 0 0 -19.4925 
0.38 1.987 1.6593 0 1.02853 -1.20948 0 -4.72895 0 0 -19.4925 
0.381 1.987 1.6581 0 1.02379 -1.20948 0 -4.73876 0 0 -19.4925 
0.382 1.987 1.65689 0 1.01904 -1.20948 0 -4.74857 0 0 -19.4925 
0.383 1.987 1.65568 0 1.01429 -1.20948 0 -4.75838 0 0 -19.4925 
0.384 1.987 1.65447 0 1.00952 -1.20948 0 -4.76819 0 0 -19.4925 
0.385 1.987 1.65326 0 1.00474 -1.20948 0 -4.778 0 0 -19.4925 
0.386 1.987 1.65205 0 0.999952 -1.20948 0 -4.78781 0 0 -19.4925 
0.387 1.987 1.65084 0 0.995155 -1.20948 0 -4.79762 0 0 -19.4925 
0.388 1.987 1.64963 0 0.990347 -1.20948 0 -4.80743 0 0 -19.4925 
0.389 1.987 1.64842 0 0.98553 -1.20948 0 -4.81724 0 0 -19.4925 
0.39 1.987 1.64721 0 0.980703 -1.20948 0 -4.82705 0 0 -19.4925 
0.391 1.987 1.646 0 0.975866 -1.20948 0 -4.83686 0 0 -19.4925 
0.392 1.987 1.64479 0 0.97102 -1.20948 0 -4.84667 0 0 -19.4925 
0.393 1.987 1.64358 0 0.966163 -1.20948 0 -4.85648 0 0 -19.4925 
0.394 1.987 1.64237 0 0.961297 -1.20948 0 -4.86629 0 0 -19.4925 
0.395 1.987 1.64116 0 0.956421 -1.20948 0 -4.8761 0 0 -19.4925 
0.396 1.987 1.63995 0 0.951535 -1.20948 0 -4.88591 0 0 -19.4925 
0.397 1.987 1.63874 0 0.946639 -1.20948 0 -4.89572 0 0 -19.4925 
0.398 1.987 1.63753 0 0.941734 -1.20948 0 -4.90553 0 0 -19.4925 
0.399 1.987 1.63632 0 0.936818 -1.20948 0 -4.91534 0 0 -19.4925 
0.4 1.987 1.63511 0 0.931893 -1.20948 0 -4.92515 0 0 -19.4925 
0.401 1.987 1.63391 0 0.926958 -1.20948 0 -4.93496 0 0 -19.4925 
0.402 1.987 1.6327 0 0.922013 -1.20948 0 -4.94477 0 0 -19.4925 
0.403 1.987 1.63149 0 0.917059 -1.20948 0 -4.95458 0 0 -19.4925 
0.404 1.987 1.63028 0 0.912094 -1.20948 0 -4.96439 0 0 -19.4925 
0.405 1.987 1.62907 0 0.90712 -1.20948 0 -4.9742 0 0 -19.4925 
0.406 1.987 1.62786 0 0.902136 -1.20948 0 -4.98401 0 0 -19.4925 
0.407 1.987 1.62665 0 0.897142 -1.20948 0 -4.99382 0 0 -19.4925 
0.408 1.987 1.62544 0 0.892139 -1.20948 0 -5.00363 0 0 -19.4925 
0.409 1.987 1.62423 0 0.887125 -1.20948 0 -5.01344 0 0 -19.4925 
0.41 1.987 1.62302 0 0.882102 -1.20948 0 -5.02325 0 0 -19.4925 
0.411 1.987 1.62181 0 0.877069 -1.20948 0 -5.03306 0 0 -19.4925 
0.412 1.987 1.6206 0 0.872026 -1.20948 0 -5.04287 0 0 -19.4925 
0.413 1.987 1.61939 0 0.866973 -1.20948 0 -5.05268 0 0 -19.4925 
0.414 1.987 1.61818 0 0.861911 -1.20948 0 -5.06249 0 0 -19.4925 
0.415 1.987 1.61697 0 0.856839 -1.20948 0 -5.0723 0 0 -19.4925 
0.416 1.987 1.61576 0 0.851757 -1.20948 0 -5.08211 0 0 -19.4925 
0.417 1.987 1.61455 0 0.846665 -1.20948 0 -5.09192 0 0 -19.4925 
0.418 1.987 1.61334 0 0.841563 -1.20948 0 -5.10173 0 0 -19.4925 
0.419 1.987 1.61213 0 0.836451 -1.20948 0 -5.11154 0 0 -19.4925 
0.42 1.987 1.61093 0 0.83133 -1.20948 0 -5.12135 0 0 -19.4925 
0.421 1.987 1.60972 0 0.826199 -1.20948 0 -5.13116 0 0 -19.4925 
0.422 1.987 1.60851 0 0.821058 -1.20948 0 -5.14097 0 0 -19.4925 
0.423 1.987 1.6073 0 0.815907 -1.20948 0 -5.15078 0 0 -19.4925 
0.424 1.987 1.60609 0 0.810747 -1.20948 0 -5.16059 0 0 -19.4925 
0.425 1.987 1.60488 0 0.805576 -1.20948 0 -5.1704 0 0 -19.4925 
0.426 1.987 1.60367 0 0.800396 -1.20948 0 -5.18021 0 0 -19.4925 
0.427 1.987 1.60246 0 0.795206 -1.20948 0 -5.19002 0 0 -19.4925 
0.428 1.987 1.60125 0 0.790006 -1.20948 0 -5.19983 0 0 -19.4925 
0.429 1.987 1.60004 0 0.784796 -1.20948 0 -5.20964 0 0 -19.4925 
0.43 1.987 1.59883 0 0.779577 -1.20948 0 -5.21945 0 0 -19.4925 
0.431 1.987 1.59762 0 0.774348 -1.20948 0 -5.22926 0 0 -19.4925 
0.432 1.987 1.59641 0 0.769109 -1.20948 0 -5.23907 0 0 -19.4925 
0.433 1.987 1.5952 0 0.76386 -1.20948 0 -5.24888 0 0 -19.4925 
0.434 1.987 1.59399 0 0.758601 -1.20948 0 -5.25869 0 0 -19.4925 
0.435 1.987 1.59278 0 0.753333 -1.20948 0 -5.2685 0 0 -19.4925 
0.436 1.987 1.59157 0 0.748054 -1.20948 0 -5.27831 0 0 -19.4925 
0.437 1.987 1.59036 0 0.742766 -1.20948 0 -5.28812 0 0 -19.4925 
0.438 1.987 1.58915 0 0.737468 -1.20948 0 -5.29793 0 0 -19.4925 
0.439 1.987 1.58795 0 0.732161 -1.20948 0 -5.30774 0 0 -19.4925 
0.44 1.987 1.58674 0 0.726843 -1.20948 0 -5.31755 0 0 -19.4925 
0.441 1.987 1.58553 0 0.721516 -1.20948 0 -5.32736 0 0 -19.4925 
0.442 1.987 1.58432 0 0.716178 -1.20948 0 -5.33717 0 0 -19.4925 
0.443 1.987 1.58311 0 0.710831 -1.20948 0 -5.34698 0 0 -19.4925 
0.444 1.987 1.5819 0 0.705475 -1.20948 0 -5.35679 0 0 -19.4925 
0.445 1.987 1.58069 0 0.700108 -1.20948 0 -5.3666 0 0 -19.4925 
0.446 1.987 1.57948 0 0.694732 -1.20948 0 -5.37641 0 0 -19.4925 
0.447 1.987 1.57827 0 0.689345 -1.20948 0 -5.38622 0 0 -19.4925 
0.448 1.987 1.57706 0 0.683949 -1.20948 0 -5.39603 0 0 -19.4925 
0.449 1.987 1.57585 0 0.678544 -1.20948 0 -5.40584 0 0 -19.4925 
0.45 1.987 1.57464 0 0.673128 -1.20948 0 -5.41565 0 0 -19.4925 
0.451 1.987 1.57343 0 0.667703 -1.20948 0 -5.42546 0 0 -19.4925 
0.452 1.987 1.57222 0 0.662267 -1.20948 0 -5.43527 0 0 -19.4925 
0.453 1.987 1.57101 0 0.656822 -1.20948 0 -5.44508 0 0 -19.4925 
0.454 1.987 1.5698 0 0.651367 -1.20948 0 -5.45489 0 0 -19.4925 
0.455 1.987 1.56859 0 0.645903 -1.20948 0 -5.4647 0 0 -19.4925 
0.456 1.987 1.56738 0 0.640428 -1.20948 0 -5.47451 0 0 -19.4925 
0.457 1.987 1.56617 0 0.634944 -1.20948 0 -5.48432 0 0 -19.4925 
0.458 1.987 1.56497 0 0.62945 -1.20948 0 -5.49413 0 0 -19.4925 
0.459 1.987 1.56376 0 0.623946 -1.20948 0 -5.50394 0 0 -19.4925 
0.46 1.987 1.56255 0 0.618432 -1.20948 0 -5.51375 0 0 -19.4925 
0.461 1.987 1.56134 0 0.612908 -1.20948 0 -5.52356 0 0 -19.4925 
0.462 1.987 1.56013 0 0.607375 -1.20948 0 -5.53337 0 0 -19.4925 
0.463 1.987 1.55892 0 0.601832 -1.20948 0 -5.54318 0 0 -19.4925 
0.464 1.987 1.55771 0 0.596279 -1.20948 0 -5.55299 0 0 -19.4925 
0.465 1.987 1.5565 0 0.590716 -1.20948 0 -5.5628 0 0 -19.4925 
0.466 1.987 1.55529 0 0.585143 -1.20948 0 -5.57261 0 0 -19.4925 
0.467 1.987 1.55408 0 0.579561 -1.20948 0 -5.58242 0 0 -19.4925 
0.468 1.987 1.55287 0 0.573969 -1.20948 0 -5.59223 0 0 -19.4925 
0.469 1.987 1.55166 0 0.568367 -1.20948 0 -5.60204 0 0 -19.4925 
0.47 1.987 1.55045 0 0.562755 -1.20948 0 -5.61185 0 0 -19.4925 
0.471 1.987 1.54924 0 0.557133 -1.20948 0 -5.62166 0 0 -19.4925 
0.472 1.987 1.54803 0 0.551502 -1.20948 0 -5.63147 0 0 -19.4925 
0.473 1.987 1.54682 0 0.545861 -1.20948 0 -5.64128 0 0 -19.4925 
0.474 1.987 1.54561 0 0.540209 -1.20948 0 -5.65109 0 0 -19.4925 
0.475 1.987 1.5444 0 0.534549 -1.20948 0 -5.6609 0 0 -19.4925 
0.476 1.987 1.54319 0 0.528878 -1.20948 0 -5.67071 0 0 -19.4925 
0.477 1.987 1.54199 0 0.523197 -1.20948 0 -5.68052 0 0 -19.4925 
0.478 1.987 1.54078 0 0.517507 -1.20948 0 -5.69033 0 0 -19.4925 
0.479 1.987 1.53957 0 0.511807 -1.20948 0 -5.70014 0 0 -19.4925 
0.48 1.987 1.53836 0 0.506097 -1.20948 0 -5.70995 0 0 -19.4925 
0.481 1.987 1.53715 0 0.500377 -1.20948 0 -5.71976 0 0 -19.4925 
0.482 1.987 1.53594 0 0.494648 -1.20948 0 -5.72957 0 0 -19.4925 
0.483 1.987 1.53473 0 0.488908 -1.20948 0 -5.73938 0 0 -19.4925 
0.484 1.987 1.53352 0 0.483159 -1.20948 0 -5.74919 0 0 -19.4925 
0.485 1.987 1.53231 0 0.4774 -1.20948 0 -5.759 0 0 -19.4925 
0.486 1.987 1.5311 0 0.471631 -1.20948 0 -5.76881 0 0 -19.4925 
0.487 1.987 1.52989 0 0.465853 -1.20948 0 -5.77862 0 0 -19.4925 
0.488 1.987 1.52868 0 0.460064 -1.20948 0 -5.78843 0 0 -19.4925 
0.489 1.987 1.52747 0 0.454266 -1.20948 0 -5.79824 0 0 -19.4925 
0.49 1.987 1.52626 0 0.448458 -1.20948 0 -5.80805 0 0 -19.4925 
0.491 1.987 1.52505 0 0.44264 -1.20948 0 -5.81786 0 0 -19.4925 
0.492 1.987 1.52384 0 0.436812 -1.20948 0 -5.82767 0 0 -19.4925 
0.493 1.987 1.52263 0 0.430975 -1.20948 0 -5.83748 0 0 -19.4925 
0.494 1.987 1.52142 0 0.425128 -1.20948 0 -5.84729 0 0 -19.4925 
0.495 1.987 1.52021 0 0.419271 -1.20948 0 -5.8571 0 0 -19.4925 
0.496 1.987 1.51901 0 0.413404 -1.20948 0 -5.86691 0 0 -19.4925 
0.497 1.987 1.5178 0 0.407527 -1.20948 0 -5.87672 0 0 -19.4925 
0.498 1.987 1.51659 0 0.40164 -1.20948 0 -5.88653 0 0 -19.4925 
0.499 1.987 1.51538 0 0.395744 -1.20948 0 -5.89634 0 0 -19.4925 
0.5 1.987 1.51417 0 0.389838 -1.20948 0 -5.90615 0 0 -19.4925 
0.501 1.987 1.51296 0 0.383922 -1.20948 0 -5.91596 0 0 -19.4925 
0.502 1.987 1.51175 0 0.377996 -1.20948 0 -5.92577 0 0 -19.4925 
0.503 1.987 1.51054 0 0.372061 -1.20948 0 -5.93558 0 0 -19.4925 
0.504 1.987 1.50933 0 0.366115 -1.20948 0 -5.94539 0 0 -19.4925 
0.505 1.987 1.50812 0 0.36016 -1.20948 0 -5.9552 0 0 -19.4925 
0.506 1.987 1.50691 0 0.354195 -1.20948 0 -5.96501 0 0 -19.4925 
0.507 1.987 1.5057 0 0.34822 -1.20948 0 -5.97482 0 0 -19.4925 
0.508 1.987 1.50449 0 0.342234 -1.21094 0 -5.98609 -2.91035 0 -22.4028 
0.509 1.987 1.50327 0 0.336233 -1.21643 0 -6.00139 -10.9123 0 -30.4048 
0.51 1.987 1.50205 0 0.330212 -1.22599 0 -6.02076 -18.9832 0 -38.4757 
0.511 1.987 1.50081 0 0.324168 -1.23964 0 -6.04422 -27.1244 0 -46.6169 
0.512 1.987 1.49955 0 0.318096 -1.25742 0 -6.07181 -35.3374 0 -54.8299 
0.513 1.987 1.49827 0 0.311992 -1.27938 0 -6.10358 -43.6241 0 -63.1166 
0.514 1.987 1.49697 0 0.305853 -1.30554 0 -6.13955 -51.9866 0 -71.4791 
0.515 1.987 1.49563 0 0.299673 -1.33595 0 -6.17977 -60.4274 0 -79.9198 
0.516 1.987 1.49426 0 0.293449 -1.37065 0 -6.22428 -68.949 0 -88.4415 
0.517 1.987 1.49285 0 0.287176 -1.40968 0 -6.27312 -77.5545 0 -97.047 
0.518 1.987 1.4914 0 0.280849 -1.45309 0 -6.32634 -86.2469 0 -105.739 
0.519 1.987 1.4899 0 0.274465 -1.50091 0 -6.38397 -95.0299 0 -114.522 
0.52 1.987 1.48834 0 0.268019 -1.55321 0 -6.44608 -103.907 0 -123.4 
0.521 1.987 1.48673 0 0.261507 -1.61002 0 -6.5127 -112.883 0 -132.375 
0.522 1.987 1.48506 0 0.254923 -1.6714 0 -6.58389 -121.961 0 -141.453 
0.523 1.987 1.48332 0 0.248263 -1.7374 0 -6.6597 -131.146 0 -150.639 
0.524 1.987 1.48152 0 0.241523 -1.80808 0 -6.74019 -140.444 0 -159.936 
0.525 1.987 1.47963 0 0.234697 -1.8835 0 -6.82542 -149.859 0 -169.351 
0.526 1.987 1.47767 0 0.227782 -1.96372 0 -6.91545 -159.397 0 -178.89 
0.527 1.987 1.47562 0 0.220772 -2.0488 0 -7.01035 -169.065 0 -188.557 
0.528 1.987 1.47348 0 0.213661 -2.13882 0 -7.11017 -178.867 0 -198.36 
0.529 1.987 1.47125 0 0.206446 -2.23385 0 -7.21501 -188.812 0 -208.305 
0.53 1.987 1.46891 0 0.199121 -2.33395 0 -7.32492 -198.907 0 -218.399 
0.531 1.987 1.46647 0 0.191681 -2.43921 0 -7.43999 -209.157 0 -228.65 
0.532 1.987 1.46392 0 0.184121 -2.54972 0 -7.56031 -219.572 0 -239.065 
0.533 1.987 1.46126 0 0.176435 -2.66555 0 -7.68595 -230.161 0 -249.653 
0.534 1.987 1.45847 0 0.168618 -2.78681 0 -7.81702 -240.93 0 -260.423 
0.535 1.987 1.45556 0 0.160665 -2.91357 0 -7.9536 -251.891 0 -271.383 
0.536 1.987 1.45251 0 0.152569 -3.04596 0 -8.09579 -263.052 0 -282.544 
0.537 1.987 1.44933 0 0.144325 -3.18407 0 -8.24371 -274.423 0 -293.916 
0.538 1.987 1.446 0 0.135928 -3.32801 0 -8.39746 -286.016 0 -305.509 
0.539 1.987 1.44252 0 0.12737 -3.47791 0 -8.55717 -297.842 0 -317.335 
0.54 1.987 1.43889 0 0.118648 -3.63388 0 -8.72295 -309.913 0 -329.406 
0.541 1.987 1.43509 0 0.109753 -3.79605 0 -8.89494 -322.241 0 -341.733 
0.542 1.987 1.43113 0 0.100679 -3.96457 0 -9.07326 -334.839 0 -354.331 
0.543 1.987 1.42699 0 0.0914212 -4.13957 0 -9.25807 -347.721 0 -367.213 
0.544 1.987 1.42267 0 0.0819717 -4.3212 0 -9.44951 -360.901 0 -380.394 
0.545 1.987 1.41816 0 0.072324 -4.50962 0 -9.64774 -374.395 0 -393.887 
0.546 1.987 1.41345 0 0.0624711 -4.705 0 -9.85293 -388.218 0 -407.711 
0.547 1.987 1.40854 0 0.0524058 -4.90751 0 -10.0653 -402.387 0 -421.88 
0.548 1.987 1.40343 0 0.0421209 -5.11733 0 -10.2849 -416.92 0 -436.413 
0.549 1.987 1.39809 0 0.0316089 -5.33466 0 -10.512 -431.835 0 -451.327 
0.55 1.987 1.39253 0 0.020862 -5.5597 0 -10.7469 -447.15 0 -466.642 
0.551 1.987 1.38674 0 0.00987239 -5.79266 0 -10.9896 -462.886 0 -482.378 
0.552 1.987 1.38071 0 -0.00136816 -6.03376 0 -11.2405 -479.064 0 -498.556 
0.553 1.987 1.37442 0 -0.012868 -6.28323 0 -11.4998 -495.706 0 -515.198 
0.554 1.987 1.36788 0 -0.0246357 -6.54133 0 -11.7677 -512.834 0 -532.326 
0.555 1.987 1.36107 0 -0.0366802 -6.8083 0 -12.0445 -530.473 0 -549.966 
0.556 1.987 1.35399 0 -0.0490107 -7.08442 0 -12.3304 -548.648 0 -568.14 
0.557 1.987 1.34662 0 -0.0616365 -7.36997 0 -12.6258 -567.385 0 -586.877 
0.558 1.987 1.33895 0 -0.0745674 -7.66524 0 -12.9309 -586.711 0 -606.204 
0.559 1.987 1.33098 0 -0.0878134 -7.97055 0 -13.246 -606.656 0 -626.148 
0.56 1.987 1.3227 0 -0.101385 -8.28623 0 -13.5715 -627.248 0 -646.74 
0.561 1.987 1.31408 0 -0.115293 -8.61261 0 -13.9077 -648.519 0 -668.012 
0.562 1.987 1.30513 0 -0.129548 -8.95005 0 -14.2549 -670.502 0 -689.995 
0.563 1.987 1.29584 0 -0.144161 -9.29894 0 -14.6136 -693.231 0 -712.723 
0.564 1.987 1.28618 0 -0.159145 -9.65965 0 -14.9842 -716.74 0 -736.233 
0.565 1.987 1.27614 0 -0.174512 -10.0326 0 -15.3669 -741.067 0 -760.56 
0.566 1.987 1.26573 0 -0.190275 -10.4182 0 -15.7624 -766.251 0 -785.744 
0.567 1.987 1.25491 0 -0.206446 -10.817 0 -16.1709 -792.331 0 -811.824 
0.568 1.987 1.24368 0 -0.223039 -11.2294 0 -16.5931 -819.349 0 -838.842 
0.569 1.987 1.23202 0 -0.240068 -11.6558 0 -17.0294 -847.349 0 -866.841 
0.57 1.987 1.21993 0 -0.257548 -12.0969 0 -17.4802 -876.375 0 -895.868 
0.571 1.987 1.20737 0 -0.275495 -12.5531 0 -17.9462 -906.476 0 -925.968 
0.572 1.987 1.19435 0 -0.293922 -13.025 0 -18.428 -937.698 0 -957.191 
0.573 1.987 1.18083 0 -0.312848 -13.5132 0 -18.926 -970.095 0 -989.587 
0.574 1.987 1.16682 0 -0.332289 -14.0183 0 -19.4409 -1003.72 0 -1023.21 
0.575 1.987 1.15228 0 -0.352263 -14.541 0 -19.9735 -1038.62 0 -1058.11 
0.576 1.987 1.13719 0 -0.372787 -15.082 0 -20.5242 -1074.86 0 -1094.36 
0.577 1.987 1.12155 0 -0.393881 -15.6419 0 -21.0939 -1112.5 0 -1132 
0.578 1.987 1.10533 0 -0.415564 -16.2215 0 -21.6833 -1151.6 0 -1171.1 
0.579 1.987 1.08851 0 -0.437857 -16.8215 0 -22.2931 -1192.23 0 -1211.72 
0.58 1.987 1.07107 0 -0.460782 -17.4427 0 -22.9242 -1234.44 0 -1253.93 
0.581 1.987 1.05298 0 -0.484359 -18.0861 0 -23.5773 -1278.31 0 -1297.8 
0.582 1.987 1.03423 0 -0.508612 -18.7524 0 -24.2534 -1323.91 0 -1343.4 
0.583 1.987 1.01478 0 -0.533566 -19.4425 0 -24.9534 -1371.31 0 -1390.81 
0.584 1.987 0.994628 0 -0.559244 -20.1574 0 -25.6782 -1420.6 0 -1440.09 
0.585 1.987 0.973729 0 -0.585673 -20.8982 0 -26.4287 -1471.84 0 -1491.34 
0.586 1.987 0.952064 0 -0.612879 -21.6657 0 -27.2061 -1525.13 0 -1544.62 
0.587 1.987 0.929602 0 -0.64089 -22.4612 0 -28.0113 -1580.54 0 -1600.04 
0.588 1.987 0.906317 0 -0.669736 -23.2856 0 -28.8456 -1638.17 0 -1657.67 
0.589 1.987 0.882177 0 -0.699446 -24.1402 0 -29.71 -1698.11 0 -1717.6 
0.59 1.987 0.85715 0 -0.730051 -25.0262 0 -30.6058 -1760.45 0 -1779.94 
0.591 1.987 0.831206 0 -0.761586 -25.9448 0 -31.5342 -1825.29 0 -1844.79 
0.592 1.987 0.804308 0 -0.794082 -26.8974 0 -32.4966 -1892.74 0 -1912.23 
0.593 1.987 0.776423 0 -0.827576 -27.8853 0 -33.4943 -1962.89 0 -1982.39 
0.594 1.987 0.747513 0 -0.862105 -28.9099 0 -34.5287 -2035.87 0 -2055.36 
0.595 1.987 0.71754 0 -0.897706 -29.9726 0 -35.6013 -2111.77 0 -2131.26 
0.596 1.987 0.686465 0 -0.93442 -31.0752 0 -36.7136 -2190.72 0 -2210.22 
0.597 1.987 0.654246 0 -0.972287 -32.219 0 -37.8673 -2272.85 0 -2292.34 
0.598 1.987 0.62084 0 -1.01135 -33.4059 0 -39.0639 -2358.27 0 -2377.76 
0.599 1.987 0.586203 0 -1.05166 -34.6374 0 -40.3053 -2447.11 0 -2466.61 
0.6 1.987 0.550287 0 -1.09325 -35.9155 0 -41.5932 -2539.52 0 -2559.01 
0.601 1.987 0.513045 0 -1.13618 -37.2419 0 -42.9294 -2635.63 0 -2655.12 
0.602 1.987 0.474427 0 -1.1805 -38.6187 0 -44.316 -2735.58 0 -2755.07 
0.603 1.987 0.434379 0 -1.22625 -40.0477 0 -45.7548 -2839.53 0 -2859.02 
0.604 1.987 0.392848 0 -1.2735 -41.5312 0 -47.2481 -2947.63 0 -2967.13 
0.605 1.987 0.349777 0 -1.3223 -43.0712 0 -48.798 -3060.05 0 -3079.54 
0.606 1.987 0.305106 0 -1.3727 -44.6701 0 -50.4066 -3176.94 0 -3196.43 
0.607 1.987 0.258776 0 -1.42478 -46.3301 0 -52.0765 -3298.49 0 -3317.98 
0.608 1.987 0.210723 0 -1.47859 -48.0538 0 -53.8099 -3424.86 0 -3444.36 
0.609 1.987 0.160879 0 -1.5342 -49.8435 0 -55.6095 -3556.26 0 -3575.75 
0.61 1.987 0.109177 0 -1.59168 -51.702 0 -57.4778 -3692.86 0 -3712.36 
0.611 1.987 0.0555449 0 -1.65109 -53.632 0 -59.4176 -3834.88 0 -3854.37 
0.612 1.987 -9.13937e-05 0 -1.71253 -55.6363 0 -61.4317 -3982.51 0 -4002.01 
0.613 1.987 -0.0578092 0 -1.77605 -57.7178 0 -63.523 -4135.98 0 -4155.47 
0.614 1.987 -0.117689 0 -1.84174 -59.8796 0 -65.6946 -4295.5 0 -4314.99 
0.615 1.987 -0.179814 0 -1.90969 -62.1249 0 -67.9497 -4461.3 0 -4480.8 
0.616 1.987 -0.244271 0 -1.97998 -64.4569 0 -70.2915 -4633.64 0 -4653.13 
0.617 1.987 -0.31115 0 -2.05271 -66.879 0 -72.7234 -4812.74 0 -4832.23 
0.618 1.987 -0.380544 0 -2.12796 -69.3948 0 -75.249 -4998.88 0 -5018.37 
0.619 1.987 -0.452552 0 -2.20583 -72.0079 0 -77.872 -5192.32 0 -5211.81 
0.62 1.987 -0.527274 0 -2.28643 -74.7222 0 -80.5961 -5393.34 0 -5412.83 
0.621 1.987 -0.604816 0 -2.36985 -77.5417 0 -83.4253 -5602.22 0 -5621.71 
0.622 1.987 -0.685286 0 -2.45621 -80.4703 0 -86.3638 -5819.27 0 -5838.76 
0.623 1.987 -0.768799 0 -2.54563 -83.5125 0 -89.4158 -6044.79 0 -6064.28 
0.624 1.987 -0.855471 0 -2.63822 -86.6726 0 -92.5857 -6279.11 0 -6298.61 
0.625 1.987 -0.945427 0 -2.73409 -89.9552 0 -95.8781 -6522.57 0 -6542.06 
0.626 1.987 -1.03879 0 -2.83339 -93.3651 0 -99.2979 -6775.51 0 -6795 
0.627 1.987 -1.1357 0 -2.93624 -96.9073 0 -102.85 -7038.28 0 -7057.78 
0.628 1.987 -1.23629 0 -3.04278 -100.587 0 -106.539 -7311.28 0 -7330.77 
0.629 1.987 -1.3407 0 -3.15315 -104.409 0 -110.371 -7594.87 0 -7614.37 
0.63 1.987 -1.44907 0 -3.2675 -108.38 0 -114.352 -7889.48 0 -7908.97 
0.631 1.987 -1.56158 0 -3.38599 -112.504 0 -118.486 -8195.51 0 -8215 
0.632 1.987 -1.67837 0 -3.50877 -116.789 0 -122.78 -8513.41 0 -8532.9 
0.633 1.987 -1.79961 0 -3.63601 -121.24 0 -127.241 -8843.61 0 -8863.11 
0.634 1.987 -1.92547 0 -3.76789 -125.863 0 -131.874 -9186.61 0 -9206.1 
0.635 1.987 -2.05614 0 -3.90457 -130.666 0 -136.687 -9542.87 0 -9562.36 
0.636 1.987 -2.19179 0 -4.04626 -135.654 0 -141.685 -9912.91 0 -9932.4 
0.637 1.987 -2.33263 0 -4.19313 -140.837 0 -146.877 -10297.2 0 -10316.7 
0.638 1.987 -2.47885 0 -4.3454 -146.22 0 -152.27 -10696.4 0 -10715.9 
0.639 1.987 -2.63066 0 -4.50328 -151.812 0 -157.872 -11111 0 -11130.5 
0.64 1.987 -2.78828 0 -4.66697 -157.62 0 -163.69 -11541.6 0 -11561.1 
0.641 1.987 -2.95193 0 -4.8367 -163.654 0 -169.734 -11988.9 0 -12008.4 
0.642 1.987 -3.12185 0 -5.01271 -169.921 0 -176.011 -12453.3 0 -12472.8 
0.643 1.987 -3.29829 0 -5.19524 -176.432 0 -182.531 -12935.7 0 -12955.2 
0.644 1.987 -3.48148 0 -5.38455 -183.194 0 -189.303 -13436.7 0 -13456.2 
0.645 1.987 -3.6717 0 -5.58088 -190.218 0 -196.337 -13957 0 -13976.5 
0.646 1.987 -3.86921 0 -5.78453 -197.514 0 -203.643 -14497.3 0 -14516.8 
0.647 1.987 -4.0743 0 -5.99576 -205.093 0 -211.231 -15058.4 0 -15077.9 
0.648 1.987 -4.28727 0 -6.21487 -212.964 0 -219.113 -15641.2 0 -15660.6 
0.649 1.987 -4.50841 0 -6.44217 -221.141 0 -227.299 -16246.3 0 -16265.8 
0.65 1.987 -4.73804 0 -6.67797 -229.633 0 -235.801 -16874.8 0 -16894.3 
0.651 1.987 -4.9765 0 -6.9226 -238.454 0 -244.632 -17527.4 0 -17546.9 
0.652 1.987 -5.22411 0 -7.17641 -247.616 0 -253.804 -18205.2 0 -18224.7 
0.653 1.987 -5.48125 0 -7.43974 -257.133 0 -263.33 -18909 0 -18928.5 
0.654 1.987 -5.74826 0 -7.71296 -267.017 0 -273.224 -19639.9 0 -19659.4 
0.655 1.987 -6.02555 0 -7.99646 -277.283 0 -283.5 -20399 0 -20418.5 
0.656 1.987 -6.31349 0 -8.29064 -287.946 0 -294.173 -21187.2 0 -21206.7 
0.657 1.987 -6.61251 0 -8.59589 -299.021 0 -305.258 -22005.7 0 -22025.2 
0.658 1.987 -6.92304 0 -8.91266 -310.524 0 -316.77 -22855.7 0 -22875.2 
0.659 1.987 -7.24551 0 -9.24139 -322.47 0 -328.727 -23738.4 0 -23757.9 
0.66 1.987 -7.58039 0 -9.58254 -334.879 0 -341.145 -24655 0 -24674.5 
0.661 1.987 -7.92815 0 -9.93658 -347.766 0 -354.042 -25606.8 0 -25626.3 
0.662 1.987 -8.2893 0 -10.304 -361.15 0 -367.436 -26595.3 0 -26614.8 
0.663 1.987 -8.66435 0 -10.6854 -375.052 0 -381.347 -27621.7 0 -27641.2 
0.664 1.987 -9.05384 0 -11.0812 -389.489 0 -395.795 -28687.6 0 -28707.1 
0.665 1.987 -9.45833 0 -11.492 -404.484 0 -410.799 -29794.4 0 -29813.9 
0.666 1.987 -9.87839 0 -11.9183 -420.057 0 -426.382 -30943.8 0 -30963.3 
0.667 1.987 -10.3146 0 -12.3609 -436.231 0 -442.566 -32137.4 0 -32156.9 
0.668 1.987 -10.7676 0 -12.8203 -453.029 0 -459.373 -33376.9 0 -33396.4 
0.669 1.987 -11.2381 0 -13.2971 -470.474 0 -476.828 -34663.9 0 -34683.4 
0.67 1.987 -11.7267 0 -13.7921 -488.592 0 -494.956 -36000.5 0 -36020 
0.671 1.987 -12.2341 0 -14.3058 -507.408 0 -513.783 -37388.4 0 -37407.9 
0.672 1.987 -12.7611 0 -14.8392 -526.95 0 -533.334 -38829.7 0 -38849.2 
0.673 1.987 -13.3083 0 -15.3928 -547.245 0 -553.639 -40326.3 0 -40345.8 
0.674 1.987 -13.8766 0 -15.9675 -568.323 0 -574.726 -41880.5 0 -41900 
0.675 1.987 -14.4668 0 -16.5642 -590.212 0 -596.625 -43494.4 0 -43513.9 
0.676 1.987 -15.0798 0 -17.1835 -612.945 0 -619.368 -45170.3 0 -45189.8 
0.677 1.987 -15.7163 0 -17.8265 -636.554 0 -642.987 -46910.6 0 -46930.1 
0.678 1.987 -16.3774 0 -18.494 -661.072 0 -667.515 -48717.8 0 -48737.3 
0.679 1.987 -17.064 0 -19.187 -686.535 0 -692.987 -50594.5 0 -50614 
0.68 1.987 -17.7769 0 -19.9065 -712.978 0 -719.441 -52543.3 0 -52562.8 
0.681 1.987 -18.5174 0 -20.6534 -740.44 0 -746.913 -54567 0 -54586.5 
0.682 1.987 -19.2863 0 -21.4288 -768.96 0 -775.442 -56668.5 0 -56688 
0.683 1.987 -20.0849 0 -22.2339 -798.578 0 -805.07 -58850.7 0 -58870.2 
0.684 1.987 -20.9142 0 -23.0697 -829.336 0 -835.838 -61116.8 0 -61136.3 
0.685 1.987 -21.7755 0 -23.9375 -861.279 0 -867.79 -63470.1 0 -63489.6 
0.686 1.987 -22.67 0 -24.8385 -894.451 0 -900.973 -65913.7 0 -65933.2 
0.687 1.987 -23.5989 0 -25.7739 -928.901 0 -935.432 -68451.3 0 -68470.8 
0.688 1.987 -24.5636 0 -26.7451 -964.677 0 -971.218 -71086.4 0 -71105.9 
0.689 1.987 -25.5654 0 -27.7535 -1001.83 0 -1008.38 -73822.8 0 -73842.3 
0.69 1.987 -26.6058 0 -28.8005 -1040.41 0 -1046.97 -76664.4 0 -76683.9 
0.691 1.987 -27.6863 0 -29.8875 -1080.48 0 -1087.05 -79615.2 0 -79634.7 
0.692 1.987 -28.8084 0 -31.0162 -1122.09 0 -1128.67 -82679.5 0 -82699 
0.693 1.987 -29.9737 0 -32.1881 -1165.3 0 -1171.89 -85861.5 0 -85881 
0.694 1.987 -31.1838 0 -33.4049 -1210.18 0 -1216.78 -89165.8 0 -89185.3 
0.695 1.987 -32.4406 0 -34.6683 -1256.78 0 -1263.39 -92597.2 0 -92616.7 
0.696 1.987 -33.7458 0 -35.9801 -1305.17 0 -1311.79 -96160.5 0 -96180 
0.697 1.987 -35.1012 0 -37.3421 -1355.43 0 -1362.06 -99860.7 0 -99880.2 
0.698 1.987 -36.5089 0 -38.7564 -1407.62 0 -1414.26 -103703 0 -103723 
0.699 1.987 -37.9707 0 -40.2249 -1461.82 0 -1468.47 -107693 0 -107713 
0.7 1.987 -39.4888 0 -41.7496 -1518.1 0 -1524.76 -111837 0 -111856 
0.701 1.987 -41.0653 0 -43.3328 -1576.55 0 -1583.22 -116140 0 -116159 
0.702 1.987 -42.7026 0 -44.9768 -1637.25 0 -1643.93 -120608 0 -120628 
0.703 1.987 -44.4029 0 -46.6838 -1700.29 0 -1706.97 -125248 0 -125268 
0.704 1.987 -46.1686 0 -48.4562 -1765.75 0 -1772.44 -130067 0 -130086 
0.705 1.987 -48.0023 0 -50.2966 -1833.72 0 -1840.43 -135070 0 -135090 
0.706 1.987 -49.9067 0 -52.2077 -1904.31 0 -1911.03 -140266 0 -140286 
0.707 1.987 -51.8843 0 -54.192 -1977.62 0 -1984.35 -145662 0 -145682 
0.708 1.987 -53.938 0 -56.2525 -2053.75 0 -2060.49 -151265 0 -151285 
0.709 1.987 -56.0708 0 -58.392 -2132.81 0 -2139.55 -157084 0 -157103 
0.71 1.987 -58.2857 0 -60.6137 -2214.9 0 -2221.66 -163126 0 -163146 
0.711 1.987 -60.5859 0 -62.9206 -2300.16 0 -2306.92 -169401 0 -169420 
0.712 1.987 -62.9746 0 -65.3161 -2388.69 0 -2395.47 -175917 0 -175936 
0.713 1.987 -65.4552 0 -67.8035 -2480.63 0 -2487.42 -182683 0 -182703 
0.714 1.987 -68.0313 0 -70.3864 -2576.11 0 -2582.9 -189710 0 -189729 
0.715 1.987 -70.7066 0 -73.0685 -2675.25 0 -2682.06 -197007 0 -197026 
0.716 1.987 -73.4848 0 -75.8535 -2778.21 0 -2785.03 -204584 0 -204603 
0.717 1.987 -76.3699 0 -78.7455 -2885.14 0 -2891.96 -212452 0 -212472 
0.718 1.987 -79.3661 0 -81.7485 -2996.17 0 -3003 -220623 0 -220643 
0.719 1.987 -82.4776 0 -84.8668 -3111.47 0 -3118.32 -229109 0 -229128 
0.72 1.987 -85.7088 0 -88.1049 -3231.21 0 -3238.07 -237920 0 -237940 
0.721 1.987 -89.0643 0 -91.4673 -3355.55 0 -3362.42 -247071 0 -247090 
0.722 1.987 -92.549 0 -94.9588 -3484.68 0 -3491.55 -256573 0 -256592 
0.723 1.987 -96.1678 0 -98.5845 -3618.77 0 -3625.66 -266440 0 -266460 
0.724 1.987 -99.9258 0 -102.349 -3758.02 0 -3764.91 -276687 0 -276706 
0.725 1.987 -103.828 0 -106.259 -3902.62 0 -3909.53 -287328 0 -287347 
0.726 1.987 -107.881 0 -110.319 -4052.79 0 -4059.7 -298378 0 -298397 
0.727 1.987 -112.09 0 -114.534 -4208.73 0 -4215.65 -309852 0 -309872 
0.728 1.987 -116.461 0 -118.912 -4370.67 0 -4377.6 -321768 0 -321788 
0.729 1.987 -120.999 0 -123.458 -4538.83 0 -4545.77 -334143 0 -334162 
0.73 1.987 -125.713 0 -128.178 -4713.46 0 -4720.41 -346993 0 -347012 
0.731 1.987 -130.608 0 -133.08 -4894.81 0 -4901.77 -360337 0 -360356 
0.732 1.987 -135.691 0 -138.17 -5083.13 0 -5090.1 -374194 0 -374213 
0.733 1.987 -140.97 0 -143.456 -5278.69 0 -5285.67 -388584 0 -388603 
0.734 1.987 -146.451 0 -148.944 -5481.78 0 -5488.77 -403527 0 -403546 
0.735 1.987 -152.144 0 -154.644 -5692.67 0 -5699.67 -419044 0 -419064 
0.736 1.987 -158.056 0 -160.563 -5911.67 0 -5918.68 -435159 0 -435178 
0.737 1.987 -164.195 0 -166.709 -6139.1 0 -6146.12 -451893 0 -451912 
0.738 1.987 -170.57 0 -173.091 -6375.27 0 -6382.3 -469270 0 -469290 
0.739 1.987 -177.191 0 -179.719 -6620.52 0 -6627.56 -487316 0 -487335 
0.74 1.987 -184.066 0 -186.601 -6875.2 0 -6882.25 -506055 0 -506075 
0.741 1.987 -191.205 0 -193.748 -7139.68 0 -7146.74 -525515 0 -525535 
0.742 1.987 -198.62 0 -201.169 -7414.33 0 -7421.4 -545724 0 -545743 
0.743 1.987 -206.319 0 -208.876 -7699.53 0 -7706.61 -566709 0 -566729 
0.744 1.987 -214.315 0 -216.879 -7995.71 0 -8002.8 -588501 0 -588521 
0.745 1.987 -222.618 0 -225.189 -8303.27 0 -8310.37 -611131 0 -611151 
0.746 1.987 -231.241 0 -233.819 -8622.67 0 -8629.78 -634632 0 -634651 
0.747 1.987 -240.195 0 -242.78 -8954.34 0 -8961.46 -659036 0 -659055 
0.748 1.987 -249.494 0 -252.086 -9298.77 0 -9305.9 -684378 0 -684397 
0.749 1.987 -259.15 0 -261.75 -9656.44 0 -9663.58 -710694 0 -710714 
0.75 1.987 -269.178 0 -271.785 -10027.9 0 -10035 -738023 0 -738042 
0.751 1.987 -279.592 0 -282.205 -10413.6 0 -10420.7 -766402 0 -766422 
0.752 1.987 -290.406 0 -293.027 -10814.1 0 -10821.3 -795873 0 -795892 
0.753 1.987 -301.636 0 -304.264 -11230.1 0 -11237.2 -826477 0 -826496 
0.754 1.987 -313.298 0 -315.933 -11662 0 -11669.2 -858257 0 -858277 
0.755 1.987 -325.409 0 -328.051 -12110.5 0 -12117.7 -891260 0 -891279 
0.756 1.987 -337.985 0 -340.634 -12576.3 0 -12583.5 -925531 0 -925551 
0.757 1.987 -351.045 0 -353.702 -13060 0 -13067.3 -961121 0 -961140 
0.758 1.987 -364.607 0 -367.271 -13562.3 0 -13569.6 -998078 0 -998098 
0.759 1.987 -378.691 0 -381.362 -14084 0 -14091.2 -1.03646e+06 0 -1.03648e+06 
0.76 1.987 -393.317 0 -395.995 -14625.6 0 -14632.9 -1.07631e+06 0 -1.07633e+06 
0.761 1.987 -408.505 0 -411.191 -15188.1 0 -15195.4 -1.1177e+06 0 -1.11772e+06 
0.762 1.987 -424.277 0 -426.97 -15772.3 0 -15779.5 -1.16068e+06 0 -1.1607e+06 
0.763 1.987 -440.656 0 -443.356 -16378.9 0 -16386.2 -1.20531e+06 0 -1.20533e+06 
0.764 1.987 -457.665 0 -460.372 -17008.8 0 -17016.1 -1.25166e+06 0 -1.25167e+06 
0.765 1.987 -475.328 0 -478.043 -17662.9 0 -17670.2 -1.29978e+06 0 -1.2998e+06 
0.766 1.987 -493.67 0 -496.392 -18342.2 0 -18349.5 -1.34976e+06 0 -1.34978e+06 
0.767 1.987 -512.718 0 -515.447 -19047.7 0 -19055 -1.40167e+06 0 -1.40169e+06 
0.768 1.987 -532.498 0 -535.235 -19780.2 0 -19787.5 -1.45556e+06 0 -1.45558e+06 
0.769 1.987 -553.039 0 -555.783 -20540.9 0 -20548.2 -1.51153e+06 0 -1.51155e+06 
0.77 1.987 -574.37 0 -577.121 -21330.9 0 -21338.2 -1.56966e+06 0 -1.56968e+06 
0.771 1.987 -596.521 0 -599.28 -22151.2 0 -22158.6 -1.63001e+06 0 -1.63003e+06 
0.772 1.987 -619.524 0 -622.29 -23003.1 0 -23010.5 -1.69269e+06 0 -1.69271e+06 
0.773 1.987 -643.412 0 -646.185 -23887.7 0 -23895.1 -1.75778e+06 0 -1.7578e+06 
0.774 1.987 -668.218 0 -670.999 -24806.4 0 -24813.8 -1.82537e+06 0 -1.82539e+06 
0.775 1.987 -693.979 0 -696.767 -25760.4 0 -25767.8 -1.89556e+06 0 -1.89558e+06 
0.776 1.987 -720.73 0 -723.525 -26751 0 -26758.4 -1.96845e+06 0 -1.96847e+06 
0.777 1.987 -748.509 0 -751.312 -27779.8 0 -27787.2 -2.04414e+06 0 -2.04416e+06 
0.778 1.987 -777.358 0 -780.168 -28848.1 0 -28855.5 -2.12274e+06 0 -2.12276e+06 
0.779 1.987 -807.315 0 -810.133 -29957.5 0 -29964.9 -2.20436e+06 0 -2.20438e+06 
0.78 1.987 -838.425 0 -841.25 -31109.5 0 -31117 -2.28912e+06 0 -2.28914e+06 
0.781 1.987 -870.73 0 -873.563 -32305.9 0 -32313.3 -2.37715e+06 0 -2.37717e+06 
0.782 1.987 -904.279 0 -907.119 -33548.2 0 -33555.7 -2.46855e+06 0 -2.46857e+06 
0.783 1.987 -939.117 0 -941.965 -34838.4 0 -34845.8 -2.56347e+06 0 -2.56349e+06 
0.784 1.987 -975.295 0 -978.15 -36178.1 0 -36185.6 -2.66204e+06 0 -2.66206e+06 
0.785 1.987 -1012.86 0 -1015.73 -37569.3 0 -37576.8 -2.7644e+06 0 -2.76442e+06 
0.786 1.987 -1051.88 0 -1054.75 -39014.1 0 -39021.6 -2.8707e+06 0 -2.87072e+06 
0.787 1.987 -1092.39 0 -1095.27 -40514.4 0 -40521.9 -2.98109e+06 0 -2.98111e+06 
0.788 1.987 -1134.47 0 -1137.35 -42072.4 0 -42079.9 -3.09571e+06 0 -3.09573e+06 
0.789 1.987 -1178.16 0 -1181.05 -43690.3 0 -43697.8 -3.21475e+06 0 -3.21477e+06 
0.79 1.987 -1223.53 0 -1226.43 -45370.4 0 -45377.9 -3.33836e+06 0 -3.33838e+06 
0.791 1.987 -1270.64 0 -1273.55 -47115.1 0 -47122.6 -3.46673e+06 0 -3.46675e+06 
0.792 1.987 -1319.57 0 -1322.48 -48926.9 0 -48934.4 -3.60003e+06 0 -3.60005e+06 
0.793 1.987 -1370.38 0 -1373.3 -50808.3 0 -50815.9 -3.73846e+06 0 -3.73848e+06 
0.794 1.987 -1423.14 0 -1426.07 -52762.1 0 -52769.7 -3.88221e+06 0 -3.88223e+06 
0.795 1.987 -1477.93 0 -1480.87 -54791.1 0 -54798.6 -4.03149e+06 0 -4.03151e+06 
0.796 1.987 -1534.83 0 -1537.77 -56898 0 -56905.6 -4.18651e+06 0 -4.18653e+06 
0.797 1.987 -1593.91 0 -1596.87 -59086 0 -59093.6 -4.34749e+06 0 -4.34751e+06 
0.798 1.987 -1655.27 0 -1658.23 -61358.1 0 -61365.7 -4.51466e+06 0 -4.51468e+06 
0.799 1.987 -1718.99 0 -1721.96 -63717.5 0 -63725.2 -4.68826e+06 0 -4.68828e+06 
0.8 1.987 -1785.16 0 -1788.13 -66167.7 0 -66175.4 -4.86853e+06 0 -4.86855e+06 
0.801 1.987 -1853.87 0 -1856.85 -68712.1 0 -68719.8 -5.05573e+06 0 -5.05575e+06 
0.802 1.987 -1925.22 0 -1928.21 -71354.4 0 -71362 -5.25013e+06 0 -5.25015e+06 
0.803 1.987 -1999.32 0 -2002.32 -74098.2 0 -74105.9 -5.45201e+06 0 -5.45203e+06 
0.804 1.987 -2076.27 0 -2079.28 -76947.6 0 -76955.2 -5.66165e+06 0 -5.66167e+06 
0.805 1.987 -2156.18 0 -2159.19 -79906.5 0 -79914.2 -5.87935e+06 0 -5.87937e+06 
0.806 1.987 -2239.15 0 -2242.18 -82979.2 0 -82986.9 -6.10543e+06 0 -6.10544e+06 
0.807 1.987 -2325.32 0 -2328.35 -86170 0 -86177.7 -6.34019e+06 0 -6.34021e+06 
0.808 1.987 -2414.81 0 -2417.85 -89483.5 0 -89491.2 -6.58398e+06 0 -6.584e+06 
0.809 1.987 -2507.73 0 -2510.78 -92924.5 0 -92932.2 -6.83715e+06 0 -6.83717e+06 
0.81 1.987 -2604.23 0 -2607.28 -96497.7 0 -96505.4 -7.10005e+06 0 -7.10007e+06 
0.811 1.987 -2704.44 0 -2707.5 -100208 0 -100216 -7.37306e+06 0 -7.37308e+06 
0.812 1.987 -2808.5 0 -2811.57 -104062 0 -104069 -7.65657e+06 0 -7.65659e+06 
0.813 1.987 -2916.56 0 -2919.64 -108063 0 -108071 -7.95098e+06 0 -7.951e+06 
0.814 1.987 -3028.78 0 -3031.87 -112219 0 -112226 -8.25671e+06 0 -8.25672e+06 
0.815 1.987 -3145.32 0 -3148.41 -116534 0 -116541 -8.57419e+06 0 -8.57421e+06 
0.816 1.987 -3266.33 0 -3269.43 -121015 0 -121023 -8.90388e+06 0 -8.9039e+06 
0.817 1.987 -3392 0 -3395.11 -125668 0 -125676 -9.24625e+06 0 -9.24627e+06 
0.818 1.987 -3522.5 0 -3525.61 -130500 0 -130508 -9.60179e+06 0 -9.60181e+06 
0.819 1.987 -3658.02 0 -3661.14 -135519 0 -135526 -9.971e+06 0 -9.97102e+06 
0.82 1.987 -3798.75 0 -3801.88 -140730 0 -140737 -1.03544e+07 0 -1.03544e+07 
0.821 1.987 -3944.89 0 -3948.03 -146141 0 -146149 -1.07525e+07 0 -1.07526e+07 
0.822 1.987 -4096.65 0 -4099.8 -151761 0 -151768 -1.1166e+07 0 -1.1166e+07 
0.823 1.987 -4254.25 0 -4257.4 -157596 0 -157604 -1.15954e+07 0 -1.15954e+07 
0.824 1.987 -4417.9 0 -4421.06 -163656 0 -163664 -1.20412e+07 0 -1.20412e+07 
0.825 1.987 -4587.85 0 -4591.02 -169949 0 -169957 -1.25042e+07 0 -1.25042e+07 
0.826 1.987 -4764.33 0 -4767.51 -176484 0 -176492 -1.2985e+07 0 -1.29851e+07 
0.827 1.987 -4947.61 0 -4950.79 -183270 0 -183278 -1.34843e+07 0 -1.34843e+07 
0.828 1.987 -5137.92 0 -5141.12 -190318 0 -190326 -1.40028e+07 0 -1.40028e+07 
0.829 1.987 -5335.56 0 -5338.76 -197636 0 -197644 -1.45413e+07 0 -1.45413e+07 
0.83 1.987 -5540.79 0 -5544 -205236 0 -205243 -1.51004e+07 0 -1.51004e+07 
0.831 1.987 -5753.92 0 -5757.14 -213127 0 -213135 -1.5681e+07 0 -1.56811e+07 
0.832 1.987 -5975.24 0 -5978.47 -221323 0 -221331 -1.6284e+07 0 -1.6284e+07 
0.833 1.987 -6205.08 0 -6208.31 -229833 0 -229841 -1.69101e+07 0 -1.69102e+07 
0.834 1.987 -6443.75 0 -6446.99 -238671 0 -238679 -1.75604e+07 0 -1.75604e+07 
0.835 1.987 -6691.6 0 -6694.85 -247848 0 -247856 -1.82356e+07 0 -1.82356e+07 
0.836 1.987 -6948.97 0 -6952.23 -257378 0 -257386 -1.89368e+07 0 -1.89368e+07 
0.837 1.987 -7216.25 0 -7219.52 -267275 0 -267283 -1.96649e+07 0 -1.9665e+07 
0.838 1.987 -7493.8 0 -7497.08 -277553 0 -277561 -2.04211e+07 0 -2.04211e+07 
0.839 1.987 -7782.03 0 -7785.31 -288225 0 -288233 -2.12063e+07 0 -2.12063e+07 
0.84 1.987 -8081.34 0 -8084.63 -299308 0 -299316 -2.20217e+07 0 -2.20218e+07 
0.841 1.987 -8392.15 0 -8395.45 -310817 0 -310825 -2.28685e+07 0 -2.28685e+07 
0.842 1.987 -8714.92 0 -8718.23 -322769 0 -322777 -2.37479e+07 0 -2.37479e+07 
0.843 1.987 -9050.1 0 -9053.41 -335180 0 -335188 -2.4661e+07 0 -2.4661e+07 
0.844 1.987 -9398.17 0 -9401.49 -348068 0 -348076 -2.56093e+07 0 -2.56093e+07 
0.845 1.987 -9759.62 0 -9762.95 -361452 0 -361460 -2.6594e+07 0 -2.6594e+07 
0.846 1.987 -10135 0 -10138.3 -375351 0 -375359 -2.76166e+07 0 -2.76166e+07 
0.847 1.987 -10524.8 0 -10528.1 -389784 0 -389792 -2.86785e+07 0 -2.86785e+07 
0.848 1.987 -10929.5 0 -10932.9 -404772 0 -404780 -2.97812e+07 0 -2.97812e+07 
0.849 1.987 -11349.9 0 -11353.2 -420336 0 -420344 -3.09264e+07 0 -3.09264e+07 
0.85 1.987 -11786.4 0 -11789.7 -436499 0 -436507 -3.21155e+07 0 -3.21156e+07 
0.851 1.987 -12239.6 0 -12243 -453283 0 -453292 -3.33504e+07 0 -3.33505e+07 
0.852 1.987 -12710.4 0 -12713.7 -470713 0 -470721 -3.46328e+07 0 -3.46328e+07 
0.853 1.987 -13199.2 0 -13202.6 -488813 0 -488821 -3.59645e+07 0 -3.59645e+07 
0.854 1.987 -13706.8 0 -13710.2 -507609 0 -507617 -3.73474e+07 0 -3.73474e+07 
0.855 1.987 -14233.9 0 -14237.3 -527128 0 -527136 -3.87835e+07 0 -3.87835e+07 
0.856 1.987 -14781.3 0 -14784.7 -547397 0 -547405 -4.02748e+07 0 -4.02748e+07 
0.857 1.987 -15349.8 0 -15353.2 -568445 0 -568453 -4.18234e+07 0 -4.18234e+07 
0.858 1.987 -15940.1 0 -15943.5 -590303 0 -590311 -4.34316e+07 0 -4.34316e+07 
0.859 1.987 -16553.1 0 -16556.5 -613001 0 -613010 -4.51016e+07 0 -4.51016e+07 
0.86 1.987 -17189.6 0 -17193.1 -636573 0 -636581 -4.68359e+07 0 -4.68359e+07 
0.861 1.987 -17850.7 0 -17854.1 -661050 0 -661058 -4.86368e+07 0 -4.86368e+07 
0.862 1.987 -18537.1 0 -18540.6 -686469 0 -686477 -5.0507e+07 0 -5.0507e+07 
0.863 1.987 -19250 0 -19253.5 -712865 0 -712873 -5.2449e+07 0 -5.24491e+07 
0.864 1.987 -19990.3 0 -19993.8 -740276 0 -740284 -5.44658e+07 0 -5.44658e+07 
0.865 1.987 -20759 0 -20762.5 -768741 0 -768749 -5.65601e+07 0 -5.65601e+07 
0.866 1.987 -21557.3 0 -21560.8 -798301 0 -798309 -5.87349e+07 0 -5.8735e+07 
0.867 1.987 -22386.3 0 -22389.8 -828997 0 -829005 -6.09934e+07 0 -6.09934e+07 
0.868 1.987 -23247.2 0 -23250.7 -860873 0 -860882 -6.33387e+07 0 -6.33387e+07 
0.869 1.987 -24141.2 0 -24144.7 -893976 0 -893984 -6.57742e+07 0 -6.57742e+07 
0.87 1.987 -25069.5 0 -25073.1 -928351 0 -928359 -6.83033e+07 0 -6.83033e+07 
0.871 1.987 -26033.6 0 -26037.1 -964048 0 -964056 -7.09297e+07 0 -7.09297e+07 
0.872 1.987 -27034.7 0 -27038.2 -1.00112e+06 0 -1.00113e+06 -7.36571e+07 0 -7.36571e+07 
0.873 1.987 -28074.3 0 -28077.9 -1.03961e+06 0 -1.03962e+06 -7.64893e+07 0 -7.64893e+07 
0.874 1.987 -29153.9 0 -29157.5 -1.07959e+06 0 -1.0796e+06 -7.94305e+07 0 -7.94305e+07 
0.875 1.987 -30275 0 -30278.6 -1.1211e+06 0 -1.12111e+06 -8.24847e+07 0 -8.24847e+07 
0.876 1.987 -31439.2 0 -31442.8 -1.16421e+06 0 -1.16422e+06 -8.56564e+07 0 -8.56564e+07 
0.877 1.987 -32648.2 0 -32651.8 -1.20897e+06 0 -1.20898e+06 -8.895e+07 0 -8.89501e+07 
0.878 1.987 -33903.6 0 -33907.2 -1.25546e+06 0 -1.25547e+06 -9.23703e+07 0 -9.23703e+07 
0.879 1.987 -35207.4 0 -35211 -1.30374e+06 0 -1.30374e+06 -9.59221e+07 0 -9.59221e+07 
0.88 1.987 -36561.2 0 -36564.9 -1.35387e+06 0 -1.35388e+06 -9.96105e+07 0 -9.96105e+07 
0.881 1.987 -37967.2 0 -37970.8 -1.40593e+06 0 -1.40593e+06 -1.03441e+08 0 -1.03441e+08 
0.882 1.987 -39427.1 0 -39430.8 -1.45999e+06 0 -1.45999e+06 -1.07418e+08 0 -1.07418e+08 
0.883 1.987 -40943.3 0 -40946.9 -1.51613e+06 0 -1.51613e+06 -1.11549e+08 0 -1.11549e+08 
0.884 1.987 -42517.7 0 -42521.3 -1.57442e+06 0 -1.57443e+06 -1.15838e+08 0 -1.15838e+08 
0.885 1.987 -44152.7 0 -44156.3 -1.63496e+06 0 -1.63497e+06 -1.20292e+08 0 -1.20292e+08 
0.886 1.987 -45850.5 0 -45854.2 -1.69783e+06 0 -1.69784e+06 -1.24917e+08 0 -1.24917e+08 
0.887 1.987 -47613.6 0 -47617.3 -1.76311e+06 0 -1.76312e+06 -1.29721e+08 0 -1.29721e+08 
0.888 1.987 -49444.5 0 -49448.2 -1.83091e+06 0 -1.83092e+06 -1.34709e+08 0 -1.34709e+08 
0.889 1.987 -51345.8 0 -51349.5 -1.90131e+06 0 -1.90132e+06 -1.39889e+08 0 -1.39889e+08 
0.89 1.987 -53320.2 0 -53323.9 -1.97442e+06 0 -1.97443e+06 -1.45267e+08 0 -1.45268e+08 
0.891 1.987 -55370.6 0 -55374.3 -2.05034e+06 0 -2.05035e+06 -1.50853e+08 0 -1.50853e+08 
0.892 1.987 -57499.8 0 -57503.5 -2.12918e+06 0 -2.12919e+06 -1.56654e+08 0 -1.56654e+08 
0.893 1.987 -59710.8 0 -59714.5 -2.21105e+06 0 -2.21106e+06 -1.62677e+08 0 -1.62678e+08 
0.894 1.987 -62006.9 0 -62010.6 -2.29607e+06 0 -2.29608e+06 -1.68933e+08 0 -1.68933e+08 
0.895 1.987 -64391.2 0 -64395 -2.38436e+06 0 -2.38437e+06 -1.75428e+08 0 -1.75429e+08 
0.896 1.987 -66867.3 0 -66871 -2.47604e+06 0 -2.47605e+06 -1.82174e+08 0 -1.82174e+08 
0.897 1.987 -69438.5 0 -69442.3 -2.57125e+06 0 -2.57126e+06 -1.89179e+08 0 -1.89179e+08 
0.898 1.987 -72108.7 0 -72112.4 -2.67012e+06 0 -2.67013e+06 -1.96453e+08 0 -1.96453e+08 
0.899 1.987 -74881.4 0 -74885.2 -2.77279e+06 0 -2.7728e+06 -2.04007e+08 0 -2.04007e+08 
0.9 1.987 -77760.9 0 -77764.6 -2.87941e+06 0 -2.87942e+06 -2.11852e+08 0 -2.11852e+08 
0.901 1.987 -80751 0 -80754.8 -2.99013e+06 0 -2.99014e+06 -2.19998e+08 0 -2.19998e+08 
0.902 1.987 -83856.1 0 -83859.9 -3.1051e+06 0 -3.10511e+06 -2.28457e+08 0 -2.28457e+08 
0.903 1.987 -87080.6 0 -87084.4 -3.2245e+06 0 -3.22451e+06 -2.37242e+08 0 -2.37242e+08 
0.904 1.987 -90429.1 0 -90432.9 -3.34849e+06 0 -3.3485e+06 -2.46364e+08 0 -2.46364e+08 
0.905 1.987 -93906.3 0 -93910.1 -3.47724e+06 0 -3.47725e+06 -2.55837e+08 0 -2.55837e+08 
0.906 1.987 -97517.3 0 -97521.1 -3.61095e+06 0 -3.61096e+06 -2.65674e+08 0 -2.65674e+08 
0.907 1.987 -101267 0 -101271 -3.7498e+06 0 -3.74981e+06 -2.7589e+08 0 -2.7589e+08 
0.908 1.987 -105161 0 -105165 -3.89398e+06 0 -3.89399e+06 -2.86499e+08 0 -2.86499e+08 
0.909 1.987 -109205 0 -109209 -4.04371e+06 0 -4.04372e+06 -2.97515e+08 0 -2.97515e+08 
0.91 1.987 -113404 0 -113408 -4.1992e+06 0 -4.19921e+06 -3.08955e+08 0 -3.08955e+08 
0.911 1.987 -117765 0 -117769 -4.36067e+06 0 -4.36068e+06 -3.20835e+08 0 -3.20835e+08 
0.912 1.987 -122293 0 -122297 -4.52834e+06 0 -4.52835e+06 -3.33171e+08 0 -3.33171e+08 
0.913 1.987 -126995 0 -126999 -4.70247e+06 0 -4.70248e+06 -3.45982e+08 0 -3.45982e+08 
0.914 1.987 -131879 0 -131883 -4.88329e+06 0 -4.88329e+06 -3.59286e+08 0 -3.59286e+08 
0.915 1.987 -136950 0 -136954 -5.07106e+06 0 -5.07107e+06 -3.73101e+08 0 -3.73101e+08 
0.916 1.987 -142216 0 -142220 -5.26605e+06 0 -5.26606e+06 -3.87448e+08 0 -3.87448e+08 
0.917 1.987 -147684 0 -147688 -5.46854e+06 0 -5.46855e+06 -4.02346e+08 0 -4.02346e+08 
0.918 1.987 -153363 0 -153367 -5.67881e+06 0 -5.67882e+06 -4.17817e+08 0 -4.17817e+08 
0.919 1.987 -159260 0 -159264 -5.89717e+06 0 -5.89718e+06 -4.33882e+08 0 -4.33882e+08 
0.92 1.987 -165384 0 -165388 -6.12393e+06 0 -6.12394e+06 -4.50566e+08 0 -4.50566e+08 
0.921 1.987 -171744 0 -171748 -6.35941e+06 0 -6.35941e+06 -4.67891e+08 0 -4.67891e+08 
0.922 1.987 -178348 0 -178352 -6.60394e+06 0 -6.60395e+06 -4.85882e+08 0 -4.85882e+08 
0.923 1.987 -185205 0 -185209 -6.85787e+06 0 -6.85788e+06 -5.04565e+08 0 -5.04565e+08 
0.924 1.987 -192327 0 -192331 -7.12157e+06 0 -7.12158e+06 -5.23967e+08 0 -5.23967e+08 
0.925 1.987 -199722 0 -199726 -7.3954e+06 0 -7.39541e+06 -5.44114e+08 0 -5.44114e+08 
0.926 1.987 -207402 0 -207406 -7.67977e+06 0 -7.67978e+06 -5.65036e+08 0 -5.65036e+08 
0.927 1.987 -215377 0 -215381 -7.97507e+06 0 -7.97508e+06 -5.86763e+08 0 -5.86763e+08 
0.928 1.987 -223659 0 -223663 -8.28173e+06 0 -8.28174e+06 -6.09325e+08 0 -6.09325e+08 
0.929 1.987 -232259 0 -232263 -8.60017e+06 0 -8.60018e+06 -6.32755e+08 0 -6.32755e+08 
0.93 1.987 -241190 0 -241194 -8.93087e+06 0 -8.93088e+06 -6.57085e+08 0 -6.57085e+08 
0.931 1.987 -250464 0 -250468 -9.27427e+06 0 -9.27428e+06 -6.82351e+08 0 -6.82351e+08 
0.932 1.987 -260095 0 -260099 -9.63089e+06 0 -9.6309e+06 -7.08589e+08 0 -7.08589e+08 
0.933 1.987 -270096 0 -270101 -1.00012e+07 0 -1.00012e+07 -7.35835e+08 0 -7.35835e+08 
0.934 1.987 -280482 0 -280486 -1.03858e+07 0 -1.03858e+07 -7.6413e+08 0 -7.6413e+08 
0.935 1.987 -291267 0 -291271 -1.07851e+07 0 -1.07851e+07 -7.93512e+08 0 -7.93512e+08 
0.936 1.987 -302467 0 -302471 -1.11998e+07 0 -1.11998e+07 -8.24024e+08 0 -8.24024e+08 
0.937 1.987 -314098 0 -314102 -1.16305e+07 0 -1.16305e+07 -8.55709e+08 0 -8.55709e+08 
0.938 1.987 -326175 0 -326180 -1.20777e+07 0 -1.20777e+07 -8.88612e+08 0 -8.88612e+08 
0.939 1.987 -338717 0 -338722 -1.25421e+07 0 -1.25421e+07 -9.22781e+08 0 -9.22781e+08 
0.94 1.987 -351742 0 -351746 -1.30244e+07 0 -1.30244e+07 -9.58264e+08 0 -9.58264e+08 
0.941 1.987 -365267 0 -365271 -1.35252e+07 0 -1.35252e+07 -9.9511e+08 0 -9.9511e+08 
0.942 1.987 -379312 0 -379316 -1.40453e+07 0 -1.40453e+07 -1.03337e+09 0 -1.03337e+09 
0.943 1.987 -393898 0 -393902 -1.45853e+07 0 -1.45853e+07 -1.07311e+09 0 -1.07311e+09 
0.944 1.987 -409044 0 -409048 -1.51462e+07 0 -1.51462e+07 -1.11437e+09 0 -1.11437e+09 
0.945 1.987 -424772 0 -424777 -1.57285e+07 0 -1.57286e+07 -1.15722e+09 0 -1.15722e+09 
0.946 1.987 -441106 0 -441110 -1.63333e+07 0 -1.63333e+07 -1.20172e+09 0 -1.20172e+09 
0.947 1.987 -458067 0 -458071 -1.69614e+07 0 -1.69614e+07 -1.24793e+09 0 -1.24793e+09 
0.948 1.987 -475681 0 -475685 -1.76136e+07 0 -1.76136e+07 -1.29591e+09 0 -1.29591e+09 
0.949 1.987 -493971 0 -493976 -1.82909e+07 0 -1.82909e+07 -1.34574e+09 0 -1.34574e+09 
0.95 1.987 -512966 0 -512970 -1.89942e+07 0 -1.89942e+07 -1.39749e+09 0 -1.39749e+09 
0.951 1.987 -532690 0 -532694 -1.97245e+07 0 -1.97245e+07 -1.45122e+09 0 -1.45122e+09 
0.952 1.987 -553173 0 -553177 -2.0483e+07 0 -2.0483e+07 -1.50703e+09 0 -1.50703e+09 
0.953 1.987 -574444 0 -574448 -2.12706e+07 0 -2.12706e+07 -1.56497e+09 0 -1.56497e+09 
0.954 1.987 -596532 0 -596536 -2.20885e+07 0 -2.20885e+07 -1.62515e+09 0 -1.62515e+09 
0.955 1.987 -619470 0 -619474 -2.29378e+07 0 -2.29378e+07 -1.68764e+09 0 -1.68764e+09 
0.956 1.987 -643290 0 -643294 -2.38198e+07 0 -2.38198e+07 -1.75253e+09 0 -1.75253e+09 
0.957 1.987 -668026 0 -668030 -2.47357e+07 0 -2.47357e+07 -1.81992e+09 0 -1.81992e+09 
0.958 1.987 -693712 0 -693717 -2.56869e+07 0 -2.56869e+07 -1.8899e+09 0 -1.8899e+09 
0.959 1.987 -720387 0 -720391 -2.66746e+07 0 -2.66746e+07 -1.96257e+09 0 -1.96257e+09 
0.96 1.987 -748087 0 -748092 -2.77002e+07 0 -2.77003e+07 -2.03803e+09 0 -2.03803e+09 
0.961 1.987 -776853 0 -776857 -2.87654e+07 0 -2.87654e+07 -2.1164e+09 0 -2.1164e+09 
0.962 1.987 -806724 0 -806728 -2.98715e+07 0 -2.98715e+07 -2.19778e+09 0 -2.19778e+09 
0.963 1.987 -837744 0 -837748 -3.10201e+07 0 -3.10201e+07 -2.28229e+09 0 -2.28229e+09 
0.964 1.987 -869957 0 -869961 -3.22128e+07 0 -3.22128e+07 -2.37005e+09 0 -2.37005e+09 
0.965 1.987 -903408 0 -903413 -3.34515e+07 0 -3.34515e+07 -2.46118e+09 0 -2.46118e+09 
0.966 1.987 -938146 0 -938151 -3.47377e+07 0 -3.47378e+07 -2.55582e+09 0 -2.55582e+09 
0.967 1.987 -974220 0 -974224 -3.60735e+07 0 -3.60735e+07 -2.65409e+09 0 -2.65409e+09 
0.968 1.987 -1.01168e+06 0 -1.01168e+06 -3.74606e+07 0 -3.74606e+07 -2.75615e+09 0 -2.75615e+09 
0.969 1.987 -1.05058e+06 0 -1.05059e+06 -3.8901e+07 0 -3.8901e+07 -2.86212e+09 0 -2.86212e+09 
0.97 1.987 -1.09098e+06 0 -1.09098e+06 -4.03968e+07 0 -4.03968e+07 -2.97218e+09 0 -2.97218e+09 
0.971 1.987 -1.13293e+06 0 -1.13293e+06 -4.19501e+07 0 -4.19501e+07 -3.08646e+09 0 -3.08646e+09 
0.972 1.987 -1.17649e+06 0 -1.1765e+06 -4.35632e+07 0 -4.35632e+07 -3.20514e+09 0 -3.20514e+09 
0.973 1.987 -1.22173e+06 0 -1.22173e+06 -4.52383e+07 0 -4.52383e+07 -3.32839e+09 0 -3.32839e+09 
0.974 1.987 -1.26871e+06 0 -1.26871e+06 -4.69778e+07 0 -4.69778e+07 -3.45637e+09 0 -3.45637e+09 
0.975 1.987 -1.31749e+06 0 -1.3175e+06 -4.87841e+07 0 -4.87841e+07 -3.58927e+09 0 -3.58927e+09 
0.976 1.987 -1.36815e+06 0 -1.36816e+06 -5.066e+07 0 -5.066e+07 -3.72729e+09 0 -3.72729e+09 
0.977 1.987 -1.42076e+06 0 -1.42076e+06 -5.26079e+07 0 -5.26079e+07 -3.87061e+09 0 -3.87061e+09 
0.978 1.987 -1.47539e+06 0 -1.47539e+06 -5.46308e+07 0 -5.46308e+07 -4.01944e+09 0 -4.01944e+09 
0.979 1.987 -1.53212e+06 0 -1.53213e+06 -5.67315e+07 0 -5.67315e+07 -4.17399e+09 0 -4.17399e+09 
0.98 1.987 -1.59103e+06 0 -1.59104e+06 -5.89129e+07 0 -5.89129e+07 -4.33449e+09 0 -4.33449e+09 
0.981 1.987 -1.65221e+06 0 -1.65222e+06 -6.11782e+07 0 -6.11782e+07 -4.50116e+09 0 -4.50116e+09 
0.982 1.987 -1.71574e+06 0 -1.71575e+06 -6.35306e+07 0 -6.35306e+07 -4.67424e+09 0 -4.67424e+09 
0.983 1.987 -1.78172e+06 0 -1.78172e+06 -6.59735e+07 0 -6.59735e+07 -4.85397e+09 0 -4.85397e+09 
0.984 1.987 -1.85023e+06 0 -1.85023e+06 -6.85103e+07 0 -6.85103e+07 -5.04061e+09 0 -5.04061e+09 
0.985 1.987 -1.92137e+06 0 -1.92138e+06 -7.11446e+07 0 -7.11446e+07 -5.23444e+09 0 -5.23444e+09 
0.986 1.987 -1.99525e+06 0 -1.99526e+06 -7.38802e+07 0 -7.38802e+07 -5.43571e+09 0 -5.43571e+09 
0.987 1.987 -2.07197e+06 0 -2.07198e+06 -7.67211e+07 0 -7.67211e+07 -5.64472e+09 0 -5.64472e+09 
0.988 1.987 -2.15164e+06 0 -2.15165e+06 -7.96711e+07 0 -7.96711e+07 -5.86177e+09 0 -5.86177e+09 
0.989 1.987 -2.23438e+06 0 -2.23438e+06 -8.27346e+07 0 -8.27346e+07 -6.08717e+09 0 -6.08717e+09 
0.99 1.987 -2.32029e+06 0 -2.3203e+06 -8.59159e+07 0 -8.59159e+07 -6.32123e+09 0 -6.32123e+09 
0.991 1.987 -2.40951e+06 0 -2.40952e+06 -8.92195e+07 0 -8.92195e+07 -6.56429e+09 0 -6.56429e+09 
0.992 1.987 -2.50216e+06 0 -2.50217e+06 -9.26502e+07 0 -9.26502e+07 -6.8167e+09 0 -6.8167e+09 
0.993 1.987 -2.59838e+06 0 -2.59838e+06 -9.62127e+07 0 -9.62128e+07 -7.07881e+09 0 -7.07881e+09 
0.994 1.987 -2.69829e+06 0 -2.69829e+06 -9.99123e+07 0 -9.99123e+07 -7.35101e+09 0 -7.35101e+09 
0.995 1.987 -2.80204e+06 0 -2.80205e+06 -1.03754e+08 0 -1.03754e+08 -7.63367e+09 0 -7.63367e+09 
0.996 1.987 -2.90979e+06 0 -2.90979e+06 -1.07744e+08 0 -1.07744e+08 -7.92719e+09 0 -7.92719e+09 
0.997 1.987 -3.02167e+06 0 -3.02168e+06 -1.11887e+08 0 -1.11887e+08 -8.23201e+09 0 -8.23201e+09 
0.998 1.987 -3.13786e+06 0 -3.13787e+06 -1.16189e+08 0 -1.16189e+08 -8.54854e+09 0 -8.54854e+09 
0.999 1.987 -3.25852e+06 0 -3.25852e+06 -1.20656e+08 0 -1.20656e+08 -8.87725e+09 0 -8.87725e+09 
1 1.987 -3.38381e+06 0 -3.38382e+06 -1.25296e+08 0 -1.25296e+08 -9.2186e+09 0 -9.2186e+09 
1.001 1.987 -3.51393e+06 0 -3.51393e+06 -1.30114e+08 0 -1.30114e+08 -9.57307e+09 0 -9.57307e+09 
1.002 1.987 -3.64905e+06 0 -3.64905e+06 -1.35117e+08 0 -1.35117e+08 -9.94117e+09 0 -9.94117e+09 
1.003 1.987 -3.78936e+06 0 -3.78936e+06 -1.40312e+08 0 -1.40312e+08 -1.03234e+10 0 -1.03234e+10 
1.004 1.987 -3.93507e+06 0 -3.93507e+06 -1.45708e+08 0 -1.45708e+08 -1.07204e+10 0 -1.07204e+10 
1.005 1.987 -4.08638e+06 0 -4.08638e+06 -1.5131e+08 0 -1.5131e+08 -1.11326e+10 0 -1.11326e+10 
1.006 1.987 -4.2435e+06 0 -4.24351e+06 -1.57128e+08 0 -1.57128e+08 -1.15607e+10 0 -1.15607e+10 
1.007 1.987 -4.40667e+06 0 -4.40668e+06 -1.6317e+08 0 -1.6317e+08 -1.20052e+10 0 -1.20052e+10 
1.008 1.987 -4.57612e+06 0 -4.57612e+06 -1.69445e+08 0 -1.69445e+08 -1.24668e+10 0 -1.24668e+10 
1.009 1.987 -4.75208e+06 0 -4.75208e+06 -1.7596e+08 0 -1.7596e+08 -1.29462e+10 0 -1.29462e+10 
1.01 1.987 -4.9348e+06 0 -4.93481e+06 -1.82726e+08 0 -1.82726e+08 -1.3444e+10 0 -1.3444e+10 
1.011 1.987 -5.12456e+06 0 -5.12456e+06 -1.89752e+08 0 -1.89752e+08 -1.39609e+10 0 -1.39609e+10 
1.012 1.987 -5.32161e+06 0 -5.32161e+06 -1.97048e+08 0 -1.97048e+08 -1.44978e+10 0 -1.44978e+10 
1.013 1.987 -5.52623e+06 0 -5.52624e+06 -2.04625e+08 0 -2.04625e+08 -1.50552e+10 0 -1.50552e+10 
1.014 1.987 -5.73872e+06 0 -5.73873e+06 -2.12493e+08 0 -2.12493e+08 -1.56341e+10 0 -1.56341e+10 
1.015 1.987 -5.95939e+06 0 -5.95939e+06 -2.20664e+08 0 -2.20664e+08 -1.62353e+10 0 -1.62353e+10 
1.016 1.987 -6.18854e+06 0 -6.18854e+06 -2.29149e+08 0 -2.29149e+08 -1.68596e+10 0 -1.68596e+10 
1.017 1.987 -6.4265e+06 0 -6.4265e+06 -2.3796e+08 0 -2.3796e+08 -1.75078e+10 0 -1.75078e+10 
1.018 1.987 -6.67361e+06 0 -6.67361e+06 -2.4711e+08 0 -2.4711e+08 -1.8181e+10 0 -1.8181e+10 
1.019 1.987 -6.93022e+06 0 -6.93023e+06 -2.56612e+08 0 -2.56612e+08 -1.88801e+10 0 -1.88801e+10 
1.02 1.987 -7.1967e+06 0 -7.1967e+06 -2.66479e+08 0 -2.66479e+08 -1.96061e+10 0 -1.96061e+10 
1.021 1.987 -7.47343e+06 0 -7.47343e+06 -2.76726e+08 0 -2.76726e+08 -2.036e+10 0 -2.036e+10 
1.022 1.987 -7.76079e+06 0 -7.7608e+06 -2.87367e+08 0 -2.87367e+08 -2.11429e+10 0 -2.11429e+10 
1.023 1.987 -8.05921e+06 0 -8.05921e+06 -2.98416e+08 0 -2.98416e+08 -2.19559e+10 0 -2.19559e+10 
1.024 1.987 -8.3691e+06 0 -8.3691e+06 -3.09891e+08 0 -3.09891e+08 -2.28001e+10 0 -2.28001e+10 
1.025 1.987 -8.69091e+06 0 -8.69091e+06 -3.21807e+08 0 -3.21807e+08 -2.36768e+10 0 -2.36768e+10 
1.026 1.987 -9.02509e+06 0 -9.02509e+06 -3.34181e+08 0 -3.34181e+08 -2.45872e+10 0 -2.45872e+10 
1.027 1.987 -9.37212e+06 0 -9.37212e+06 -3.47031e+08 0 -3.47031e+08 -2.55326e+10 0 -2.55326e+10 
1.028 1.987 -9.73249e+06 0 -9.7325e+06 -3.60375e+08 0 -3.60375e+08 -2.65144e+10 0 -2.65144e+10 
1.029 1.987 -1.01067e+07 0 -1.01067e+07 -3.74232e+08 0 -3.74232e+08 -2.75339e+10 0 -2.75339e+10 
1.03 1.987 -1.04953e+07 0 -1.04953e+07 -3.88621e+08 0 -3.88621e+08 -2.85927e+10 0 -2.85927e+10 
1.031 1.987 -1.08989e+07 0 -1.08989e+07 -4.03565e+08 0 -4.03565e+08 -2.96921e+10 0 -2.96921e+10 
1.032 1.987 -1.1318e+07 0 -1.1318e+07 -4.19082e+08 0 -4.19082e+08 -3.08338e+10 0 -3.08338e+10 
1.033 1.987 -1.17532e+07 0 -1.17532e+07 -4.35197e+08 0 -4.35197e+08 -3.20194e+10 0 -3.20194e+10 
1.034 1.987 -1.22051e+07 0 -1.22051e+07 -4.51931e+08 0 -4.51931e+08 -3.32506e+10 0 -3.32506e+10 
1.035 1.987 -1.26744e+07 0 -1.26744e+07 -4.69309e+08 0 -4.69309e+08 -3.45292e+10 0 -3.45292e+10 
1.036 1.987 -1.31618e+07 0 -1.31618e+07 -4.87354e+08 0 -4.87354e+08 -3.58569e+10 0 -3.58569e+10 
1.037 1.987 -1.36679e+07 0 -1.36679e+07 -5.06094e+08 0 -5.06094e+08 -3.72357e+10 0 -3.72357e+10 
1.038 1.987 -1.41934e+07 0 -1.41934e+07 -5.25554e+08 0 -5.25554e+08 -3.86674e+10 0 -3.86674e+10 
1.039 1.987 -1.47392e+07 0 -1.47392e+07 -5.45763e+08 0 -5.45763e+08 -4.01543e+10 0 -4.01543e+10 
1.04 1.987 -1.53059e+07 0 -1.53059e+07 -5.66748e+08 0 -5.66748e+08 -4.16983e+10 0 -4.16983e+10 
1.041 1.987 -1.58945e+07 0 -1.58945e+07 -5.88541e+08 0 -5.88541e+08 -4.33016e+10 0 -4.33016e+10 
1.042 1.987 -1.65057e+07 0 -1.65057e+07 -6.11171e+08 0 -6.11171e+08 -4.49667e+10 0 -4.49667e+10 
1.043 1.987 -1.71403e+07 0 -1.71403e+07 -6.34672e+08 0 -6.34672e+08 -4.66957e+10 0 -4.66957e+10 
1.044 1.987 -1.77994e+07 0 -1.77994e+07 -6.59076e+08 0 -6.59076e+08 -4.84912e+10 0 -4.84912e+10 
1.045 1.987 -1.84838e+07 0 -1.84838e+07 -6.84419e+08 0 -6.84419e+08 -5.03558e+10 0 -5.03558e+10 
1.046 1.987 -1.91946e+07 0 -1.91946e+07 -7.10736e+08 0 -7.10736e+08 -5.22921e+10 0 -5.22921e+10 
1.047 1.987 -1.99326e+07 0 -1.99326e+07 -7.38065e+08 0 -7.38065e+08 -5.43028e+10 0 -5.43028e+10 
1.048 1.987 -2.06991e+07 0 -2.06991e+07 -7.66445e+08 0 -7.66445e+08 -5.63908e+10 0 -5.63908e+10 
1.049 1.987 -2.1495e+07 0 -2.1495e+07 -7.95916e+08 0 -7.95916e+08 -5.85592e+10 0 -5.85592e+10 
1.05 1.987 -2.23215e+07 0 -2.23215e+07 -8.2652e+08 0 -8.2652e+08 -6.08109e+10 0 -6.08109e+10 
1.051 1.987 -2.31798e+07 0 -2.31798e+07 -8.58301e+08 0 -8.58301e+08 -6.31492e+10 0 -6.31492e+10 
1.052 1.987 -2.40711e+07 0 -2.40711e+07 -8.91304e+08 0 -8.91304e+08 -6.55774e+10 0 -6.55774e+10 
1.053 1.987 -2.49967e+07 0 -2.49967e+07 -9.25577e+08 0 -9.25577e+08 -6.80989e+10 0 -6.80989e+10 
1.054 1.987 -2.59578e+07 0 -2.59579e+07 -9.61167e+08 0 -9.61167e+08 -7.07174e+10 0 -7.07174e+10 
1.055 1.987 -2.6956e+07 0 -2.6956e+07 -9.98125e+08 0 -9.98125e+08 -7.34367e+10 0 -7.34367e+10 
1.056 1.987 -2.79925e+07 0 -2.79925e+07 -1.0365e+09 0 -1.0365e+09 -7.62604e+10 0 -7.62604e+10 
1.057 1.987 -2.90688e+07 0 -2.90688e+07 -1.07636e+09 0 -1.07636e+09 -7.91928e+10 0 -7.91928e+10 
1.058 1.987 -3.01866e+07 0 -3.01866e+07 -1.11775e+09 0 -1.11775e+09 -8.22379e+10 0 -8.22379e+10 
1.059 1.987 -3.13473e+07 0 -3.13473e+07 -1.16073e+09 0 -1.16073e+09 -8.54001e+10 0 -8.54001e+10 
1.06 1.987 -3.25527e+07 0 -3.25527e+07 -1.20536e+09 0 -1.20536e+09 -8.86839e+10 0 -8.86839e+10 
1.061 1.987 -3.38044e+07 0 -3.38044e+07 -1.25171e+09 0 -1.25171e+09 -9.20939e+10 0 -9.20939e+10 
1.062 1.987 -3.51042e+07 0 -3.51042e+07 -1.29984e+09 0 -1.29984e+09 -9.56351e+10 0 -9.56351e+10 
1.063 1.987 -3.6454e+07 0 -3.6454e+07 -1.34982e+09 0 -1.34982e+09 -9.93124e+10 0 -9.93124e+10 
1.064 1.987 -3.78558e+07 0 -3.78558e+07 -1.40172e+09 0 -1.40172e+09 -1.03131e+11 0 -1.03131e+11 
1.065 1.987 -3.93114e+07 0 -3.93114e+07 -1.45562e+09 0 -1.45562e+09 -1.07097e+11 0 -1.07097e+11 
1.066 1.987 -4.0823e+07 0 -4.0823e+07 -1.51159e+09 0 -1.51159e+09 -1.11215e+11 0 -1.11215e+11 
1.067 1.987 -4.23927e+07 0 -4.23927e+07 -1.56972e+09 0 -1.56972e+09 -1.15491e+11 0 -1.15491e+11 
1.068 1.987 -4.40228e+07 0 -4.40228e+07 -1.63007e+09 0 -1.63007e+09 -1.19932e+11 0 -1.19932e+11 
1.069 1.987 -4.57155e+07 0 -4.57155e+07 -1.69275e+09 0 -1.69275e+09 -1.24544e+11 0 -1.24544e+11 
1.07 1.987 -4.74734e+07 0 -4.74734e+07 -1.75784e+09 0 -1.75784e+09 -1.29333e+11 0 -1.29333e+11 
1.071 1.987 -4.92988e+07 0 -4.92988e+07 -1.82543e+09 0 -1.82543e+09 -1.34306e+11 0 -1.34306e+11 
1.072 1.987 -5.11944e+07 0 -5.11944e+07 -1.89563e+09 0 -1.89563e+09 -1.3947e+11 0 -1.3947e+11 
1.073 1.987 -5.31629e+07 0 -5.31629e+07 -1.96852e+09 0 -1.96852e+09 -1.44833e+11 0 -1.44833e+11 
1.074 1.987 -5.52071e+07 0 -5.52072e+07 -2.04421e+09 0 -2.04421e+09 -1.50402e+11 0 -1.50402e+11 
1.075 1.987 -5.733e+07 0 -5.733e+07 -2.12281e+09 0 -2.12281e+09 -1.56185e+11 0 -1.56185e+11 
1.076 1.987 -5.95344e+07 0 -5.95344e+07 -2.20444e+09 0 -2.20444e+09 -1.62191e+11 0 -1.62191e+11 
1.077 1.987 -6.18236e+07 0 -6.18236e+07 -2.2892e+09 0 -2.2892e+09 -1.68427e+11 0 -1.68427e+11 
1.078 1.987 -6.42008e+07 0 -6.42008e+07 -2.37723e+09 0 -2.37723e+09 -1.74903e+11 0 -1.74903e+11 
1.079 1.987 -6.66695e+07 0 -6.66695e+07 -2.46864e+09 0 -2.46864e+09 -1.81629e+11 0 -1.81629e+11 
1.08 1.987 -6.9233e+07 0 -6.9233e+07 -2.56356e+09 0 -2.56356e+09 -1.88613e+11 0 -1.88613e+11 
1.081 1.987 -7.18952e+07 0 -7.18952e+07 -2.66213e+09 0 -2.66213e+09 -1.95865e+11 0 -1.95865e+11 
1.082 1.987 -7.46597e+07 0 -7.46597e+07 -2.7645e+09 0 -2.7645e+09 -2.03397e+11 0 -2.03397e+11 
1.083 1.987 -7.75304e+07 0 -7.75305e+07 -2.8708e+09 0 -2.8708e+09 -2.11218e+11 0 -2.11218e+11 
1.084 1.987 -8.05116e+07 0 -8.05116e+07 -2.98118e+09 0 -2.98118e+09 -2.19339e+11 0 -2.19339e+11 
1.085 1.987 -8.36074e+07 0 -8.36075e+07 -3.09581e+09 0 -3.09581e+09 -2.27773e+11 0 -2.27773e+11 
1.086 1.987 -8.68223e+07 0 -8.68223e+07 -3.21485e+09 0 -3.21485e+09 -2.36532e+11 0 -2.36532e+11 
1.087 1.987 -9.01608e+07 0 -9.01608e+07 -3.33847e+09 0 -3.33847e+09 -2.45627e+11 0 -2.45627e+11 
1.088 1.987 -9.36276e+07 0 -9.36276e+07 -3.46684e+09 0 -3.46684e+09 -2.55071e+11 0 -2.55071e+11 
1.089 1.987 -9.72278e+07 0 -9.72278e+07 -3.60015e+09 0 -3.60015e+09 -2.64879e+11 0 -2.64879e+11 
1.09 1.987 -1.00966e+08 0 -1.00966e+08 -3.73858e+09 0 -3.73858e+09 -2.75064e+11 0 -2.75064e+11 
1.091 1.987 -1.04849e+08 0 -1.04849e+08 -3.88233e+09 0 -3.88233e+09 -2.85641e+11 0 -2.85641e+11 
1.092 1.987 -1.0888e+08 0 -1.0888e+08 -4.03162e+09 0 -4.03162e+09 -2.96625e+11 0 -2.96625e+11 
1.093 1.987 -1.13067e+08 0 -1.13067e+08 -4.18664e+09 0 -4.18664e+09 -3.0803e+11 0 -3.0803e+11 
1.094 1.987 -1.17415e+08 0 -1.17415e+08 -4.34762e+09 0 -4.34762e+09 -3.19875e+11 0 -3.19875e+11 
1.095 1.987 -1.21929e+08 0 -1.21929e+08 -4.5148e+09 0 -4.5148e+09 -3.32174e+11 0 -3.32174e+11 
1.096 1.987 -1.26618e+08 0 -1.26618e+08 -4.6884e+09 0 -4.6884e+09 -3.44947e+11 0 -3.44947e+11 
1.097 1.987 -1.31486e+08 0 -1.31486e+08 -4.86868e+09 0 -4.86868e+09 -3.58211e+11 0 -3.58211e+11 
1.098 1.987 -1.36542e+08 0 -1.36542e+08 -5.05589e+09 0 -5.05589e+09 -3.71985e+11 0 -3.71985e+11 
1.099 1.987 -1.41793e+08 0 -1.41793e+08 -5.25029e+09 0 -5.25029e+09 -3.86288e+11 0 -3.86288e+11 
1.1 1.987 -1.47245e+08 0 -1.47245e+08 -5.45218e+09 0 -5.45218e+09 -4.01142e+11 0 -4.01142e+11 
1.101 1.987 -1.52907e+08 0 -1.52907e+08 -5.66182e+09 0 -5.66182e+09 -4.16566e+11 0 -4.16566e+11 
1.102 1.987 -1.58786e+08 0 -1.58786e+08 -5.87953e+09 0 -5.87953e+09 -4.32584e+11 0 -4.32584e+11 
1.103 1.987 -1.64892e+08 0 -1.64892e+08 -6.10561e+09 0 -6.10561e+09 -4.49218e+11 0 -4.49218e+11 
1.104 1.987 -1.71232e+08 0 -1.71232e+08 -6.34038e+09 0 -6.34038e+09 -4.66491e+11 0 -4.66491e+11 
1.105 1.987 -1.77816e+08 0 -1.77816e+08 -6.58418e+09 0 -6.58418e+09 -4.84428e+11 0 -4.84428e+11 
1.106 1.987 -1.84654e+08 0 -1.84654e+08 -6.83735e+09 0 -6.83735e+09 -5.03055e+11 0 -5.03055e+11 
1.107 1.987 -1.91754e+08 0 -1.91754e+08 -7.10026e+09 0 -7.10026e+09 -5.22399e+11 0 -5.22399e+11 
1.108 1.987 -1.99127e+08 0 -1.99127e+08 -7.37328e+09 0 -7.37328e+09 -5.42486e+11 0 -5.42486e+11 
1.109 1.987 -2.06784e+08 0 -2.06784e+08 -7.65679e+09 0 -7.65679e+09 -5.63345e+11 0 -5.63345e+11 
1.11 1.987 -2.14735e+08 0 -2.14735e+08 -7.95121e+09 0 -7.95121e+09 -5.85007e+11 0 -5.85007e+11 
1.111 1.987 -2.22992e+08 0 -2.22992e+08 -8.25695e+09 0 -8.25695e+09 -6.07502e+11 0 -6.07502e+11 
1.112 1.987 -2.31567e+08 0 -2.31567e+08 -8.57444e+09 0 -8.57444e+09 -6.30861e+11 0 -6.30861e+11 
1.113 1.987 -2.40471e+08 0 -2.40471e+08 -8.90414e+09 0 -8.90414e+09 -6.55119e+11 0 -6.55119e+11 
1.114 1.987 -2.49717e+08 0 -2.49717e+08 -9.24652e+09 0 -9.24652e+09 -6.80309e+11 0 -6.80309e+11 
1.115 1.987 -2.59319e+08 0 -2.59319e+08 -9.60207e+09 0 -9.60207e+09 -7.06468e+11 0 -7.06468e+11 
1.116 1.987 -2.69291e+08 0 -2.69291e+08 -9.97129e+09 0 -9.97129e+09 -7.33633e+11 0 -7.33633e+11 
1.117 1.987 -2.79645e+08 0 -2.79645e+08 -1.03547e+10 0 -1.03547e+10 -7.61843e+11 0 -7.61843e+11 
1.118 1.987 -2.90398e+08 0 -2.90398e+08 -1.07529e+10 0 -1.07529e+10 -7.91137e+11 0 -7.91137e+11 
1.119 1.987 -3.01564e+08 0 -3.01564e+08 -1.11663e+10 0 -1.11663e+10 -8.21558e+11 0 -8.21558e+11 
1.12 1.987 -3.1316e+08 0 -3.1316e+08 -1.15957e+10 0 -1.15957e+10 -8.53148e+11 0 -8.53148e+11 
1.121 1.987 -3.25202e+08 0 -3.25202e+08 -1.20416e+10 0 -1.20416e+10 -8.85953e+11 0 -8.85953e+11 
1.122 1.987 -3.37706e+08 0 -3.37706e+08 -1.25046e+10 0 -1.25046e+10 -9.20019e+11 0 -9.20019e+11 
1.123 1.987 -3.50692e+08 0 -3.50692e+08 -1.29854e+10 0 -1.29854e+10 -9.55396e+11 0 -9.55396e+11 
1.124 1.987 -3.64176e+08 0 -3.64176e+08 -1.34847e+10 0 -1.34847e+10 -9.92132e+11 0 -9.92132e+11 
1.125 1.987 -3.7818e+08 0 -3.7818e+08 -1.40032e+10 0 -1.40032e+10 -1.03028e+12 0 -1.03028e+12 
1.126 1.987 -3.92721e+08 0 -3.92721e+08 -1.45417e+10 0 -1.45417e+10 -1.0699e+12 0 -1.0699e+12 
1.127 1.987 -4.07822e+08 0 -4.07822e+08 -1.51008e+10 0 -1.51008e+10 -1.11104e+12 0 -1.11104e+12 
1.128 1.987 -4.23504e+08 0 -4.23504e+08 -1.56815e+10 0 -1.56815e+10 -1.15376e+12 0 -1.15376e+12 
1.129 1.987 -4.39788e+08 0 -4.39788e+08 -1.62845e+10 0 -1.62845e+10 -1.19812e+12 0 -1.19812e+12 
1.13 1.987 -4.56699e+08 0 -4.56699e+08 -1.69106e+10 0 -1.69106e+10 -1.24419e+12 0 -1.24419e+12 
1.131 1.987 -4.7426e+08 0 -4.7426e+08 -1.75609e+10 0 -1.75609e+10 -1.29203e+12 0 -1.29203e+12 
1.132 1.987 -4.92496e+08 0 -4.92496e+08 -1.82361e+10 0 -1.82361e+10 -1.34172e+12 0 -1.34172e+12 
1.133 1.987 -5.11433e+08 0 -5.11433e+08 -1.89373e+10 0 -1.89373e+10 -1.39331e+12 0 -1.39331e+12 
1.134 1.987 -5.31099e+08 0 -5.31099e+08 -1.96655e+10 0 -1.96655e+10 -1.44688e+12 0 -1.44688e+12 
1.135 1.987 -5.5152e+08 0 -5.5152e+08 -2.04217e+10 0 -2.04217e+10 -1.50252e+12 0 -1.50252e+12 
1.136 1.987 -5.72727e+08 0 -5.72727e+08 -2.12069e+10 0 -2.12069e+10 -1.56029e+12 0 -1.56029e+12 
1.137 1.987 -5.9475e+08 0 -5.9475e+08 -2.20224e+10 0 -2.20224e+10 -1.62029e+12 0 -1.62029e+12 
1.138 1.987 -6.17619e+08 0 -6.17619e+08 -2.28692e+10 0 -2.28692e+10 -1.68259e+12 0 -1.68259e+12 
1.139 1.987 -6.41367e+08 0 -6.41367e+08 -2.37485e+10 0 -2.37485e+10 -1.74729e+12 0 -1.74729e+12 
1.14 1.987 -6.66029e+08 0 -6.66029e+08 -2.46617e+10 0 -2.46617e+10 -1.81447e+12 0 -1.81447e+12 
1.141 1.987 -6.91639e+08 0 -6.91639e+08 -2.561e+10 0 -2.561e+10 -1.88424e+12 0 -1.88424e+12 
1.142 1.987 -7.18234e+08 0 -7.18234e+08 -2.65947e+10 0 -2.65947e+10 -1.9567e+12 0 -1.9567e+12 
1.143 1.987 -7.45851e+08 0 -7.45851e+08 -2.76174e+10 0 -2.76174e+10 -2.03194e+12 0 -2.03194e+12 
1.144 1.987 -7.7453e+08 0 -7.7453e+08 -2.86793e+10 0 -2.86793e+10 -2.11007e+12 0 -2.11007e+12 
1.145 1.987 -8.04312e+08 0 -8.04312e+08 -2.97821e+10 0 -2.97821e+10 -2.1912e+12 0 -2.1912e+12 
1.146 1.987 -8.3524e+08 0 -8.3524e+08 -3.09272e+10 0 -3.09272e+10 -2.27546e+12 0 -2.27546e+12 
1.147 1.987 -8.67356e+08 0 -8.67356e+08 -3.21164e+10 0 -3.21164e+10 -2.36295e+12 0 -2.36295e+12 
1.148 1.987 -9.00707e+08 0 -9.00707e+08 -3.33514e+10 0 -3.33514e+10 -2.45381e+12 0 -2.45381e+12 
1.149 1.987 -9.35341e+08 0 -9.35341e+08 -3.46338e+10 0 -3.46338e+10 -2.54817e+12 0 -2.54817e+12 
1.15 1.987 -9.71307e+08 0 -9.71307e+08 -3.59655e+10 0 -3.59655e+10 -2.64615e+12 0 -2.64615e+12 
1.151 1.987 -1.00866e+09 0 -1.00866e+09 -3.73485e+10 0 -3.73485e+10 -2.7479e+12 0 -2.7479e+12 
1.152 1.987 -1.04744e+09 0 -1.04744e+09 -3.87846e+10 0 -3.87846e+10 -2.85356e+12 0 -2.85356e+12 
1.153 1.987 -1.08772e+09 0 -1.08772e+09 -4.02759e+10 0 -4.02759e+10 -2.96328e+12 0 -2.96328e+12 
1.154 1.987 -1.12954e+09 0 -1.12954e+09 -4.18246e+10 0 -4.18246e+10 -3.07723e+12 0 -3.07723e+12 
1.155 1.987 -1.17297e+09 0 -1.17297e+09 -4.34328e+10 0 -4.34328e+10 -3.19555e+12 0 -3.19555e+12 
1.156 1.987 -1.21808e+09 0 -1.21808e+09 -4.51029e+10 0 -4.51029e+10 -3.31843e+12 0 -3.31843e+12 
1.157 1.987 -1.26491e+09 0 -1.26491e+09 -4.68372e+10 0 -4.68372e+10 -3.44603e+12 0 -3.44603e+12 
1.158 1.987 -1.31355e+09 0 -1.31355e+09 -4.86381e+10 0 -4.86381e+10 -3.57853e+12 0 -3.57853e+12 
1.159 1.987 -1.36406e+09 0 -1.36406e+09 -5.05084e+10 0 -5.05084e+10 -3.71613e+12 0 -3.71613e+12 
1.16 1.987 -1.41651e+09 0 -1.41651e+09 -5.24505e+10 0 -5.24505e+10 -3.85902e+12 0 -3.85902e+12 
1.161 1.987 -1.47098e+09 0 -1.47098e+09 -5.44673e+10 0 -5.44673e+10 -4.00741e+12 0 -4.00741e+12 
1.162 1.987 -1.52754e+09 0 -1.52754e+09 -5.65617e+10 0 -5.65617e+10 -4.1615e+12 0 -4.1615e+12 
1.163 1.987 -1.58628e+09 0 -1.58628e+09 -5.87366e+10 0 -5.87366e+10 -4.32152e+12 0 -4.32152e+12 
1.164 1.987 -1.64727e+09 0 -1.64727e+09 -6.09951e+10 0 -6.09951e+10 -4.48769e+12 0 -4.48769e+12 
1.165 1.987 -1.71061e+09 0 -1.71061e+09 -6.33405e+10 0 -6.33405e+10 -4.66025e+12 0 -4.66025e+12 
1.166 1.987 -1.77639e+09 0 -1.77639e+09 -6.5776e+10 0 -6.5776e+10 -4.83944e+12 0 -4.83944e+12 
1.167 1.987 -1.84469e+09 0 -1.84469e+09 -6.83052e+10 0 -6.83052e+10 -5.02553e+12 0 -5.02553e+12 
1.168 1.987 -1.91562e+09 0 -1.91562e+09 -7.09317e+10 0 -7.09317e+10 -5.21877e+12 0 -5.21877e+12 
1.169 1.987 -1.98928e+09 0 -1.98928e+09 -7.36591e+10 0 -7.36591e+10 -5.41944e+12 0 -5.41944e+12 
1.17 1.987 -2.06578e+09 0 -2.06578e+09 -7.64915e+10 0 -7.64915e+10 -5.62783e+12 0 -5.62783e+12 
1.171 1.987 -2.14521e+09 0 -2.14521e+09 -7.94327e+10 0 -7.94327e+10 -5.84423e+12 0 -5.84423e+12 
1.172 1.987 -2.22769e+09 0 -2.22769e+09 -8.2487e+10 0 -8.2487e+10 -6.06895e+12 0 -6.06895e+12 
1.173 1.987 -2.31335e+09 0 -2.31335e+09 -8.56588e+10 0 -8.56588e+10 -6.30231e+12 0 -6.30231e+12 
1.174 1.987 -2.40231e+09 0 -2.40231e+09 -8.89525e+10 0 -8.89525e+10 -6.54465e+12 0 -6.54465e+12 
1.175 1.987 -2.49468e+09 0 -2.49468e+09 -9.23729e+10 0 -9.23729e+10 -6.7963e+12 0 -6.7963e+12 
1.176 1.987 -2.5906e+09 0 -2.5906e+09 -9.59248e+10 0 -9.59248e+10 -7.05763e+12 0 -7.05763e+12 
1.177 1.987 -2.69022e+09 0 -2.69022e+09 -9.96133e+10 0 -9.96133e+10 -7.32901e+12 0 -7.32901e+12 
1.178 1.987 -2.79366e+09 0 -2.79366e+09 -1.03444e+11 0 -1.03444e+11 -7.61082e+12 0 -7.61082e+12 
1.179 1.987 -2.90108e+09 0 -2.90108e+09 -1.07421e+11 0 -1.07421e+11 -7.90347e+12 0 -7.90347e+12 
1.18 1.987 -3.01263e+09 0 -3.01263e+09 -1.11552e+11 0 -1.11552e+11 -8.20737e+12 0 -8.20737e+12 
1.181 1.987 -3.12847e+09 0 -3.12847e+09 -1.15841e+11 0 -1.15841e+11 -8.52296e+12 0 -8.52296e+12 
1.182 1.987 -3.24877e+09 0 -3.24877e+09 -1.20295e+11 0 -1.20295e+11 -8.85068e+12 0 -8.85068e+12 
1.183 1.987 -3.37369e+09 0 -3.37369e+09 -1.24921e+11 0 -1.24921e+11 -9.19101e+12 0 -9.19101e+12 
1.184 1.987 -3.50342e+09 0 -3.50342e+09 -1.29724e+11 0 -1.29724e+11 -9.54442e+12 0 -9.54442e+12 
1.185 1.987 -3.63813e+09 0 -3.63813e+09 -1.34713e+11 0 -1.34713e+11 -9.91142e+12 0 -9.91142e+12 
1.186 1.987 -3.77802e+09 0 -3.77802e+09 -1.39892e+11 0 -1.39892e+11 -1.02925e+13 0 -1.02925e+13 
1.187 1.987 -3.92329e+09 0 -3.92329e+09 -1.45272e+11 0 -1.45272e+11 -1.06883e+13 0 -1.06883e+13 
1.188 1.987 -4.07415e+09 0 -4.07415e+09 -1.50858e+11 0 -1.50858e+11 -1.10993e+13 0 -1.10993e+13 
1.189 1.987 -4.23081e+09 0 -4.23081e+09 -1.56658e+11 0 -1.56658e+11 -1.15261e+13 0 -1.15261e+13 
1.19 1.987 -4.39349e+09 0 -4.39349e+09 -1.62682e+11 0 -1.62682e+11 -1.19693e+13 0 -1.19693e+13 
1.191 1.987 -4.56243e+09 0 -4.56243e+09 -1.68937e+11 0 -1.68937e+11 -1.24295e+13 0 -1.24295e+13 
1.192 1.987 -4.73786e+09 0 -4.73786e+09 -1.75433e+11 0 -1.75433e+11 -1.29074e+13 0 -1.29074e+13 
1.193 1.987 -4.92004e+09 0 -4.92004e+09 -1.82179e+11 0 -1.82179e+11 -1.34038e+13 0 -1.34038e+13 
1.194 1.987 -5.10922e+09 0 -5.10922e+09 -1.89184e+11 0 -1.89184e+11 -1.39192e+13 0 -1.39192e+13 
1.195 1.987 -5.30568e+09 0 -5.30568e+09 -1.96459e+11 0 -1.96459e+11 -1.44544e+13 0 -1.44544e+13 
1.196 1.987 -5.5097e+09 0 -5.5097e+09 -2.04013e+11 0 -2.04013e+11 -1.50102e+13 0 -1.50102e+13 
1.197 1.987 -5.72155e+09 0 -5.72155e+09 -2.11858e+11 0 -2.11858e+11 -1.55873e+13 0 -1.55873e+13 
1.198 1.987 -5.94156e+09 0 -5.94156e+09 -2.20004e+11 0 -2.20004e+11 -1.61867e+13 0 -1.61867e+13 
1.199 1.987 -6.17002e+09 0 -6.17002e+09 -2.28463e+11 0 -2.28463e+11 -1.68091e+13 0 -1.68091e+13 
1.2 1.987 -6.40727e+09 0 -6.40727e+09 -2.37248e+11 0 -2.37248e+11 -1.74554e+13 0 -1.74554e+13 
1.201 1.987 -6.65364e+09 0 -6.65364e+09 -2.46371e+11 0 -2.46371e+11 -1.81266e+13 0 -1.81266e+13 
1.202 1.987 -6.90948e+09 0 -6.90948e+09 -2.55844e+11 0 -2.55844e+11 -1.88236e+13 0 -1.88236e+13 
1.203 1.987 -7.17517e+09 0 -7.17517e+09 -2.65682e+11 0 -2.65682e+11 -1.95474e+13 0 -1.95474e+13 
1.204 1.987 -7.45106e+09 0 -7.45106e+09 -2.75898e+11 0 -2.75898e+11 -2.02991e+13 0 -2.02991e+13 
1.205 1.987 -7.73757e+09 0 -7.73757e+09 -2.86507e+11 0 -2.86507e+11 -2.10796e+13 0 -2.10796e+13 
1.206 1.987 -8.03509e+09 0 -8.03509e+09 -2.97523e+11 0 -2.97523e+11 -2.18901e+13 0 -2.18901e+13 
1.207 1.987 -8.34406e+09 0 -8.34406e+09 -3.08964e+11 0 -3.08964e+11 -2.27319e+13 0 -2.27319e+13 
1.208 1.987 -8.6649e+09 0 -8.6649e+09 -3.20844e+11 0 -3.20844e+11 -2.36059e+13 0 -2.36059e+13 
1.209 1.987 -8.99808e+09 0 -8.99808e+09 -3.33181e+11 0 -3.33181e+11 -2.45136e+13 0 -2.45136e+13 
1.21 1.987 -9.34407e+09 0 -9.34407e+09 -3.45992e+11 0 -3.45992e+11 -2.54562e+13 0 -2.54562e+13 
1.211 1.987 -9.70337e+09 0 -9.70337e+09 -3.59296e+11 0 -3.59296e+11 -2.64351e+13 0 -2.64351e+13 
1.212 1.987 -1.00765e+10 0 -1.00765e+10 -3.73112e+11 0 -3.73112e+11 -2.74515e+13 0 -2.74515e+13 
1.213 1.987 -1.04639e+10 0 -1.04639e+10 -3.87458e+11 0 -3.87458e+11 -2.85071e+13 0 -2.85071e+13 
1.214 1.987 -1.08663e+10 0 -1.08663e+10 -4.02357e+11 0 -4.02357e+11 -2.96032e+13 0 -2.96032e+13 
1.215 1.987 -1.12841e+10 0 -1.12841e+10 -4.17828e+11 0 -4.17828e+11 -3.07415e+13 0 -3.07415e+13 
1.216 1.987 -1.1718e+10 0 -1.1718e+10 -4.33895e+11 0 -4.33895e+11 -3.19236e+13 0 -3.19236e+13 
1.217 1.987 -1.21686e+10 0 -1.21686e+10 -4.50579e+11 0 -4.50579e+11 -3.31511e+13 0 -3.31511e+13 
1.218 1.987 -1.26365e+10 0 -1.26365e+10 -4.67904e+11 0 -4.67904e+11 -3.44259e+13 0 -3.44259e+13 
1.219 1.987 -1.31224e+10 0 -1.31224e+10 -4.85896e+11 0 -4.85896e+11 -3.57496e+13 0 -3.57496e+13 
1.22 1.987 -1.3627e+10 0 -1.3627e+10 -5.04579e+11 0 -5.04579e+11 -3.71242e+13 0 -3.71242e+13 
1.221 1.987 -1.4151e+10 0 -1.4151e+10 -5.23981e+11 0 -5.23981e+11 -3.85517e+13 0 -3.85517e+13 
1.222 1.987 -1.46951e+10 0 -1.46951e+10 -5.44129e+11 0 -5.44129e+11 -4.00341e+13 0 -4.00341e+13 
1.223 1.987 -1.52601e+10 0 -1.52601e+10 -5.65052e+11 0 -5.65052e+11 -4.15735e+13 0 -4.15735e+13 
1.224 1.987 -1.58469e+10 0 -1.58469e+10 -5.86779e+11 0 -5.86779e+11 -4.3172e+13 0 -4.3172e+13 
1.225 1.987 -1.64563e+10 0 -1.64563e+10 -6.09342e+11 0 -6.09342e+11 -4.48321e+13 0 -4.48321e+13 
1.226 1.987 -1.7089e+10 0 -1.7089e+10 -6.32772e+11 0 -6.32772e+11 -4.6556e+13 0 -4.6556e+13 
1.227 1.987 -1.77461e+10 0 -1.77461e+10 -6.57104e+11 0 -6.57104e+11 -4.83461e+13 0 -4.83461e+13 
1.228 1.987 -1.84285e+10 0 -1.84285e+10 -6.8237e+11 0 -6.8237e+11 -5.02051e+13 0 -5.02051e+13 
1.229 1.987 -1.91371e+10 0 -1.91371e+10 -7.08609e+11 0 -7.08609e+11 -5.21356e+13 0 -5.21356e+13 
1.23 1.987 -1.9873e+10 0 -1.9873e+10 -7.35856e+11 0 -7.35856e+11 -5.41403e+13 0 -5.41403e+13 
1.231 1.987 -2.06371e+10 0 -2.06371e+10 -7.64151e+11 0 -7.64151e+11 -5.62221e+13 0 -5.62221e+13 
1.232 1.987 -2.14307e+10 0 -2.14307e+10 -7.93534e+11 0 -7.93534e+11 -5.83839e+13 0 -5.83839e+13 
1.233 1.987 -2.22547e+10 0 -2.22547e+10 -8.24047e+11 0 -8.24047e+11 -6.06289e+13 0 -6.06289e+13 
1.234 1.987 -2.31104e+10 0 -2.31104e+10 -8.55733e+11 0 -8.55733e+11 -6.29602e+13 0 -6.29602e+13 
1.235 1.987 -2.39991e+10 0 -2.39991e+10 -8.88637e+11 0 -8.88637e+11 -6.53811e+13 0 -6.53811e+13 
1.236 1.987 -2.49219e+10 0 -2.49219e+10 -9.22807e+11 0 -9.22807e+11 -6.78951e+13 0 -6.78951e+13 
1.237 1.987 -2.58802e+10 0 -2.58802e+10 -9.5829e+11 0 -9.5829e+11 -7.05058e+13 0 -7.05058e+13 
1.238 1.987 -2.68753e+10 0 -2.68753e+10 -9.95138e+11 0 -9.95138e+11 -7.32169e+13 0 -7.32169e+13 
1.239 1.987 -2.79087e+10 0 -2.79087e+10 -1.0334e+12 0 -1.0334e+12 -7.60322e+13 0 -7.60322e+13 
1.24 1.987 -2.89819e+10 0 -2.89819e+10 -1.07314e+12 0 -1.07314e+12 -7.89558e+13 0 -7.89558e+13 
1.241 1.987 -3.00963e+10 0 -3.00963e+10 -1.1144e+12 0 -1.1144e+12 -8.19918e+13 0 -8.19918e+13 
1.242 1.987 -3.12535e+10 0 -3.12535e+10 -1.15725e+12 0 -1.15725e+12 -8.51445e+13 0 -8.51445e+13 
1.243 1.987 -3.24553e+10 0 -3.24553e+10 -1.20175e+12 0 -1.20175e+12 -8.84185e+13 0 -8.84185e+13 
1.244 1.987 -3.37032e+10 0 -3.37032e+10 -1.24796e+12 0 -1.24796e+12 -9.18183e+13 0 -9.18183e+13 
1.245 1.987 -3.49992e+10 0 -3.49992e+10 -1.29595e+12 0 -1.29595e+12 -9.53489e+13 0 -9.53489e+13 
1.246 1.987 -3.6345e+10 0 -3.6345e+10 -1.34578e+12 0 -1.34578e+12 -9.90152e+13 0 -9.90152e+13 
1.247 1.987 -3.77425e+10 0 -3.77425e+10 -1.39753e+12 0 -1.39753e+12 -1.02823e+14 0 -1.02823e+14 
1.248 1.987 -3.91937e+10 0 -3.91937e+10 -1.45127e+12 0 -1.45127e+12 -1.06776e+14 0 -1.06776e+14 
1.249 1.987 -4.07008e+10 0 -4.07008e+10 -1.50707e+12 0 -1.50707e+12 -1.10882e+14 0 -1.10882e+14 
1.25 1.987 -4.22658e+10 0 -4.22658e+10 -1.56502e+12 0 -1.56502e+12 -1.15146e+14 0 -1.15146e+14 
1.251 1.987 -4.3891e+10 0 -4.3891e+10 -1.6252e+12 0 -1.6252e+12 -1.19573e+14 0 -1.19573e+14 
1.252 1.987 -4.55787e+10 0 -4.55787e+10 -1.68769e+12 0 -1.68769e+12 -1.24171e+14 0 -1.24171e+14 
1.253 1.987 -4.73313e+10 0 -4.73313e+10 -1.75258e+12 0 -1.75258e+12 -1.28946e+14 0 -1.28946e+14 
1.254 1.987 -4.91513e+10 0 -4.91513e+10 -1.81997e+12 0 -1.81997e+12 -1.33904e+14 0 -1.33904e+14 
1.255 1.987 -5.10412e+10 0 -5.10412e+10 -1.88995e+12 0 -1.88995e+12 -1.39053e+14 0 -1.39053e+14 
1.256 1.987 -5.30038e+10 0 -5.30038e+10 -1.96263e+12 0 -1.96263e+12 -1.44399e+14 0 -1.44399e+14 
1.257 1.987 -5.50419e+10 0 -5.50419e+10 -2.03809e+12 0 -2.03809e+12 -1.49952e+14 0 -1.49952e+14 
1.258 1.987 -5.71584e+10 0 -5.71584e+10 -2.11646e+12 0 -2.11646e+12 -1.55718e+14 0 -1.55718e+14 
1.259 1.987 -5.93562e+10 0 -5.93562e+10 -2.19784e+12 0 -2.19784e+12 -1.61705e+14 0 -1.61705e+14 
1.26 1.987 -6.16386e+10 0 -6.16386e+10 -2.28235e+12 0 -2.28235e+12 -1.67923e+14 0 -1.67923e+14 
1.261 1.987 -6.40087e+10 0 -6.40087e+10 -2.37011e+12 0 -2.37011e+12 -1.7438e+14 0 -1.7438e+14 
1.262 1.987 -6.647e+10 0 -6.647e+10 -2.46125e+12 0 -2.46125e+12 -1.81085e+14 0 -1.81085e+14 
1.263 1.987 -6.90258e+10 0 -6.90258e+10 -2.55589e+12 0 -2.55589e+12 -1.88048e+14 0 -1.88048e+14 
1.264 1.987 -7.168e+10 0 -7.168e+10 -2.65417e+12 0 -2.65417e+12 -1.95279e+14 0 -1.95279e+14 
1.265 1.987 -7.44362e+10 0 -7.44362e+10 -2.75622e+12 0 -2.75622e+12 -2.02788e+14 0 -2.02788e+14 
1.266 1.987 -7.72984e+10 0 -7.72984e+10 -2.8622e+12 0 -2.8622e+12 -2.10586e+14 0 -2.10586e+14 
1.267 1.987 -8.02707e+10 0 -8.02707e+10 -2.97226e+12 0 -2.97226e+12 -2.18683e+14 0 -2.18683e+14 
1.268 1.987 -8.33572e+10 0 -8.33572e+10 -3.08655e+12 0 -3.08655e+12 -2.27092e+14 0 -2.27092e+14 
1.269 1.987 -8.65625e+10 0 -8.65625e+10 -3.20523e+12 0 -3.20523e+12 -2.35824e+14 0 -2.35824e+14 
1.27 1.987 -8.9891e+10 0 -8.9891e+10 -3.32848e+12 0 -3.32848e+12 -2.44892e+14 0 -2.44892e+14 
1.271 1.987 -9.33474e+10 0 -9.33474e+10 -3.45647e+12 0 -3.45647e+12 -2.54308e+14 0 -2.54308e+14 
1.272 1.987 -9.69368e+10 0 -9.69368e+10 -3.58937e+12 0 -3.58937e+12 -2.64087e+14 0 -2.64087e+14 
1.273 1.987 -1.00664e+11 0 -1.00664e+11 -3.72739e+12 0 -3.72739e+12 -2.74241e+14 0 -2.74241e+14 
1.274 1.987 -1.04535e+11 0 -1.04535e+11 -3.87072e+12 0 -3.87072e+12 -2.84786e+14 0 -2.84786e+14 
1.275 1.987 -1.08554e+11 0 -1.08554e+11 -4.01955e+12 0 -4.01955e+12 -2.95737e+14 0 -2.95737e+14 
1.276 1.987 -1.12729e+11 0 -1.12729e+11 -4.17411e+12 0 -4.17411e+12 -3.07108e+14 0 -3.07108e+14 
1.277 1.987 -1.17063e+11 0 -1.17063e+11 -4.33461e+12 0 -4.33461e+12 -3.18917e+14 0 -3.18917e+14 
1.278 1.987 -1.21564e+11 0 -1.21564e+11 -4.50129e+12 0 -4.50129e+12 -3.3118e+14 0 -3.3118e+14 
1.279 1.987 -1.26239e+11 0 -1.26239e+11 -4.67437e+12 0 -4.67437e+12 -3.43915e+14 0 -3.43915e+14 
1.28 1.987 -1.31093e+11 0 -1.31093e+11 -4.85411e+12 0 -4.85411e+12 -3.57139e+14 0 -3.57139e+14 
1.281 1.987 -1.36134e+11 0 -1.36134e+11 -5.04076e+12 0 -5.04076e+12 -3.70871e+14 0 -3.70871e+14 
1.282 1.987 -1.41368e+11 0 -1.41368e+11 -5.23458e+12 0 -5.23458e+12 -3.85132e+14 0 -3.85132e+14 
1.283 1.987 -1.46804e+11 0 -1.46804e+11 -5.43586e+12 0 -5.43586e+12 -3.99941e+14 0 -3.99941e+14 
1.284 1.987 -1.52449e+11 0 -1.52449e+11 -5.64488e+12 0 -5.64488e+12 -4.1532e+14 0 -4.1532e+14 
1.285 1.987 -1.58311e+11 0 -1.58311e+11 -5.86193e+12 0 -5.86193e+12 -4.31289e+14 0 -4.31289e+14 
1.286 1.987 -1.64398e+11 0 -1.64398e+11 -6.08734e+12 0 -6.08734e+12 -4.47873e+14 0 -4.47873e+14 
1.287 1.987 -1.7072e+11 0 -1.7072e+11 -6.3214e+12 0 -6.3214e+12 -4.65095e+14 0 -4.65095e+14 
1.288 1.987 -1.77284e+11 0 -1.77284e+11 -6.56447e+12 0 -6.56447e+12 -4.82978e+14 0 -4.82978e+14 
1.289 1.987 -1.84101e+11 0 -1.84101e+11 -6.81689e+12 0 -6.81689e+12 -5.0155e+14 0 -5.0155e+14 
1.29 1.987 -1.9118e+11 0 -1.9118e+11 -7.07901e+12 0 -7.07901e+12 -5.20835e+14 0 -5.20835e+14 
1.291 1.987 -1.98531e+11 0 -1.98531e+11 -7.35121e+12 0 -7.35121e+12 -5.40862e+14 0 -5.40862e+14 
1.292 1.987 -2.06165e+11 0 -2.06165e+11 -7.63388e+12 0 -7.63388e+12 -5.61659e+14 0 -5.61659e+14 
1.293 1.987 -2.14093e+11 0 -2.14093e+11 -7.92741e+12 0 -7.92741e+12 -5.83256e+14 0 -5.83256e+14 
1.294 1.987 -2.22325e+11 0 -2.22325e+11 -8.23224e+12 0 -8.23224e+12 -6.05684e+14 0 -6.05684e+14 
1.295 1.987 -2.30874e+11 0 -2.30874e+11 -8.54878e+12 0 -8.54878e+12 -6.28973e+14 0 -6.28973e+14 
1.296 1.987 -2.39751e+11 0 -2.39751e+11 -8.8775e+12 0 -8.8775e+12 -6.53158e+14 0 -6.53158e+14 
1.297 1.987 -2.4897e+11 0 -2.4897e+11 -9.21885e+12 0 -9.21885e+12 -6.78273e+14 0 -6.78273e+14 
1.298 1.987 -2.58543e+11 0 -2.58543e+11 -9.57333e+12 0 -9.57333e+12 -7.04354e+14 0 -7.04354e+14 
1.299 1.987 -2.68485e+11 0 -2.68485e+11 -9.94145e+12 0 -9.94145e+12 -7.31438e+14 0 -7.31438e+14 
1.3 1.987 -2.78808e+11 0 -2.78808e+11 -1.03237e+13 0 -1.03237e+13 -7.59563e+14 0 -7.59563e+14 
1.301 1.987 -2.89529e+11 0 -2.89529e+11 -1.07207e+13 0 -1.07207e+13 -7.88769e+14 0 -7.88769e+14 
1.302 1.987 -3.00662e+11 0 -3.00662e+11 -1.11329e+13 0 -1.11329e+13 -8.19099e+14 0 -8.19099e+14 
1.303 1.987 -3.12223e+11 0 -3.12223e+11 -1.1561e+13 0 -1.1561e+13 -8.50595e+14 0 -8.50595e+14 
1.304 1.987 -3.24229e+11 0 -3.24229e+11 -1.20055e+13 0 -1.20055e+13 -8.83302e+14 0 -8.83302e+14 
1.305 1.987 -3.36696e+11 0 -3.36696e+11 -1.24672e+13 0 -1.24672e+13 -9.17266e+14 0 -9.17266e+14 
1.306 1.987 -3.49642e+11 0 -3.49642e+11 -1.29465e+13 0 -1.29465e+13 -9.52537e+14 0 -9.52537e+14 
1.307 1.987 -3.63087e+11 0 -3.63087e+11 -1.34444e+13 0 -1.34444e+13 -9.89163e+14 0 -9.89163e+14 
1.308 1.987 -3.77048e+11 0 -3.77048e+11 -1.39613e+13 0 -1.39613e+13 -1.0272e+15 0 -1.0272e+15 
1.309 1.987 -3.91546e+11 0 -3.91546e+11 -1.44982e+13 0 -1.44982e+13 -1.0667e+15 0 -1.0667e+15 
1.31 1.987 -4.06602e+11 0 -4.06602e+11 -1.50556e+13 0 -1.50556e+13 -1.10771e+15 0 -1.10771e+15 
1.311 1.987 -4.22236e+11 0 -4.22236e+11 -1.56346e+13 0 -1.56346e+13 -1.15031e+15 0 -1.15031e+15 
1.312 1.987 -4.38472e+11 0 -4.38472e+11 -1.62357e+13 0 -1.62357e+13 -1.19454e+15 0 -1.19454e+15 
1.313 1.987 -4.55332e+11 0 -4.55332e+11 -1.686e+13 0 -1.686e+13 -1.24047e+15 0 -1.24047e+15 
1.314 1.987 -4.7284e+11 0 -4.7284e+11 -1.75083e+13 0 -1.75083e+13 -1.28817e+15 0 -1.28817e+15 
1.315 1.987 -4.91022e+11 0 -4.91022e+11 -1.81815e+13 0 -1.81815e+13 -1.3377e+15 0 -1.3377e+15 
1.316 1.987 -5.09903e+11 0 -5.09903e+11 -1.88807e+13 0 -1.88807e+13 -1.38914e+15 0 -1.38914e+15 
1.317 1.987 -5.29509e+11 0 -5.29509e+11 -1.96067e+13 0 -1.96067e+13 -1.44255e+15 0 -1.44255e+15 
1.318 1.987 -5.4987e+11 0 -5.4987e+11 -2.03606e+13 0 -2.03606e+13 -1.49802e+15 0 -1.49802e+15 
1.319 1.987 -5.71013e+11 0 -5.71013e+11 -2.11435e+13 0 -2.11435e+13 -1.55562e+15 0 -1.55562e+15 
1.32 1.987 -5.9297e+11 0 -5.9297e+11 -2.19565e+13 0 -2.19565e+13 -1.61544e+15 0 -1.61544e+15 
1.321 1.987 -6.1577e+11 0 -6.1577e+11 -2.28007e+13 0 -2.28007e+13 -1.67755e+15 0 -1.67755e+15 
1.322 1.987 -6.39448e+11 0 -6.39448e+11 -2.36775e+13 0 -2.36775e+13 -1.74206e+15 0 -1.74206e+15 
1.323 1.987 -6.64036e+11 0 -6.64036e+11 -2.45879e+13 0 -2.45879e+13 -1.80904e+15 0 -1.80904e+15 
1.324 1.987 -6.89569e+11 0 -6.89569e+11 -2.55334e+13 0 -2.55334e+13 -1.87861e+15 0 -1.87861e+15 
1.325 1.987 -7.16084e+11 0 -7.16084e+11 -2.65152e+13 0 -2.65152e+13 -1.95084e+15 0 -1.95084e+15 
1.326 1.987 -7.43619e+11 0 -7.43619e+11 -2.75347e+13 0 -2.75347e+13 -2.02585e+15 0 -2.02585e+15 
1.327 1.987 -7.72212e+11 0 -7.72212e+11 -2.85935e+13 0 -2.85935e+13 -2.10375e+15 0 -2.10375e+15 
1.328 1.987 -8.01905e+11 0 -8.01905e+11 -2.96929e+13 0 -2.96929e+13 -2.18465e+15 0 -2.18465e+15 
1.329 1.987 -8.3274e+11 0 -8.3274e+11 -3.08347e+13 0 -3.08347e+13 -2.26865e+15 0 -2.26865e+15 
1.33 1.987 -8.6476e+11 0 -8.6476e+11 -3.20203e+13 0 -3.20203e+13 -2.35588e+15 0 -2.35588e+15 
1.331 1.987 -8.98012e+11 0 -8.98012e+11 -3.32516e+13 0 -3.32516e+13 -2.44647e+15 0 -2.44647e+15 
1.332 1.987 -9.32542e+11 0 -9.32542e+11 -3.45301e+13 0 -3.45301e+13 -2.54054e+15 0 -2.54054e+15 
1.333 1.987 -9.684e+11 0 -9.684e+11 -3.58579e+13 0 -3.58579e+13 -2.63823e+15 0 -2.63823e+15 
1.334 1.987 -1.00564e+12 0 -1.00564e+12 -3.72367e+13 0 -3.72367e+13 -2.73967e+15 0 -2.73967e+15 
1.335 1.987 -1.04431e+12 0 -1.04431e+12 -3.86685e+13 0 -3.86685e+13 -2.84502e+15 0 -2.84502e+15 
1.336 1.987 -1.08446e+12 0 -1.08446e+12 -4.01554e+13 0 -4.01554e+13 -2.95442e+15 0 -2.95442e+15 
1.337 1.987 -1.12616e+12 0 -1.12616e+12 -4.16994e+13 0 -4.16994e+13 -3.06802e+15 0 -3.06802e+15 
1.338 1.987 -1.16946e+12 0 -1.16946e+12 -4.33028e+13 0 -4.33028e+13 -3.18599e+15 0 -3.18599e+15 
1.339 1.987 -1.21443e+12 0 -1.21443e+12 -4.49679e+13 0 -4.49679e+13 -3.3085e+15 0 -3.3085e+15 
1.34 1.987 -1.26113e+12 0 -1.26113e+12 -4.6697e+13 0 -4.6697e+13 -3.43571e+15 0 -3.43571e+15 
1.341 1.987 -1.30962e+12 0 -1.30962e+12 -4.84926e+13 0 -4.84926e+13 -3.56782e+15 0 -3.56782e+15 
1.342 1.987 -1.35998e+12 0 -1.35998e+12 -5.03572e+13 0 -5.03572e+13 -3.70501e+15 0 -3.70501e+15 
1.343 1.987 -1.41227e+12 0 -1.41227e+12 -5.22935e+13 0 -5.22935e+13 -3.84748e+15 0 -3.84748e+15 
1.344 1.987 -1.46658e+12 0 -1.46658e+12 -5.43043e+13 0 -5.43043e+13 -3.99542e+15 0 -3.99542e+15 
1.345 1.987 -1.52297e+12 0 -1.52297e+12 -5.63924e+13 0 -5.63924e+13 -4.14905e+15 0 -4.14905e+15 
1.346 1.987 -1.58153e+12 0 -1.58153e+12 -5.85608e+13 0 -5.85608e+13 -4.30859e+15 0 -4.30859e+15 
1.347 1.987 -1.64234e+12 0 -1.64234e+12 -6.08126e+13 0 -6.08126e+13 -4.47426e+15 0 -4.47426e+15 
1.348 1.987 -1.70549e+12 0 -1.70549e+12 -6.31509e+13 0 -6.31509e+13 -4.6463e+15 0 -4.6463e+15 
1.349 1.987 -1.77107e+12 0 -1.77107e+12 -6.55792e+13 0 -6.55792e+13 -4.82496e+15 0 -4.82496e+15 
1.35 1.987 -1.83917e+12 0 -1.83917e+12 -6.81008e+13 0 -6.81008e+13 -5.01049e+15 0 -5.01049e+15 
1.351 1.987 -1.90989e+12 0 -1.90989e+12 -7.07194e+13 0 -7.07194e+13 -5.20315e+15 0 -5.20315e+15 
1.352 1.987 -1.98333e+12 0 -1.98333e+12 -7.34387e+13 0 -7.34387e+13 -5.40322e+15 0 -5.40322e+15 
1.353 1.987 -2.05959e+12 0 -2.05959e+12 -7.62626e+13 0 -7.62626e+13 -5.61099e+15 0 -5.61099e+15 
1.354 1.987 -2.13879e+12 0 -2.13879e+12 -7.9195e+13 0 -7.9195e+13 -5.82674e+15 0 -5.82674e+15 
1.355 1.987 -2.22103e+12 0 -2.22103e+12 -8.22402e+13 0 -8.22402e+13 -6.05079e+15 0 -6.05079e+15 
1.356 1.987 -2.30643e+12 0 -2.30643e+12 -8.54025e+13 0 -8.54025e+13 -6.28345e+15 0 -6.28345e+15 
1.357 1.987 -2.39512e+12 0 -2.39512e+12 -8.86863e+13 0 -8.86863e+13 -6.52506e+15 0 -6.52506e+15 
1.358 1.987 -2.48721e+12 0 -2.48721e+12 -9.20965e+13 0 -9.20965e+13 -6.77596e+15 0 -6.77596e+15 
1.359 1.987 -2.58285e+12 0 -2.58285e+12 -9.56377e+13 0 -9.56377e+13 -7.03651e+15 0 -7.03651e+15 
1.36 1.987 -2.68217e+12 0 -2.68217e+12 -9.93152e+13 0 -9.93152e+13 -7.30707e+15 0 -7.30707e+15 
1.361 1.987 -2.7853e+12 0 -2.7853e+12 -1.03134e+14 0 -1.03134e+14 -7.58804e+15 0 -7.58804e+15 
1.362 1.987 -2.8924e+12 0 -2.8924e+12 -1.071e+14 0 -1.071e+14 -7.87982e+15 0 -7.87982e+15 
1.363 1.987 -3.00362e+12 0 -3.00362e+12 -1.11218e+14 0 -1.11218e+14 -8.18281e+15 0 -8.18281e+15 
1.364 1.987 -3.11911e+12 0 -3.11911e+12 -1.15494e+14 0 -1.15494e+14 -8.49745e+15 0 -8.49745e+15 
1.365 1.987 -3.23905e+12 0 -3.23905e+12 -1.19935e+14 0 -1.19935e+14 -8.8242e+15 0 -8.8242e+15 
1.366 1.987 -3.36359e+12 0 -3.36359e+12 -1.24547e+14 0 -1.24547e+14 -9.1635e+15 0 -9.1635e+15 
1.367 1.987 -3.49293e+12 0 -3.49293e+12 -1.29336e+14 0 -1.29336e+14 -9.51586e+15 0 -9.51586e+15 
1.368 1.987 -3.62724e+12 0 -3.62724e+12 -1.34309e+14 0 -1.34309e+14 -9.88176e+15 0 -9.88176e+15 
1.369 1.987 -3.76671e+12 0 -3.76671e+12 -1.39474e+14 0 -1.39474e+14 -1.02617e+16 0 -1.02617e+16 
1.37 1.987 -3.91155e+12 0 -3.91155e+12 -1.44837e+14 0 -1.44837e+14 -1.06563e+16 0 -1.06563e+16 
1.371 1.987 -4.06196e+12 0 -4.06196e+12 -1.50406e+14 0 -1.50406e+14 -1.10661e+16 0 -1.10661e+16 
1.372 1.987 -4.21815e+12 0 -4.21815e+12 -1.56189e+14 0 -1.56189e+14 -1.14916e+16 0 -1.14916e+16 
1.373 1.987 -4.38034e+12 0 -4.38034e+12 -1.62195e+14 0 -1.62195e+14 -1.19334e+16 0 -1.19334e+16 
1.374 1.987 -4.54877e+12 0 -4.54877e+12 -1.68432e+14 0 -1.68432e+14 -1.23923e+16 0 -1.23923e+16 
1.375 1.987 -4.72368e+12 0 -4.72368e+12 -1.74908e+14 0 -1.74908e+14 -1.28688e+16 0 -1.28688e+16 
1.376 1.987 -4.90532e+12 0 -4.90532e+12 -1.81634e+14 0 -1.81634e+14 -1.33636e+16 0 -1.33636e+16 
1.377 1.987 -5.09393e+12 0 -5.09393e+12 -1.88618e+14 0 -1.88618e+14 -1.38775e+16 0 -1.38775e+16 
1.378 1.987 -5.2898e+12 0 -5.2898e+12 -1.95871e+14 0 -1.95871e+14 -1.44111e+16 0 -1.44111e+16 
1.379 1.987 -5.49321e+12 0 -5.49321e+12 -2.03402e+14 0 -2.03402e+14 -1.49652e+16 0 -1.49652e+16 
1.38 1.987 -5.70443e+12 0 -5.70443e+12 -2.11224e+14 0 -2.11224e+14 -1.55407e+16 0 -1.55407e+16 
1.381 1.987 -5.92378e+12 0 -5.92378e+12 -2.19345e+14 0 -2.19345e+14 -1.61383e+16 0 -1.61383e+16 
1.382 1.987 -6.15156e+12 0 -6.15156e+12 -2.2778e+14 0 -2.2778e+14 -1.67588e+16 0 -1.67588e+16 
1.383 1.987 -6.38809e+12 0 -6.38809e+12 -2.36538e+14 0 -2.36538e+14 -1.74032e+16 0 -1.74032e+16 
1.384 1.987 -6.63373e+12 0 -6.63373e+12 -2.45633e+14 0 -2.45633e+14 -1.80724e+16 0 -1.80724e+16 
1.385 1.987 -6.88881e+12 0 -6.88881e+12 -2.55079e+14 0 -2.55079e+14 -1.87673e+16 0 -1.87673e+16 
1.386 1.987 -7.15369e+12 0 -7.15369e+12 -2.64887e+14 0 -2.64887e+14 -1.94889e+16 0 -1.94889e+16 
1.387 1.987 -7.42876e+12 0 -7.42876e+12 -2.75072e+14 0 -2.75072e+14 -2.02383e+16 0 -2.02383e+16 
1.388 1.987 -7.71441e+12 0 -7.71441e+12 -2.85649e+14 0 -2.85649e+14 -2.10165e+16 0 -2.10165e+16 
1.389 1.987 -8.01105e+12 0 -8.01105e+12 -2.96633e+14 0 -2.96633e+14 -2.18246e+16 0 -2.18246e+16 
1.39 1.987 -8.31909e+12 0 -8.31909e+12 -3.08039e+14 0 -3.08039e+14 -2.26638e+16 0 -2.26638e+16 
1.391 1.987 -8.63897e+12 0 -8.63897e+12 -3.19884e+14 0 -3.19884e+14 -2.35353e+16 0 -2.35353e+16 
1.392 1.987 -8.97115e+12 0 -8.97115e+12 -3.32184e+14 0 -3.32184e+14 -2.44403e+16 0 -2.44403e+16 
1.393 1.987 -9.31611e+12 0 -9.31611e+12 -3.44957e+14 0 -3.44957e+14 -2.538e+16 0 -2.538e+16 
1.394 1.987 -9.67433e+12 0 -9.67433e+12 -3.58221e+14 0 -3.58221e+14 -2.6356e+16 0 -2.6356e+16 
1.395 1.987 -1.00463e+13 0 -1.00463e+13 -3.71995e+14 0 -3.71995e+14 -2.73694e+16 0 -2.73694e+16 
1.396 1.987 -1.04326e+13 0 -1.04326e+13 -3.86299e+14 0 -3.86299e+14 -2.84218e+16 0 -2.84218e+16 
1.397 1.987 -1.08338e+13 0 -1.08338e+13 -4.01153e+14 0 -4.01153e+14 -2.95147e+16 0 -2.95147e+16 
1.398 1.987 -1.12504e+13 0 -1.12504e+13 -4.16578e+14 0 -4.16578e+14 -3.06495e+16 0 -3.06495e+16 
1.399 1.987 -1.1683e+13 0 -1.1683e+13 -4.32596e+14 0 -4.32596e+14 -3.18281e+16 0 -3.18281e+16 
1.4 1.987 -1.21322e+13 0 -1.21322e+13 -4.4923e+14 0 -4.4923e+14 -3.30519e+16 0 -3.30519e+16 
1.401 1.987 -1.25987e+13 0 -1.25987e+13 -4.66504e+14 0 -4.66504e+14 -3.43228e+16 0 -3.43228e+16 
1.402 1.987 -1.30831e+13 0 -1.30831e+13 -4.84442e+14 0 -4.84442e+14 -3.56426e+16 0 -3.56426e+16 
1.403 1.987 -1.35862e+13 0 -1.35862e+13 -5.03069e+14 0 -5.03069e+14 -3.70131e+16 0 -3.70131e+16 
1.404 1.987 -1.41086e+13 0 -1.41086e+13 -5.22413e+14 0 -5.22413e+14 -3.84363e+16 0 -3.84363e+16 
1.405 1.987 -1.46511e+13 0 -1.46511e+13 -5.42501e+14 0 -5.42501e+14 -3.99143e+16 0 -3.99143e+16 
1.406 1.987 -1.52145e+13 0 -1.52145e+13 -5.63361e+14 0 -5.63361e+14 -4.14491e+16 0 -4.14491e+16 
1.407 1.987 -1.57995e+13 0 -1.57995e+13 -5.85023e+14 0 -5.85023e+14 -4.30429e+16 0 -4.30429e+16 
1.408 1.987 -1.6407e+13 0 -1.6407e+13 -6.07519e+14 0 -6.07519e+14 -4.46979e+16 0 -4.46979e+16 
1.409 1.987 -1.70379e+13 0 -1.70379e+13 -6.30879e+14 0 -6.30879e+14 -4.64166e+16 0 -4.64166e+16 
1.41 1.987 -1.7693e+13 0 -1.7693e+13 -6.55137e+14 0 -6.55137e+14 -4.82014e+16 0 -4.82014e+16 
1.411 1.987 -1.83734e+13 0 -1.83734e+13 -6.80328e+14 0 -6.80328e+14 -5.00549e+16 0 -5.00549e+16 
1.412 1.987 -1.90798e+13 0 -1.90798e+13 -7.06488e+14 0 -7.06488e+14 -5.19796e+16 0 -5.19796e+16 
1.413 1.987 -1.98135e+13 0 -1.98135e+13 -7.33654e+14 0 -7.33654e+14 -5.39783e+16 0 -5.39783e+16 
1.414 1.987 -2.05754e+13 0 -2.05754e+13 -7.61864e+14 0 -7.61864e+14 -5.60538e+16 0 -5.60538e+16 
1.415 1.987 -2.13665e+13 0 -2.13665e+13 -7.91159e+14 0 -7.91159e+14 -5.82092e+16 0 -5.82092e+16 
1.416 1.987 -2.21881e+13 0 -2.21881e+13 -8.21581e+14 0 -8.21581e+14 -6.04475e+16 0 -6.04475e+16 
1.417 1.987 -2.30413e+13 0 -2.30413e+13 -8.53172e+14 0 -8.53172e+14 -6.27718e+16 0 -6.27718e+16 
1.418 1.987 -2.39273e+13 0 -2.39273e+13 -8.85978e+14 0 -8.85978e+14 -6.51854e+16 0 -6.51854e+16 
1.419 1.987 -2.48473e+13 0 -2.48473e+13 -9.20045e+14 0 -9.20045e+14 -6.76919e+16 0 -6.76919e+16 
1.42 1.987 -2.58027e+13 0 -2.58027e+13 -9.55423e+14 0 -9.55423e+14 -7.02948e+16 0 -7.02948e+16 
1.421 1.987 -2.67949e+13 0 -2.67949e+13 -9.9216e+14 0 -9.9216e+14 -7.29978e+16 0 -7.29978e+16 
1.422 1.987 -2.78252e+13 0 -2.78252e+13 -1.03031e+15 0 -1.03031e+15 -7.58047e+16 0 -7.58047e+16 
1.423 1.987 -2.88951e+13 0 -2.88951e+13 -1.06993e+15 0 -1.06993e+15 -7.87195e+16 0 -7.87195e+16 
1.424 1.987 -3.00062e+13 0 -3.00062e+13 -1.11107e+15 0 -1.11107e+15 -8.17464e+16 0 -8.17464e+16 
1.425 1.987 -3.116e+13 0 -3.116e+13 -1.15379e+15 0 -1.15379e+15 -8.48897e+16 0 -8.48897e+16 
1.426 1.987 -3.23581e+13 0 -3.23581e+13 -1.19816e+15 0 -1.19816e+15 -8.81539e+16 0 -8.81539e+16 
1.427 1.987 -3.36024e+13 0 -3.36024e+13 -1.24423e+15 0 -1.24423e+15 -9.15435e+16 0 -9.15435e+16 
1.428 1.987 -3.48944e+13 0 -3.48944e+13 -1.29207e+15 0 -1.29207e+15 -9.50635e+16 0 -9.50635e+16 
1.429 1.987 -3.62362e+13 0 -3.62362e+13 -1.34175e+15 0 -1.34175e+15 -9.87189e+16 0 -9.87189e+16 
1.43 1.987 -3.76295e+13 0 -3.76295e+13 -1.39335e+15 0 -1.39335e+15 -1.02515e+17 0 -1.02515e+17 
1.431 1.987 -3.90765e+13 0 -3.90765e+13 -1.44692e+15 0 -1.44692e+15 -1.06457e+17 0 -1.06457e+17 
1.432 1.987 -4.0579e+13 0 -4.0579e+13 -1.50256e+15 0 -1.50256e+15 -1.1055e+17 0 -1.1055e+17 
1.433 1.987 -4.21393e+13 0 -4.21393e+13 -1.56033e+15 0 -1.56033e+15 -1.14801e+17 0 -1.14801e+17 
1.434 1.987 -4.37597e+13 0 -4.37597e+13 -1.62033e+15 0 -1.62033e+15 -1.19215e+17 0 -1.19215e+17 
1.435 1.987 -4.54423e+13 0 -4.54423e+13 -1.68264e+15 0 -1.68264e+15 -1.23799e+17 0 -1.23799e+17 
1.436 1.987 -4.71897e+13 0 -4.71897e+13 -1.74734e+15 0 -1.74734e+15 -1.2856e+17 0 -1.2856e+17 
1.437 1.987 -4.90042e+13 0 -4.90042e+13 -1.81453e+15 0 -1.81453e+15 -1.33503e+17 0 -1.33503e+17 
1.438 1.987 -5.08885e+13 0 -5.08885e+13 -1.8843e+15 0 -1.8843e+15 -1.38636e+17 0 -1.38636e+17 
1.439 1.987 -5.28452e+13 0 -5.28452e+13 -1.95675e+15 0 -1.95675e+15 -1.43967e+17 0 -1.43967e+17 
1.44 1.987 -5.48772e+13 0 -5.48772e+13 -2.03199e+15 0 -2.03199e+15 -1.49503e+17 0 -1.49503e+17 
1.441 1.987 -5.69873e+13 0 -5.69873e+13 -2.11013e+15 0 -2.11013e+15 -1.55252e+17 0 -1.55252e+17 
1.442 1.987 -5.91786e+13 0 -5.91786e+13 -2.19126e+15 0 -2.19126e+15 -1.61221e+17 0 -1.61221e+17 
1.443 1.987 -6.14541e+13 0 -6.14541e+13 -2.27552e+15 0 -2.27552e+15 -1.67421e+17 0 -1.67421e+17 
1.444 1.987 -6.38172e+13 0 -6.38172e+13 -2.36302e+15 0 -2.36302e+15 -1.73858e+17 0 -1.73858e+17 
1.445 1.987 -6.6271e+13 0 -6.6271e+13 -2.45388e+15 0 -2.45388e+15 -1.80543e+17 0 -1.80543e+17 
1.446 1.987 -6.88193e+13 0 -6.88193e+13 -2.54824e+15 0 -2.54824e+15 -1.87486e+17 0 -1.87486e+17 
1.447 1.987 -7.14655e+13 0 -7.14655e+13 -2.64622e+15 0 -2.64622e+15 -1.94695e+17 0 -1.94695e+17 
1.448 1.987 -7.42135e+13 0 -7.42135e+13 -2.74797e+15 0 -2.74797e+15 -2.02181e+17 0 -2.02181e+17 
1.449 1.987 -7.70671e+13 0 -7.70671e+13 -2.85364e+15 0 -2.85364e+15 -2.09955e+17 0 -2.09955e+17 
1.45 1.987 -8.00305e+13 0 -8.00305e+13 -2.96337e+15 0 -2.96337e+15 -2.18028e+17 0 -2.18028e+17 
1.451 1.987 -8.31078e+13 0 -8.31078e+13 -3.07731e+15 0 -3.07731e+15 -2.26412e+17 0 -2.26412e+17 
1.452 1.987 -8.63034e+13 0 -8.63034e+13 -3.19564e+15 0 -3.19564e+15 -2.35118e+17 0 -2.35118e+17 
1.453 1.987 -8.96219e+13 0 -8.96219e+13 -3.31852e+15 0 -3.31852e+15 -2.44159e+17 0 -2.44159e+17 
1.454 1.987 -9.30681e+13 0 -9.30681e+13 -3.44612e+15 0 -3.44612e+15 -2.53547e+17 0 -2.53547e+17 
1.455 1.987 -9.66467e+13 0 -9.66467e+13 -3.57863e+15 0 -3.57863e+15 -2.63296e+17 0 -2.63296e+17 
1.456 1.987 -1.00363e+14 0 -1.00363e+14 -3.71624e+15 0 -3.71624e+15 -2.73421e+17 0 -2.73421e+17 
1.457 1.987 -1.04222e+14 0 -1.04222e+14 -3.85913e+15 0 -3.85913e+15 -2.83934e+17 0 -2.83934e+17 
1.458 1.987 -1.0823e+14 0 -1.0823e+14 -4.00752e+15 0 -4.00752e+15 -2.94852e+17 0 -2.94852e+17 
1.459 1.987 -1.12391e+14 0 -1.12391e+14 -4.16162e+15 0 -4.16162e+15 -3.06189e+17 0 -3.06189e+17 
1.46 1.987 -1.16713e+14 0 -1.16713e+14 -4.32164e+15 0 -4.32164e+15 -3.17963e+17 0 -3.17963e+17 
1.461 1.987 -1.21201e+14 0 -1.21201e+14 -4.48782e+15 0 -4.48782e+15 -3.30189e+17 0 -3.30189e+17 
1.462 1.987 -1.25861e+14 0 -1.25861e+14 -4.66038e+15 0 -4.66038e+15 -3.42886e+17 0 -3.42886e+17 
1.463 1.987 -1.30701e+14 0 -1.30701e+14 -4.83958e+15 0 -4.83958e+15 -3.5607e+17 0 -3.5607e+17 
1.464 1.987 -1.35726e+14 0 -1.35726e+14 -5.02567e+15 0 -5.02567e+15 -3.69762e+17 0 -3.69762e+17 
1.465 1.987 -1.40945e+14 0 -1.40945e+14 -5.21892e+15 0 -5.21892e+15 -3.8398e+17 0 -3.8398e+17 
1.466 1.987 -1.46365e+14 0 -1.46365e+14 -5.41959e+15 0 -5.41959e+15 -3.98744e+17 0 -3.98744e+17 
1.467 1.987 -1.51993e+14 0 -1.51993e+14 -5.62799e+15 0 -5.62799e+15 -4.14077e+17 0 -4.14077e+17 
1.468 1.987 -1.57837e+14 0 -1.57837e+14 -5.84439e+15 0 -5.84439e+15 -4.29999e+17 0 -4.29999e+17 
1.469 1.987 -1.63906e+14 0 -1.63906e+14 -6.06912e+15 0 -6.06912e+15 -4.46533e+17 0 -4.46533e+17 
1.47 1.987 -1.70209e+14 0 -1.70209e+14 -6.30249e+15 0 -6.30249e+15 -4.63703e+17 0 -4.63703e+17 
1.471 1.987 -1.76754e+14 0 -1.76754e+14 -6.54483e+15 0 -6.54483e+15 -4.81533e+17 0 -4.81533e+17 
1.472 1.987 -1.8355e+14 0 -1.8355e+14 -6.79649e+15 0 -6.79649e+15 -5.00049e+17 0 -5.00049e+17 
1.473 1.987 -1.90608e+14 0 -1.90608e+14 -7.05783e+15 0 -7.05783e+15 -5.19277e+17 0 -5.19277e+17 
1.474 1.987 -1.97937e+14 0 -1.97937e+14 -7.32921e+15 0 -7.32921e+15 -5.39244e+17 0 -5.39244e+17 
1.475 1.987 -2.05548e+14 0 -2.05548e+14 -7.61103e+15 0 -7.61103e+15 -5.59979e+17 0 -5.59979e+17 
1.476 1.987 -2.13452e+14 0 -2.13452e+14 -7.90369e+15 0 -7.90369e+15 -5.81511e+17 0 -5.81511e+17 
1.477 1.987 -2.21659e+14 0 -2.21659e+14 -8.2076e+15 0 -8.2076e+15 -6.03871e+17 0 -6.03871e+17 
1.478 1.987 -2.30183e+14 0 -2.30183e+14 -8.5232e+15 0 -8.5232e+15 -6.27091e+17 0 -6.27091e+17 
1.479 1.987 -2.39034e+14 0 -2.39034e+14 -8.85093e+15 0 -8.85093e+15 -6.51204e+17 0 -6.51204e+17 
1.48 1.987 -2.48225e+14 0 -2.48225e+14 -9.19126e+15 0 -9.19126e+15 -6.76244e+17 0 -6.76244e+17 
1.481 1.987 -2.5777e+14 0 -2.5777e+14 -9.54468e+15 0 -9.54468e+15 -7.02246e+17 0 -7.02246e+17 
1.482 1.987 -2.67681e+14 0 -2.67681e+14 -9.91169e+15 0 -9.91169e+15 -7.29249e+17 0 -7.29249e+17 
1.483 1.987 -2.77974e+14 0 -2.77974e+14 -1.02928e+16 0 -1.02928e+16 -7.5729e+17 0 -7.5729e+17 
1.484 1.987 -2.88663e+14 0 -2.88663e+14 -1.06886e+16 0 -1.06886e+16 -7.86409e+17 0 -7.86409e+17 
1.485 1.987 -2.99762e+14 0 -2.99762e+14 -1.10996e+16 0 -1.10996e+16 -8.16648e+17 0 -8.16648e+17 
1.486 1.987 -3.11289e+14 0 -3.11289e+14 -1.15264e+16 0 -1.15264e+16 -8.48049e+17 0 -8.48049e+17 
1.487 1.987 -3.23258e+14 0 -3.23258e+14 -1.19696e+16 0 -1.19696e+16 -8.80658e+17 0 -8.80658e+17 
1.488 1.987 -3.35688e+14 0 -3.35688e+14 -1.24299e+16 0 -1.24299e+16 -9.14521e+17 0 -9.14521e+17 
1.489 1.987 -3.48596e+14 0 -3.48596e+14 -1.29078e+16 0 -1.29078e+16 -9.49686e+17 0 -9.49686e+17 
1.49 1.987 -3.62e+14 0 -3.62e+14 -1.34041e+16 0 -1.34041e+16 -9.86203e+17 0 -9.86203e+17 
1.491 1.987 -3.7592e+14 0 -3.7592e+14 -1.39195e+16 0 -1.39195e+16 -1.02412e+18 0 -1.02412e+18 
1.492 1.987 -3.90374e+14 0 -3.90374e+14 -1.44548e+16 0 -1.44548e+16 -1.0635e+18 0 -1.0635e+18 
1.493 1.987 -4.05385e+14 0 -4.05385e+14 -1.50106e+16 0 -1.50106e+16 -1.1044e+18 0 -1.1044e+18 
1.494 1.987 -4.20973e+14 0 -4.20973e+14 -1.55878e+16 0 -1.55878e+16 -1.14686e+18 0 -1.14686e+18 
1.495 1.987 -4.3716e+14 0 -4.3716e+14 -1.61871e+16 0 -1.61871e+16 -1.19096e+18 0 -1.19096e+18 
1.496 1.987 -4.53969e+14 0 -4.53969e+14 -1.68096e+16 0 -1.68096e+16 -1.23676e+18 0 -1.23676e+18 
1.497 1.987 -4.71425e+14 0 -4.71425e+14 -1.74559e+16 0 -1.74559e+16 -1.28431e+18 0 -1.28431e+18 
1.498 1.987 -4.89552e+14 0 -4.89552e+14 -1.81271e+16 0 -1.81271e+16 -1.3337e+18 0 -1.3337e+18 
1.499 1.987 -5.08377e+14 0 -5.08377e+14 -1.88242e+16 0 -1.88242e+16 -1.38498e+18 0 -1.38498e+18 
1.5 1.987 -5.27925e+14 0 -5.27925e+14 -1.9548e+16 0 -1.9548e+16 -1.43823e+18 0 -1.43823e+18 
1.501 1.987 -5.48224e+14 0 -5.48224e+14 -2.02996e+16 0 -2.02996e+16 -1.49354e+18 0 -1.49354e+18 
1.502 1.987 -5.69304e+14 0 -5.69304e+14 -2.10802e+16 0 -2.10802e+16 -1.55097e+18 0 -1.55097e+18 
1.503 1.987 -5.91195e+14 0 -5.91195e+14 -2.18908e+16 0 -2.18908e+16 -1.6106e+18 0 -1.6106e+18 
1.504 1.987 -6.13928e+14 0 -6.13928e+14 -2.27325e+16 0 -2.27325e+16 -1.67253e+18 0 -1.67253e+18 
1.505 1.987 -6.37534e+14 0 -6.37534e+14 -2.36066e+16 0 -2.36066e+16 -1.73685e+18 0 -1.73685e+18 
1.506 1.987 -6.62049e+14 0 -6.62049e+14 -2.45143e+16 0 -2.45143e+16 -1.80363e+18 0 -1.80363e+18 
1.507 1.987 -6.87506e+14 0 -6.87506e+14 -2.54569e+16 0 -2.54569e+16 -1.87298e+18 0 -1.87298e+18 
1.508 1.987 -7.13941e+14 0 -7.13941e+14 -2.64358e+16 0 -2.64358e+16 -1.945e+18 0 -1.945e+18 
1.509 1.987 -7.41394e+14 0 -7.41394e+14 -2.74523e+16 0 -2.74523e+16 -2.01979e+18 0 -2.01979e+18 
1.51 1.987 -7.69902e+14 0 -7.69902e+14 -2.85079e+16 0 -2.85079e+16 -2.09746e+18 0 -2.09746e+18 
1.511 1.987 -7.99506e+14 0 -7.99506e+14 -2.96041e+16 0 -2.96041e+16 -2.17811e+18 0 -2.17811e+18 
1.512 1.987 -8.30248e+14 0 -8.30248e+14 -3.07424e+16 0 -3.07424e+16 -2.26186e+18 0 -2.26186e+18 
1.513 1.987 -8.62173e+14 0 -8.62173e+14 -3.19245e+16 0 -3.19245e+16 -2.34883e+18 0 -2.34883e+18 
1.514 1.987 -8.95325e+14 0 -8.95325e+14 -3.31521e+16 0 -3.31521e+16 -2.43915e+18 0 -2.43915e+18 
1.515 1.987 -9.29751e+14 0 -9.29751e+14 -3.44268e+16 0 -3.44268e+16 -2.53294e+18 0 -2.53294e+18 
1.516 1.987 -9.65502e+14 0 -9.65502e+14 -3.57506e+16 0 -3.57506e+16 -2.63033e+18 0 -2.63033e+18 
1.517 1.987 -1.00263e+15 0 -1.00263e+15 -3.71253e+16 0 -3.71253e+16 -2.73148e+18 0 -2.73148e+18 
1.518 1.987 -1.04118e+15 0 -1.04118e+15 -3.85528e+16 0 -3.85528e+16 -2.83651e+18 0 -2.83651e+18 
1.519 1.987 -1.08122e+15 0 -1.08122e+15 -4.00352e+16 0 -4.00352e+16 -2.94557e+18 0 -2.94557e+18 
1.52 1.987 -1.12279e+15 0 -1.12279e+15 -4.15746e+16 0 -4.15746e+16 -3.05884e+18 0 -3.05884e+18 
1.521 1.987 -1.16596e+15 0 -1.16596e+15 -4.31733e+16 0 -4.31733e+16 -3.17645e+18 0 -3.17645e+18 
1.522 1.987 -1.2108e+15 0 -1.2108e+15 -4.48333e+16 0 -4.48333e+16 -3.29859e+18 0 -3.29859e+18 
1.523 1.987 -1.25735e+15 0 -1.25735e+15 -4.65573e+16 0 -4.65573e+16 -3.42543e+18 0 -3.42543e+18 
1.524 1.987 -1.3057e+15 0 -1.3057e+15 -4.83475e+16 0 -4.83475e+16 -3.55715e+18 0 -3.55715e+18 
1.525 1.987 -1.35591e+15 0 -1.35591e+15 -5.02065e+16 0 -5.02065e+16 -3.69392e+18 0 -3.69392e+18 
1.526 1.987 -1.40804e+15 0 -1.40804e+15 -5.2137e+16 0 -5.2137e+16 -3.83596e+18 0 -3.83596e+18 
1.527 1.987 -1.46219e+15 0 -1.46219e+15 -5.41418e+16 0 -5.41418e+16 -3.98346e+18 0 -3.98346e+18 
1.528 1.987 -1.51841e+15 0 -1.51841e+15 -5.62237e+16 0 -5.62237e+16 -4.13663e+18 0 -4.13663e+18 
1.529 1.987 -1.5768e+15 0 -1.5768e+15 -5.83856e+16 0 -5.83856e+16 -4.29569e+18 0 -4.29569e+18 
1.53 1.987 -1.63743e+15 0 -1.63743e+15 -6.06306e+16 0 -6.06306e+16 -4.46087e+18 0 -4.46087e+18 
1.531 1.987 -1.70039e+15 0 -1.70039e+15 -6.29619e+16 0 -6.29619e+16 -4.6324e+18 0 -4.6324e+18 
1.532 1.987 -1.76577e+15 0 -1.76577e+15 -6.53829e+16 0 -6.53829e+16 -4.81052e+18 0 -4.81052e+18 
1.533 1.987 -1.83367e+15 0 -1.83367e+15 -6.7897e+16 0 -6.7897e+16 -4.9955e+18 0 -4.9955e+18 
1.534 1.987 -1.90418e+15 0 -1.90418e+15 -7.05078e+16 0 -7.05078e+16 -5.18758e+18 0 -5.18758e+18 
1.535 1.987 -1.97739e+15 0 -1.97739e+15 -7.32189e+16 0 -7.32189e+16 -5.38705e+18 0 -5.38705e+18 
1.536 1.987 -2.05343e+15 0 -2.05343e+15 -7.60343e+16 0 -7.60343e+16 -5.59419e+18 0 -5.59419e+18 
1.537 1.987 -2.13239e+15 0 -2.13239e+15 -7.8958e+16 0 -7.8958e+16 -5.8093e+18 0 -5.8093e+18 
1.538 1.987 -2.21438e+15 0 -2.21438e+15 -8.19941e+16 0 -8.19941e+16 -6.03268e+18 0 -6.03268e+18 
1.539 1.987 -2.29953e+15 0 -2.29953e+15 -8.51469e+16 0 -8.51469e+16 -6.26465e+18 0 -6.26465e+18 
1.54 1.987 -2.38795e+15 0 -2.38795e+15 -8.84209e+16 0 -8.84209e+16 -6.50553e+18 0 -6.50553e+18 
1.541 1.987 -2.47977e+15 0 -2.47977e+15 -9.18209e+16 0 -9.18209e+16 -6.75568e+18 0 -6.75568e+18 
1.542 1.987 -2.57512e+15 0 -2.57512e+15 -9.53515e+16 0 -9.53515e+16 -7.01545e+18 0 -7.01545e+18 
1.543 1.987 -2.67414e+15 0 -2.67414e+15 -9.9018e+16 0 -9.9018e+16 -7.28521e+18 0 -7.28521e+18 
1.544 1.987 -2.77696e+15 0 -2.77696e+15 -1.02825e+17 0 -1.02825e+17 -7.56534e+18 0 -7.56534e+18 
1.545 1.987 -2.88374e+15 0 -2.88374e+15 -1.06779e+17 0 -1.06779e+17 -7.85624e+18 0 -7.85624e+18 
1.546 1.987 -2.99463e+15 0 -2.99463e+15 -1.10885e+17 0 -1.10885e+17 -8.15832e+18 0 -8.15832e+18 
1.547 1.987 -3.10978e+15 0 -3.10978e+15 -1.15149e+17 0 -1.15149e+17 -8.47202e+18 0 -8.47202e+18 
1.548 1.987 -3.22935e+15 0 -3.22935e+15 -1.19576e+17 0 -1.19576e+17 -8.79779e+18 0 -8.79779e+18 
1.549 1.987 -3.35353e+15 0 -3.35353e+15 -1.24174e+17 0 -1.24174e+17 -9.13608e+18 0 -9.13608e+18 
1.55 1.987 -3.48248e+15 0 -3.48248e+15 -1.28949e+17 0 -1.28949e+17 -9.48738e+18 0 -9.48738e+18 
1.551 1.987 -3.61639e+15 0 -3.61639e+15 -1.33907e+17 0 -1.33907e+17 -9.85218e+18 0 -9.85218e+18 
1.552 1.987 -3.75544e+15 0 -3.75544e+15 -1.39056e+17 0 -1.39056e+17 -1.0231e+19 0 -1.0231e+19 
1.553 1.987 -3.89985e+15 0 -3.89985e+15 -1.44403e+17 0 -1.44403e+17 -1.06244e+19 0 -1.06244e+19 
1.554 1.987 -4.0498e+15 0 -4.0498e+15 -1.49956e+17 0 -1.49956e+17 -1.10329e+19 0 -1.10329e+19 
1.555 1.987 -4.20552e+15 0 -4.20552e+15 -1.55722e+17 0 -1.55722e+17 -1.14572e+19 0 -1.14572e+19 
1.556 1.987 -4.36723e+15 0 -4.36723e+15 -1.6171e+17 0 -1.6171e+17 -1.18977e+19 0 -1.18977e+19 
1.557 1.987 -4.53516e+15 0 -4.53516e+15 -1.67928e+17 0 -1.67928e+17 -1.23552e+19 0 -1.23552e+19 
1.558 1.987 -4.70955e+15 0 -4.70955e+15 -1.74385e+17 0 -1.74385e+17 -1.28303e+19 0 -1.28303e+19 
1.559 1.987 -4.89064e+15 0 -4.89064e+15 -1.8109e+17 0 -1.8109e+17 -1.33236e+19 0 -1.33236e+19 
1.56 1.987 -5.07869e+15 0 -5.07869e+15 -1.88054e+17 0 -1.88054e+17 -1.3836e+19 0 -1.3836e+19 
1.561 1.987 -5.27397e+15 0 -5.27397e+15 -1.95285e+17 0 -1.95285e+17 -1.4368e+19 0 -1.4368e+19 
1.562 1.987 -5.47677e+15 0 -5.47677e+15 -2.02794e+17 0 -2.02794e+17 -1.49205e+19 0 -1.49205e+19 
1.563 1.987 -5.68736e+15 0 -5.68736e+15 -2.10591e+17 0 -2.10591e+17 -1.54942e+19 0 -1.54942e+19 
1.564 1.987 -5.90605e+15 0 -5.90605e+15 -2.18689e+17 0 -2.18689e+17 -1.609e+19 0 -1.609e+19 
1.565 1.987 -6.13315e+15 0 -6.13315e+15 -2.27098e+17 0 -2.27098e+17 -1.67086e+19 0 -1.67086e+19 
1.566 1.987 -6.36898e+15 0 -6.36898e+15 -2.3583e+17 0 -2.3583e+17 -1.73511e+19 0 -1.73511e+19 
1.567 1.987 -6.61387e+15 0 -6.61387e+15 -2.44898e+17 0 -2.44898e+17 -1.80183e+19 0 -1.80183e+19 
1.568 1.987 -6.86819e+15 0 -6.86819e+15 -2.54315e+17 0 -2.54315e+17 -1.87111e+19 0 -1.87111e+19 
1.569 1.987 -7.13228e+15 0 -7.13228e+15 -2.64094e+17 0 -2.64094e+17 -1.94306e+19 0 -1.94306e+19 
1.57 1.987 -7.40653e+15 0 -7.40653e+15 -2.74249e+17 0 -2.74249e+17 -2.01778e+19 0 -2.01778e+19 
1.571 1.987 -7.69133e+15 0 -7.69133e+15 -2.84794e+17 0 -2.84794e+17 -2.09536e+19 0 -2.09536e+19 
1.572 1.987 -7.98707e+15 0 -7.98707e+15 -2.95745e+17 0 -2.95745e+17 -2.17593e+19 0 -2.17593e+19 
1.573 1.987 -8.29419e+15 0 -8.29419e+15 -3.07117e+17 0 -3.07117e+17 -2.2596e+19 0 -2.2596e+19 
1.574 1.987 -8.61312e+15 0 -8.61312e+15 -3.18926e+17 0 -3.18926e+17 -2.34649e+19 0 -2.34649e+19 
1.575 1.987 -8.94431e+15 0 -8.94431e+15 -3.3119e+17 0 -3.3119e+17 -2.43671e+19 0 -2.43671e+19 
1.576 1.987 -9.28823e+15 0 -9.28823e+15 -3.43924e+17 0 -3.43924e+17 -2.53041e+19 0 -2.53041e+19 
1.577 1.987 -9.64538e+15 0 -9.64538e+15 -3.57149e+17 0 -3.57149e+17 -2.62771e+19 0 -2.62771e+19 
1.578 1.987 -1.00163e+16 0 -1.00163e+16 -3.70882e+17 0 -3.70882e+17 -2.72875e+19 0 -2.72875e+19 
1.579 1.987 -1.04014e+16 0 -1.04014e+16 -3.85143e+17 0 -3.85143e+17 -2.83367e+19 0 -2.83367e+19 
1.58 1.987 -1.08014e+16 0 -1.08014e+16 -3.99952e+17 0 -3.99952e+17 -2.94263e+19 0 -2.94263e+19 
1.581 1.987 -1.12167e+16 0 -1.12167e+16 -4.15331e+17 0 -4.15331e+17 -3.05578e+19 0 -3.05578e+19 
1.582 1.987 -1.1648e+16 0 -1.1648e+16 -4.31301e+17 0 -4.31301e+17 -3.17328e+19 0 -3.17328e+19 
1.583 1.987 -1.20959e+16 0 -1.20959e+16 -4.47886e+17 0 -4.47886e+17 -3.2953e+19 0 -3.2953e+19 
1.584 1.987 -1.2561e+16 0 -1.2561e+16 -4.65108e+17 0 -4.65108e+17 -3.42201e+19 0 -3.42201e+19 
1.585 1.987 -1.3044e+16 0 -1.3044e+16 -4.82992e+17 0 -4.82992e+17 -3.55359e+19 0 -3.55359e+19 
1.586 1.987 -1.35455e+16 0 -1.35455e+16 -5.01564e+17 0 -5.01564e+17 -3.69024e+19 0 -3.69024e+19 
1.587 1.987 -1.40664e+16 0 -1.40664e+16 -5.2085e+17 0 -5.2085e+17 -3.83213e+19 0 -3.83213e+19 
1.588 1.987 -1.46073e+16 0 -1.46073e+16 -5.40877e+17 0 -5.40877e+17 -3.97948e+19 0 -3.97948e+19 
1.589 1.987 -1.51689e+16 0 -1.51689e+16 -5.61675e+17 0 -5.61675e+17 -4.1325e+19 0 -4.1325e+19 
1.59 1.987 -1.57522e+16 0 -1.57522e+16 -5.83273e+17 0 -5.83273e+17 -4.2914e+19 0 -4.2914e+19 
1.591 1.987 -1.63579e+16 0 -1.63579e+16 -6.057e+17 0 -6.057e+17 -4.45642e+19 0 -4.45642e+19 
1.592 1.987 -1.69869e+16 0 -1.69869e+16 -6.28991e+17 0 -6.28991e+17 -4.62777e+19 0 -4.62777e+19 
1.593 1.987 -1.76401e+16 0 -1.76401e+16 -6.53176e+17 0 -6.53176e+17 -4.80572e+19 0 -4.80572e+19 
1.594 1.987 -1.83184e+16 0 -1.83184e+16 -6.78292e+17 0 -6.78292e+17 -4.99051e+19 0 -4.99051e+19 
1.595 1.987 -1.90227e+16 0 -1.90227e+16 -7.04374e+17 0 -7.04374e+17 -5.1824e+19 0 -5.1824e+19 
1.596 1.987 -1.97542e+16 0 -1.97542e+16 -7.31458e+17 0 -7.31458e+17 -5.38167e+19 0 -5.38167e+19 
1.597 1.987 -2.05138e+16 0 -2.05138e+16 -7.59584e+17 0 -7.59584e+17 -5.58861e+19 0 -5.58861e+19 
1.598 1.987 -2.13026e+16 0 -2.13026e+16 -7.88791e+17 0 -7.88791e+17 -5.8035e+19 0 -5.8035e+19 
1.599 1.987 -2.21217e+16 0 -2.21217e+16 -8.19122e+17 0 -8.19122e+17 -6.02666e+19 0 -6.02666e+19 
1.6 1.987 -2.29723e+16 0 -2.29723e+16 -8.50619e+17 0 -8.50619e+17 -6.25839e+19 0 -6.25839e+19 
1.601 1.987 -2.38556e+16 0 -2.38556e+16 -8.83326e+17 0 -8.83326e+17 -6.49904e+19 0 -6.49904e+19 
1.602 1.987 -2.47729e+16 0 -2.47729e+16 -9.17292e+17 0 -9.17292e+17 -6.74894e+19 0 -6.74894e+19 
1.603 1.987 -2.57255e+16 0 -2.57255e+16 -9.52563e+17 0 -9.52563e+17 -7.00845e+19 0 -7.00845e+19 
1.604 1.987 -2.67147e+16 0 -2.67147e+16 -9.89191e+17 0 -9.89191e+17 -7.27793e+19 0 -7.27793e+19 
1.605 1.987 -2.77419e+16 0 -2.77419e+16 -1.02723e+18 0 -1.02723e+18 -7.55778e+19 0 -7.55778e+19 
1.606 1.987 -2.88086e+16 0 -2.88086e+16 -1.06673e+18 0 -1.06673e+18 -7.84839e+19 0 -7.84839e+19 
1.607 1.987 -2.99164e+16 0 -2.99164e+16 -1.10774e+18 0 -1.10774e+18 -8.15018e+19 0 -8.15018e+19 
1.608 1.987 -3.10667e+16 0 -3.10667e+16 -1.15034e+18 0 -1.15034e+18 -8.46356e+19 0 -8.46356e+19 
1.609 1.987 -3.22613e+16 0 -3.22613e+16 -1.19457e+18 0 -1.19457e+18 -8.789e+19 0 -8.789e+19 
1.61 1.987 -3.35018e+16 0 -3.35018e+16 -1.2405e+18 0 -1.2405e+18 -9.12696e+19 0 -9.12696e+19 
1.611 1.987 -3.479e+16 0 -3.479e+16 -1.2882e+18 0 -1.2882e+18 -9.4779e+19 0 -9.4779e+19 
1.612 1.987 -3.61277e+16 0 -3.61277e+16 -1.33774e+18 0 -1.33774e+18 -9.84235e+19 0 -9.84235e+19 
1.613 1.987 -3.75169e+16 0 -3.75169e+16 -1.38918e+18 0 -1.38918e+18 -1.02208e+20 0 -1.02208e+20 
1.614 1.987 -3.89595e+16 0 -3.89595e+16 -1.44259e+18 0 -1.44259e+18 -1.06138e+20 0 -1.06138e+20 
1.615 1.987 -4.04576e+16 0 -4.04576e+16 -1.49806e+18 0 -1.49806e+18 -1.10219e+20 0 -1.10219e+20 
1.616 1.987 -4.20132e+16 0 -4.20132e+16 -1.55567e+18 0 -1.55567e+18 -1.14457e+20 0 -1.14457e+20 
1.617 1.987 -4.36287e+16 0 -4.36287e+16 -1.61548e+18 0 -1.61548e+18 -1.18859e+20 0 -1.18859e+20 
1.618 1.987 -4.53063e+16 0 -4.53063e+16 -1.6776e+18 0 -1.6776e+18 -1.23429e+20 0 -1.23429e+20 
1.619 1.987 -4.70484e+16 0 -4.70484e+16 -1.74211e+18 0 -1.74211e+18 -1.28175e+20 0 -1.28175e+20 
1.62 1.987 -4.88575e+16 0 -4.88575e+16 -1.8091e+18 0 -1.8091e+18 -1.33103e+20 0 -1.33103e+20 
1.621 1.987 -5.07362e+16 0 -5.07362e+16 -1.87866e+18 0 -1.87866e+18 -1.38222e+20 0 -1.38222e+20 
1.622 1.987 -5.26871e+16 0 -5.26871e+16 -1.9509e+18 0 -1.9509e+18 -1.43536e+20 0 -1.43536e+20 
1.623 1.987 -5.4713e+16 0 -5.4713e+16 -2.02591e+18 0 -2.02591e+18 -1.49056e+20 0 -1.49056e+20 
1.624 1.987 -5.68168e+16 0 -5.68168e+16 -2.10381e+18 0 -2.10381e+18 -1.54787e+20 0 -1.54787e+20 
1.625 1.987 -5.90015e+16 0 -5.90015e+16 -2.18471e+18 0 -2.18471e+18 -1.60739e+20 0 -1.60739e+20 
1.626 1.987 -6.12702e+16 0 -6.12702e+16 -2.26871e+18 0 -2.26871e+18 -1.6692e+20 0 -1.6692e+20 
1.627 1.987 -6.36262e+16 0 -6.36262e+16 -2.35595e+18 0 -2.35595e+18 -1.73338e+20 0 -1.73338e+20 
1.628 1.987 -6.60727e+16 0 -6.60727e+16 -2.44654e+18 0 -2.44654e+18 -1.80003e+20 0 -1.80003e+20 
1.629 1.987 -6.86133e+16 0 -6.86133e+16 -2.54061e+18 0 -2.54061e+18 -1.86925e+20 0 -1.86925e+20 
1.63 1.987 -7.12516e+16 0 -7.12516e+16 -2.6383e+18 0 -2.6383e+18 -1.94112e+20 0 -1.94112e+20 
1.631 1.987 -7.39914e+16 0 -7.39914e+16 -2.73975e+18 0 -2.73975e+18 -2.01576e+20 0 -2.01576e+20 
1.632 1.987 -7.68365e+16 0 -7.68365e+16 -2.8451e+18 0 -2.8451e+18 -2.09327e+20 0 -2.09327e+20 
1.633 1.987 -7.9791e+16 0 -7.9791e+16 -2.9545e+18 0 -2.9545e+18 -2.17376e+20 0 -2.17376e+20 
1.634 1.987 -8.28591e+16 0 -8.28591e+16 -3.0681e+18 0 -3.0681e+18 -2.25734e+20 0 -2.25734e+20 
1.635 1.987 -8.60452e+16 0 -8.60452e+16 -3.18608e+18 0 -3.18608e+18 -2.34414e+20 0 -2.34414e+20 
1.636 1.987 -8.93537e+16 0 -8.93537e+16 -3.30859e+18 0 -3.30859e+18 -2.43428e+20 0 -2.43428e+20 
1.637 1.987 -9.27896e+16 0 -9.27896e+16 -3.43581e+18 0 -3.43581e+18 -2.52788e+20 0 -2.52788e+20 
1.638 1.987 -9.63575e+16 0 -9.63575e+16 -3.56792e+18 0 -3.56792e+18 -2.62508e+20 0 -2.62508e+20 
1.639 1.987 -1.00063e+17 0 -1.00063e+17 -3.70512e+18 0 -3.70512e+18 -2.72602e+20 0 -2.72602e+20 
1.64 1.987 -1.0391e+17 0 -1.0391e+17 -3.84758e+18 0 -3.84758e+18 -2.83084e+20 0 -2.83084e+20 
1.641 1.987 -1.07906e+17 0 -1.07906e+17 -3.99553e+18 0 -3.99553e+18 -2.93969e+20 0 -2.93969e+20 
1.642 1.987 -1.12055e+17 0 -1.12055e+17 -4.14916e+18 0 -4.14916e+18 -3.05273e+20 0 -3.05273e+20 
1.643 1.987 -1.16364e+17 0 -1.16364e+17 -4.30871e+18 0 -4.30871e+18 -3.17011e+20 0 -3.17011e+20 
1.644 1.987 -1.20838e+17 0 -1.20838e+17 -4.47439e+18 0 -4.47439e+18 -3.29201e+20 0 -3.29201e+20 
1.645 1.987 -1.25484e+17 0 -1.25484e+17 -4.64643e+18 0 -4.64643e+18 -3.41859e+20 0 -3.41859e+20 
1.646 1.987 -1.30309e+17 0 -1.30309e+17 -4.8251e+18 0 -4.8251e+18 -3.55005e+20 0 -3.55005e+20 
1.647 1.987 -1.3532e+17 0 -1.3532e+17 -5.01063e+18 0 -5.01063e+18 -3.68655e+20 0 -3.68655e+20 
1.648 1.987 -1.40523e+17 0 -1.40523e+17 -5.2033e+18 0 -5.2033e+18 -3.8283e+20 0 -3.8283e+20 
1.649 1.987 -1.45927e+17 0 -1.45927e+17 -5.40337e+18 0 -5.40337e+18 -3.97551e+20 0 -3.97551e+20 
1.65 1.987 -1.51538e+17 0 -1.51538e+17 -5.61114e+18 0 -5.61114e+18 -4.12838e+20 0 -4.12838e+20 
1.651 1.987 -1.57365e+17 0 -1.57365e+17 -5.8269e+18 0 -5.8269e+18 -4.28712e+20 0 -4.28712e+20 
1.652 1.987 -1.63416e+17 0 -1.63416e+17 -6.05096e+18 0 -6.05096e+18 -4.45197e+20 0 -4.45197e+20 
1.653 1.987 -1.69699e+17 0 -1.69699e+17 -6.28363e+18 0 -6.28363e+18 -4.62315e+20 0 -4.62315e+20 
1.654 1.987 -1.76225e+17 0 -1.76225e+17 -6.52524e+18 0 -6.52524e+18 -4.80092e+20 0 -4.80092e+20 
1.655 1.987 -1.83001e+17 0 -1.83001e+17 -6.77615e+18 0 -6.77615e+18 -4.98552e+20 0 -4.98552e+20 
1.656 1.987 -1.90038e+17 0 -1.90038e+17 -7.0367e+18 0 -7.0367e+18 -5.17723e+20 0 -5.17723e+20 
1.657 1.987 -1.97345e+17 0 -1.97345e+17 -7.30728e+18 0 -7.30728e+18 -5.3763e+20 0 -5.3763e+20 
1.658 1.987 -2.04933e+17 0 -2.04933e+17 -7.58826e+18 0 -7.58826e+18 -5.58303e+20 0 -5.58303e+20 
1.659 1.987 -2.12813e+17 0 -2.12813e+17 -7.88004e+18 0 -7.88004e+18 -5.79771e+20 0 -5.79771e+20 
1.66 1.987 -2.20996e+17 0 -2.20996e+17 -8.18304e+18 0 -8.18304e+18 -6.02064e+20 0 -6.02064e+20 
1.661 1.987 -2.29494e+17 0 -2.29494e+17 -8.49769e+18 0 -8.49769e+18 -6.25214e+20 0 -6.25214e+20 
1.662 1.987 -2.38318e+17 0 -2.38318e+17 -8.82444e+18 0 -8.82444e+18 -6.49255e+20 0 -6.49255e+20 
1.663 1.987 -2.47482e+17 0 -2.47482e+17 -9.16376e+18 0 -9.16376e+18 -6.7422e+20 0 -6.7422e+20 
1.664 1.987 -2.56998e+17 0 -2.56998e+17 -9.51612e+18 0 -9.51612e+18 -7.00145e+20 0 -7.00145e+20 
1.665 1.987 -2.6688e+17 0 -2.6688e+17 -9.88203e+18 0 -9.88203e+18 -7.27066e+20 0 -7.27066e+20 
1.666 1.987 -2.77142e+17 0 -2.77142e+17 -1.0262e+19 0 -1.0262e+19 -7.55023e+20 0 -7.55023e+20 
1.667 1.987 -2.87799e+17 0 -2.87799e+17 -1.06566e+19 0 -1.06566e+19 -7.84055e+20 0 -7.84055e+20 
1.668 1.987 -2.98865e+17 0 -2.98865e+17 -1.10664e+19 0 -1.10664e+19 -8.14204e+20 0 -8.14204e+20 
1.669 1.987 -3.10357e+17 0 -3.10357e+17 -1.14919e+19 0 -1.14919e+19 -8.45511e+20 0 -8.45511e+20 
1.67 1.987 -3.22291e+17 0 -3.22291e+17 -1.19338e+19 0 -1.19338e+19 -8.78023e+20 0 -8.78023e+20 
1.671 1.987 -3.34683e+17 0 -3.34683e+17 -1.23927e+19 0 -1.23927e+19 -9.11784e+20 0 -9.11784e+20 
1.672 1.987 -3.47553e+17 0 -3.47553e+17 -1.28692e+19 0 -1.28692e+19 -9.46844e+20 0 -9.46844e+20 
1.673 1.987 -3.60917e+17 0 -3.60917e+17 -1.3364e+19 0 -1.3364e+19 -9.83252e+20 0 -9.83252e+20 
1.674 1.987 -3.74795e+17 0 -3.74795e+17 -1.38779e+19 0 -1.38779e+19 -1.02106e+21 0 -1.02106e+21 
1.675 1.987 -3.89206e+17 0 -3.89206e+17 -1.44115e+19 0 -1.44115e+19 -1.06032e+21 0 -1.06032e+21 
1.676 1.987 -4.04172e+17 0 -4.04172e+17 -1.49657e+19 0 -1.49657e+19 -1.10109e+21 0 -1.10109e+21 
1.677 1.987 -4.19713e+17 0 -4.19713e+17 -1.55411e+19 0 -1.55411e+19 -1.14343e+21 0 -1.14343e+21 
1.678 1.987 -4.35852e+17 0 -4.35852e+17 -1.61387e+19 0 -1.61387e+19 -1.1874e+21 0 -1.1874e+21 
1.679 1.987 -4.52611e+17 0 -4.52611e+17 -1.67593e+19 0 -1.67593e+19 -1.23306e+21 0 -1.23306e+21 
1.68 1.987 -4.70014e+17 0 -4.70014e+17 -1.74037e+19 0 -1.74037e+19 -1.28047e+21 0 -1.28047e+21 
1.681 1.987 -4.88087e+17 0 -4.88087e+17 -1.80729e+19 0 -1.80729e+19 -1.32971e+21 0 -1.32971e+21 
1.682 1.987 -5.06855e+17 0 -5.06855e+17 -1.87678e+19 0 -1.87678e+19 -1.38083e+21 0 -1.38083e+21 
1.683 1.987 -5.26345e+17 0 -5.26345e+17 -1.94895e+19 0 -1.94895e+19 -1.43393e+21 0 -1.43393e+21 
1.684 1.987 -5.46584e+17 0 -5.46584e+17 -2.02389e+19 0 -2.02389e+19 -1.48907e+21 0 -1.48907e+21 
1.685 1.987 -5.67601e+17 0 -5.67601e+17 -2.10171e+19 0 -2.10171e+19 -1.54632e+21 0 -1.54632e+21 
1.686 1.987 -5.89426e+17 0 -5.89426e+17 -2.18252e+19 0 -2.18252e+19 -1.60578e+21 0 -1.60578e+21 
1.687 1.987 -6.1209e+17 0 -6.1209e+17 -2.26645e+19 0 -2.26645e+19 -1.66753e+21 0 -1.66753e+21 
1.688 1.987 -6.35626e+17 0 -6.35626e+17 -2.3536e+19 0 -2.3536e+19 -1.73165e+21 0 -1.73165e+21 
1.689 1.987 -6.60067e+17 0 -6.60067e+17 -2.4441e+19 0 -2.4441e+19 -1.79823e+21 0 -1.79823e+21 
1.69 1.987 -6.85448e+17 0 -6.85448e+17 -2.53808e+19 0 -2.53808e+19 -1.86738e+21 0 -1.86738e+21 
1.691 1.987 -7.11805e+17 0 -7.11805e+17 -2.63567e+19 0 -2.63567e+19 -1.93918e+21 0 -1.93918e+21 
1.692 1.987 -7.39175e+17 0 -7.39175e+17 -2.73702e+19 0 -2.73702e+19 -2.01375e+21 0 -2.01375e+21 
1.693 1.987 -7.67597e+17 0 -7.67597e+17 -2.84226e+19 0 -2.84226e+19 -2.09118e+21 0 -2.09118e+21 
1.694 1.987 -7.97113e+17 0 -7.97113e+17 -2.95155e+19 0 -2.95155e+19 -2.17159e+21 0 -2.17159e+21 
1.695 1.987 -8.27763e+17 0 -8.27763e+17 -3.06504e+19 0 -3.06504e+19 -2.25509e+21 0 -2.25509e+21 
1.696 1.987 -8.59592e+17 0 -8.59592e+17 -3.1829e+19 0 -3.1829e+19 -2.3418e+21 0 -2.3418e+21 
1.697 1.987 -8.92645e+17 0 -8.92645e+17 -3.30528e+19 0 -3.30528e+19 -2.43185e+21 0 -2.43185e+21 
1.698 1.987 -9.26969e+17 0 -9.26969e+17 -3.43238e+19 0 -3.43238e+19 -2.52536e+21 0 -2.52536e+21 
1.699 1.987 -9.62613e+17 0 -9.62613e+17 -3.56436e+19 0 -3.56436e+19 -2.62246e+21 0 -2.62246e+21 
1.7 1.987 -9.99627e+17 0 -9.99627e+17 -3.70142e+19 0 -3.70142e+19 -2.7233e+21 0 -2.7233e+21 
1.701 1.987 -1.03806e+18 0 -1.03806e+18 -3.84374e+19 0 -3.84374e+19 -2.82802e+21 0 -2.82802e+21 
1.702 1.987 -1.07798e+18 0 -1.07798e+18 -3.99154e+19 0 -3.99154e+19 -2.93676e+21 0 -2.93676e+21 
1.703 1.987 -1.11943e+18 0 -1.11943e+18 -4.14502e+19 0 -4.14502e+19 -3.04968e+21 0 -3.04968e+21 
1.704 1.987 -1.16247e+18 0 -1.16247e+18 -4.30441e+19 0 -4.30441e+19 -3.16695e+21 0 -3.16695e+21 
1.705 1.987 -1.20717e+18 0 -1.20717e+18 -4.46992e+19 0 -4.46992e+19 -3.28872e+21 0 -3.28872e+21 
1.706 1.987 -1.25359e+18 0 -1.25359e+18 -4.64179e+19 0 -4.64179e+19 -3.41518e+21 0 -3.41518e+21 
1.707 1.987 -1.30179e+18 0 -1.30179e+18 -4.82028e+19 0 -4.82028e+19 -3.5465e+21 0 -3.5465e+21 
1.708 1.987 -1.35185e+18 0 -1.35185e+18 -5.00563e+19 0 -5.00563e+19 -3.68287e+21 0 -3.68287e+21 
1.709 1.987 -1.40383e+18 0 -1.40383e+18 -5.1981e+19 0 -5.1981e+19 -3.82448e+21 0 -3.82448e+21 
1.71 1.987 -1.45781e+18 0 -1.45781e+18 -5.39798e+19 0 -5.39798e+19 -3.97154e+21 0 -3.97154e+21 
1.711 1.987 -1.51387e+18 0 -1.51387e+18 -5.60554e+19 0 -5.60554e+19 -4.12425e+21 0 -4.12425e+21 
1.712 1.987 -1.57208e+18 0 -1.57208e+18 -5.82108e+19 0 -5.82108e+19 -4.28284e+21 0 -4.28284e+21 
1.713 1.987 -1.63253e+18 0 -1.63253e+18 -6.04491e+19 0 -6.04491e+19 -4.44752e+21 0 -4.44752e+21 
1.714 1.987 -1.6953e+18 0 -1.6953e+18 -6.27735e+19 0 -6.27735e+19 -4.61854e+21 0 -4.61854e+21 
1.715 1.987 -1.76049e+18 0 -1.76049e+18 -6.51873e+19 0 -6.51873e+19 -4.79613e+21 0 -4.79613e+21 
1.716 1.987 -1.82818e+18 0 -1.82818e+18 -6.76938e+19 0 -6.76938e+19 -4.98055e+21 0 -4.98055e+21 
1.717 1.987 -1.89848e+18 0 -1.89848e+18 -7.02968e+19 0 -7.02968e+19 -5.17206e+21 0 -5.17206e+21 
1.718 1.987 -1.97148e+18 0 -1.97148e+18 -7.29998e+19 0 -7.29998e+19 -5.37093e+21 0 -5.37093e+21 
1.719 1.987 -2.04728e+18 0 -2.04728e+18 -7.58068e+19 0 -7.58068e+19 -5.57745e+21 0 -5.57745e+21 
1.72 1.987 -2.12601e+18 0 -2.12601e+18 -7.87217e+19 0 -7.87217e+19 -5.79192e+21 0 -5.79192e+21 
1.721 1.987 -2.20775e+18 0 -2.20775e+18 -8.17487e+19 0 -8.17487e+19 -6.01463e+21 0 -6.01463e+21 
1.722 1.987 -2.29265e+18 0 -2.29265e+18 -8.48921e+19 0 -8.48921e+19 -6.2459e+21 0 -6.2459e+21 
1.723 1.987 -2.3808e+18 0 -2.3808e+18 -8.81563e+19 0 -8.81563e+19 -6.48606e+21 0 -6.48606e+21 
1.724 1.987 -2.47235e+18 0 -2.47235e+18 -9.15461e+19 0 -9.15461e+19 -6.73547e+21 0 -6.73547e+21 
1.725 1.987 -2.56742e+18 0 -2.56742e+18 -9.50662e+19 0 -9.50662e+19 -6.99446e+21 0 -6.99446e+21 
1.726 1.987 -2.66614e+18 0 -2.66614e+18 -9.87217e+19 0 -9.87217e+19 -7.2634e+21 0 -7.2634e+21 
1.727 1.987 -2.76865e+18 0 -2.76865e+18 -1.02518e+20 0 -1.02518e+20 -7.5427e+21 0 -7.5427e+21 
1.728 1.987 -2.87511e+18 0 -2.87511e+18 -1.0646e+20 0 -1.0646e+20 -7.83273e+21 0 -7.83273e+21 
1.729 1.987 -2.98567e+18 0 -2.98567e+18 -1.10553e+20 0 -1.10553e+20 -8.13391e+21 0 -8.13391e+21 
1.73 1.987 -3.10047e+18 0 -3.10047e+18 -1.14804e+20 0 -1.14804e+20 -8.44667e+21 0 -8.44667e+21 
1.731 1.987 -3.21969e+18 0 -3.21969e+18 -1.19219e+20 0 -1.19219e+20 -8.77146e+21 0 -8.77146e+21 
1.732 1.987 -3.34349e+18 0 -3.34349e+18 -1.23803e+20 0 -1.23803e+20 -9.10874e+21 0 -9.10874e+21 
1.733 1.987 -3.47206e+18 0 -3.47206e+18 -1.28563e+20 0 -1.28563e+20 -9.45899e+21 0 -9.45899e+21 
1.734 1.987 -3.60556e+18 0 -3.60556e+18 -1.33507e+20 0 -1.33507e+20 -9.8227e+21 0 -9.8227e+21 
1.735 1.987 -3.7442e+18 0 -3.7442e+18 -1.3864e+20 0 -1.3864e+20 -1.02004e+22 0 -1.02004e+22 
1.736 1.987 -3.88817e+18 0 -3.88817e+18 -1.43971e+20 0 -1.43971e+20 -1.05926e+22 0 -1.05926e+22 
1.737 1.987 -4.03768e+18 0 -4.03768e+18 -1.49507e+20 0 -1.49507e+20 -1.09999e+22 0 -1.09999e+22 
1.738 1.987 -4.19294e+18 0 -4.19294e+18 -1.55256e+20 0 -1.55256e+20 -1.14229e+22 0 -1.14229e+22 
1.739 1.987 -4.35416e+18 0 -4.35416e+18 -1.61226e+20 0 -1.61226e+20 -1.18621e+22 0 -1.18621e+22 
1.74 1.987 -4.52159e+18 0 -4.52159e+18 -1.67425e+20 0 -1.67425e+20 -1.23182e+22 0 -1.23182e+22 
1.741 1.987 -4.69545e+18 0 -4.69545e+18 -1.73863e+20 0 -1.73863e+20 -1.27919e+22 0 -1.27919e+22 
1.742 1.987 -4.876e+18 0 -4.876e+18 -1.80548e+20 0 -1.80548e+20 -1.32838e+22 0 -1.32838e+22 
1.743 1.987 -5.06349e+18 0 -5.06349e+18 -1.87491e+20 0 -1.87491e+20 -1.37946e+22 0 -1.37946e+22 
1.744 1.987 -5.25819e+18 0 -5.25819e+18 -1.947e+20 0 -1.947e+20 -1.4325e+22 0 -1.4325e+22 
1.745 1.987 -5.46038e+18 0 -5.46038e+18 -2.02187e+20 0 -2.02187e+20 -1.48758e+22 0 -1.48758e+22 
1.746 1.987 -5.67034e+18 0 -5.67034e+18 -2.09961e+20 0 -2.09961e+20 -1.54478e+22 0 -1.54478e+22 
1.747 1.987 -5.88837e+18 0 -5.88837e+18 -2.18035e+20 0 -2.18035e+20 -1.60418e+22 0 -1.60418e+22 
1.748 1.987 -6.11479e+18 0 -6.11479e+18 -2.26418e+20 0 -2.26418e+20 -1.66586e+22 0 -1.66586e+22 
1.749 1.987 -6.34992e+18 0 -6.34992e+18 -2.35125e+20 0 -2.35125e+20 -1.72992e+22 0 -1.72992e+22 
1.75 1.987 -6.59408e+18 0 -6.59408e+18 -2.44166e+20 0 -2.44166e+20 -1.79644e+22 0 -1.79644e+22 
1.751 1.987 -6.84764e+18 0 -6.84764e+18 -2.53554e+20 0 -2.53554e+20 -1.86551e+22 0 -1.86551e+22 
1.752 1.987 -7.11094e+18 0 -7.11094e+18 -2.63304e+20 0 -2.63304e+20 -1.93725e+22 0 -1.93725e+22 
1.753 1.987 -7.38437e+18 0 -7.38437e+18 -2.73428e+20 0 -2.73428e+20 -2.01174e+22 0 -2.01174e+22 
1.754 1.987 -7.66831e+18 0 -7.66831e+18 -2.83942e+20 0 -2.83942e+20 -2.08909e+22 0 -2.08909e+22 
1.755 1.987 -7.96317e+18 0 -7.96317e+18 -2.9486e+20 0 -2.9486e+20 -2.16942e+22 0 -2.16942e+22 
1.756 1.987 -8.26937e+18 0 -8.26937e+18 -3.06198e+20 0 -3.06198e+20 -2.25284e+22 0 -2.25284e+22 
1.757 1.987 -8.58734e+18 0 -8.58734e+18 -3.17972e+20 0 -3.17972e+20 -2.33946e+22 0 -2.33946e+22 
1.758 1.987 -8.91754e+18 0 -8.91754e+18 -3.30198e+20 0 -3.30198e+20 -2.42942e+22 0 -2.42942e+22 
1.759 1.987 -9.26043e+18 0 -9.26043e+18 -3.42895e+20 0 -3.42895e+20 -2.52284e+22 0 -2.52284e+22 
1.76 1.987 -9.61651e+18 0 -9.61651e+18 -3.5608e+20 0 -3.5608e+20 -2.61984e+22 0 -2.61984e+22 
1.761 1.987 -9.98629e+18 0 -9.98629e+18 -3.69772e+20 0 -3.69772e+20 -2.72058e+22 0 -2.72058e+22 
1.762 1.987 -1.03703e+19 0 -1.03703e+19 -3.8399e+20 0 -3.8399e+20 -2.82519e+22 0 -2.82519e+22 
1.763 1.987 -1.0769e+19 0 -1.0769e+19 -3.98755e+20 0 -3.98755e+20 -2.93383e+22 0 -2.93383e+22 
1.764 1.987 -1.11831e+19 0 -1.11831e+19 -4.14088e+20 0 -4.14088e+20 -3.04664e+22 0 -3.04664e+22 
1.765 1.987 -1.16131e+19 0 -1.16131e+19 -4.30011e+20 0 -4.30011e+20 -3.16379e+22 0 -3.16379e+22 
1.766 1.987 -1.20597e+19 0 -1.20597e+19 -4.46545e+20 0 -4.46545e+20 -3.28544e+22 0 -3.28544e+22 
1.767 1.987 -1.25234e+19 0 -1.25234e+19 -4.63716e+20 0 -4.63716e+20 -3.41177e+22 0 -3.41177e+22 
1.768 1.987 -1.30049e+19 0 -1.30049e+19 -4.81547e+20 0 -4.81547e+20 -3.54296e+22 0 -3.54296e+22 
1.769 1.987 -1.3505e+19 0 -1.3505e+19 -5.00063e+20 0 -5.00063e+20 -3.67919e+22 0 -3.67919e+22 
1.77 1.987 -1.40243e+19 0 -1.40243e+19 -5.19291e+20 0 -5.19291e+20 -3.82066e+22 0 -3.82066e+22 
1.771 1.987 -1.45636e+19 0 -1.45636e+19 -5.39259e+20 0 -5.39259e+20 -3.96757e+22 0 -3.96757e+22 
1.772 1.987 -1.51235e+19 0 -1.51235e+19 -5.59994e+20 0 -5.59994e+20 -4.12013e+22 0 -4.12013e+22 
1.773 1.987 -1.57051e+19 0 -1.57051e+19 -5.81527e+20 0 -5.81527e+20 -4.27856e+22 0 -4.27856e+22 
1.774 1.987 -1.6309e+19 0 -1.6309e+19 -6.03888e+20 0 -6.03888e+20 -4.44308e+22 0 -4.44308e+22 
1.775 1.987 -1.69361e+19 0 -1.69361e+19 -6.27108e+20 0 -6.27108e+20 -4.61392e+22 0 -4.61392e+22 
1.776 1.987 -1.75873e+19 0 -1.75873e+19 -6.51222e+20 0 -6.51222e+20 -4.79134e+22 0 -4.79134e+22 
1.777 1.987 -1.82636e+19 0 -1.82636e+19 -6.76262e+20 0 -6.76262e+20 -4.97557e+22 0 -4.97557e+22 
1.778 1.987 -1.89658e+19 0 -1.89658e+19 -7.02266e+20 0 -7.02266e+20 -5.16689e+22 0 -5.16689e+22 
1.779 1.987 -1.96951e+19 0 -1.96951e+19 -7.29269e+20 0 -7.29269e+20 -5.36557e+22 0 -5.36557e+22 
1.78 1.987 -2.04524e+19 0 -2.04524e+19 -7.57311e+20 0 -7.57311e+20 -5.57188e+22 0 -5.57188e+22 
1.781 1.987 -2.12388e+19 0 -2.12388e+19 -7.86431e+20 0 -7.86431e+20 -5.78613e+22 0 -5.78613e+22 
1.782 1.987 -2.20555e+19 0 -2.20555e+19 -8.16671e+20 0 -8.16671e+20 -6.00862e+22 0 -6.00862e+22 
1.783 1.987 -2.29036e+19 0 -2.29036e+19 -8.48073e+20 0 -8.48073e+20 -6.23966e+22 0 -6.23966e+22 
1.784 1.987 -2.37843e+19 0 -2.37843e+19 -8.80683e+20 0 -8.80683e+20 -6.47959e+22 0 -6.47959e+22 
1.785 1.987 -2.46988e+19 0 -2.46988e+19 -9.14547e+20 0 -9.14547e+20 -6.72874e+22 0 -6.72874e+22 
1.786 1.987 -2.56485e+19 0 -2.56485e+19 -9.49713e+20 0 -9.49713e+20 -6.98747e+22 0 -6.98747e+22 
1.787 1.987 -2.66347e+19 0 -2.66347e+19 -9.86231e+20 0 -9.86231e+20 -7.25615e+22 0 -7.25615e+22 
1.788 1.987 -2.76589e+19 0 -2.76589e+19 -1.02415e+21 0 -1.02415e+21 -7.53516e+22 0 -7.53516e+22 
1.789 1.987 -2.87224e+19 0 -2.87224e+19 -1.06353e+21 0 -1.06353e+21 -7.8249e+22 0 -7.8249e+22 
1.79 1.987 -2.98269e+19 0 -2.98269e+19 -1.10443e+21 0 -1.10443e+21 -8.12579e+22 0 -8.12579e+22 
1.791 1.987 -3.09738e+19 0 -3.09738e+19 -1.1469e+21 0 -1.1469e+21 -8.43824e+22 0 -8.43824e+22 
1.792 1.987 -3.21648e+19 0 -3.21648e+19 -1.191e+21 0 -1.191e+21 -8.7627e+22 0 -8.7627e+22 
1.793 1.987 -3.34015e+19 0 -3.34015e+19 -1.23679e+21 0 -1.23679e+21 -9.09964e+22 0 -9.09964e+22 
1.794 1.987 -3.46859e+19 0 -3.46859e+19 -1.28435e+21 0 -1.28435e+21 -9.44954e+22 0 -9.44954e+22 
1.795 1.987 -3.60196e+19 0 -3.60196e+19 -1.33373e+21 0 -1.33373e+21 -9.81289e+22 0 -9.81289e+22 
1.796 1.987 -3.74046e+19 0 -3.74046e+19 -1.38502e+21 0 -1.38502e+21 -1.01902e+23 0 -1.01902e+23 
1.797 1.987 -3.88429e+19 0 -3.88429e+19 -1.43827e+21 0 -1.43827e+21 -1.0582e+23 0 -1.0582e+23 
1.798 1.987 -4.03365e+19 0 -4.03365e+19 -1.49358e+21 0 -1.49358e+21 -1.09889e+23 0 -1.09889e+23 
1.799 1.987 -4.18875e+19 0 -4.18875e+19 -1.55101e+21 0 -1.55101e+21 -1.14115e+23 0 -1.14115e+23 
1.8 1.987 -4.34982e+19 0 -4.34982e+19 -1.61065e+21 0 -1.61065e+21 -1.18503e+23 0 -1.18503e+23 
1.801 1.987 -4.51707e+19 0 -4.51707e+19 -1.67258e+21 0 -1.67258e+21 -1.23059e+23 0 -1.23059e+23 
1.802 1.987 -4.69076e+19 0 -4.69076e+19 -1.73689e+21 0 -1.73689e+21 -1.27791e+23 0 -1.27791e+23 
1.803 1.987 -4.87113e+19 0 -4.87113e+19 -1.80368e+21 0 -1.80368e+21 -1.32705e+23 0 -1.32705e+23 
1.804 1.987 -5.05843e+19 0 -5.05843e+19 -1.87304e+21 0 -1.87304e+21 -1.37808e+23 0 -1.37808e+23 
1.805 1.987 -5.25294e+19 0 -5.25294e+19 -1.94506e+21 0 -1.94506e+21 -1.43107e+23 0 -1.43107e+23 
1.806 1.987 -5.45493e+19 0 -5.45493e+19 -2.01985e+21 0 -2.01985e+21 -1.4861e+23 0 -1.4861e+23 
1.807 1.987 -5.66468e+19 0 -5.66468e+19 -2.09752e+21 0 -2.09752e+21 -1.54324e+23 0 -1.54324e+23 
1.808 1.987 -5.88249e+19 0 -5.88249e+19 -2.17817e+21 0 -2.17817e+21 -1.60258e+23 0 -1.60258e+23 
1.809 1.987 -6.10869e+19 0 -6.10869e+19 -2.26192e+21 0 -2.26192e+21 -1.6642e+23 0 -1.6642e+23 
1.81 1.987 -6.34358e+19 0 -6.34358e+19 -2.3489e+21 0 -2.3489e+21 -1.72819e+23 0 -1.72819e+23 
1.811 1.987 -6.5875e+19 0 -6.5875e+19 -2.43922e+21 0 -2.43922e+21 -1.79464e+23 0 -1.79464e+23 
1.812 1.987 -6.8408e+19 0 -6.8408e+19 -2.53301e+21 0 -2.53301e+21 -1.86365e+23 0 -1.86365e+23 
1.813 1.987 -7.10384e+19 0 -7.10384e+19 -2.63041e+21 0 -2.63041e+21 -1.93531e+23 0 -1.93531e+23 
1.814 1.987 -7.37699e+19 0 -7.37699e+19 -2.73155e+21 0 -2.73155e+21 -2.00973e+23 0 -2.00973e+23 
1.815 1.987 -7.66065e+19 0 -7.66065e+19 -2.83658e+21 0 -2.83658e+21 -2.08701e+23 0 -2.08701e+23 
1.816 1.987 -7.95522e+19 0 -7.95522e+19 -2.94566e+21 0 -2.94566e+21 -2.16725e+23 0 -2.16725e+23 
1.817 1.987 -8.26111e+19 0 -8.26111e+19 -3.05892e+21 0 -3.05892e+21 -2.25059e+23 0 -2.25059e+23 
1.818 1.987 -8.57877e+19 0 -8.57877e+19 -3.17654e+21 0 -3.17654e+21 -2.33713e+23 0 -2.33713e+23 
1.819 1.987 -8.90863e+19 0 -8.90863e+19 -3.29869e+21 0 -3.29869e+21 -2.427e+23 0 -2.427e+23 
1.82 1.987 -9.25119e+19 0 -9.25119e+19 -3.42553e+21 0 -3.42553e+21 -2.52032e+23 0 -2.52032e+23 
1.821 1.987 -9.60691e+19 0 -9.60691e+19 -3.55724e+21 0 -3.55724e+21 -2.61723e+23 0 -2.61723e+23 
1.822 1.987 -9.97631e+19 0 -9.97631e+19 -3.69403e+21 0 -3.69403e+21 -2.71787e+23 0 -2.71787e+23 
1.823 1.987 -1.03599e+20 0 -1.03599e+20 -3.83607e+21 0 -3.83607e+21 -2.82237e+23 0 -2.82237e+23 
1.824 1.987 -1.07583e+20 0 -1.07583e+20 -3.98357e+21 0 -3.98357e+21 -2.9309e+23 0 -2.9309e+23 
1.825 1.987 -1.1172e+20 0 -1.1172e+20 -4.13675e+21 0 -4.13675e+21 -3.0436e+23 0 -3.0436e+23 
1.826 1.987 -1.16015e+20 0 -1.16015e+20 -4.29581e+21 0 -4.29581e+21 -3.16063e+23 0 -3.16063e+23 
1.827 1.987 -1.20476e+20 0 -1.20476e+20 -4.46099e+21 0 -4.46099e+21 -3.28216e+23 0 -3.28216e+23 
1.828 1.987 -1.25109e+20 0 -1.25109e+20 -4.63253e+21 0 -4.63253e+21 -3.40836e+23 0 -3.40836e+23 
1.829 1.987 -1.2992e+20 0 -1.2992e+20 -4.81066e+21 0 -4.81066e+21 -3.53942e+23 0 -3.53942e+23 
1.83 1.987 -1.34915e+20 0 -1.34915e+20 -4.99564e+21 0 -4.99564e+21 -3.67552e+23 0 -3.67552e+23 
1.831 1.987 -1.40103e+20 0 -1.40103e+20 -5.18773e+21 0 -5.18773e+21 -3.81685e+23 0 -3.81685e+23 
1.832 1.987 -1.4549e+20 0 -1.4549e+20 -5.3872e+21 0 -5.3872e+21 -3.96361e+23 0 -3.96361e+23 
1.833 1.987 -1.51084e+20 0 -1.51084e+20 -5.59435e+21 0 -5.59435e+21 -4.11602e+23 0 -4.11602e+23 
1.834 1.987 -1.56894e+20 0 -1.56894e+20 -5.80946e+21 0 -5.80946e+21 -4.27429e+23 0 -4.27429e+23 
1.835 1.987 -1.62927e+20 0 -1.62927e+20 -6.03285e+21 0 -6.03285e+21 -4.43864e+23 0 -4.43864e+23 
1.836 1.987 -1.69192e+20 0 -1.69192e+20 -6.26482e+21 0 -6.26482e+21 -4.60932e+23 0 -4.60932e+23 
1.837 1.987 -1.75697e+20 0 -1.75697e+20 -6.50571e+21 0 -6.50571e+21 -4.78655e+23 0 -4.78655e+23 
1.838 1.987 -1.82453e+20 0 -1.82453e+20 -6.75587e+21 0 -6.75587e+21 -4.9706e+23 0 -4.9706e+23 
1.839 1.987 -1.89469e+20 0 -1.89469e+20 -7.01565e+21 0 -7.01565e+21 -5.16173e+23 0 -5.16173e+23 
1.84 1.987 -1.96754e+20 0 -1.96754e+20 -7.28541e+21 0 -7.28541e+21 -5.36021e+23 0 -5.36021e+23 
1.841 1.987 -2.0432e+20 0 -2.0432e+20 -7.56555e+21 0 -7.56555e+21 -5.56632e+23 0 -5.56632e+23 
1.842 1.987 -2.12176e+20 0 -2.12176e+20 -7.85646e+21 0 -7.85646e+21 -5.78036e+23 0 -5.78036e+23 
1.843 1.987 -2.20335e+20 0 -2.20335e+20 -8.15855e+21 0 -8.15855e+21 -6.00262e+23 0 -6.00262e+23 
1.844 1.987 -2.28807e+20 0 -2.28807e+20 -8.47226e+21 0 -8.47226e+21 -6.23343e+23 0 -6.23343e+23 
1.845 1.987 -2.37605e+20 0 -2.37605e+20 -8.79803e+21 0 -8.79803e+21 -6.47312e+23 0 -6.47312e+23 
1.846 1.987 -2.46741e+20 0 -2.46741e+20 -9.13633e+21 0 -9.13633e+21 -6.72202e+23 0 -6.72202e+23 
1.847 1.987 -2.56229e+20 0 -2.56229e+20 -9.48764e+21 0 -9.48764e+21 -6.98049e+23 0 -6.98049e+23 
1.848 1.987 -2.66081e+20 0 -2.66081e+20 -9.85246e+21 0 -9.85246e+21 -7.24891e+23 0 -7.24891e+23 
1.849 1.987 -2.76313e+20 0 -2.76313e+20 -1.02313e+22 0 -1.02313e+22 -7.52764e+23 0 -7.52764e+23 
1.85 1.987 -2.86938e+20 0 -2.86938e+20 -1.06247e+22 0 -1.06247e+22 -7.81709e+23 0 -7.81709e+23 
1.851 1.987 -2.97971e+20 0 -2.97971e+20 -1.10333e+22 0 -1.10333e+22 -8.11767e+23 0 -8.11767e+23 
1.852 1.987 -3.09428e+20 0 -3.09428e+20 -1.14575e+22 0 -1.14575e+22 -8.42981e+23 0 -8.42981e+23 
1.853 1.987 -3.21326e+20 0 -3.21326e+20 -1.18981e+22 0 -1.18981e+22 -8.75395e+23 0 -8.75395e+23 
1.854 1.987 -3.33682e+20 0 -3.33682e+20 -1.23556e+22 0 -1.23556e+22 -9.09056e+23 0 -9.09056e+23 
1.855 1.987 -3.46513e+20 0 -3.46513e+20 -1.28307e+22 0 -1.28307e+22 -9.4401e+23 0 -9.4401e+23 
1.856 1.987 -3.59837e+20 0 -3.59837e+20 -1.3324e+22 0 -1.3324e+22 -9.80309e+23 0 -9.80309e+23 
1.857 1.987 -3.73673e+20 0 -3.73673e+20 -1.38364e+22 0 -1.38364e+22 -1.018e+24 0 -1.018e+24 
1.858 1.987 -3.88041e+20 0 -3.88041e+20 -1.43684e+22 0 -1.43684e+22 -1.05715e+24 0 -1.05715e+24 
1.859 1.987 -4.02962e+20 0 -4.02962e+20 -1.49209e+22 0 -1.49209e+22 -1.0978e+24 0 -1.0978e+24 
1.86 1.987 -4.18457e+20 0 -4.18457e+20 -1.54946e+22 0 -1.54946e+22 -1.14001e+24 0 -1.14001e+24 
1.861 1.987 -4.34547e+20 0 -4.34547e+20 -1.60904e+22 0 -1.60904e+22 -1.18384e+24 0 -1.18384e+24 
1.862 1.987 -4.51256e+20 0 -4.51256e+20 -1.67091e+22 0 -1.67091e+22 -1.22937e+24 0 -1.22937e+24 
1.863 1.987 -4.68608e+20 0 -4.68608e+20 -1.73516e+22 0 -1.73516e+22 -1.27664e+24 0 -1.27664e+24 
1.864 1.987 -4.86627e+20 0 -4.86627e+20 -1.80188e+22 0 -1.80188e+22 -1.32573e+24 0 -1.32573e+24 
1.865 1.987 -5.05338e+20 0 -5.05338e+20 -1.87117e+22 0 -1.87117e+22 -1.3767e+24 0 -1.3767e+24 
1.866 1.987 -5.2477e+20 0 -5.2477e+20 -1.94312e+22 0 -1.94312e+22 -1.42964e+24 0 -1.42964e+24 
1.867 1.987 -5.44948e+20 0 -5.44948e+20 -2.01783e+22 0 -2.01783e+22 -1.48461e+24 0 -1.48461e+24 
1.868 1.987 -5.65902e+20 0 -5.65902e+20 -2.09542e+22 0 -2.09542e+22 -1.5417e+24 0 -1.5417e+24 
1.869 1.987 -5.87662e+20 0 -5.87662e+20 -2.17599e+22 0 -2.17599e+22 -1.60098e+24 0 -1.60098e+24 
1.87 1.987 -6.10259e+20 0 -6.10259e+20 -2.25966e+22 0 -2.25966e+22 -1.66254e+24 0 -1.66254e+24 
1.871 1.987 -6.33724e+20 0 -6.33724e+20 -2.34655e+22 0 -2.34655e+22 -1.72647e+24 0 -1.72647e+24 
1.872 1.987 -6.58092e+20 0 -6.58092e+20 -2.43678e+22 0 -2.43678e+22 -1.79285e+24 0 -1.79285e+24 
1.873 1.987 -6.83397e+20 0 -6.83397e+20 -2.53048e+22 0 -2.53048e+22 -1.86179e+24 0 -1.86179e+24 
1.874 1.987 -7.09675e+20 0 -7.09675e+20 -2.62778e+22 0 -2.62778e+22 -1.93338e+24 0 -1.93338e+24 
1.875 1.987 -7.36963e+20 0 -7.36963e+20 -2.72882e+22 0 -2.72882e+22 -2.00772e+24 0 -2.00772e+24 
1.876 1.987 -7.653e+20 0 -7.653e+20 -2.83375e+22 0 -2.83375e+22 -2.08492e+24 0 -2.08492e+24 
1.877 1.987 -7.94727e+20 0 -7.94727e+20 -2.94272e+22 0 -2.94272e+22 -2.16509e+24 0 -2.16509e+24 
1.878 1.987 -8.25286e+20 0 -8.25286e+20 -3.05587e+22 0 -3.05587e+22 -2.24834e+24 0 -2.24834e+24 
1.879 1.987 -8.5702e+20 0 -8.5702e+20 -3.17337e+22 0 -3.17337e+22 -2.33479e+24 0 -2.33479e+24 
1.88 1.987 -8.89974e+20 0 -8.89974e+20 -3.29539e+22 0 -3.29539e+22 -2.42457e+24 0 -2.42457e+24 
1.881 1.987 -9.24195e+20 0 -9.24195e+20 -3.42211e+22 0 -3.42211e+22 -2.5178e+24 0 -2.5178e+24 
1.882 1.987 -9.59732e+20 0 -9.59732e+20 -3.55369e+22 0 -3.55369e+22 -2.61461e+24 0 -2.61461e+24 
1.883 1.987 -9.96635e+20 0 -9.96635e+20 -3.69034e+22 0 -3.69034e+22 -2.71515e+24 0 -2.71515e+24 
1.884 1.987 -1.03496e+21 0 -1.03496e+21 -3.83224e+22 0 -3.83224e+22 -2.81955e+24 0 -2.81955e+24 
1.885 1.987 -1.07475e+21 0 -1.07475e+21 -3.97959e+22 0 -3.97959e+22 -2.92797e+24 0 -2.92797e+24 
1.886 1.987 -1.11608e+21 0 -1.11608e+21 -4.13262e+22 0 -4.13262e+22 -3.04056e+24 0 -3.04056e+24 
1.887 1.987 -1.15899e+21 0 -1.15899e+21 -4.29152e+22 0 -4.29152e+22 -3.15747e+24 0 -3.15747e+24 
1.888 1.987 -1.20356e+21 0 -1.20356e+21 -4.45654e+22 0 -4.45654e+22 -3.27888e+24 0 -3.27888e+24 
1.889 1.987 -1.24984e+21 0 -1.24984e+21 -4.6279e+22 0 -4.6279e+22 -3.40496e+24 0 -3.40496e+24 
1.89 1.987 -1.2979e+21 0 -1.2979e+21 -4.80585e+22 0 -4.80585e+22 -3.53589e+24 0 -3.53589e+24 
1.891 1.987 -1.3478e+21 0 -1.3478e+21 -4.99065e+22 0 -4.99065e+22 -3.67185e+24 0 -3.67185e+24 
1.892 1.987 -1.39963e+21 0 -1.39963e+21 -5.18255e+22 0 -5.18255e+22 -3.81304e+24 0 -3.81304e+24 
1.893 1.987 -1.45345e+21 0 -1.45345e+21 -5.38182e+22 0 -5.38182e+22 -3.95965e+24 0 -3.95965e+24 
1.894 1.987 -1.50934e+21 0 -1.50934e+21 -5.58876e+22 0 -5.58876e+22 -4.11191e+24 0 -4.11191e+24 
1.895 1.987 -1.56737e+21 0 -1.56737e+21 -5.80366e+22 0 -5.80366e+22 -4.27002e+24 0 -4.27002e+24 
1.896 1.987 -1.62764e+21 0 -1.62764e+21 -6.02682e+22 0 -6.02682e+22 -4.43421e+24 0 -4.43421e+24 
1.897 1.987 -1.69023e+21 0 -1.69023e+21 -6.25857e+22 0 -6.25857e+22 -4.60471e+24 0 -4.60471e+24 
1.898 1.987 -1.75522e+21 0 -1.75522e+21 -6.49922e+22 0 -6.49922e+22 -4.78177e+24 0 -4.78177e+24 
1.899 1.987 -1.82271e+21 0 -1.82271e+21 -6.74913e+22 0 -6.74913e+22 -4.96564e+24 0 -4.96564e+24 
1.9 1.987 -1.8928e+21 0 -1.8928e+21 -7.00864e+22 0 -7.00864e+22 -5.15658e+24 0 -5.15658e+24 
1.901 1.987 -1.96558e+21 0 -1.96558e+21 -7.27814e+22 0 -7.27814e+22 -5.35486e+24 0 -5.35486e+24 
1.902 1.987 -2.04116e+21 0 -2.04116e+21 -7.55799e+22 0 -7.55799e+22 -5.56076e+24 0 -5.56076e+24 
1.903 1.987 -2.11964e+21 0 -2.11964e+21 -7.84861e+22 0 -7.84861e+22 -5.77458e+24 0 -5.77458e+24 
1.904 1.987 -2.20115e+21 0 -2.20115e+21 -8.1504e+22 0 -8.1504e+22 -5.99663e+24 0 -5.99663e+24 
1.905 1.987 -2.28579e+21 0 -2.28579e+21 -8.4638e+22 0 -8.4638e+22 -6.22721e+24 0 -6.22721e+24 
1.906 1.987 -2.37368e+21 0 -2.37368e+21 -8.78925e+22 0 -8.78925e+22 -6.46665e+24 0 -6.46665e+24 
1.907 1.987 -2.46495e+21 0 -2.46495e+21 -9.12721e+22 0 -9.12721e+22 -6.71531e+24 0 -6.71531e+24 
1.908 1.987 -2.55973e+21 0 -2.55973e+21 -9.47817e+22 0 -9.47817e+22 -6.97352e+24 0 -6.97352e+24 
1.909 1.987 -2.65816e+21 0 -2.65816e+21 -9.84262e+22 0 -9.84262e+22 -7.24167e+24 0 -7.24167e+24 
1.91 1.987 -2.76037e+21 0 -2.76037e+21 -1.02211e+23 0 -1.02211e+23 -7.52012e+24 0 -7.52012e+24 
1.911 1.987 -2.86651e+21 0 -2.86651e+21 -1.06141e+23 0 -1.06141e+23 -7.80929e+24 0 -7.80929e+24 
1.912 1.987 -2.97673e+21 0 -2.97673e+21 -1.10222e+23 0 -1.10222e+23 -8.10957e+24 0 -8.10957e+24 
1.913 1.987 -3.09119e+21 0 -3.09119e+21 -1.14461e+23 0 -1.14461e+23 -8.42139e+24 0 -8.42139e+24 
1.914 1.987 -3.21005e+21 0 -3.21005e+21 -1.18862e+23 0 -1.18862e+23 -8.74521e+24 0 -8.74521e+24 
1.915 1.987 -3.33349e+21 0 -3.33349e+21 -1.23432e+23 0 -1.23432e+23 -9.08148e+24 0 -9.08148e+24 
1.916 1.987 -3.46167e+21 0 -3.46167e+21 -1.28178e+23 0 -1.28178e+23 -9.43068e+24 0 -9.43068e+24 
1.917 1.987 -3.59477e+21 0 -3.59477e+21 -1.33107e+23 0 -1.33107e+23 -9.7933e+24 0 -9.7933e+24 
1.918 1.987 -3.733e+21 0 -3.733e+21 -1.38225e+23 0 -1.38225e+23 -1.01699e+25 0 -1.01699e+25 
1.919 1.987 -3.87654e+21 0 -3.87654e+21 -1.4354e+23 0 -1.4354e+23 -1.05609e+25 0 -1.05609e+25 
1.92 1.987 -4.0256e+21 0 -4.0256e+21 -1.4906e+23 0 -1.4906e+23 -1.0967e+25 0 -1.0967e+25 
1.921 1.987 -4.18039e+21 0 -4.18039e+21 -1.54791e+23 0 -1.54791e+23 -1.13887e+25 0 -1.13887e+25 
1.922 1.987 -4.34113e+21 0 -4.34113e+21 -1.60743e+23 0 -1.60743e+23 -1.18266e+25 0 -1.18266e+25 
1.923 1.987 -4.50806e+21 0 -4.50806e+21 -1.66924e+23 0 -1.66924e+23 -1.22814e+25 0 -1.22814e+25 
1.924 1.987 -4.6814e+21 0 -4.6814e+21 -1.73343e+23 0 -1.73343e+23 -1.27536e+25 0 -1.27536e+25 
1.925 1.987 -4.86141e+21 0 -4.86141e+21 -1.80008e+23 0 -1.80008e+23 -1.3244e+25 0 -1.3244e+25 
1.926 1.987 -5.04834e+21 0 -5.04834e+21 -1.8693e+23 0 -1.8693e+23 -1.37533e+25 0 -1.37533e+25 
1.927 1.987 -5.24246e+21 0 -5.24246e+21 -1.94118e+23 0 -1.94118e+23 -1.42821e+25 0 -1.42821e+25 
1.928 1.987 -5.44404e+21 0 -5.44404e+21 -2.01582e+23 0 -2.01582e+23 -1.48313e+25 0 -1.48313e+25 
1.929 1.987 -5.65337e+21 0 -5.65337e+21 -2.09333e+23 0 -2.09333e+23 -1.54016e+25 0 -1.54016e+25 
1.93 1.987 -5.87075e+21 0 -5.87075e+21 -2.17382e+23 0 -2.17382e+23 -1.59938e+25 0 -1.59938e+25 
1.931 1.987 -6.09649e+21 0 -6.09649e+21 -2.25741e+23 0 -2.25741e+23 -1.66088e+25 0 -1.66088e+25 
1.932 1.987 -6.33091e+21 0 -6.33091e+21 -2.34421e+23 0 -2.34421e+23 -1.72474e+25 0 -1.72474e+25 
1.933 1.987 -6.57435e+21 0 -6.57435e+21 -2.43435e+23 0 -2.43435e+23 -1.79106e+25 0 -1.79106e+25 
1.934 1.987 -6.82714e+21 0 -6.82714e+21 -2.52795e+23 0 -2.52795e+23 -1.85993e+25 0 -1.85993e+25 
1.935 1.987 -7.08966e+21 0 -7.08966e+21 -2.62516e+23 0 -2.62516e+23 -1.93145e+25 0 -1.93145e+25 
1.936 1.987 -7.36227e+21 0 -7.36227e+21 -2.7261e+23 0 -2.7261e+23 -2.00572e+25 0 -2.00572e+25 
1.937 1.987 -7.64536e+21 0 -7.64536e+21 -2.83092e+23 0 -2.83092e+23 -2.08284e+25 0 -2.08284e+25 
1.938 1.987 -7.93934e+21 0 -7.93934e+21 -2.93978e+23 0 -2.93978e+23 -2.16293e+25 0 -2.16293e+25 
1.939 1.987 -8.24462e+21 0 -8.24462e+21 -3.05282e+23 0 -3.05282e+23 -2.2461e+25 0 -2.2461e+25 
1.94 1.987 -8.56164e+21 0 -8.56164e+21 -3.1702e+23 0 -3.1702e+23 -2.33246e+25 0 -2.33246e+25 
1.941 1.987 -8.89085e+21 0 -8.89085e+21 -3.2921e+23 0 -3.2921e+23 -2.42215e+25 0 -2.42215e+25 
1.942 1.987 -9.23272e+21 0 -9.23272e+21 -3.41869e+23 0 -3.41869e+23 -2.51529e+25 0 -2.51529e+25 
1.943 1.987 -9.58773e+21 0 -9.58773e+21 -3.55014e+23 0 -3.55014e+23 -2.612e+25 0 -2.612e+25 
1.944 1.987 -9.9564e+21 0 -9.9564e+21 -3.68665e+23 0 -3.68665e+23 -2.71244e+25 0 -2.71244e+25 
1.945 1.987 -1.03392e+22 0 -1.03392e+22 -3.82841e+23 0 -3.82841e+23 -2.81674e+25 0 -2.81674e+25 
1.946 1.987 -1.07368e+22 0 -1.07368e+22 -3.97562e+23 0 -3.97562e+23 -2.92505e+25 0 -2.92505e+25 
1.947 1.987 -1.11497e+22 0 -1.11497e+22 -4.12849e+23 0 -4.12849e+23 -3.03752e+25 0 -3.03752e+25 
1.948 1.987 -1.15784e+22 0 -1.15784e+22 -4.28724e+23 0 -4.28724e+23 -3.15432e+25 0 -3.15432e+25 
1.949 1.987 -1.20236e+22 0 -1.20236e+22 -4.45209e+23 0 -4.45209e+23 -3.27561e+25 0 -3.27561e+25 
1.95 1.987 -1.24859e+22 0 -1.24859e+22 -4.62328e+23 0 -4.62328e+23 -3.40156e+25 0 -3.40156e+25 
1.951 1.987 -1.2966e+22 0 -1.2966e+22 -4.80105e+23 0 -4.80105e+23 -3.53236e+25 0 -3.53236e+25 
1.952 1.987 -1.34646e+22 0 -1.34646e+22 -4.98566e+23 0 -4.98566e+23 -3.66818e+25 0 -3.66818e+25 
1.953 1.987 -1.39823e+22 0 -1.39823e+22 -5.17737e+23 0 -5.17737e+23 -3.80923e+25 0 -3.80923e+25 
1.954 1.987 -1.452e+22 0 -1.452e+22 -5.37645e+23 0 -5.37645e+23 -3.9557e+25 0 -3.9557e+25 
1.955 1.987 -1.50783e+22 0 -1.50783e+22 -5.58318e+23 0 -5.58318e+23 -4.1078e+25 0 -4.1078e+25 
1.956 1.987 -1.56581e+22 0 -1.56581e+22 -5.79787e+23 0 -5.79787e+23 -4.26576e+25 0 -4.26576e+25 
1.957 1.987 -1.62602e+22 0 -1.62602e+22 -6.02081e+23 0 -6.02081e+23 -4.42978e+25 0 -4.42978e+25 
1.958 1.987 -1.68854e+22 0 -1.68854e+22 -6.25232e+23 0 -6.25232e+23 -4.60012e+25 0 -4.60012e+25 
1.959 1.987 -1.75347e+22 0 -1.75347e+22 -6.49273e+23 0 -6.49273e+23 -4.777e+25 0 -4.777e+25 
1.96 1.987 -1.82089e+22 0 -1.82089e+22 -6.74239e+23 0 -6.74239e+23 -4.96068e+25 0 -4.96068e+25 
1.961 1.987 -1.89091e+22 0 -1.89091e+22 -7.00164e+23 0 -7.00164e+23 -5.15143e+25 0 -5.15143e+25 
1.962 1.987 -1.96361e+22 0 -1.96361e+22 -7.27087e+23 0 -7.27087e+23 -5.34951e+25 0 -5.34951e+25 
1.963 1.987 -2.03912e+22 0 -2.03912e+22 -7.55045e+23 0 -7.55045e+23 -5.55521e+25 0 -5.55521e+25 
1.964 1.987 -2.11753e+22 0 -2.11753e+22 -7.84077e+23 0 -7.84077e+23 -5.76882e+25 0 -5.76882e+25 
1.965 1.987 -2.19895e+22 0 -2.19895e+22 -8.14227e+23 0 -8.14227e+23 -5.99064e+25 0 -5.99064e+25 
1.966 1.987 -2.2835e+22 0 -2.2835e+22 -8.45535e+23 0 -8.45535e+23 -6.22099e+25 0 -6.22099e+25 
1.967 1.987 -2.37131e+22 0 -2.37131e+22 -8.78047e+23 0 -8.78047e+23 -6.4602e+25 0 -6.4602e+25 
1.968 1.987 -2.46249e+22 0 -2.46249e+22 -9.1181e+23 0 -9.1181e+23 -6.7086e+25 0 -6.7086e+25 
1.969 1.987 -2.55718e+22 0 -2.55718e+22 -9.4687e+23 0 -9.4687e+23 -6.96656e+25 0 -6.96656e+25 
1.97 1.987 -2.6555e+22 0 -2.6555e+22 -9.83279e+23 0 -9.83279e+23 -7.23444e+25 0 -7.23444e+25 
1.971 1.987 -2.75761e+22 0 -2.75761e+22 -1.02109e+24 0 -1.02109e+24 -7.51261e+25 0 -7.51261e+25 
1.972 1.987 -2.86365e+22 0 -2.86365e+22 -1.06035e+24 0 -1.06035e+24 -7.80149e+25 0 -7.80149e+25 
1.973 1.987 -2.97376e+22 0 -2.97376e+22 -1.10112e+24 0 -1.10112e+24 -8.10147e+25 0 -8.10147e+25 
1.974 1.987 -3.08811e+22 0 -3.08811e+22 -1.14346e+24 0 -1.14346e+24 -8.41298e+25 0 -8.41298e+25 
1.975 1.987 -3.20685e+22 0 -3.20685e+22 -1.18743e+24 0 -1.18743e+24 -8.73648e+25 0 -8.73648e+25 
1.976 1.987 -3.33016e+22 0 -3.33016e+22 -1.23309e+24 0 -1.23309e+24 -9.07241e+25 0 -9.07241e+25 
1.977 1.987 -3.45821e+22 0 -3.45821e+22 -1.2805e+24 0 -1.2805e+24 -9.42126e+25 0 -9.42126e+25 
1.978 1.987 -3.59118e+22 0 -3.59118e+22 -1.32974e+24 0 -1.32974e+24 -9.78353e+25 0 -9.78353e+25 
1.979 1.987 -3.72927e+22 0 -3.72927e+22 -1.38087e+24 0 -1.38087e+24 -1.01597e+26 0 -1.01597e+26 
1.98 1.987 -3.87267e+22 0 -3.87267e+22 -1.43397e+24 0 -1.43397e+24 -1.05504e+26 0 -1.05504e+26 
1.981 1.987 -4.02158e+22 0 -4.02158e+22 -1.48911e+24 0 -1.48911e+24 -1.09561e+26 0 -1.09561e+26 
1.982 1.987 -4.17622e+22 0 -4.17622e+22 -1.54637e+24 0 -1.54637e+24 -1.13773e+26 0 -1.13773e+26 
1.983 1.987 -4.3368e+22 0 -4.3368e+22 -1.60583e+24 0 -1.60583e+24 -1.18148e+26 0 -1.18148e+26 
1.984 1.987 -4.50356e+22 0 -4.50356e+22 -1.66758e+24 0 -1.66758e+24 -1.22691e+26 0 -1.22691e+26 
1.985 1.987 -4.67673e+22 0 -4.67673e+22 -1.7317e+24 0 -1.7317e+24 -1.27409e+26 0 -1.27409e+26 
1.986 1.987 -4.85655e+22 0 -4.85655e+22 -1.79828e+24 0 -1.79828e+24 -1.32308e+26 0 -1.32308e+26 
1.987 1.987 -5.0433e+22 0 -5.0433e+22 -1.86743e+24 0 -1.86743e+24 -1.37395e+26 0 -1.37395e+26 
1.988 1.987 -5.23722e+22 0 -5.23722e+22 -1.93924e+24 0 -1.93924e+24 -1.42679e+26 0 -1.42679e+26 
1.989 1.987 -5.4386e+22 0 -5.4386e+22 -2.0138e+24 0 -2.0138e+24 -1.48165e+26 0 -1.48165e+26 
1.99 1.987 -5.64772e+22 0 -5.64772e+22 -2.09124e+24 0 -2.09124e+24 -1.53862e+26 0 -1.53862e+26 
1.991 1.987 -5.86489e+22 0 -5.86489e+22 -2.17165e+24 0 -2.17165e+24 -1.59778e+26 0 -1.59778e+26 
1.992 1.987 -6.09041e+22 0 -6.09041e+22 -2.25515e+24 0 -2.25515e+24 -1.65922e+26 0 -1.65922e+26 
1.993 1.987 -6.32459e+22 0 -6.32459e+22 -2.34187e+24 0 -2.34187e+24 -1.72302e+26 0 -1.72302e+26 
1.994 1.987 -6.56778e+22 0 -6.56778e+22 -2.43192e+24 0 -2.43192e+24 -1.78927e+26 0 -1.78927e+26 
1.995 1.987 -6.82033e+22 0 -6.82033e+22 -2.52543e+24 0 -2.52543e+24 -1.85807e+26 0 -1.85807e+26 
1.996 1.987 -7.08258e+22 0 -7.08258e+22 -2.62254e+24 0 -2.62254e+24 -1.92952e+26 0 -1.92952e+26 
1.997 1.987 -7.35492e+22 0 -7.35492e+22 -2.72338e+24 0 -2.72338e+24 -2.00371e+26 0 -2.00371e+26 
1.998 1.987 -7.63773e+22 0 -7.63773e+22 -2.8281e+24 0 -2.8281e+24 -2.08076e+26 0 -2.08076e+26 
1.999 1.987 -7.93141e+22 0 -7.93141e+22 -2.93684e+24 0 -2.93684e+24 -2.16077e+26 0 -2.16077e+26 
2 1.987 -8.23639e+22 0 -8.23639e+22 -3.04977e+24 0 -3.04977e+24 -2.24385e+26 0 -2.24385e+26 
2.001 1.987 -8.55309e+22 0 -8.55309e+22 -3.16704e+24 0 -3.16704e+24 -2.33013e+26 0 -2.33013e+26 
2.002 1.987 -8.88197e+22 0 -8.88197e+22 -3.28882e+24 0 -3.28882e+24 -2.41973e+26 0 -2.41973e+26 
2.003 1.987 -9.2235e+22 0 -9.2235e+22 -3.41528e+24 0 -3.41528e+24 -2.51278e+26 0 -2.51278e+26 
2.004 1.987 -9.57816e+22 0 -9.57816e+22 -3.5466e+24 0 -3.5466e+24 -2.6094e+26 0 -2.6094e+26 
2.005 1.987 -9.94646e+22 0 -9.94646e+22 -3.68297e+24 0 -3.68297e+24 -2.70973e+26 0 -2.70973e+26 
2.006 1.987 -1.03289e+23 0 -1.03289e+23 -3.82459e+24 0 -3.82459e+24 -2.81393e+26 0 -2.81393e+26 
2.007 1.987 -1.07261e+23 0 -1.07261e+23 -3.97165e+24 0 -3.97165e+24 -2.92213e+26 0 -2.92213e+26 
2.008 1.987 -1.11385e+23 0 -1.11385e+23 -4.12437e+24 0 -4.12437e+24 -3.03449e+26 0 -3.03449e+26 
2.009 1.987 -1.15668e+23 0 -1.15668e+23 -4.28296e+24 0 -4.28296e+24 -3.15117e+26 0 -3.15117e+26 
2.01 1.987 -1.20116e+23 0 -1.20116e+23 -4.44764e+24 0 -4.44764e+24 -3.27234e+26 0 -3.27234e+26 
2.011 1.987 -1.24734e+23 0 -1.24734e+23 -4.61866e+24 0 -4.61866e+24 -3.39816e+26 0 -3.39816e+26 
2.012 1.987 -1.29531e+23 0 -1.29531e+23 -4.79626e+24 0 -4.79626e+24 -3.52883e+26 0 -3.52883e+26 
2.013 1.987 -1.34511e+23 0 -1.34511e+23 -4.98069e+24 0 -4.98069e+24 -3.66452e+26 0 -3.66452e+26 
2.014 1.987 -1.39684e+23 0 -1.39684e+23 -5.1722e+24 0 -5.1722e+24 -3.80543e+26 0 -3.80543e+26 
2.015 1.987 -1.45055e+23 0 -1.45055e+23 -5.37108e+24 0 -5.37108e+24 -3.95175e+26 0 -3.95175e+26 
2.016 1.987 -1.50632e+23 0 -1.50632e+23 -5.57761e+24 0 -5.57761e+24 -4.1037e+26 0 -4.1037e+26 
2.017 1.987 -1.56424e+23 0 -1.56424e+23 -5.79208e+24 0 -5.79208e+24 -4.2615e+26 0 -4.2615e+26 
2.018 1.987 -1.62439e+23 0 -1.62439e+23 -6.01479e+24 0 -6.01479e+24 -4.42536e+26 0 -4.42536e+26 
2.019 1.987 -1.68685e+23 0 -1.68685e+23 -6.24607e+24 0 -6.24607e+24 -4.59552e+26 0 -4.59552e+26 
2.02 1.987 -1.75171e+23 0 -1.75171e+23 -6.48625e+24 0 -6.48625e+24 -4.77223e+26 0 -4.77223e+26 
2.021 1.987 -1.81907e+23 0 -1.81907e+23 -6.73565e+24 0 -6.73565e+24 -4.95573e+26 0 -4.95573e+26 
2.022 1.987 -1.88902e+23 0 -1.88902e+23 -6.99465e+24 0 -6.99465e+24 -5.14629e+26 0 -5.14629e+26 
2.023 1.987 -1.96165e+23 0 -1.96165e+23 -7.26361e+24 0 -7.26361e+24 -5.34417e+26 0 -5.34417e+26 
2.024 1.987 -2.03708e+23 0 -2.03708e+23 -7.54291e+24 0 -7.54291e+24 -5.54966e+26 0 -5.54966e+26 
2.025 1.987 -2.11541e+23 0 -2.11541e+23 -7.83294e+24 0 -7.83294e+24 -5.76306e+26 0 -5.76306e+26 
2.026 1.987 -2.19675e+23 0 -2.19675e+23 -8.13413e+24 0 -8.13413e+24 -5.98466e+26 0 -5.98466e+26 
2.027 1.987 -2.28122e+23 0 -2.28122e+23 -8.44691e+24 0 -8.44691e+24 -6.21478e+26 0 -6.21478e+26 
2.028 1.987 -2.36894e+23 0 -2.36894e+23 -8.77171e+24 0 -8.77171e+24 -6.45375e+26 0 -6.45375e+26 
2.029 1.987 -2.46003e+23 0 -2.46003e+23 -9.10899e+24 0 -9.10899e+24 -6.7019e+26 0 -6.7019e+26 
2.03 1.987 -2.55462e+23 0 -2.55462e+23 -9.45925e+24 0 -9.45925e+24 -6.9596e+26 0 -6.9596e+26 
2.031 1.987 -2.65285e+23 0 -2.65285e+23 -9.82297e+24 0 -9.82297e+24 -7.22721e+26 0 -7.22721e+26 
2.032 1.987 -2.75486e+23 0 -2.75486e+23 -1.02007e+25 0 -1.02007e+25 -7.50511e+26 0 -7.50511e+26 
2.033 1.987 -2.86079e+23 0 -2.86079e+23 -1.05929e+25 0 -1.05929e+25 -7.7937e+26 0 -7.7937e+26 
2.034 1.987 -2.97079e+23 0 -2.97079e+23 -1.10002e+25 0 -1.10002e+25 -8.09338e+26 0 -8.09338e+26 
2.035 1.987 -3.08502e+23 0 -3.08502e+23 -1.14232e+25 0 -1.14232e+25 -8.40458e+26 0 -8.40458e+26 
2.036 1.987 -3.20365e+23 0 -3.20365e+23 -1.18625e+25 0 -1.18625e+25 -8.72775e+26 0 -8.72775e+26 
2.037 1.987 -3.32683e+23 0 -3.32683e+23 -1.23186e+25 0 -1.23186e+25 -9.06335e+26 0 -9.06335e+26 
2.038 1.987 -3.45476e+23 0 -3.45476e+23 -1.27923e+25 0 -1.27923e+25 -9.41185e+26 0 -9.41185e+26 
2.039 1.987 -3.5876e+23 0 -3.5876e+23 -1.32841e+25 0 -1.32841e+25 -9.77376e+26 0 -9.77376e+26 
2.04 1.987 -3.72555e+23 0 -3.72555e+23 -1.37949e+25 0 -1.37949e+25 -1.01496e+27 0 -1.01496e+27 
2.041 1.987 -3.8688e+23 0 -3.8688e+23 -1.43254e+25 0 -1.43254e+25 -1.05398e+27 0 -1.05398e+27 
2.042 1.987 -4.01756e+23 0 -4.01756e+23 -1.48762e+25 0 -1.48762e+25 -1.09451e+27 0 -1.09451e+27 
2.043 1.987 -4.17205e+23 0 -4.17205e+23 -1.54482e+25 0 -1.54482e+25 -1.1366e+27 0 -1.1366e+27 
2.044 1.987 -4.33247e+23 0 -4.33247e+23 -1.60423e+25 0 -1.60423e+25 -1.1803e+27 0 -1.1803e+27 
2.045 1.987 -4.49906e+23 0 -4.49906e+23 -1.66591e+25 0 -1.66591e+25 -1.22569e+27 0 -1.22569e+27 
2.046 1.987 -4.67206e+23 0 -4.67206e+23 -1.72997e+25 0 -1.72997e+25 -1.27282e+27 0 -1.27282e+27 
2.047 1.987 -4.8517e+23 0 -4.8517e+23 -1.79649e+25 0 -1.79649e+25 -1.32176e+27 0 -1.32176e+27 
2.048 1.987 -5.03826e+23 0 -5.03826e+23 -1.86557e+25 0 -1.86557e+25 -1.37258e+27 0 -1.37258e+27 
2.049 1.987 -5.23199e+23 0 -5.23199e+23 -1.9373e+25 0 -1.9373e+25 -1.42536e+27 0 -1.42536e+27 
2.05 1.987 -5.43317e+23 0 -5.43317e+23 -2.01179e+25 0 -2.01179e+25 -1.48017e+27 0 -1.48017e+27 
2.051 1.987 -5.64209e+23 0 -5.64209e+23 -2.08915e+25 0 -2.08915e+25 -1.53708e+27 0 -1.53708e+27 
2.052 1.987 -5.85903e+23 0 -5.85903e+23 -2.16948e+25 0 -2.16948e+25 -1.59619e+27 0 -1.59619e+27 
2.053 1.987 -6.08432e+23 0 -6.08432e+23 -2.2529e+25 0 -2.2529e+25 -1.65756e+27 0 -1.65756e+27 
2.054 1.987 -6.31828e+23 0 -6.31828e+23 -2.33953e+25 0 -2.33953e+25 -1.7213e+27 0 -1.7213e+27 
2.055 1.987 -6.56123e+23 0 -6.56123e+23 -2.42949e+25 0 -2.42949e+25 -1.78749e+27 0 -1.78749e+27 
2.056 1.987 -6.81352e+23 0 -6.81352e+23 -2.52291e+25 0 -2.52291e+25 -1.85622e+27 0 -1.85622e+27 
2.057 1.987 -7.07551e+23 0 -7.07551e+23 -2.61992e+25 0 -2.61992e+25 -1.92759e+27 0 -1.92759e+27 
2.058 1.987 -7.34757e+23 0 -7.34757e+23 -2.72066e+25 0 -2.72066e+25 -2.00171e+27 0 -2.00171e+27 
2.059 1.987 -7.6301e+23 0 -7.6301e+23 -2.82527e+25 0 -2.82527e+25 -2.07868e+27 0 -2.07868e+27 
2.06 1.987 -7.92349e+23 0 -7.92349e+23 -2.93391e+25 0 -2.93391e+25 -2.15861e+27 0 -2.15861e+27 
2.061 1.987 -8.22816e+23 0 -8.22816e+23 -3.04672e+25 0 -3.04672e+25 -2.24161e+27 0 -2.24161e+27 
2.062 1.987 -8.54455e+23 0 -8.54455e+23 -3.16387e+25 0 -3.16387e+25 -2.32781e+27 0 -2.32781e+27 
2.063 1.987 -8.8731e+23 0 -8.8731e+23 -3.28553e+25 0 -3.28553e+25 -2.41732e+27 0 -2.41732e+27 
2.064 1.987 -9.21429e+23 0 -9.21429e+23 -3.41187e+25 0 -3.41187e+25 -2.51027e+27 0 -2.51027e+27 
2.065 1.987 -9.5686e+23 0 -9.5686e+23 -3.54306e+25 0 -3.54306e+25 -2.60679e+27 0 -2.60679e+27 
2.066 1.987 -9.93653e+23 0 -9.93653e+23 -3.67929e+25 0 -3.67929e+25 -2.70703e+27 0 -2.70703e+27 
2.067 1.987 -1.03186e+24 0 -1.03186e+24 -3.82077e+25 0 -3.82077e+25 -2.81112e+27 0 -2.81112e+27 
2.068 1.987 -1.07154e+24 0 -1.07154e+24 -3.96769e+25 0 -3.96769e+25 -2.91921e+27 0 -2.91921e+27 
2.069 1.987 -1.11274e+24 0 -1.11274e+24 -4.12025e+25 0 -4.12025e+25 -3.03146e+27 0 -3.03146e+27 
2.07 1.987 -1.15553e+24 0 -1.15553e+24 -4.27868e+25 0 -4.27868e+25 -3.14802e+27 0 -3.14802e+27 
2.071 1.987 -1.19996e+24 0 -1.19996e+24 -4.4432e+25 0 -4.4432e+25 -3.26907e+27 0 -3.26907e+27 
2.072 1.987 -1.2461e+24 0 -1.2461e+24 -4.61405e+25 0 -4.61405e+25 -3.39477e+27 0 -3.39477e+27 
2.073 1.987 -1.29401e+24 0 -1.29401e+24 -4.79147e+25 0 -4.79147e+25 -3.52531e+27 0 -3.52531e+27 
2.074 1.987 -1.34377e+24 0 -1.34377e+24 -4.97571e+25 0 -4.97571e+25 -3.66086e+27 0 -3.66086e+27 
2.075 1.987 -1.39544e+24 0 -1.39544e+24 -5.16704e+25 0 -5.16704e+25 -3.80163e+27 0 -3.80163e+27 
2.076 1.987 -1.4491e+24 0 -1.4491e+24 -5.36572e+25 0 -5.36572e+25 -3.94781e+27 0 -3.94781e+27 
2.077 1.987 -1.50482e+24 0 -1.50482e+24 -5.57204e+25 0 -5.57204e+25 -4.09961e+27 0 -4.09961e+27 
2.078 1.987 -1.56268e+24 0 -1.56268e+24 -5.78629e+25 0 -5.78629e+25 -4.25724e+27 0 -4.25724e+27 
2.079 1.987 -1.62277e+24 0 -1.62277e+24 -6.00879e+25 0 -6.00879e+25 -4.42094e+27 0 -4.42094e+27 
2.08 1.987 -1.68517e+24 0 -1.68517e+24 -6.23984e+25 0 -6.23984e+25 -4.59093e+27 0 -4.59093e+27 
2.081 1.987 -1.74997e+24 0 -1.74997e+24 -6.47977e+25 0 -6.47977e+25 -4.76746e+27 0 -4.76746e+27 
2.082 1.987 -1.81725e+24 0 -1.81725e+24 -6.72893e+25 0 -6.72893e+25 -4.95078e+27 0 -4.95078e+27 
2.083 1.987 -1.88713e+24 0 -1.88713e+24 -6.98767e+25 0 -6.98767e+25 -5.14115e+27 0 -5.14115e+27 
2.084 1.987 -1.9597e+24 0 -1.9597e+24 -7.25635e+25 0 -7.25635e+25 -5.33883e+27 0 -5.33883e+27 
2.085 1.987 -2.03505e+24 0 -2.03505e+24 -7.53537e+25 0 -7.53537e+25 -5.54412e+27 0 -5.54412e+27 
2.086 1.987 -2.1133e+24 0 -2.1133e+24 -7.82512e+25 0 -7.82512e+25 -5.7573e+27 0 -5.7573e+27 
2.087 1.987 -2.19456e+24 0 -2.19456e+24 -8.12601e+25 0 -8.12601e+25 -5.97868e+27 0 -5.97868e+27 
2.088 1.987 -2.27895e+24 0 -2.27895e+24 -8.43847e+25 0 -8.43847e+25 -6.20857e+27 0 -6.20857e+27 
2.089 1.987 -2.36657e+24 0 -2.36657e+24 -8.76295e+25 0 -8.76295e+25 -6.4473e+27 0 -6.4473e+27 
2.09 1.987 -2.45757e+24 0 -2.45757e+24 -9.0999e+25 0 -9.0999e+25 -6.69521e+27 0 -6.69521e+27 
2.091 1.987 -2.55207e+24 0 -2.55207e+24 -9.4498e+25 0 -9.4498e+25 -6.95265e+27 0 -6.95265e+27 
2.092 1.987 -2.6502e+24 0 -2.6502e+24 -9.81317e+25 0 -9.81317e+25 -7.22e+27 0 -7.22e+27 
2.093 1.987 -2.75211e+24 0 -2.75211e+24 -1.01905e+26 0 -1.01905e+26 -7.49762e+27 0 -7.49762e+27 
2.094 1.987 -2.85793e+24 0 -2.85793e+24 -1.05823e+26 0 -1.05823e+26 -7.78591e+27 0 -7.78591e+27 
2.095 1.987 -2.96782e+24 0 -2.96782e+24 -1.09893e+26 0 -1.09893e+26 -8.0853e+27 0 -8.0853e+27 
2.096 1.987 -3.08194e+24 0 -3.08194e+24 -1.14118e+26 0 -1.14118e+26 -8.39619e+27 0 -8.39619e+27 
2.097 1.987 -3.20045e+24 0 -3.20045e+24 -1.18506e+26 0 -1.18506e+26 -8.71904e+27 0 -8.71904e+27 
2.098 1.987 -3.32351e+24 0 -3.32351e+24 -1.23063e+26 0 -1.23063e+26 -9.0543e+27 0 -9.0543e+27 
2.099 1.987 -3.45131e+24 0 -3.45131e+24 -1.27795e+26 0 -1.27795e+26 -9.40246e+27 0 -9.40246e+27 
2.1 1.987 -3.58401e+24 0 -3.58401e+24 -1.32709e+26 0 -1.32709e+26 -9.764e+27 0 -9.764e+27 
2.101 1.987 -3.72183e+24 0 -3.72183e+24 -1.37812e+26 0 -1.37812e+26 -1.01394e+28 0 -1.01394e+28 
2.102 1.987 -3.86494e+24 0 -3.86494e+24 -1.43111e+26 0 -1.43111e+26 -1.05293e+28 0 -1.05293e+28 
2.103 1.987 -4.01355e+24 0 -4.01355e+24 -1.48614e+26 0 -1.48614e+26 -1.09342e+28 0 -1.09342e+28 
2.104 1.987 -4.16788e+24 0 -4.16788e+24 -1.54328e+26 0 -1.54328e+26 -1.13546e+28 0 -1.13546e+28 
2.105 1.987 -4.32814e+24 0 -4.32814e+24 -1.60262e+26 0 -1.60262e+26 -1.17912e+28 0 -1.17912e+28 
2.106 1.987 -4.49457e+24 0 -4.49457e+24 -1.66425e+26 0 -1.66425e+26 -1.22446e+28 0 -1.22446e+28 
2.107 1.987 -4.66739e+24 0 -4.66739e+24 -1.72824e+26 0 -1.72824e+26 -1.27155e+28 0 -1.27155e+28 
2.108 1.987 -4.84686e+24 0 -4.84686e+24 -1.79469e+26 0 -1.79469e+26 -1.32044e+28 0 -1.32044e+28 
2.109 1.987 -5.03323e+24 0 -5.03323e+24 -1.8637e+26 0 -1.8637e+26 -1.37121e+28 0 -1.37121e+28 
2.11 1.987 -5.22677e+24 0 -5.22677e+24 -1.93537e+26 0 -1.93537e+26 -1.42394e+28 0 -1.42394e+28 
2.111 1.987 -5.42774e+24 0 -5.42774e+24 -2.00978e+26 0 -2.00978e+26 -1.47869e+28 0 -1.47869e+28 
2.112 1.987 -5.63645e+24 0 -5.63645e+24 -2.08706e+26 0 -2.08706e+26 -1.53555e+28 0 -1.53555e+28 
2.113 1.987 -5.85318e+24 0 -5.85318e+24 -2.16732e+26 0 -2.16732e+26 -1.59459e+28 0 -1.59459e+28 
2.114 1.987 -6.07825e+24 0 -6.07825e+24 -2.25065e+26 0 -2.25065e+26 -1.65591e+28 0 -1.65591e+28 
2.115 1.987 -6.31197e+24 0 -6.31197e+24 -2.33719e+26 0 -2.33719e+26 -1.71958e+28 0 -1.71958e+28 
2.116 1.987 -6.55467e+24 0 -6.55467e+24 -2.42706e+26 0 -2.42706e+26 -1.7857e+28 0 -1.7857e+28 
2.117 1.987 -6.80671e+24 0 -6.80671e+24 -2.52039e+26 0 -2.52039e+26 -1.85437e+28 0 -1.85437e+28 
2.118 1.987 -7.06844e+24 0 -7.06844e+24 -2.6173e+26 0 -2.6173e+26 -1.92567e+28 0 -1.92567e+28 
2.119 1.987 -7.34024e+24 0 -7.34024e+24 -2.71794e+26 0 -2.71794e+26 -1.99971e+28 0 -1.99971e+28 
2.12 1.987 -7.62248e+24 0 -7.62248e+24 -2.82245e+26 0 -2.82245e+26 -2.07661e+28 0 -2.07661e+28 
2.121 1.987 -7.91558e+24 0 -7.91558e+24 -2.93098e+26 0 -2.93098e+26 -2.15646e+28 0 -2.15646e+28 
2.122 1.987 -8.21995e+24 0 -8.21995e+24 -3.04368e+26 0 -3.04368e+26 -2.23938e+28 0 -2.23938e+28 
2.123 1.987 -8.53602e+24 0 -8.53602e+24 -3.16072e+26 0 -3.16072e+26 -2.32548e+28 0 -2.32548e+28 
2.124 1.987 -8.86424e+24 0 -8.86424e+24 -3.28225e+26 0 -3.28225e+26 -2.4149e+28 0 -2.4149e+28 
2.125 1.987 -9.20509e+24 0 -9.20509e+24 -3.40846e+26 0 -3.40846e+26 -2.50776e+28 0 -2.50776e+28 
2.126 1.987 -9.55904e+24 0 -9.55904e+24 -3.53952e+26 0 -3.53952e+26 -2.60419e+28 0 -2.60419e+28 
2.127 1.987 -9.9266e+24 0 -9.9266e+24 -3.67562e+26 0 -3.67562e+26 -2.70432e+28 0 -2.70432e+28 
2.128 1.987 -1.03083e+25 0 -1.03083e+25 -3.81695e+26 0 -3.81695e+26 -2.80831e+28 0 -2.80831e+28 
2.129 1.987 -1.07047e+25 0 -1.07047e+25 -3.96372e+26 0 -3.96372e+26 -2.91629e+28 0 -2.91629e+28 
2.13 1.987 -1.11163e+25 0 -1.11163e+25 -4.11614e+26 0 -4.11614e+26 -3.02843e+28 0 -3.02843e+28 
2.131 1.987 -1.15437e+25 0 -1.15437e+25 -4.27441e+26 0 -4.27441e+26 -3.14488e+28 0 -3.14488e+28 
2.132 1.987 -1.19876e+25 0 -1.19876e+25 -4.43877e+26 0 -4.43877e+26 -3.2658e+28 0 -3.2658e+28 
2.133 1.987 -1.24485e+25 0 -1.24485e+25 -4.60945e+26 0 -4.60945e+26 -3.39138e+28 0 -3.39138e+28 
2.134 1.987 -1.29272e+25 0 -1.29272e+25 -4.78669e+26 0 -4.78669e+26 -3.52179e+28 0 -3.52179e+28 
2.135 1.987 -1.34243e+25 0 -1.34243e+25 -4.97074e+26 0 -4.97074e+26 -3.6572e+28 0 -3.6572e+28 
2.136 1.987 -1.39405e+25 0 -1.39405e+25 -5.16188e+26 0 -5.16188e+26 -3.79783e+28 0 -3.79783e+28 
2.137 1.987 -1.44765e+25 0 -1.44765e+25 -5.36036e+26 0 -5.36036e+26 -3.94386e+28 0 -3.94386e+28 
2.138 1.987 -1.50332e+25 0 -1.50332e+25 -5.56648e+26 0 -5.56648e+26 -4.09551e+28 0 -4.09551e+28 
2.139 1.987 -1.56112e+25 0 -1.56112e+25 -5.78052e+26 0 -5.78052e+26 -4.25299e+28 0 -4.25299e+28 
2.14 1.987 -1.62115e+25 0 -1.62115e+25 -6.00279e+26 0 -6.00279e+26 -4.41653e+28 0 -4.41653e+28 
2.141 1.987 -1.68349e+25 0 -1.68349e+25 -6.23361e+26 0 -6.23361e+26 -4.58635e+28 0 -4.58635e+28 
2.142 1.987 -1.74822e+25 0 -1.74822e+25 -6.4733e+26 0 -6.4733e+26 -4.7627e+28 0 -4.7627e+28 
2.143 1.987 -1.81544e+25 0 -1.81544e+25 -6.72221e+26 0 -6.72221e+26 -4.94584e+28 0 -4.94584e+28 
2.144 1.987 -1.88525e+25 0 -1.88525e+25 -6.98069e+26 0 -6.98069e+26 -5.13601e+28 0 -5.13601e+28 
2.145 1.987 -1.95774e+25 0 -1.95774e+25 -7.24911e+26 0 -7.24911e+26 -5.3335e+28 0 -5.3335e+28 
2.146 1.987 -2.03302e+25 0 -2.03302e+25 -7.52785e+26 0 -7.52785e+26 -5.53858e+28 0 -5.53858e+28 
2.147 1.987 -2.11119e+25 0 -2.11119e+25 -7.81731e+26 0 -7.81731e+26 -5.75155e+28 0 -5.75155e+28 
2.148 1.987 -2.19237e+25 0 -2.19237e+25 -8.1179e+26 0 -8.1179e+26 -5.97271e+28 0 -5.97271e+28 
2.149 1.987 -2.27667e+25 0 -2.27667e+25 -8.43005e+26 0 -8.43005e+26 -6.20237e+28 0 -6.20237e+28 
2.15 1.987 -2.36421e+25 0 -2.36421e+25 -8.7542e+26 0 -8.7542e+26 -6.44086e+28 0 -6.44086e+28 
2.151 1.987 -2.45512e+25 0 -2.45512e+25 -9.09081e+26 0 -9.09081e+26 -6.68853e+28 0 -6.68853e+28 
2.152 1.987 -2.54952e+25 0 -2.54952e+25 -9.44037e+26 0 -9.44037e+26 -6.94571e+28 0 -6.94571e+28 
2.153 1.987 -2.64756e+25 0 -2.64756e+25 -9.80337e+26 0 -9.80337e+26 -7.21279e+28 0 -7.21279e+28 
2.154 1.987 -2.74936e+25 0 -2.74936e+25 -1.01803e+27 0 -1.01803e+27 -7.49013e+28 0 -7.49013e+28 
2.155 1.987 -2.85508e+25 0 -2.85508e+25 -1.05718e+27 0 -1.05718e+27 -7.77814e+28 0 -7.77814e+28 
2.156 1.987 -2.96486e+25 0 -2.96486e+25 -1.09783e+27 0 -1.09783e+27 -8.07722e+28 0 -8.07722e+28 
2.157 1.987 -3.07886e+25 0 -3.07886e+25 -1.14004e+27 0 -1.14004e+27 -8.38781e+28 0 -8.38781e+28 
2.158 1.987 -3.19725e+25 0 -3.19725e+25 -1.18388e+27 0 -1.18388e+27 -8.71033e+28 0 -8.71033e+28 
2.159 1.987 -3.32019e+25 0 -3.32019e+25 -1.2294e+27 0 -1.2294e+27 -9.04526e+28 0 -9.04526e+28 
2.16 1.987 -3.44786e+25 0 -3.44786e+25 -1.27667e+27 0 -1.27667e+27 -9.39307e+28 0 -9.39307e+28 
2.161 1.987 -3.58044e+25 0 -3.58044e+25 -1.32576e+27 0 -1.32576e+27 -9.75425e+28 0 -9.75425e+28 
2.162 1.987 -3.71811e+25 0 -3.71811e+25 -1.37674e+27 0 -1.37674e+27 -1.01293e+29 0 -1.01293e+29 
2.163 1.987 -3.86108e+25 0 -3.86108e+25 -1.42968e+27 0 -1.42968e+27 -1.05188e+29 0 -1.05188e+29 
2.164 1.987 -4.00954e+25 0 -4.00954e+25 -1.48465e+27 0 -1.48465e+27 -1.09233e+29 0 -1.09233e+29 
2.165 1.987 -4.16372e+25 0 -4.16372e+25 -1.54174e+27 0 -1.54174e+27 -1.13433e+29 0 -1.13433e+29 
2.166 1.987 -4.32382e+25 0 -4.32382e+25 -1.60102e+27 0 -1.60102e+27 -1.17795e+29 0 -1.17795e+29 
2.167 1.987 -4.49008e+25 0 -4.49008e+25 -1.66259e+27 0 -1.66259e+27 -1.22324e+29 0 -1.22324e+29 
2.168 1.987 -4.66273e+25 0 -4.66273e+25 -1.72651e+27 0 -1.72651e+27 -1.27028e+29 0 -1.27028e+29 
2.169 1.987 -4.84202e+25 0 -4.84202e+25 -1.7929e+27 0 -1.7929e+27 -1.31912e+29 0 -1.31912e+29 
2.17 1.987 -5.0282e+25 0 -5.0282e+25 -1.86184e+27 0 -1.86184e+27 -1.36984e+29 0 -1.36984e+29 
2.171 1.987 -5.22155e+25 0 -5.22155e+25 -1.93343e+27 0 -1.93343e+27 -1.42252e+29 0 -1.42252e+29 
2.172 1.987 -5.42233e+25 0 -5.42233e+25 -2.00778e+27 0 -2.00778e+27 -1.47721e+29 0 -1.47721e+29 
2.173 1.987 -5.63082e+25 0 -5.63082e+25 -2.08498e+27 0 -2.08498e+27 -1.53402e+29 0 -1.53402e+29 
2.174 1.987 -5.84734e+25 0 -5.84734e+25 -2.16515e+27 0 -2.16515e+27 -1.593e+29 0 -1.593e+29 
2.175 1.987 -6.07218e+25 0 -6.07218e+25 -2.2484e+27 0 -2.2484e+27 -1.65425e+29 0 -1.65425e+29 
2.176 1.987 -6.30566e+25 0 -6.30566e+25 -2.33486e+27 0 -2.33486e+27 -1.71786e+29 0 -1.71786e+29 
2.177 1.987 -6.54813e+25 0 -6.54813e+25 -2.42464e+27 0 -2.42464e+27 -1.78392e+29 0 -1.78392e+29 
2.178 1.987 -6.79992e+25 0 -6.79992e+25 -2.51787e+27 0 -2.51787e+27 -1.85251e+29 0 -1.85251e+29 
2.179 1.987 -7.06138e+25 0 -7.06138e+25 -2.61469e+27 0 -2.61469e+27 -1.92375e+29 0 -1.92375e+29 
2.18 1.987 -7.33291e+25 0 -7.33291e+25 -2.71523e+27 0 -2.71523e+27 -1.99772e+29 0 -1.99772e+29 
2.181 1.987 -7.61487e+25 0 -7.61487e+25 -2.81963e+27 0 -2.81963e+27 -2.07453e+29 0 -2.07453e+29 
2.182 1.987 -7.90768e+25 0 -7.90768e+25 -2.92805e+27 0 -2.92805e+27 -2.1543e+29 0 -2.1543e+29 
2.183 1.987 -8.21174e+25 0 -8.21174e+25 -3.04064e+27 0 -3.04064e+27 -2.23714e+29 0 -2.23714e+29 
2.184 1.987 -8.5275e+25 0 -8.5275e+25 -3.15756e+27 0 -3.15756e+27 -2.32316e+29 0 -2.32316e+29 
2.185 1.987 -8.85539e+25 0 -8.85539e+25 -3.27897e+27 0 -3.27897e+27 -2.41249e+29 0 -2.41249e+29 
2.186 1.987 -9.1959e+25 0 -9.1959e+25 -3.40506e+27 0 -3.40506e+27 -2.50526e+29 0 -2.50526e+29 
2.187 1.987 -9.5495e+25 0 -9.5495e+25 -3.53599e+27 0 -3.53599e+27 -2.60159e+29 0 -2.60159e+29 
2.188 1.987 -9.91669e+25 0 -9.91669e+25 -3.67195e+27 0 -3.67195e+27 -2.70162e+29 0 -2.70162e+29 
2.189 1.987 -1.0298e+26 0 -1.0298e+26 -3.81314e+27 0 -3.81314e+27 -2.8055e+29 0 -2.8055e+29 
2.19 1.987 -1.0694e+26 0 -1.0694e+26 -3.95977e+27 0 -3.95977e+27 -2.91338e+29 0 -2.91338e+29 
2.191 1.987 -1.11052e+26 0 -1.11052e+26 -4.11203e+27 0 -4.11203e+27 -3.02541e+29 0 -3.02541e+29 
2.192 1.987 -1.15322e+26 0 -1.15322e+26 -4.27014e+27 0 -4.27014e+27 -3.14174e+29 0 -3.14174e+29 
2.193 1.987 -1.19756e+26 0 -1.19756e+26 -4.43433e+27 0 -4.43433e+27 -3.26254e+29 0 -3.26254e+29 
2.194 1.987 -1.24361e+26 0 -1.24361e+26 -4.60484e+27 0 -4.60484e+27 -3.38799e+29 0 -3.38799e+29 
2.195 1.987 -1.29143e+26 0 -1.29143e+26 -4.78191e+27 0 -4.78191e+27 -3.51827e+29 0 -3.51827e+29 
2.196 1.987 -1.34109e+26 0 -1.34109e+26 -4.96578e+27 0 -4.96578e+27 -3.65355e+29 0 -3.65355e+29 
2.197 1.987 -1.39266e+26 0 -1.39266e+26 -5.15672e+27 0 -5.15672e+27 -3.79404e+29 0 -3.79404e+29 
2.198 1.987 -1.44621e+26 0 -1.44621e+26 -5.35501e+27 0 -5.35501e+27 -3.93992e+29 0 -3.93992e+29 
2.199 1.987 -1.50182e+26 0 -1.50182e+26 -5.56092e+27 0 -5.56092e+27 -4.09142e+29 0 -4.09142e+29 
2.2 1.987 -1.55956e+26 0 -1.55956e+26 -5.77474e+27 0 -5.77474e+27 -4.24874e+29 0 -4.24874e+29 
2.201 1.987 -1.61953e+26 0 -1.61953e+26 -5.99679e+27 0 -5.99679e+27 -4.41212e+29 0 -4.41212e+29 
2.202 1.987 -1.6818e+26 0 -1.6818e+26 -6.22738e+27 0 -6.22738e+27 -4.58177e+29 0 -4.58177e+29 
2.203 1.987 -1.74647e+26 0 -1.74647e+26 -6.46683e+27 0 -6.46683e+27 -4.75795e+29 0 -4.75795e+29 
2.204 1.987 -1.81363e+26 0 -1.81363e+26 -6.7155e+27 0 -6.7155e+27 -4.9409e+29 0 -4.9409e+29 
2.205 1.987 -1.88336e+26 0 -1.88336e+26 -6.97372e+27 0 -6.97372e+27 -5.13088e+29 0 -5.13088e+29 
2.206 1.987 -1.95578e+26 0 -1.95578e+26 -7.24187e+27 0 -7.24187e+27 -5.32818e+29 0 -5.32818e+29 
2.207 1.987 -2.03099e+26 0 -2.03099e+26 -7.52033e+27 0 -7.52033e+27 -5.53305e+29 0 -5.53305e+29 
2.208 1.987 -2.10908e+26 0 -2.10908e+26 -7.8095e+27 0 -7.8095e+27 -5.74581e+29 0 -5.74581e+29 
2.209 1.987 -2.19018e+26 0 -2.19018e+26 -8.10979e+27 0 -8.10979e+27 -5.96675e+29 0 -5.96675e+29 
2.21 1.987 -2.2744e+26 0 -2.2744e+26 -8.42163e+27 0 -8.42163e+27 -6.19618e+29 0 -6.19618e+29 
2.211 1.987 -2.36185e+26 0 -2.36185e+26 -8.74545e+27 0 -8.74545e+27 -6.43443e+29 0 -6.43443e+29 
2.212 1.987 -2.45267e+26 0 -2.45267e+26 -9.08173e+27 0 -9.08173e+27 -6.68185e+29 0 -6.68185e+29 
2.213 1.987 -2.54698e+26 0 -2.54698e+26 -9.43094e+27 0 -9.43094e+27 -6.93878e+29 0 -6.93878e+29 
2.214 1.987 -2.64491e+26 0 -2.64491e+26 -9.79358e+27 0 -9.79358e+27 -7.20558e+29 0 -7.20558e+29 
2.215 1.987 -2.74661e+26 0 -2.74661e+26 -1.01702e+28 0 -1.01702e+28 -7.48265e+29 0 -7.48265e+29 
2.216 1.987 -2.85223e+26 0 -2.85223e+26 -1.05612e+28 0 -1.05612e+28 -7.77037e+29 0 -7.77037e+29 
2.217 1.987 -2.9619e+26 0 -2.9619e+26 -1.09673e+28 0 -1.09673e+28 -8.06916e+29 0 -8.06916e+29 
2.218 1.987 -3.07579e+26 0 -3.07579e+26 -1.1389e+28 0 -1.1389e+28 -8.37943e+29 0 -8.37943e+29 
2.219 1.987 -3.19406e+26 0 -3.19406e+26 -1.1827e+28 0 -1.1827e+28 -8.70164e+29 0 -8.70164e+29 
2.22 1.987 -3.31688e+26 0 -3.31688e+26 -1.22817e+28 0 -1.22817e+28 -9.03623e+29 0 -9.03623e+29 
2.221 1.987 -3.44442e+26 0 -3.44442e+26 -1.2754e+28 0 -1.2754e+28 -9.38369e+29 0 -9.38369e+29 
2.222 1.987 -3.57686e+26 0 -3.57686e+26 -1.32444e+28 0 -1.32444e+28 -9.74451e+29 0 -9.74451e+29 
2.223 1.987 -3.7144e+26 0 -3.7144e+26 -1.37537e+28 0 -1.37537e+28 -1.01192e+30 0 -1.01192e+30 
2.224 1.987 -3.85722e+26 0 -3.85722e+26 -1.42825e+28 0 -1.42825e+28 -1.05083e+30 0 -1.05083e+30 
2.225 1.987 -4.00554e+26 0 -4.00554e+26 -1.48317e+28 0 -1.48317e+28 -1.09124e+30 0 -1.09124e+30 
2.226 1.987 -4.15956e+26 0 -4.15956e+26 -1.5402e+28 0 -1.5402e+28 -1.1332e+30 0 -1.1332e+30 
2.227 1.987 -4.3195e+26 0 -4.3195e+26 -1.59942e+28 0 -1.59942e+28 -1.17677e+30 0 -1.17677e+30 
2.228 1.987 -4.48559e+26 0 -4.48559e+26 -1.66092e+28 0 -1.66092e+28 -1.22202e+30 0 -1.22202e+30 
2.229 1.987 -4.65807e+26 0 -4.65807e+26 -1.72479e+28 0 -1.72479e+28 -1.26901e+30 0 -1.26901e+30 
2.23 1.987 -4.83718e+26 0 -4.83718e+26 -1.79111e+28 0 -1.79111e+28 -1.3178e+30 0 -1.3178e+30 
2.231 1.987 -5.02318e+26 0 -5.02318e+26 -1.85998e+28 0 -1.85998e+28 -1.36847e+30 0 -1.36847e+30 
2.232 1.987 -5.21633e+26 0 -5.21633e+26 -1.9315e+28 0 -1.9315e+28 -1.4211e+30 0 -1.4211e+30 
2.233 1.987 -5.41691e+26 0 -5.41691e+26 -2.00577e+28 0 -2.00577e+28 -1.47574e+30 0 -1.47574e+30 
2.234 1.987 -5.6252e+26 0 -5.6252e+26 -2.0829e+28 0 -2.0829e+28 -1.53248e+30 0 -1.53248e+30 
2.235 1.987 -5.8415e+26 0 -5.8415e+26 -2.16299e+28 0 -2.16299e+28 -1.59141e+30 0 -1.59141e+30 
2.236 1.987 -6.06612e+26 0 -6.06612e+26 -2.24616e+28 0 -2.24616e+28 -1.6526e+30 0 -1.6526e+30 
2.237 1.987 -6.29937e+26 0 -6.29937e+26 -2.33253e+28 0 -2.33253e+28 -1.71615e+30 0 -1.71615e+30 
2.238 1.987 -6.54159e+26 0 -6.54159e+26 -2.42222e+28 0 -2.42222e+28 -1.78214e+30 0 -1.78214e+30 
2.239 1.987 -6.79313e+26 0 -6.79313e+26 -2.51536e+28 0 -2.51536e+28 -1.85066e+30 0 -1.85066e+30 
2.24 1.987 -7.05433e+26 0 -7.05433e+26 -2.61208e+28 0 -2.61208e+28 -1.92182e+30 0 -1.92182e+30 
2.241 1.987 -7.32559e+26 0 -7.32559e+26 -2.71252e+28 0 -2.71252e+28 -1.99572e+30 0 -1.99572e+30 
2.242 1.987 -7.60727e+26 0 -7.60727e+26 -2.81682e+28 0 -2.81682e+28 -2.07246e+30 0 -2.07246e+30 
2.243 1.987 -7.89978e+26 0 -7.89978e+26 -2.92513e+28 0 -2.92513e+28 -2.15215e+30 0 -2.15215e+30 
2.244 1.987 -8.20354e+26 0 -8.20354e+26 -3.0376e+28 0 -3.0376e+28 -2.23491e+30 0 -2.23491e+30 
2.245 1.987 -8.51898e+26 0 -8.51898e+26 -3.15441e+28 0 -3.15441e+28 -2.32084e+30 0 -2.32084e+30 
2.246 1.987 -8.84655e+26 0 -8.84655e+26 -3.2757e+28 0 -3.2757e+28 -2.41008e+30 0 -2.41008e+30 
2.247 1.987 -9.18672e+26 0 -9.18672e+26 -3.40166e+28 0 -3.40166e+28 -2.50275e+30 0 -2.50275e+30 
2.248 1.987 -9.53996e+26 0 -9.53996e+26 -3.53245e+28 0 -3.53245e+28 -2.59899e+30 0 -2.59899e+30 
2.249 1.987 -9.90679e+26 0 -9.90679e+26 -3.66828e+28 0 -3.66828e+28 -2.69892e+30 0 -2.69892e+30 
2.25 1.987 -1.02877e+27 0 -1.02877e+27 -3.80934e+28 0 -3.80934e+28 -2.8027e+30 0 -2.8027e+30 
2.251 1.987 -1.06833e+27 0 -1.06833e+27 -3.95581e+28 0 -3.95581e+28 -2.91047e+30 0 -2.91047e+30 
2.252 1.987 -1.10941e+27 0 -1.10941e+27 -4.10792e+28 0 -4.10792e+28 -3.02238e+30 0 -3.02238e+30 
2.253 1.987 -1.15207e+27 0 -1.15207e+27 -4.26588e+28 0 -4.26588e+28 -3.1386e+30 0 -3.1386e+30 
2.254 1.987 -1.19637e+27 0 -1.19637e+27 -4.42991e+28 0 -4.42991e+28 -3.25929e+30 0 -3.25929e+30 
2.255 1.987 -1.24237e+27 0 -1.24237e+27 -4.60024e+28 0 -4.60024e+28 -3.38461e+30 0 -3.38461e+30 
2.256 1.987 -1.29014e+27 0 -1.29014e+27 -4.77713e+28 0 -4.77713e+28 -3.51476e+30 0 -3.51476e+30 
2.257 1.987 -1.33975e+27 0 -1.33975e+27 -4.96082e+28 0 -4.96082e+28 -3.6499e+30 0 -3.6499e+30 
2.258 1.987 -1.39127e+27 0 -1.39127e+27 -5.15157e+28 0 -5.15157e+28 -3.79025e+30 0 -3.79025e+30 
2.259 1.987 -1.44476e+27 0 -1.44476e+27 -5.34966e+28 0 -5.34966e+28 -3.93599e+30 0 -3.93599e+30 
2.26 1.987 -1.50032e+27 0 -1.50032e+27 -5.55536e+28 0 -5.55536e+28 -4.08734e+30 0 -4.08734e+30 
2.261 1.987 -1.55801e+27 0 -1.55801e+27 -5.76898e+28 0 -5.76898e+28 -4.2445e+30 0 -4.2445e+30 
2.262 1.987 -1.61791e+27 0 -1.61791e+27 -5.99081e+28 0 -5.99081e+28 -4.40771e+30 0 -4.40771e+30 
2.263 1.987 -1.68012e+27 0 -1.68012e+27 -6.22116e+28 0 -6.22116e+28 -4.57719e+30 0 -4.57719e+30 
2.264 1.987 -1.74473e+27 0 -1.74473e+27 -6.46038e+28 0 -6.46038e+28 -4.7532e+30 0 -4.7532e+30 
2.265 1.987 -1.81182e+27 0 -1.81182e+27 -6.70879e+28 0 -6.70879e+28 -4.93596e+30 0 -4.93596e+30 
2.266 1.987 -1.88148e+27 0 -1.88148e+27 -6.96676e+28 0 -6.96676e+28 -5.12576e+30 0 -5.12576e+30 
2.267 1.987 -1.95383e+27 0 -1.95383e+27 -7.23464e+28 0 -7.23464e+28 -5.32286e+30 0 -5.32286e+30 
2.268 1.987 -2.02896e+27 0 -2.02896e+27 -7.51282e+28 0 -7.51282e+28 -5.52753e+30 0 -5.52753e+30 
2.269 1.987 -2.10698e+27 0 -2.10698e+27 -7.80171e+28 0 -7.80171e+28 -5.74007e+30 0 -5.74007e+30 
2.27 1.987 -2.18799e+27 0 -2.18799e+27 -8.10169e+28 0 -8.10169e+28 -5.96079e+30 0 -5.96079e+30 
2.271 1.987 -2.27212e+27 0 -2.27212e+27 -8.41322e+28 0 -8.41322e+28 -6.18999e+30 0 -6.18999e+30 
2.272 1.987 -2.35949e+27 0 -2.35949e+27 -8.73672e+28 0 -8.73672e+28 -6.42801e+30 0 -6.42801e+30 
2.273 1.987 -2.45022e+27 0 -2.45022e+27 -9.07266e+28 0 -9.07266e+28 -6.67518e+30 0 -6.67518e+30 
2.274 1.987 -2.54443e+27 0 -2.54443e+27 -9.42152e+28 0 -9.42152e+28 -6.93185e+30 0 -6.93185e+30 
2.275 1.987 -2.64227e+27 0 -2.64227e+27 -9.7838e+28 0 -9.7838e+28 -7.19839e+30 0 -7.19839e+30 
2.276 1.987 -2.74387e+27 0 -2.74387e+27 -1.016e+29 0 -1.016e+29 -7.47518e+30 0 -7.47518e+30 
2.277 1.987 -2.84938e+27 0 -2.84938e+27 -1.05507e+29 0 -1.05507e+29 -7.76261e+30 0 -7.76261e+30 
2.278 1.987 -2.95894e+27 0 -2.95894e+27 -1.09564e+29 0 -1.09564e+29 -8.0611e+30 0 -8.0611e+30 
2.279 1.987 -3.07272e+27 0 -3.07272e+27 -1.13777e+29 0 -1.13777e+29 -8.37106e+30 0 -8.37106e+30 
2.28 1.987 -3.19087e+27 0 -3.19087e+27 -1.18151e+29 0 -1.18151e+29 -8.69295e+30 0 -8.69295e+30 
2.281 1.987 -3.31357e+27 0 -3.31357e+27 -1.22695e+29 0 -1.22695e+29 -9.02721e+30 0 -9.02721e+30 
2.282 1.987 -3.44098e+27 0 -3.44098e+27 -1.27412e+29 0 -1.27412e+29 -9.37432e+30 0 -9.37432e+30 
2.283 1.987 -3.57329e+27 0 -3.57329e+27 -1.32312e+29 0 -1.32312e+29 -9.73478e+30 0 -9.73478e+30 
2.284 1.987 -3.71069e+27 0 -3.71069e+27 -1.37399e+29 0 -1.37399e+29 -1.01091e+31 0 -1.01091e+31 
2.285 1.987 -3.85337e+27 0 -3.85337e+27 -1.42683e+29 0 -1.42683e+29 -1.04978e+31 0 -1.04978e+31 
2.286 1.987 -4.00154e+27 0 -4.00154e+27 -1.48169e+29 0 -1.48169e+29 -1.09015e+31 0 -1.09015e+31 
2.287 1.987 -4.15541e+27 0 -4.15541e+27 -1.53866e+29 0 -1.53866e+29 -1.13206e+31 0 -1.13206e+31 
2.288 1.987 -4.31519e+27 0 -4.31519e+27 -1.59783e+29 0 -1.59783e+29 -1.17559e+31 0 -1.17559e+31 
2.289 1.987 -4.48112e+27 0 -4.48112e+27 -1.65927e+29 0 -1.65927e+29 -1.2208e+31 0 -1.2208e+31 
2.29 1.987 -4.65342e+27 0 -4.65342e+27 -1.72307e+29 0 -1.72307e+29 -1.26774e+31 0 -1.26774e+31 
2.291 1.987 -4.83235e+27 0 -4.83235e+27 -1.78932e+29 0 -1.78932e+29 -1.31649e+31 0 -1.31649e+31 
2.292 1.987 -5.01817e+27 0 -5.01817e+27 -1.85813e+29 0 -1.85813e+29 -1.36711e+31 0 -1.36711e+31 
2.293 1.987 -5.21112e+27 0 -5.21112e+27 -1.92957e+29 0 -1.92957e+29 -1.41968e+31 0 -1.41968e+31 
2.294 1.987 -5.4115e+27 0 -5.4115e+27 -2.00377e+29 0 -2.00377e+29 -1.47427e+31 0 -1.47427e+31 
2.295 1.987 -5.61958e+27 0 -5.61958e+27 -2.08082e+29 0 -2.08082e+29 -1.53095e+31 0 -1.53095e+31 
2.296 1.987 -5.83567e+27 0 -5.83567e+27 -2.16083e+29 0 -2.16083e+29 -1.58982e+31 0 -1.58982e+31 
2.297 1.987 -6.06006e+27 0 -6.06006e+27 -2.24392e+29 0 -2.24392e+29 -1.65095e+31 0 -1.65095e+31 
2.298 1.987 -6.29308e+27 0 -6.29308e+27 -2.3302e+29 0 -2.3302e+29 -1.71443e+31 0 -1.71443e+31 
2.299 1.987 -6.53506e+27 0 -6.53506e+27 -2.4198e+29 0 -2.4198e+29 -1.78036e+31 0 -1.78036e+31 
2.3 1.987 -6.78634e+27 0 -6.78634e+27 -2.51285e+29 0 -2.51285e+29 -1.84882e+31 0 -1.84882e+31 
2.301 1.987 -7.04729e+27 0 -7.04729e+27 -2.60947e+29 0 -2.60947e+29 -1.91991e+31 0 -1.91991e+31 
2.302 1.987 -7.31827e+27 0 -7.31827e+27 -2.70981e+29 0 -2.70981e+29 -1.99373e+31 0 -1.99373e+31 
2.303 1.987 -7.59967e+27 0 -7.59967e+27 -2.814e+29 0 -2.814e+29 -2.07039e+31 0 -2.07039e+31 
2.304 1.987 -7.89189e+27 0 -7.89189e+27 -2.92221e+29 0 -2.92221e+29 -2.15e+31 0 -2.15e+31 
2.305 1.987 -8.19535e+27 0 -8.19535e+27 -3.03457e+29 0 -3.03457e+29 -2.23267e+31 0 -2.23267e+31 
2.306 1.987 -8.51047e+27 0 -8.51047e+27 -3.15126e+29 0 -3.15126e+29 -2.31852e+31 0 -2.31852e+31 
2.307 1.987 -8.83772e+27 0 -8.83772e+27 -3.27243e+29 0 -3.27243e+29 -2.40768e+31 0 -2.40768e+31 
2.308 1.987 -9.17754e+27 0 -9.17754e+27 -3.39826e+29 0 -3.39826e+29 -2.50025e+31 0 -2.50025e+31 
2.309 1.987 -9.53044e+27 0 -9.53044e+27 -3.52893e+29 0 -3.52893e+29 -2.59639e+31 0 -2.59639e+31 
2.31 1.987 -9.8969e+27 0 -9.8969e+27 -3.66462e+29 0 -3.66462e+29 -2.69623e+31 0 -2.69623e+31 
2.311 1.987 -1.02775e+28 0 -1.02775e+28 -3.80553e+29 0 -3.80553e+29 -2.7999e+31 0 -2.7999e+31 
2.312 1.987 -1.06726e+28 0 -1.06726e+28 -3.95186e+29 0 -3.95186e+29 -2.90757e+31 0 -2.90757e+31 
2.313 1.987 -1.1083e+28 0 -1.1083e+28 -4.10382e+29 0 -4.10382e+29 -3.01937e+31 0 -3.01937e+31 
2.314 1.987 -1.15092e+28 0 -1.15092e+28 -4.26162e+29 0 -4.26162e+29 -3.13547e+31 0 -3.13547e+31 
2.315 1.987 -1.19517e+28 0 -1.19517e+28 -4.42548e+29 0 -4.42548e+29 -3.25603e+31 0 -3.25603e+31 
2.316 1.987 -1.24113e+28 0 -1.24113e+28 -4.59565e+29 0 -4.59565e+29 -3.38123e+31 0 -3.38123e+31 
2.317 1.987 -1.28885e+28 0 -1.28885e+28 -4.77236e+29 0 -4.77236e+29 -3.51125e+31 0 -3.51125e+31 
2.318 1.987 -1.33841e+28 0 -1.33841e+28 -4.95587e+29 0 -4.95587e+29 -3.64626e+31 0 -3.64626e+31 
2.319 1.987 -1.38988e+28 0 -1.38988e+28 -5.14643e+29 0 -5.14643e+29 -3.78646e+31 0 -3.78646e+31 
2.32 1.987 -1.44332e+28 0 -1.44332e+28 -5.34432e+29 0 -5.34432e+29 -3.93206e+31 0 -3.93206e+31 
2.321 1.987 -1.49882e+28 0 -1.49882e+28 -5.54982e+29 0 -5.54982e+29 -4.08326e+31 0 -4.08326e+31 
2.322 1.987 -1.55645e+28 0 -1.55645e+28 -5.76322e+29 0 -5.76322e+29 -4.24026e+31 0 -4.24026e+31 
2.323 1.987 -1.6163e+28 0 -1.6163e+28 -5.98482e+29 0 -5.98482e+29 -4.40331e+31 0 -4.40331e+31 
2.324 1.987 -1.67845e+28 0 -1.67845e+28 -6.21495e+29 0 -6.21495e+29 -4.57262e+31 0 -4.57262e+31 
2.325 1.987 -1.74299e+28 0 -1.74299e+28 -6.45393e+29 0 -6.45393e+29 -4.74845e+31 0 -4.74845e+31 
2.326 1.987 -1.81001e+28 0 -1.81001e+28 -6.70209e+29 0 -6.70209e+29 -4.93104e+31 0 -4.93104e+31 
2.327 1.987 -1.87961e+28 0 -1.87961e+28 -6.9598e+29 0 -6.9598e+29 -5.12064e+31 0 -5.12064e+31 
2.328 1.987 -1.95188e+28 0 -1.95188e+28 -7.22741e+29 0 -7.22741e+29 -5.31754e+31 0 -5.31754e+31 
2.329 1.987 -2.02693e+28 0 -2.02693e+28 -7.50532e+29 0 -7.50532e+29 -5.52201e+31 0 -5.52201e+31 
2.33 1.987 -2.10487e+28 0 -2.10487e+28 -7.79391e+29 0 -7.79391e+29 -5.73434e+31 0 -5.73434e+31 
2.331 1.987 -2.18581e+28 0 -2.18581e+28 -8.0936e+29 0 -8.0936e+29 -5.95484e+31 0 -5.95484e+31 
2.332 1.987 -2.26986e+28 0 -2.26986e+28 -8.40482e+29 0 -8.40482e+29 -6.18381e+31 0 -6.18381e+31 
2.333 1.987 -2.35714e+28 0 -2.35714e+28 -8.728e+29 0 -8.728e+29 -6.42159e+31 0 -6.42159e+31 
2.334 1.987 -2.44777e+28 0 -2.44777e+28 -9.06361e+29 0 -9.06361e+29 -6.66851e+31 0 -6.66851e+31 
2.335 1.987 -2.54189e+28 0 -2.54189e+28 -9.41212e+29 0 -9.41212e+29 -6.92493e+31 0 -6.92493e+31 
2.336 1.987 -2.63963e+28 0 -2.63963e+28 -9.77403e+29 0 -9.77403e+29 -7.1912e+31 0 -7.1912e+31 
2.337 1.987 -2.74113e+28 0 -2.74113e+28 -1.01499e+30 0 -1.01499e+30 -7.46772e+31 0 -7.46772e+31 
2.338 1.987 -2.84653e+28 0 -2.84653e+28 -1.05401e+30 0 -1.05401e+30 -7.75486e+31 0 -7.75486e+31 
2.339 1.987 -2.95599e+28 0 -2.95599e+28 -1.09454e+30 0 -1.09454e+30 -8.05305e+31 0 -8.05305e+31 
2.34 1.987 -3.06965e+28 0 -3.06965e+28 -1.13663e+30 0 -1.13663e+30 -8.36271e+31 0 -8.36271e+31 
2.341 1.987 -3.18768e+28 0 -3.18768e+28 -1.18033e+30 0 -1.18033e+30 -8.68427e+31 0 -8.68427e+31 
2.342 1.987 -3.31026e+28 0 -3.31026e+28 -1.22572e+30 0 -1.22572e+30 -9.01819e+31 0 -9.01819e+31 
2.343 1.987 -3.43754e+28 0 -3.43754e+28 -1.27285e+30 0 -1.27285e+30 -9.36496e+31 0 -9.36496e+31 
2.344 1.987 -3.56972e+28 0 -3.56972e+28 -1.3218e+30 0 -1.3218e+30 -9.72506e+31 0 -9.72506e+31 
2.345 1.987 -3.70698e+28 0 -3.70698e+28 -1.37262e+30 0 -1.37262e+30 -1.0099e+32 0 -1.0099e+32 
