0 1.987 0.1765 2.00188 0 2.00321 1.87654 0 3.20833 0 0 -19.4925 1.234 0.15 5.00093 0 2.098 0.928403 0 -2.0049 -1410.7 0 -12.1055 
0.001 1.987 0.1765 2.00375 0 2.00641 1.87654 0 3.19852 0 0 -19.4925 1.234 0.15 5.00071 0 2.09598 -0.220982 0 -2.01471 -1418.34 0 -12.1055 
0.002 1.987 0.1765 2.00563 0 2.0096 1.87654 0 3.18871 0 0 -19.4925 1.234 0.15 4.99934 0 2.09396 -1.36889 0 -2.02452 -1416.52 0 -12.1055 
0.003 1.987 0.1765 2.00751 0 2.01277 1.87654 0 3.1789 0 0 -19.4925 1.234 0.15 4.99683 0 2.09192 -2.50767 0 -2.03433 -1405.26 0 -12.1055 
0.004 1.987 0.1765 2.00938 0 2.01594 1.87654 0 3.16909 0 0 -19.4925 1.234 0.15 4.9932 0 2.08988 -3.62973 0 -2.04414 -1384.62 0 -12.1055 
0.005 1.987 0.1765 2.01126 0 2.0191 1.87654 0 3.15928 0 0 -19.4925 1.234 0.15 4.98847 0 2.08782 -4.72758 0 -2.05395 -1354.74 0 -12.1055 
0.006 1.987 0.1765 2.01314 0 2.02225 1.87654 0 3.14947 0 0 -19.4925 1.234 0.15 4.98268 0 2.08576 -5.79389 0 -2.06376 -1315.83 0 -12.1055 
0.007 1.987 0.1765 2.01501 0 2.02539 1.87654 0 3.13966 0 0 -19.4925 1.234 0.15 4.97586 0 2.08369 -6.82156 0 -2.07357 -1268.15 0 -12.1055 
0.008 1.987 0.1765 2.01689 0 2.02852 1.87654 0 3.12985 0 0 -19.4925 1.234 0.15 4.96805 0 2.0816 -7.80374 0 -2.08338 -1212 0 -12.1055 
0.009 1.987 0.1765 2.01877 0 2.03164 1.87654 0 3.12004 0 0 -19.4925 1.234 0.15 4.95932 0 2.07951 -8.73386 0 -2.09319 -1147.77 0 -12.1055 
0.01 1.987 0.1765 2.02064 0 2.03475 1.87654 0 3.11023 0 0 -19.4925 1.234 0.15 4.94971 0 2.07741 -9.60573 0 -2.103 -1075.89 0 -12.1055 
0.011 1.987 0.1765 2.02252 0 2.03785 1.87654 0 3.10042 0 0 -19.4925 1.234 0.15 4.9393 0 2.07529 -10.4135 0 -2.11281 -996.83 0 -12.1055 
0.012 1.987 0.1765 2.0244 0 2.04094 1.87654 0 3.09061 0 0 -19.4925 1.234 0.15 4.92815 0 2.07317 -11.1519 0 -2.12262 -911.122 0 -12.1055 
0.013 1.987 0.1765 2.02627 0 2.04402 1.87654 0 3.0808 0 0 -19.4925 1.234 0.15 4.91633 0 2.07104 -11.8159 0 -2.13243 -819.337 0 -12.1055 
0.014 1.987 0.1765 2.02815 0 2.04709 1.87654 0 3.07099 0 0 -19.4925 1.234 0.15 4.90393 0 2.0689 -12.401 0 -2.14224 -722.087 0 -12.1055 
0.015 1.987 0.1765 2.03002 0 2.05016 1.87654 0 3.06118 0 0 -19.4925 1.234 0.15 4.89103 0 2.06674 -12.9035 0 -2.15205 -620.021 0 -12.1055 
0.016 1.987 0.1765 2.0319 0 2.05321 1.87654 0 3.05137 0 0 -19.4925 1.234 0.15 4.87771 0 2.06458 -13.3198 0 -2.16186 -513.819 0 -12.1055 
0.017 1.987 0.1765 2.03378 0 2.05625 1.87654 0 3.04156 0 0 -19.4925 1.234 0.15 4.86406 0 2.06241 -13.6474 0 -2.17167 -404.191 0 -12.1055 
0.018 1.987 0.1765 2.03565 0 2.05928 1.87654 0 3.03175 0 0 -19.4925 1.234 0.15 4.85018 0 2.06023 -13.8839 0 -2.18148 -291.867 0 -12.1055 
0.019 1.987 0.1765 2.03753 0 2.0623 1.87654 0 3.02194 0 0 -19.4925 1.234 0.15 4.83615 0 2.05804 -14.0278 0 -2.19129 -177.596 0 -12.1055 
0.02 1.987 0.1765 2.03941 0 2.06531 1.87654 0 3.01213 0 0 -19.4925 1.234 0.15 4.82207 0 2.05584 -14.0782 0 -2.2011 -62.1405 0 -12.1055 
0.021 1.987 0.1765 2.04128 0 2.06832 1.87654 0 3.00232 0 0 -19.4925 1.234 0.15 4.80799 0 2.05363 -14.0782 0 -2.21091 0 0 -12.1055 
0.022 1.987 0.1765 2.04316 0 2.07131 1.87654 0 2.99251 0 0 -19.4925 1.234 0.15 4.79392 0 2.05141 -14.0782 0 -2.22072 0 0 -12.1055 
0.023 1.987 0.1765 2.04504 0 2.07429 1.87654 0 2.9827 0 0 -19.4925 1.234 0.15 4.77984 0 2.04917 -14.0782 0 -2.23053 0 0 -12.1055 
0.024 1.987 0.1765 2.04691 0 2.07727 1.87654 0 2.97289 0 0 -19.4925 1.234 0.15 4.76576 0 2.04693 -14.0782 0 -2.24034 0 0 -12.1055 
0.025 1.987 0.1765 2.04879 0 2.08023 1.87654 0 2.96308 0 0 -19.4925 1.234 0.15 4.75168 0 2.04468 -14.0782 0 -2.25015 0 0 -12.1055 
0.026 1.987 0.1765 2.05067 0 2.08318 1.87654 0 2.95327 0 0 -19.4925 1.234 0.15 4.7376 0 2.04242 -14.0782 0 -2.25996 0 0 -12.1055 
0.027 1.987 0.1765 2.05254 0 2.08613 1.87654 0 2.94346 0 0 -19.4925 1.234 0.15 4.72352 0 2.04015 -14.0782 0 -2.26977 0 0 -12.1055 
0.028 1.987 0.1765 2.05442 0 2.08906 1.87654 0 2.93365 0 0 -19.4925 1.234 0.15 4.70945 0 2.03787 -14.0782 0 -2.27958 0 0 -12.1055 
0.029 1.987 0.1765 2.0563 0 2.09198 1.87654 0 2.92384 0 0 -19.4925 1.234 0.15 4.69537 0 2.03559 -14.0782 0 -2.28939 0 0 -12.1055 
0.03 1.987 0.1765 2.05817 0 2.0949 1.87654 0 2.91403 0 0 -19.4925 1.234 0.15 4.68129 0 2.03329 -14.0782 0 -2.2992 0 0 -12.1055 
0.031 1.987 0.1765 2.06005 0 2.0978 1.87654 0 2.90422 0 0 -19.4925 1.234 0.15 4.66721 0 2.03098 -14.0782 0 -2.30901 0 0 -12.1055 
0.032 1.987 0.1765 2.06193 0 2.1007 1.87654 0 2.89441 0 0 -19.4925 1.234 0.15 4.65313 0 2.02866 -14.0782 0 -2.31882 0 0 -12.1055 
0.033 1.987 0.1765 2.0638 0 2.10358 1.87654 0 2.8846 0 0 -19.4925 1.234 0.15 4.63906 0 2.02633 -14.0782 0 -2.32863 0 0 -12.1055 
0.034 1.987 0.1765 2.06568 0 2.10645 1.87654 0 2.87479 0 0 -19.4925 1.234 0.15 4.62498 0 2.02399 -14.0782 0 -2.33844 0 0 -12.1055 
0.035 1.987 0.1765 2.06756 0 2.10932 1.87654 0 2.86498 0 0 -19.4925 1.234 0.15 4.6109 0 2.02164 -14.0782 0 -2.34825 0 0 -12.1055 
0.036 1.987 0.1765 2.06943 0 2.11217 1.87654 0 2.85517 0 0 -19.4925 1.234 0.15 4.59682 0 2.01929 -14.0782 0 -2.35806 0 0 -12.1055 
0.037 1.987 0.1765 2.07131 0 2.11502 1.87654 0 2.84536 0 0 -19.4925 1.234 0.15 4.58274 0 2.01692 -14.0782 0 -2.36787 0 0 -12.1055 
0.038 1.987 0.1765 2.07319 0 2.11786 1.87654 0 2.83555 0 0 -19.4925 1.234 0.15 4.56866 0 2.01454 -14.0782 0 -2.37768 0 0 -12.1055 
0.039 1.987 0.1765 2.07506 0 2.12068 1.87654 0 2.82574 0 0 -19.4925 1.234 0.15 4.55459 0 2.01215 -14.0782 0 -2.38749 0 0 -12.1055 
0.04 1.987 0.1765 2.07694 0 2.1235 1.87654 0 2.81593 0 0 -19.4925 1.234 0.15 4.54051 0 2.00975 -14.0782 0 -2.3973 0 0 -12.1055 
0.041 1.987 0.1765 2.07881 0 2.1263 1.87654 0 2.80612 0 0 -19.4925 1.234 0.15 4.52643 0 2.00735 -14.0782 0 -2.40711 0 0 -12.1055 
0.042 1.987 0.1765 2.08069 0 2.1291 1.87654 0 2.79631 0 0 -19.4925 1.234 0.15 4.51235 0 2.00493 -14.0782 0 -2.41692 0 0 -12.1055 
0.043 1.987 0.1765 2.08257 0 2.13189 1.87654 0 2.7865 0 0 -19.4925 1.234 0.15 4.49827 0 2.0025 -14.0782 0 -2.42673 0 0 -12.1055 
0.044 1.987 0.1765 2.08444 0 2.13466 1.87654 0 2.77669 0 0 -19.4925 1.234 0.15 4.4842 0 2.00007 -14.0782 0 -2.43654 0 0 -12.1055 
0.045 1.987 0.1765 2.08632 0 2.13743 1.87654 0 2.76688 0 0 -19.4925 1.234 0.15 4.47012 0 1.99762 -14.0782 0 -2.44635 0 0 -12.1055 
0.046 1.987 0.1765 2.0882 0 2.14019 1.87654 0 2.75707 0 0 -19.4925 1.234 0.15 4.45604 0 1.99516 -14.0782 0 -2.45616 0 0 -12.1055 
0.047 1.987 0.1765 2.09007 0 2.14293 1.87654 0 2.74726 0 0 -19.4925 1.234 0.15 4.44196 0 1.9927 -14.0782 0 -2.46597 0 0 -12.1055 
0.048 1.987 0.1765 2.09195 0 2.14567 1.87654 0 2.73745 0 0 -19.4925 1.234 0.15 4.42788 0 1.99022 -14.0782 0 -2.47578 0 0 -12.1055 
0.049 1.987 0.1765 2.09383 0 2.1484 1.87654 0 2.72764 0 0 -19.4925 1.234 0.15 4.4138 0 1.98774 -14.0782 0 -2.48559 0 0 -12.1055 
0.05 1.987 0.1765 2.0957 0 2.15112 1.87654 0 2.71783 0 0 -19.4925 1.234 0.15 4.39973 0 1.98524 -14.0782 0 -2.4954 0 0 -12.1055 
0.051 1.987 0.1765 2.09758 0 2.15383 1.87654 0 2.70802 0 0 -19.4925 1.234 0.15 4.38565 0 1.98274 -14.0782 0 -2.50521 0 0 -12.1055 
0.052 1.987 0.1765 2.09946 0 2.15652 1.87654 0 2.69821 0 0 -19.4925 1.234 0.15 4.37157 0 1.98022 -14.0782 0 -2.51502 0 0 -12.1055 
0.053 1.987 0.1765 2.10133 0 2.15921 1.87654 0 2.6884 0 0 -19.4925 1.234 0.15 4.35749 0 1.9777 -14.0782 0 -2.52483 0 0 -12.1055 
0.054 1.987 0.1765 2.10321 0 2.16189 1.87654 0 2.67859 0 0 -19.4925 1.234 0.15 4.34341 0 1.97516 -14.0782 0 -2.53464 0 0 -12.1055 
0.055 1.987 0.1765 2.10509 0 2.16456 1.87654 0 2.66878 0 0 -19.4925 1.234 0.15 4.32934 0 1.97262 -14.0782 0 -2.54445 0 0 -12.1055 
0.056 1.987 0.1765 2.10696 0 2.16722 1.87654 0 2.65897 0 0 -19.4925 1.234 0.15 4.31526 0 1.97006 -14.0782 0 -2.55426 0 0 -12.1055 
0.057 1.987 0.1765 2.10884 0 2.16987 1.87654 0 2.64916 0 0 -19.4925 1.234 0.15 4.30118 0 1.9675 -14.0782 0 -2.56407 0 0 -12.1055 
0.058 1.987 0.1765 2.11072 0 2.17251 1.87654 0 2.63935 0 0 -19.4925 1.234 0.15 4.2871 0 1.96493 -14.0782 0 -2.57388 0 0 -12.1055 
0.059 1.987 0.1765 2.11259 0 2.17514 1.87654 0 2.62954 0 0 -19.4925 1.234 0.15 4.27302 0 1.96234 -14.0782 0 -2.58369 0 0 -12.1055 
0.06 1.987 0.1765 2.11447 0 2.17776 1.87654 0 2.61973 0 0 -19.4925 1.234 0.15 4.25894 0 1.95975 -14.0782 0 -2.5935 0 0 -12.1055 
0.061 1.987 0.1765 2.11635 0 2.18037 1.87654 0 2.60992 0 0 -19.4925 1.234 0.15 4.24487 0 1.95715 -14.0782 0 -2.60331 0 0 -12.1055 
0.062 1.987 0.1765 2.11822 0 2.18297 1.87654 0 2.60011 0 0 -19.4925 1.234 0.15 4.23079 0 1.95453 -14.0782 0 -2.61312 0 0 -12.1055 
0.063 1.987 0.1765 2.1201 0 2.18556 1.87654 0 2.5903 0 0 -19.4925 1.234 0.15 4.21671 0 1.95191 -14.0782 0 -2.62293 0 0 -12.1055 
0.064 1.987 0.1765 2.12198 0 2.18814 1.87654 0 2.58049 0 0 -19.4925 1.234 0.15 4.20263 0 1.94928 -14.0782 0 -2.63274 0 0 -12.1055 
0.065 1.987 0.1765 2.12385 0 2.19071 1.87654 0 2.57068 0 0 -19.4925 1.234 0.15 4.18855 0 1.94663 -14.0782 0 -2.64255 0 0 -12.1055 
0.066 1.987 0.1765 2.12573 0 2.19327 1.87654 0 2.56087 0 0 -19.4925 1.234 0.15 4.17448 0 1.94398 -14.0782 0 -2.65236 0 0 -12.1055 
0.067 1.987 0.1765 2.1276 0 2.19582 1.87654 0 2.55106 0 0 -19.4925 1.234 0.15 4.1604 0 1.94132 -14.0782 0 -2.66217 0 0 -12.1055 
0.068 1.987 0.1765 2.12948 0 2.19836 1.87654 0 2.54125 0 0 -19.4925 1.234 0.15 4.14632 0 1.93865 -14.0782 0 -2.67198 0 0 -12.1055 
0.069 1.987 0.1765 2.13136 0 2.20089 1.87654 0 2.53144 0 0 -19.4925 1.234 0.15 4.13224 0 1.93597 -14.0782 0 -2.68179 0 0 -12.1055 
0.07 1.987 0.1765 2.13323 0 2.20341 1.87654 0 2.52163 0 0 -19.4925 1.234 0.15 4.11816 0 1.93327 -14.0782 0 -2.6916 0 0 -12.1055 
0.071 1.987 0.1765 2.13511 0 2.20593 1.87654 0 2.51182 0 0 -19.4925 1.234 0.15 4.10408 0 1.93057 -14.0782 0 -2.70141 0 0 -12.1055 
0.072 1.987 0.1765 2.13699 0 2.20843 1.87654 0 2.50201 0 0 -19.4925 1.234 0.15 4.09001 0 1.92786 -14.0782 0 -2.71122 0 0 -12.1055 
0.073 1.987 0.1765 2.13886 0 2.21092 1.87654 0 2.4922 0 0 -19.4925 1.234 0.15 4.07593 0 1.92514 -14.0782 0 -2.72103 0 0 -12.1055 
0.074 1.987 0.1765 2.14074 0 2.2134 1.87654 0 2.48239 0 0 -19.4925 1.234 0.15 4.06185 0 1.92241 -14.0782 0 -2.73084 0 0 -12.1055 
0.075 1.987 0.1765 2.14262 0 2.21587 1.87654 0 2.47258 0 0 -19.4925 1.234 0.15 4.04777 0 1.91967 -14.0782 0 -2.74065 0 0 -12.1055 
0.076 1.987 0.1765 2.14449 0 2.21834 1.87654 0 2.46277 0 0 -19.4925 1.234 0.15 4.03369 0 1.91692 -14.0782 0 -2.75046 0 0 -12.1055 
0.077 1.987 0.1765 2.14637 0 2.22079 1.87654 0 2.45296 0 0 -19.4925 1.234 0.15 4.01962 0 1.91416 -14.0782 0 -2.76027 0 0 -12.1055 
0.078 1.987 0.1765 2.14825 0 2.22323 1.87654 0 2.44315 0 0 -19.4925 1.234 0.15 4.00554 0 1.91139 -14.0782 0 -2.77008 0 0 -12.1055 
0.079 1.987 0.1765 2.15012 0 2.22567 1.87654 0 2.43334 0 0 -19.4925 1.234 0.15 3.99146 0 1.90861 -14.0782 0 -2.77989 0 0 -12.1055 
0.08 1.987 0.1765 2.152 0 2.22809 1.87654 0 2.42353 0 0 -19.4925 1.234 0.15 3.97738 0 1.90582 -14.0782 0 -2.7897 0 0 -12.1055 
0.081 1.987 0.1765 2.15388 0 2.2305 1.87654 0 2.41372 0 0 -19.4925 1.234 0.15 3.9633 0 1.90302 -14.0782 0 -2.79951 0 0 -12.1055 
0.082 1.987 0.1765 2.15575 0 2.23291 1.87654 0 2.40391 0 0 -19.4925 1.234 0.15 3.94922 0 1.90021 -14.0782 0 -2.80932 0 0 -12.1055 
0.083 1.987 0.1765 2.15763 0 2.2353 1.87654 0 2.3941 0 0 -19.4925 1.234 0.15 3.93515 0 1.89739 -14.0782 0 -2.81913 0 0 -12.1055 
0.084 1.987 0.1765 2.15951 0 2.23769 1.87654 0 2.38429 0 0 -19.4925 1.234 0.15 3.92107 0 1.89456 -14.0782 0 -2.82894 0 0 -12.1055 
0.085 1.987 0.1765 2.16138 0 2.24006 1.87654 0 2.37448 0 0 -19.4925 1.234 0.15 3.90699 0 1.89172 -14.0782 0 -2.83875 0 0 -12.1055 
0.086 1.987 0.1765 2.16326 0 2.24243 1.87654 0 2.36467 0 0 -19.4925 1.234 0.15 3.89291 0 1.88887 -14.0782 0 -2.84856 0 0 -12.1055 
0.087 1.987 0.1765 2.16514 0 2.24478 1.87654 0 2.35486 0 0 -19.4925 1.234 0.15 3.87883 0 1.88602 -14.0782 0 -2.85837 0 0 -12.1055 
0.088 1.987 0.1765 2.16701 0 2.24713 1.87654 0 2.34505 0 0 -19.4925 1.234 0.15 3.86476 0 1.88315 -14.0782 0 -2.86818 0 0 -12.1055 
0.089 1.987 0.1765 2.16889 0 2.24946 1.87654 0 2.33524 0 0 -19.4925 1.234 0.15 3.85068 0 1.88027 -14.0782 0 -2.87799 0 0 -12.1055 
0.09 1.987 0.1765 2.17077 0 2.25179 1.87654 0 2.32543 0 0 -19.4925 1.234 0.15 3.8366 0 1.87738 -14.0782 0 -2.8878 0 0 -12.1055 
0.091 1.987 0.1765 2.17264 0 2.2541 1.87654 0 2.31562 0 0 -19.4925 1.234 0.15 3.82252 0 1.87448 -14.0782 0 -2.89761 0 0 -12.1055 
0.092 1.987 0.1765 2.17452 0 2.25641 1.87654 0 2.30581 0 0 -19.4925 1.234 0.15 3.80844 0 1.87158 -14.0782 0 -2.90742 0 0 -12.1055 
0.093 1.987 0.1765 2.17639 0 2.2587 1.87654 0 2.296 0 0 -19.4925 1.234 0.15 3.79436 0 1.86866 -14.0782 0 -2.91723 0 0 -12.1055 
0.094 1.987 0.1765 2.17827 0 2.26099 1.87654 0 2.28619 0 0 -19.4925 1.234 0.15 3.78029 0 1.86573 -14.0782 0 -2.92704 0 0 -12.1055 
0.095 1.987 0.1765 2.18015 0 2.26327 1.87654 0 2.27638 0 0 -19.4925 1.234 0.15 3.76621 0 1.8628 -14.0782 0 -2.93685 0 0 -12.1055 
0.096 1.987 0.1765 2.18202 0 2.26553 1.87654 0 2.26657 0 0 -19.4925 1.234 0.15 3.75213 0 1.85985 -14.0782 0 -2.94666 0 0 -12.1055 
0.097 1.987 0.1765 2.1839 0 2.26779 1.87654 0 2.25676 0 0 -19.4925 1.234 0.15 3.73805 0 1.85689 -14.0782 0 -2.95647 0 0 -12.1055 
0.098 1.987 0.1765 2.18578 0 2.27004 1.87654 0 2.24695 0 0 -19.4925 1.234 0.15 3.72397 0 1.85393 -14.0782 0 -2.96628 0 0 -12.1055 
0.099 1.987 0.1765 2.18765 0 2.27227 1.87654 0 2.23714 0 0 -19.4925 1.234 0.15 3.7099 0 1.85095 -14.0782 0 -2.97609 0 0 -12.1055 
0.1 1.987 0.1765 2.18953 0 2.2745 1.87654 0 2.22733 0 0 -19.4925 1.234 0.15 3.69582 0 1.84796 -14.0782 0 -2.9859 0 0 -12.1055 
0.101 1.987 0.1765 2.19141 0 2.27672 1.87654 0 2.21752 0 0 -19.4925 1.234 0.15 3.68174 0 1.84497 -14.0782 0 -2.99571 0 0 -12.1055 
0.102 1.987 0.1765 2.19328 0 2.27893 1.87654 0 2.20771 0 0 -19.4925 1.234 0.15 3.66766 0 1.84196 -14.0782 0 -3.00552 0 0 -12.1055 
0.103 1.987 0.1765 2.19516 0 2.28112 1.87654 0 2.1979 0 0 -19.4925 1.234 0.15 3.65358 0 1.83895 -14.0782 0 -3.01533 0 0 -12.1055 
0.104 1.987 0.1765 2.19704 0 2.28331 1.87654 0 2.18809 0 0 -19.4925 1.234 0.15 3.6395 0 1.83592 -14.0782 0 -3.02514 0 0 -12.1055 
0.105 1.987 0.1765 2.19891 0 2.28549 1.87654 0 2.17828 0 0 -19.4925 1.234 0.15 3.62543 0 1.83289 -14.0782 0 -3.03495 0 0 -12.1055 
0.106 1.987 0.1765 2.20079 0 2.28766 1.87654 0 2.16847 0 0 -19.4925 1.234 0.15 3.61135 0 1.82984 -14.0782 0 -3.04476 0 0 -12.1055 
0.107 1.987 0.1765 2.20267 0 2.28982 1.87654 0 2.15866 0 0 -19.4925 1.234 0.15 3.59727 0 1.82679 -14.0782 0 -3.05457 0 0 -12.1055 
0.108 1.987 0.1765 2.20454 0 2.29197 1.87654 0 2.14885 0 0 -19.4925 1.234 0.15 3.58319 0 1.82372 -14.0782 0 -3.06438 0 0 -12.1055 
0.109 1.987 0.1765 2.20642 0 2.29411 1.87654 0 2.13904 0 0 -19.4925 1.234 0.15 3.56911 0 1.82065 -14.0782 0 -3.07419 0 0 -12.1055 
0.11 1.987 0.1765 2.2083 0 2.29623 1.87654 0 2.12923 0 0 -19.4925 1.234 0.15 3.55504 0 1.81757 -14.0782 0 -3.084 0 0 -12.1055 
0.111 1.987 0.1765 2.21017 0 2.29835 1.87654 0 2.11942 0 0 -19.4925 1.234 0.15 3.54096 0 1.81447 -14.0782 0 -3.09381 0 0 -12.1055 
0.112 1.987 0.1765 2.21205 0 2.30046 1.87654 0 2.10961 0 0 -19.4925 1.234 0.15 3.52688 0 1.81137 -14.0782 0 -3.10362 0 0 -12.1055 
0.113 1.987 0.1765 2.21393 0 2.30256 1.87654 0 2.0998 0 0 -19.4925 1.234 0.15 3.5128 0 1.80825 -14.0782 0 -3.11343 0 0 -12.1055 
0.114 1.987 0.1765 2.2158 0 2.30465 1.87654 0 2.08999 0 0 -19.4925 1.234 0.15 3.49872 0 1.80513 -14.0782 0 -3.12324 0 0 -12.1055 
0.115 1.987 0.1765 2.21768 0 2.30673 1.87654 0 2.08018 0 0 -19.4925 1.234 0.15 3.48464 0 1.802 -14.0782 0 -3.13305 0 0 -12.1055 
0.116 1.987 0.1765 2.21956 0 2.3088 1.87654 0 2.07037 0 0 -19.4925 1.234 0.15 3.47057 0 1.79886 -14.0782 0 -3.14286 0 0 -12.1055 
0.117 1.987 0.1765 2.22143 0 2.31086 1.87654 0 2.06056 0 0 -19.4925 1.234 0.15 3.45649 0 1.7957 -14.0782 0 -3.15267 0 0 -12.1055 
0.118 1.987 0.1765 2.22331 0 2.31292 1.87654 0 2.05075 0 0 -19.4925 1.234 0.15 3.44241 0 1.79254 -14.0782 0 -3.16248 0 0 -12.1055 
0.119 1.987 0.1765 2.22518 0 2.31496 1.87654 0 2.04094 0 0 -19.4925 1.234 0.15 3.42833 0 1.78937 -14.0782 0 -3.17229 0 0 -12.1055 
0.12 1.987 0.1765 2.22706 0 2.31699 1.87654 0 2.03113 0 0 -19.4925 1.234 0.15 3.41425 0 1.78619 -14.0782 0 -3.1821 0 0 -12.1055 
0.121 1.987 0.1765 2.22894 0 2.31901 1.87654 0 2.02132 0 0 -19.4925 1.234 0.15 3.40018 0 1.78299 -14.0782 0 -3.19191 0 0 -12.1055 
0.122 1.987 0.1765 2.23081 0 2.32102 1.87654 0 2.01151 0 0 -19.4925 1.234 0.15 3.3861 0 1.77979 -14.0782 0 -3.20172 0 0 -12.1055 
0.123 1.987 0.1765 2.23269 0 2.32302 1.87654 0 2.0017 0 0 -19.4925 1.234 0.15 3.37202 0 1.77658 -14.0782 0 -3.21153 0 0 -12.1055 
0.124 1.987 0.1765 2.23457 0 2.32501 1.87654 0 1.99189 0 0 -19.4925 1.234 0.15 3.35794 0 1.77336 -14.0782 0 -3.22134 0 0 -12.1055 
0.125 1.987 0.1765 2.23644 0 2.327 1.87654 0 1.98208 0 0 -19.4925 1.234 0.15 3.34386 0 1.77013 -14.0782 0 -3.23115 0 0 -12.1055 
0.126 1.987 0.1765 2.23832 0 2.32897 1.87654 0 1.97227 0 0 -19.4925 1.234 0.15 3.32978 0 1.76689 -14.0782 0 -3.24096 0 0 -12.1055 
0.127 1.987 0.1765 2.2402 0 2.33093 1.87654 0 1.96246 0 0 -19.4925 1.234 0.15 3.31571 0 1.76364 -14.0782 0 -3.25077 0 0 -12.1055 
0.128 1.987 0.1765 2.24207 0 2.33288 1.87654 0 1.95265 0 0 -19.4925 1.234 0.15 3.30163 0 1.76038 -14.0782 0 -3.26058 0 0 -12.1055 
0.129 1.987 0.1765 2.24395 0 2.33483 1.87654 0 1.94284 0 0 -19.4925 1.234 0.15 3.28755 0 1.75711 -14.0782 0 -3.27039 0 0 -12.1055 
0.13 1.987 0.1765 2.24583 0 2.33676 1.87654 0 1.93303 0 0 -19.4925 1.234 0.15 3.27347 0 1.75383 -14.0782 0 -3.2802 0 0 -12.1055 
0.131 1.987 0.1765 2.2477 0 2.33868 1.87654 0 1.92322 0 0 -19.4925 1.234 0.15 3.25939 0 1.75054 -14.0782 0 -3.29001 0 0 -12.1055 
0.132 1.987 0.1765 2.24958 0 2.3406 1.87654 0 1.91341 0 0 -19.4925 1.234 0.15 3.24532 0 1.74724 -14.0782 0 -3.29982 0 0 -12.1055 
0.133 1.987 0.1765 2.25146 0 2.3425 1.87654 0 1.9036 0 0 -19.4925 1.234 0.15 3.23124 0 1.74393 -14.0782 0 -3.30963 0 0 -12.1055 
0.134 1.987 0.1765 2.25333 0 2.34439 1.87654 0 1.89379 0 0 -19.4925 1.234 0.15 3.21716 0 1.74061 -14.0782 0 -3.31944 0 0 -12.1055 
0.135 1.987 0.1765 2.25521 0 2.34628 1.87654 0 1.88398 0 0 -19.4925 1.234 0.15 3.20308 0 1.73728 -14.0782 0 -3.32925 0 0 -12.1055 
0.136 1.987 0.1765 2.25709 0 2.34815 1.87654 0 1.87417 0 0 -19.4925 1.234 0.15 3.189 0 1.73394 -14.0782 0 -3.33906 0 0 -12.1055 
0.137 1.987 0.1765 2.25896 0 2.35002 1.87654 0 1.86436 0 0 -19.4925 1.234 0.15 3.17492 0 1.73059 -14.0782 0 -3.34887 0 0 -12.1055 
0.138 1.987 0.1765 2.26084 0 2.35187 1.87654 0 1.85455 0 0 -19.4925 1.234 0.15 3.16085 0 1.72723 -14.0782 0 -3.35868 0 0 -12.1055 
0.139 1.987 0.1765 2.26272 0 2.35371 1.87654 0 1.84474 0 0 -19.4925 1.234 0.15 3.14677 0 1.72386 -14.0782 0 -3.36849 0 0 -12.1055 
0.14 1.987 0.1765 2.26459 0 2.35555 1.87654 0 1.83493 0 0 -19.4925 1.234 0.15 3.13269 0 1.72048 -14.0782 0 -3.3783 0 0 -12.1055 
0.141 1.987 0.1765 2.26647 0 2.35737 1.87654 0 1.82512 0 0 -19.4925 1.234 0.15 3.11861 0 1.7171 -14.0782 0 -3.38811 0 0 -12.1055 
0.142 1.987 0.1765 2.26835 0 2.35919 1.87654 0 1.81531 0 0 -19.4925 1.234 0.15 3.10453 0 1.7137 -14.0782 0 -3.39792 0 0 -12.1055 
0.143 1.987 0.1765 2.27022 0 2.361 1.87654 0 1.8055 0 0 -19.4925 1.234 0.15 3.09046 0 1.71029 -14.0782 0 -3.40773 0 0 -12.1055 
0.144 1.987 0.1765 2.2721 0 2.36279 1.87654 0 1.79569 0 0 -19.4925 1.234 0.15 3.07638 0 1.70687 -14.0782 0 -3.41754 0 0 -12.1055 
0.145 1.987 0.1765 2.27397 0 2.36458 1.87654 0 1.78588 0 0 -19.4925 1.234 0.15 3.0623 0 1.70345 -14.0782 0 -3.42735 0 0 -12.1055 
0.146 1.987 0.1765 2.27585 0 2.36635 1.87654 0 1.77607 0 0 -19.4925 1.234 0.15 3.04822 0 1.70001 -14.0782 0 -3.43716 0 0 -12.1055 
0.147 1.987 0.1765 2.27773 0 2.36812 1.87654 0 1.76626 0 0 -19.4925 1.234 0.15 3.03414 0 1.69656 -14.0782 0 -3.44697 0 0 -12.1055 
0.148 1.987 0.1765 2.2796 0 2.36988 1.87654 0 1.75645 0 0 -19.4925 1.234 0.15 3.02006 0 1.6931 -14.0782 0 -3.45678 0 0 -12.1055 
0.149 1.987 0.1765 2.28148 0 2.37162 1.87654 0 1.74664 0 0 -19.4925 1.234 0.15 3.00599 0 1.68964 -14.0782 0 -3.46659 0 0 -12.1055 
0.15 1.987 0.1765 2.28336 0 2.37336 1.87654 0 1.73683 0 0 -19.4925 1.234 0.15 2.99191 0 1.68616 -14.0782 0 -3.4764 0 0 -12.1055 
0.151 1.987 0.1765 2.28523 0 2.37509 1.87654 0 1.72702 0 0 -19.4925 1.234 0.15 2.97783 0 1.68267 -14.0782 0 -3.48621 0 0 -12.1055 
0.152 1.987 0.1765 2.28711 0 2.3768 1.87654 0 1.71721 0 0 -19.4925 1.234 0.15 2.96375 0 1.67918 -14.0782 0 -3.49602 0 0 -12.1055 
0.153 1.987 0.1765 2.28899 0 2.37851 1.87654 0 1.7074 0 0 -19.4925 1.234 0.15 2.94967 0 1.67567 -14.0782 0 -3.50583 0 0 -12.1055 
0.154 1.987 0.1765 2.29086 0 2.38021 1.87654 0 1.69759 0 0 -19.4925 1.234 0.15 2.9356 0 1.67216 -14.0782 0 -3.51564 0 0 -12.1055 
0.155 1.987 0.1765 2.29274 0 2.3819 1.87654 0 1.68778 0 0 -19.4925 1.234 0.15 2.92152 0 1.66863 -14.0782 0 -3.52545 0 0 -12.1055 
0.156 1.987 0.1765 2.29462 0 2.38357 1.87654 0 1.67797 0 0 -19.4925 1.234 0.15 2.90744 0 1.6651 -14.0782 0 -3.53526 0 0 -12.1055 
0.157 1.987 0.1765 2.29649 0 2.38524 1.87654 0 1.66816 0 0 -19.4925 1.234 0.15 2.89336 0 1.66155 -14.0782 0 -3.54507 0 0 -12.1055 
0.158 1.987 0.1765 2.29837 0 2.3869 1.87654 0 1.65835 0 0 -19.4925 1.234 0.15 2.87928 0 1.658 -14.0782 0 -3.55488 0 0 -12.1055 
0.159 1.987 0.1765 2.30025 0 2.38855 1.87654 0 1.64854 0 0 -19.4925 1.234 0.15 2.8652 0 1.65443 -14.0782 0 -3.56469 0 0 -12.1055 
0.16 1.987 0.1765 2.30212 0 2.39019 1.87654 0 1.63873 0 0 -19.4925 1.234 0.15 2.85113 0 1.65086 -14.0782 0 -3.5745 0 0 -12.1055 
0.161 1.987 0.1765 2.304 0 2.39182 1.87654 0 1.62892 0 0 -19.4925 1.234 0.15 2.83705 0 1.64727 -14.0782 0 -3.58431 0 0 -12.1055 
0.162 1.987 0.1765 2.30588 0 2.39344 1.87654 0 1.61911 0 0 -19.4925 1.234 0.15 2.82297 0 1.64368 -14.0782 0 -3.59412 0 0 -12.1055 
0.163 1.987 0.1765 2.30775 0 2.39505 1.87654 0 1.6093 0 0 -19.4925 1.234 0.15 2.80889 0 1.64008 -14.0782 0 -3.60393 0 0 -12.1055 
0.164 1.987 0.1765 2.30963 0 2.39665 1.87654 0 1.59949 0 0 -19.4925 1.234 0.15 2.79481 0 1.63646 -14.0782 0 -3.61374 0 0 -12.1055 
0.165 1.987 0.1765 2.31151 0 2.39823 1.87654 0 1.58968 0 0 -19.4925 1.234 0.15 2.78073 0 1.63284 -14.0782 0 -3.62355 0 0 -12.1055 
0.166 1.987 0.1765 2.31338 0 2.39981 1.87654 0 1.57987 0 0 -19.4925 1.234 0.15 2.76666 0 1.6292 -14.0782 0 -3.63336 0 0 -12.1055 
0.167 1.987 0.1765 2.31526 0 2.40138 1.87654 0 1.57006 0 0 -19.4925 1.234 0.15 2.75258 0 1.62556 -14.0782 0 -3.64317 0 0 -12.1055 
0.168 1.987 0.1765 2.31714 0 2.40294 1.87654 0 1.56025 0 0 -19.4925 1.234 0.15 2.7385 0 1.62191 -14.0782 0 -3.65298 0 0 -12.1055 
0.169 1.987 0.1765 2.31901 0 2.4045 1.87654 0 1.55044 0 0 -19.4925 1.234 0.15 2.72442 0 1.61825 -14.0782 0 -3.66279 0 0 -12.1055 
0.17 1.987 0.1765 2.32089 0 2.40604 1.87654 0 1.54063 0 0 -19.4925 1.234 0.15 2.71034 0 1.61457 -14.0782 0 -3.6726 0 0 -12.1055 
0.171 1.987 0.1765 2.32276 0 2.40757 1.87654 0 1.53082 0 0 -19.4925 1.234 0.15 2.69627 0 1.61089 -14.0782 0 -3.68241 0 0 -12.1055 
0.172 1.987 0.1765 2.32464 0 2.40909 1.87654 0 1.52101 0 0 -19.4925 1.234 0.15 2.68219 0 1.6072 -14.0782 0 -3.69222 0 0 -12.1055 
0.173 1.987 0.1765 2.32652 0 2.4106 1.87654 0 1.5112 0 0 -19.4925 1.234 0.15 2.66811 0 1.6035 -14.0782 0 -3.70203 0 0 -12.1055 
0.174 1.987 0.1765 2.32839 0 2.4121 1.87654 0 1.50139 0 0 -19.4925 1.234 0.15 2.65403 0 1.59978 -14.0782 0 -3.71184 0 0 -12.1055 
0.175 1.987 0.1765 2.33027 0 2.41359 1.87654 0 1.49158 0 0 -19.4925 1.234 0.15 2.63995 0 1.59606 -14.0782 0 -3.72165 0 0 -12.1055 
0.176 1.987 0.1765 2.33215 0 2.41507 1.87654 0 1.48177 0 0 -19.4925 1.234 0.15 2.62587 0 1.59233 -14.0782 0 -3.73146 0 0 -12.1055 
0.177 1.987 0.1765 2.33402 0 2.41655 1.87654 0 1.47196 0 0 -19.4925 1.234 0.15 2.6118 0 1.58859 -14.0782 0 -3.74127 0 0 -12.1055 
0.178 1.987 0.1765 2.3359 0 2.41801 1.87654 0 1.46215 0 0 -19.4925 1.234 0.15 2.59772 0 1.58484 -14.0782 0 -3.75108 0 0 -12.1055 
0.179 1.987 0.1765 2.33778 0 2.41946 1.87654 0 1.45234 0 0 -19.4925 1.234 0.15 2.58364 0 1.58108 -14.0782 0 -3.76089 0 0 -12.1055 
0.18 1.987 0.1765 2.33965 0 2.4209 1.87654 0 1.44253 0 0 -19.4925 1.234 0.15 2.56956 0 1.57731 -14.0782 0 -3.7707 0 0 -12.1055 
0.181 1.987 0.1765 2.34153 0 2.42234 1.87654 0 1.43272 0 0 -19.4925 1.234 0.15 2.55548 0 1.57353 -14.0782 0 -3.78051 0 0 -12.1055 
0.182 1.987 0.1765 2.34341 0 2.42376 1.87654 0 1.42291 0 0 -19.4925 1.234 0.15 2.54141 0 1.56974 -14.0782 0 -3.79032 0 0 -12.1055 
0.183 1.987 0.1765 2.34528 0 2.42517 1.87654 0 1.4131 0 0 -19.4925 1.234 0.15 2.52733 0 1.56594 -14.0782 0 -3.80013 0 0 -12.1055 
0.184 1.987 0.1765 2.34716 0 2.42657 1.87654 0 1.40329 0 0 -19.4925 1.234 0.15 2.51325 0 1.56213 -14.0782 0 -3.80994 0 0 -12.1055 
0.185 1.987 0.1765 2.34904 0 2.42797 1.87654 0 1.39348 0 0 -19.4925 1.234 0.15 2.49917 0 1.55831 -14.0782 0 -3.81975 0 0 -12.1055 
0.186 1.987 0.1765 2.35091 0 2.42935 1.87654 0 1.38367 0 0 -19.4925 1.234 0.15 2.48509 0 1.55448 -14.0782 0 -3.82956 0 0 -12.1055 
0.187 1.987 0.1765 2.35279 0 2.43073 1.87654 0 1.37386 0 0 -19.4925 1.234 0.15 2.47101 0 1.55064 -14.0782 0 -3.83937 0 0 -12.1055 
0.188 1.987 0.1765 2.35467 0 2.43209 1.87654 0 1.36405 0 0 -19.4925 1.234 0.15 2.45694 0 1.54679 -14.0782 0 -3.84918 0 0 -12.1055 
0.189 1.987 0.1765 2.35654 0 2.43344 1.87654 0 1.35424 0 0 -19.4925 1.234 0.15 2.44286 0 1.54293 -14.0782 0 -3.85899 0 0 -12.1055 
0.19 1.987 0.1765 2.35842 0 2.43479 1.87654 0 1.34443 0 0 -19.4925 1.234 0.15 2.42878 0 1.53906 -14.0782 0 -3.8688 0 0 -12.1055 
0.191 1.987 0.1765 2.3603 0 2.43612 1.87654 0 1.33462 0 0 -19.4925 1.234 0.15 2.4147 0 1.53518 -14.0782 0 -3.87861 0 0 -12.1055 
0.192 1.987 0.1765 2.36217 0 2.43745 1.87654 0 1.32481 0 0 -19.4925 1.234 0.15 2.40062 0 1.53129 -14.0782 0 -3.88842 0 0 -12.1055 
0.193 1.987 0.1765 2.36405 0 2.43876 1.87654 0 1.315 0 0 -19.4925 1.234 0.15 2.38655 0 1.5274 -14.0782 0 -3.89823 0 0 -12.1055 
0.194 1.987 0.1765 2.36593 0 2.44007 1.87654 0 1.30519 0 0 -19.4925 1.234 0.15 2.37247 0 1.52349 -14.0782 0 -3.90804 0 0 -12.1055 
0.195 1.987 0.1765 2.3678 0 2.44136 1.87654 0 1.29538 0 0 -19.4925 1.234 0.15 2.35839 0 1.51957 -14.0782 0 -3.91785 0 0 -12.1055 
0.196 1.987 0.1765 2.36968 0 2.44265 1.87654 0 1.28557 0 0 -19.4925 1.234 0.15 2.34431 0 1.51564 -14.0782 0 -3.92766 0 0 -12.1055 
0.197 1.987 0.1765 2.37155 0 2.44392 1.87654 0 1.27576 0 0 -19.4925 1.234 0.15 2.33023 0 1.5117 -14.0782 0 -3.93747 0 0 -12.1055 
0.198 1.987 0.1765 2.37343 0 2.44519 1.87654 0 1.26595 0 0 -19.4925 1.234 0.15 2.31615 0 1.50776 -14.0782 0 -3.94728 0 0 -12.1055 
0.199 1.987 0.1765 2.37531 0 2.44645 1.87654 0 1.25614 0 0 -19.4925 1.234 0.15 2.30208 0 1.5038 -14.0782 0 -3.95709 0 0 -12.1055 
0.2 1.987 0.1765 2.37718 0 2.44769 1.87654 0 1.24633 0 0 -19.4925 1.234 0.15 2.288 0 1.49983 -14.0782 0 -3.9669 0 0 -12.1055 
0.201 1.987 0.1765 2.37906 0 2.44893 1.87654 0 1.23652 0 0 -19.4925 1.234 0.15 2.27392 0 1.49586 -14.0782 0 -3.97671 0 0 -12.1055 
0.202 1.987 0.1765 2.38094 0 2.45016 1.87654 0 1.22671 0 0 -19.4925 1.234 0.15 2.25984 0 1.49187 -14.0782 0 -3.98652 0 0 -12.1055 
0.203 1.987 0.1765 2.38281 0 2.45137 1.87654 0 1.2169 0 0 -19.4925 1.234 0.15 2.24576 0 1.48787 -14.0782 0 -3.99633 0 0 -12.1055 
0.204 1.987 0.1765 2.38469 0 2.45258 1.87654 0 1.20709 0 0 -19.4925 1.234 0.15 2.23169 0 1.48387 -14.0782 0 -4.00614 0 0 -12.1055 
0.205 1.987 0.1765 2.38657 0 2.45378 1.87654 0 1.19728 0 0 -19.4925 1.234 0.15 2.21761 0 1.47985 -14.0782 0 -4.01595 0 0 -12.1055 
0.206 1.987 0.1765 2.38844 0 2.45497 1.87654 0 1.18747 0 0 -19.4925 1.234 0.15 2.20353 0 1.47583 -14.0782 0 -4.02576 0 0 -12.1055 
0.207 1.987 0.1765 2.39032 0 2.45614 1.87654 0 1.17766 0 0 -19.4925 1.234 0.15 2.18945 0 1.47179 -14.0782 0 -4.03557 0 0 -12.1055 
0.208 1.987 0.1765 2.3922 0 2.45731 1.87654 0 1.16785 0 0 -19.4925 1.234 0.15 2.17537 0 1.46774 -14.0782 0 -4.04538 0 0 -12.1055 
0.209 1.987 0.1765 2.39407 0 2.45847 1.87654 0 1.15804 0 0 -19.4925 1.234 0.15 2.16129 0 1.46369 -14.0782 0 -4.05519 0 0 -12.1055 
0.21 1.987 0.1765 2.39595 0 2.45962 1.87654 0 1.14823 0 0 -19.4925 1.234 0.15 2.14722 0 1.45962 -14.0782 0 -4.065 0 0 -12.1055 
0.211 1.987 0.1765 2.39783 0 2.46076 1.87654 0 1.13842 0 0 -19.4925 1.234 0.15 2.13314 0 1.45555 -14.0782 0 -4.07481 0 0 -12.1055 
0.212 1.987 0.1765 2.3997 0 2.46188 1.87654 0 1.12861 0 0 -19.4925 1.234 0.15 2.11906 0 1.45147 -14.0782 0 -4.08462 0 0 -12.1055 
0.213 1.987 0.1765 2.40158 0 2.463 1.87654 0 1.1188 0 0 -19.4925 1.234 0.15 2.10498 0 1.44737 -14.0782 0 -4.09443 0 0 -12.1055 
0.214 1.987 0.1765 2.40346 0 2.46411 1.87654 0 1.10899 0 0 -19.4925 1.234 0.15 2.0909 0 1.44327 -14.0782 0 -4.10424 0 0 -12.1055 
0.215 1.987 0.1765 2.40533 0 2.46521 1.87654 0 1.09918 0 0 -19.4925 1.234 0.15 2.07683 0 1.43915 -14.0782 0 -4.11405 0 0 -12.1055 
0.216 1.987 0.1765 2.40721 0 2.4663 1.87654 0 1.08937 0 0 -19.4925 1.234 0.15 2.06275 0 1.43503 -14.0782 0 -4.12386 0 0 -12.1055 
0.217 1.987 0.1765 2.40909 0 2.46738 1.87654 0 1.07956 0 0 -19.4925 1.234 0.15 2.04867 0 1.43089 -14.0782 0 -4.13367 0 0 -12.1055 
0.218 1.987 0.1765 2.41096 0 2.46845 1.87654 0 1.06975 0 0 -19.4925 1.234 0.15 2.03459 0 1.42675 -14.0782 0 -4.14348 0 0 -12.1055 
0.219 1.987 0.1765 2.41284 0 2.46951 1.87654 0 1.05994 0 0 -19.4925 1.234 0.15 2.02051 0 1.4226 -14.0782 0 -4.15329 0 0 -12.1055 
0.22 1.987 0.1765 2.41472 0 2.47056 1.87654 0 1.05013 0 0 -19.4925 1.234 0.15 2.00643 0 1.41843 -14.0782 0 -4.1631 0 0 -12.1055 
0.221 1.987 0.1765 2.41659 0 2.4716 1.87654 0 1.04032 0 0 -19.4925 1.234 0.15 1.99236 0 1.41426 -14.0782 0 -4.17291 0 0 -12.1055 
0.222 1.987 0.1765 2.41847 0 2.47263 1.87654 0 1.03051 0 0 -19.4925 1.234 0.15 1.97828 0 1.41008 -14.0782 0 -4.18272 0 0 -12.1055 
0.223 1.987 0.1765 2.42034 0 2.47365 1.87654 0 1.0207 0 0 -19.4925 1.234 0.15 1.9642 0 1.40589 -14.0782 0 -4.19253 0 0 -12.1055 
0.224 1.987 0.1765 2.42222 0 2.47466 1.87654 0 1.01089 0 0 -19.4925 1.234 0.15 1.95012 0 1.40168 -14.0782 0 -4.20234 0 0 -12.1055 
0.225 1.987 0.1765 2.4241 0 2.47566 1.87654 0 1.00108 0 0 -19.4925 1.234 0.15 1.93604 0 1.39747 -14.0782 0 -4.21215 0 0 -12.1055 
0.226 1.987 0.1765 2.42597 0 2.47665 1.87654 0 0.991269 0 0 -19.4925 1.234 0.15 1.92197 0 1.39325 -14.0782 0 -4.22196 0 0 -12.1055 
0.227 1.987 0.1765 2.42785 0 2.47764 1.87654 0 0.981459 0 0 -19.4925 1.234 0.15 1.90789 0 1.38902 -14.0782 0 -4.23177 0 0 -12.1055 
0.228 1.987 0.1765 2.42973 0 2.47861 1.87654 0 0.971649 0 0 -19.4925 1.234 0.15 1.89381 0 1.38478 -14.0782 0 -4.24158 0 0 -12.1055 
0.229 1.987 0.1765 2.4316 0 2.47957 1.87654 0 0.961839 0 0 -19.4925 1.234 0.15 1.87973 0 1.38053 -14.0782 0 -4.25139 0 0 -12.1055 
0.23 1.987 0.1765 2.43348 0 2.48052 1.87654 0 0.952029 0 0 -19.4925 1.234 0.15 1.86565 0 1.37626 -14.0782 0 -4.2612 0 0 -12.1055 
0.231 1.987 0.1765 2.43536 0 2.48146 1.87654 0 0.942219 0 0 -19.4925 1.234 0.15 1.85157 0 1.37199 -14.0782 0 -4.27101 0 0 -12.1055 
0.232 1.987 0.1765 2.43723 0 2.4824 1.87654 0 0.932409 0 0 -19.4925 1.234 0.15 1.8375 0 1.36771 -14.0782 0 -4.28082 0 0 -12.1055 
0.233 1.987 0.1765 2.43911 0 2.48332 1.87654 0 0.922599 0 0 -19.4925 1.234 0.15 1.82342 0 1.36342 -14.0782 0 -4.29063 0 0 -12.1055 
0.234 1.987 0.1765 2.44099 0 2.48423 1.87654 0 0.912789 0 0 -19.4925 1.234 0.15 1.80934 0 1.35912 -14.0782 0 -4.30044 0 0 -12.1055 
0.235 1.987 0.1765 2.44286 0 2.48513 1.87654 0 0.902979 0 0 -19.4925 1.234 0.15 1.79526 0 1.35481 -14.0782 0 -4.31025 0 0 -12.1055 
0.236 1.987 0.1765 2.44474 0 2.48603 1.87654 0 0.893169 0 0 -19.4925 1.234 0.15 1.78118 0 1.35049 -14.0782 0 -4.32006 0 0 -12.1055 
0.237 1.987 0.1765 2.44662 0 2.48691 1.87654 0 0.883359 0 0 -19.4925 1.234 0.15 1.76711 0 1.34616 -14.0782 0 -4.32987 0 0 -12.1055 
0.238 1.987 0.1765 2.44849 0 2.48778 1.87654 0 0.873549 0 0 -19.4925 1.234 0.15 1.75303 0 1.34182 -14.0782 0 -4.33968 0 0 -12.1055 
0.239 1.987 0.1765 2.45037 0 2.48865 1.87654 0 0.863739 0 0 -19.4925 1.234 0.15 1.73895 0 1.33747 -14.0782 0 -4.34949 0 0 -12.1055 
0.24 1.987 0.1765 2.45225 0 2.4895 1.87654 0 0.853929 0 0 -19.4925 1.234 0.15 1.72487 0 1.33311 -14.0782 0 -4.3593 0 0 -12.1055 
0.241 1.987 0.1765 2.45412 0 2.49035 1.87654 0 0.844119 0 0 -19.4925 1.234 0.15 1.71079 0 1.32874 -14.0782 0 -4.36911 0 0 -12.1055 
0.242 1.987 0.1765 2.456 0 2.49118 1.87654 0 0.834309 0 0 -19.4925 1.234 0.15 1.69671 0 1.32436 -14.0782 0 -4.37892 0 0 -12.1055 
0.243 1.987 0.1765 2.45788 0 2.49201 1.87654 0 0.824499 0 0 -19.4925 1.234 0.15 1.68264 0 1.31998 -14.0782 0 -4.38873 0 0 -12.1055 
0.244 1.987 0.1765 2.45975 0 2.49282 1.87654 0 0.814689 0 0 -19.4925 1.234 0.15 1.66856 0 1.31558 -14.0782 0 -4.39854 0 0 -12.1055 
0.245 1.987 0.1765 2.46163 0 2.49362 1.87654 0 0.804879 0 0 -19.4925 1.234 0.15 1.65448 0 1.31117 -14.0782 0 -4.40835 0 0 -12.1055 
0.246 1.987 0.1765 2.46351 0 2.49442 1.87654 0 0.795069 0 0 -19.4925 1.234 0.15 1.6404 0 1.30675 -14.0782 0 -4.41816 0 0 -12.1055 
0.247 1.987 0.1765 2.46538 0 2.4952 1.87654 0 0.785259 0 0 -19.4925 1.234 0.15 1.62632 0 1.30232 -14.0782 0 -4.42797 0 0 -12.1055 
0.248 1.987 0.1765 2.46726 0 2.49598 1.87654 0 0.775449 0 0 -19.4925 1.234 0.15 1.61225 0 1.29789 -14.0782 0 -4.43778 0 0 -12.1055 
0.249 1.987 0.1765 2.46914 0 2.49675 1.87654 0 0.765639 0 0 -19.4925 1.234 0.15 1.59817 0 1.29344 -14.0782 0 -4.44759 0 0 -12.1055 
0.25 1.987 0.1765 2.47101 0 2.4975 1.87654 0 0.755829 0 0 -19.4925 1.234 0.15 1.58409 0 1.28898 -14.0782 0 -4.4574 0 0 -12.1055 
0.251 1.987 0.1765 2.47289 0 2.49825 1.87654 0 0.746019 0 0 -19.4925 1.234 0.15 1.57001 0 1.28451 -14.0782 0 -4.46721 0 0 -12.1055 
0.252 1.987 0.1765 2.47476 0 2.49898 1.87654 0 0.736209 0 0 -19.4925 1.234 0.15 1.55593 0 1.28004 -14.0782 0 -4.47702 0 0 -12.1055 
0.253 1.987 0.1765 2.47664 0 2.49971 1.87654 0 0.726399 0 0 -19.4925 1.234 0.15 1.54185 0 1.27555 -14.0782 0 -4.48683 0 0 -12.1055 
0.254 1.987 0.1765 2.47852 0 2.50043 1.87654 0 0.716589 0 0 -19.4925 1.234 0.15 1.52778 0 1.27105 -14.0782 0 -4.49664 0 0 -12.1055 
0.255 1.987 0.1765 2.48039 0 2.50113 1.87654 0 0.706779 0 0 -19.4925 1.234 0.15 1.5137 0 1.26655 -14.0782 0 -4.50645 0 0 -12.1055 
0.256 1.987 0.1765 2.48227 0 2.50183 1.87654 0 0.696969 0 0 -19.4925 1.234 0.15 1.49962 0 1.26203 -14.0782 0 -4.51626 0 0 -12.1055 
0.257 1.987 0.1765 2.48415 0 2.50252 1.87654 0 0.687159 0 0 -19.4925 1.234 0.15 1.48554 0 1.2575 -14.0782 0 -4.52607 0 0 -12.1055 
0.258 1.987 0.1765 2.48602 0 2.5032 1.87654 0 0.677349 0 0 -19.4925 1.234 0.15 1.47146 0 1.25297 -14.0782 0 -4.53588 0 0 -12.1055 
0.259 1.987 0.1765 2.4879 0 2.50386 1.87654 0 0.667539 0 0 -19.4925 1.234 0.15 1.45739 0 1.24842 -14.0782 0 -4.54569 0 0 -12.1055 
0.26 1.987 0.1765 2.48978 0 2.50452 1.87654 0 0.657729 0 0 -19.4925 1.234 0.15 1.44331 0 1.24387 -14.0782 0 -4.5555 0 0 -12.1055 
0.261 1.987 0.1765 2.49165 0 2.50517 1.87654 0 0.647919 0 0 -19.4925 1.234 0.15 1.42923 0 1.2393 -14.0782 0 -4.56531 0 0 -12.1055 
0.262 1.987 0.1765 2.49353 0 2.50581 1.87654 0 0.638109 0 0 -19.4925 1.234 0.15 1.41515 0 1.23473 -14.0782 0 -4.57512 0 0 -12.1055 
0.263 1.987 0.1765 2.49541 0 2.50643 1.87654 0 0.628299 0 0 -19.4925 1.234 0.15 1.40107 0 1.23014 -14.0782 0 -4.58493 0 0 -12.1055 
0.264 1.987 0.1765 2.49728 0 2.50705 1.87654 0 0.618489 0 0 -19.4925 1.234 0.15 1.38699 0 1.22555 -14.0782 0 -4.59474 0 0 -12.1055 
0.265 1.987 0.1765 2.49916 0 2.50766 1.87654 0 0.608679 0 0 -19.4925 1.234 0.15 1.37292 0 1.22094 -14.0782 0 -4.60455 0 0 -12.1055 
0.266 1.987 0.1765 2.50104 0 2.50826 1.87654 0 0.598869 0 0 -19.4925 1.234 0.15 1.35884 0 1.21633 -14.0782 0 -4.61436 0 0 -12.1055 
0.267 1.987 0.1765 2.50291 0 2.50885 1.87654 0 0.589059 0 0 -19.4925 1.234 0.15 1.34476 0 1.2117 -14.0782 0 -4.62417 0 0 -12.1055 
0.268 1.987 0.1765 2.50479 0 2.50943 1.87654 0 0.579249 0 0 -19.4925 1.234 0.15 1.33068 0 1.20707 -14.0782 0 -4.63398 0 0 -12.1055 
0.269 1.987 0.1765 2.50667 0 2.51 1.87654 0 0.569439 0 0 -19.4925 1.234 0.15 1.3166 0 1.20243 -14.0782 0 -4.64379 0 0 -12.1055 
0.27 1.987 0.1765 2.50854 0 2.51056 1.87654 0 0.559629 0 0 -19.4925 1.234 0.15 1.30253 0 1.19777 -14.0782 0 -4.6536 0 0 -12.1055 
0.271 1.987 0.1765 2.51042 0 2.51111 1.87654 0 0.549819 0 0 -19.4925 1.234 0.15 1.28845 0 1.19311 -14.0782 0 -4.66341 0 0 -12.1055 
0.272 1.987 0.1765 2.5123 0 2.51165 1.87654 0 0.540009 0 0 -19.4925 1.234 0.15 1.27437 0 1.18844 -14.0782 0 -4.67322 0 0 -12.1055 
0.273 1.987 0.1765 2.51417 0 2.51218 1.87654 0 0.530199 0 0 -19.4925 1.234 0.15 1.26029 0 1.18375 -14.0782 0 -4.68303 0 0 -12.1055 
0.274 1.987 0.1765 2.51605 0 2.5127 1.87654 0 0.520389 0 0 -19.4925 1.234 0.15 1.24621 0 1.17906 -14.0782 0 -4.69284 0 0 -12.1055 
0.275 1.987 0.1765 2.51793 0 2.51321 1.87654 0 0.510579 0 0 -19.4925 1.234 0.15 1.23213 0 1.17436 -14.0782 0 -4.70265 0 0 -12.1055 
0.276 1.987 0.1765 2.5198 0 2.51371 1.87654 0 0.500769 0 0 -19.4925 1.234 0.15 1.21806 0 1.16964 -14.0782 0 -4.71246 0 0 -12.1055 
0.277 1.987 0.1765 2.52168 0 2.5142 1.87654 0 0.490959 0 0 -19.4925 1.234 0.15 1.20398 0 1.16492 -14.0782 0 -4.72227 0 0 -12.1055 
0.278 1.987 0.1765 2.52355 0 2.51468 1.87654 0 0.481149 0 0 -19.4925 1.234 0.15 1.1899 0 1.16019 -14.0782 0 -4.73208 0 0 -12.1055 
0.279 1.987 0.1765 2.52543 0 2.51515 1.87654 0 0.471339 0 0 -19.4925 1.234 0.15 1.17582 0 1.15545 -14.0782 0 -4.74189 0 0 -12.1055 
0.28 1.987 0.1765 2.52731 0 2.51562 1.87654 0 0.461529 0 0 -19.4925 1.234 0.15 1.16174 0 1.1507 -14.0782 0 -4.7517 0 0 -12.1055 
0.281 1.987 0.1765 2.52918 0 2.51607 1.87654 0 0.451719 0 0 -19.4925 1.234 0.15 1.14767 0 1.14593 -14.0782 0 -4.76151 0 0 -12.1055 
0.282 1.987 0.1765 2.53106 0 2.51651 1.87654 0 0.441909 0 0 -19.4925 1.234 0.15 1.13359 0 1.14116 -14.0782 0 -4.77132 0 0 -12.1055 
0.283 1.987 0.1765 2.53294 0 2.51694 1.87654 0 0.432099 0 0 -19.4925 1.234 0.15 1.11951 0 1.13638 -14.0782 0 -4.78113 0 0 -12.1055 
0.284 1.987 0.1765 2.53481 0 2.51736 1.87654 0 0.422289 0 0 -19.4925 1.234 0.15 1.10543 0 1.13159 -14.0782 0 -4.79094 0 0 -12.1055 
0.285 1.987 0.1765 2.53669 0 2.51778 1.87654 0 0.412479 0 0 -19.4925 1.234 0.15 1.09135 0 1.12679 -14.0782 0 -4.80075 0 0 -12.1055 
0.286 1.987 0.1765 2.53857 0 2.51818 1.87654 0 0.402669 0 0 -19.4925 1.234 0.15 1.07727 0 1.12198 -14.0782 0 -4.81056 0 0 -12.1055 
0.287 1.987 0.1765 2.54044 0 2.51857 1.87654 0 0.392859 0 0 -19.4925 1.234 0.15 1.0632 0 1.11716 -14.0782 0 -4.82037 0 0 -12.1055 
0.288 1.987 0.1765 2.54232 0 2.51895 1.87654 0 0.383049 0 0 -19.4925 1.234 0.15 1.04912 0 1.11233 -14.0782 0 -4.83018 0 0 -12.1055 
0.289 1.987 0.1765 2.5442 0 2.51933 1.87654 0 0.373239 0 0 -19.4925 1.234 0.15 1.03504 0 1.10749 -14.0782 0 -4.83999 0 0 -12.1055 
0.29 1.987 0.1765 2.54607 0 2.51969 1.87654 0 0.363429 0 0 -19.4925 1.234 0.15 1.02096 0 1.10264 -14.0782 0 -4.8498 0 0 -12.1055 
0.291 1.987 0.1765 2.54795 0 2.52004 1.87654 0 0.353619 0 0 -19.4925 1.234 0.15 1.00688 0 1.09778 -14.0782 0 -4.85961 0 0 -12.1055 
0.292 1.987 0.1765 2.54983 0 2.52039 1.87654 0 0.343809 0 0 -19.4925 1.234 0.15 0.992805 0 1.09291 -14.0782 0 -4.86942 0 0 -12.1055 
0.293 1.987 0.1765 2.5517 0 2.52072 1.87654 0 0.333999 0 0 -19.4925 1.234 0.15 0.978727 0 1.08803 -14.0782 0 -4.87923 0 0 -12.1055 
0.294 1.987 0.1765 2.55358 0 2.52105 1.87654 0 0.324189 0 0 -19.4925 1.234 0.15 0.964649 0 1.08314 -14.0782 0 -4.88904 0 0 -12.1055 
0.295 1.987 0.1765 2.55546 0 2.52136 1.87654 0 0.314379 0 0 -19.4925 1.234 0.15 0.950571 0 1.07824 -14.0782 0 -4.89885 0 0 -12.1055 
0.296 1.987 0.1765 2.55733 0 2.52167 1.87654 0 0.304569 0 0 -19.4925 1.234 0.15 0.936493 0 1.07333 -14.0782 0 -4.90866 0 0 -12.1055 
0.297 1.987 0.1765 2.55921 0 2.52196 1.87654 0 0.294759 0 0 -19.4925 1.234 0.15 0.922414 0 1.06842 -14.0782 0 -4.91847 0 0 -12.1055 
0.298 1.987 0.1765 2.56109 0 2.52225 1.87654 0 0.284949 0 0 -19.4925 1.234 0.15 0.908336 0 1.06349 -14.0782 0 -4.92828 0 0 -12.1055 
0.299 1.987 0.1765 2.56296 0 2.52252 1.87654 0 0.275139 0 0 -19.4925 1.234 0.15 0.894258 0 1.05855 -14.0782 0 -4.93809 0 0 -12.1055 
0.3 1.987 0.1765 2.56484 0 2.52279 1.87654 0 0.265329 0 0 -19.4925 1.234 0.15 0.88018 0 1.0536 -14.0782 0 -4.9479 0 0 -12.1055 
0.301 1.987 0.1765 2.56672 0 2.52304 1.87654 0 0.255519 0 0 -19.4925 1.234 0.15 0.866102 0 1.04864 -14.0782 0 -4.95771 0 0 -12.1055 
0.302 1.987 0.1765 2.56859 0 2.52329 1.87654 0 0.245709 0 0 -19.4925 1.234 0.15 0.852024 0 1.04368 -14.0782 0 -4.96752 0 0 -12.1055 
0.303 1.987 0.1765 2.57047 0 2.52352 1.87654 0 0.235899 0 0 -19.4925 1.234 0.15 0.837945 0 1.0387 -14.0782 0 -4.97733 0 0 -12.1055 
0.304 1.987 0.1765 2.57234 0 2.52375 1.87654 0 0.226089 0 0 -19.4925 1.234 0.15 0.823867 0 1.03371 -14.0782 0 -4.98714 0 0 -12.1055 
0.305 1.987 0.1765 2.57422 0 2.52397 1.87654 0 0.216279 0 0 -19.4925 1.234 0.15 0.809789 0 1.02872 -14.0782 0 -4.99695 0 0 -12.1055 
0.306 1.987 0.1765 2.5761 0 2.52417 1.87654 0 0.206469 0 0 -19.4925 1.234 0.15 0.795711 0 1.02371 -14.0782 0 -5.00676 0 0 -12.1055 
0.307 1.987 0.1765 2.57797 0 2.52437 1.87654 0 0.196659 0 0 -19.4925 1.234 0.15 0.781633 0 1.01869 -14.0782 0 -5.01657 0 0 -12.1055 
0.308 1.987 0.1765 2.57985 0 2.52456 1.87654 0 0.186849 0 0 -19.4925 1.234 0.15 0.767554 0 1.01367 -14.0782 0 -5.02638 0 0 -12.1055 
0.309 1.987 0.1765 2.58173 0 2.52473 1.87654 0 0.177039 0 0 -19.4925 1.234 0.15 0.753476 0 1.00863 -14.0782 0 -5.03619 0 0 -12.1055 
0.31 1.987 0.1765 2.5836 0 2.5249 1.87654 0 0.167229 0 0 -19.4925 1.234 0.15 0.739398 0 1.00358 -14.0782 0 -5.046 0 0 -12.1055 
0.311 1.987 0.1765 2.58548 0 2.52506 1.87654 0 0.157419 0 0 -19.4925 1.234 0.15 0.72532 0 0.998528 -14.0782 0 -5.05581 0 0 -12.1055 
0.312 1.987 0.1765 2.58736 0 2.5252 1.87654 0 0.147609 0 0 -19.4925 1.234 0.15 0.711242 0 0.993462 -14.0782 0 -5.06562 0 0 -12.1055 
0.313 1.987 0.1765 2.58923 0 2.52534 1.87654 0 0.137799 0 0 -19.4925 1.234 0.15 0.697163 0 0.988387 -14.0782 0 -5.07543 0 0 -12.1055 
0.314 1.987 0.1765 2.59111 0 2.52547 1.87654 0 0.127989 0 0 -19.4925 1.234 0.15 0.683085 0 0.983301 -14.0782 0 -5.08524 0 0 -12.1055 
0.315 1.987 0.1765 2.59299 0 2.52559 1.87654 0 0.118179 0 0 -19.4925 1.234 0.15 0.669007 0 0.978206 -14.0782 0 -5.09505 0 0 -12.1055 
0.316 1.987 0.1765 2.59486 0 2.5257 1.87654 0 0.108369 0 0 -19.4925 1.234 0.15 0.654929 0 0.973101 -14.0782 0 -5.10486 0 0 -12.1055 
0.317 1.987 0.1765 2.59674 0 2.5258 1.87654 0 0.0985593 0 0 -19.4925 1.234 0.15 0.640851 0 0.967987 -14.0782 0 -5.11467 0 0 -12.1055 
0.318 1.987 0.1765 2.59862 0 2.52588 1.87654 0 0.0887493 0 0 -19.4925 1.234 0.15 0.626773 0 0.962862 -14.0782 0 -5.12448 0 0 -12.1055 
0.319 1.987 0.1765 2.60049 0 2.52596 1.87654 0 0.0789393 0 0 -19.4925 1.234 0.15 0.612694 0 0.957728 -14.0782 0 -5.13429 0 0 -12.1055 
0.32 1.987 0.1765 2.60237 0 2.52603 1.87654 0 0.0691293 0 0 -19.4925 1.234 0.15 0.598616 0 0.952584 -14.0782 0 -5.1441 0 0 -12.1055 
0.321 1.987 0.1765 2.60425 0 2.52609 1.87654 0 0.0593193 0 0 -19.4925 1.234 0.15 0.584538 0 0.94743 -14.0782 0 -5.15391 0 0 -12.1055 
0.322 1.987 0.1765 2.60612 0 2.52614 1.87654 0 0.0495093 0 0 -19.4925 1.234 0.15 0.57046 0 0.942266 -14.0782 0 -5.16372 0 0 -12.1055 
0.323 1.987 0.1765 2.608 0 2.52618 1.87654 0 0.0396993 0 0 -19.4925 1.234 0.15 0.556382 0 0.937093 -14.0782 0 -5.17353 0 0 -12.1055 
0.324 1.987 0.1765 2.60988 0 2.52621 1.87654 0 0.0298893 0 0 -19.4925 1.234 0.15 0.542303 0 0.931909 -14.0782 0 -5.18334 0 0 -12.1055 
0.325 1.987 0.1765 2.61175 0 2.52623 1.87654 0 0.0200793 0 0 -19.4925 1.234 0.15 0.528225 0 0.926716 -14.0782 0 -5.19315 0 0 -12.1055 
0.326 1.987 0.1765 2.61363 0 2.52624 1.87654 0 0.0102693 0 0 -19.4925 1.234 0.15 0.514147 0 0.921513 -14.0782 0 -5.20296 0 0 -12.1055 
0.327 1.987 0.1765 2.61551 0 2.52624 1.87654 0 0.00045932 0 0 -19.4925 1.234 0.15 0.500069 0 0.9163 -14.0782 0 -5.21277 0 0 -12.1055 
0.328 1.987 0.1765 2.61738 0 2.52623 1.87654 0 -0.00935068 0 0 -19.4925 1.234 0.15 0.485991 0 0.911078 -14.0782 0 -5.22258 0 0 -12.1055 
0.329 1.987 0.1765 2.61926 0 2.52621 1.87654 0 -0.0191607 0 0 -19.4925 1.234 0.15 0.471913 0 0.905846 -14.0782 0 -5.23239 0 0 -12.1055 
0.33 1.987 0.1765 2.62113 0 2.52618 1.87654 0 -0.0289707 0 0 -19.4925 1.234 0.15 0.457834 0 0.900603 -14.0782 0 -5.2422 0 0 -12.1055 
0.331 1.987 0.1765 2.62301 0 2.52615 1.87654 0 -0.0387807 0 0 -19.4925 1.234 0.15 0.443756 0 0.895351 -14.0782 0 -5.25201 0 0 -12.1055 
0.332 1.987 0.1765 2.62489 0 2.5261 1.87654 0 -0.0485907 0 0 -19.4925 1.234 0.15 0.429678 0 0.890089 -14.0782 0 -5.26182 0 0 -12.1055 
0.333 1.987 0.1765 2.62676 0 2.52604 1.87654 0 -0.0584007 0 0 -19.4925 1.234 0.15 0.4156 0 0.884818 -14.0782 0 -5.27163 0 0 -12.1055 
0.334 1.987 0.1765 2.62864 0 2.52597 1.87654 0 -0.0682107 0 0 -19.4925 1.234 0.15 0.401522 0 0.879536 -14.0782 0 -5.28144 0 0 -12.1055 
0.335 1.987 0.1765 2.63052 0 2.52589 1.87654 0 -0.0780207 0 0 -19.4925 1.234 0.15 0.387443 0 0.874245 -14.0782 0 -5.29125 0 0 -12.1055 
0.336 1.987 0.1765 2.63239 0 2.5258 1.87654 0 -0.0878307 0 0 -19.4925 1.234 0.15 0.373365 0 0.868944 -14.0782 0 -5.30106 0 0 -12.1055 
0.337 1.987 0.1765 2.63427 0 2.52571 1.87654 0 -0.0976407 0 0 -19.4925 1.234 0.15 0.359287 0 0.863633 -14.0782 0 -5.31087 0 0 -12.1055 
0.338 1.987 0.1765 2.63615 0 2.5256 1.87654 0 -0.107451 0 0 -19.4925 1.234 0.15 0.345209 0 0.858312 -14.0782 0 -5.32068 0 0 -12.1055 
0.339 1.987 0.1765 2.63802 0 2.52548 1.87654 0 -0.117261 0 0 -19.4925 1.234 0.15 0.331131 0 0.852982 -14.0782 0 -5.33049 0 0 -12.1055 
0.34 1.987 0.1765 2.6399 0 2.52535 1.87654 0 -0.127071 0 0 -19.4925 1.234 0.15 0.317052 0 0.847642 -14.0782 0 -5.3403 0 0 -12.1055 
0.341 1.987 0.1765 2.64178 0 2.52522 1.87654 0 -0.136881 0 0 -19.4925 1.234 0.15 0.302974 0 0.842292 -14.0782 0 -5.35011 0 0 -12.1055 
0.342 1.987 0.1765 2.64365 0 2.52507 1.87654 0 -0.146691 0 0 -19.4925 1.234 0.15 0.288896 0 0.836932 -14.0782 0 -5.35992 0 0 -12.1055 
0.343 1.987 0.1765 2.64553 0 2.52491 1.87654 0 -0.156501 0 0 -19.4925 1.234 0.15 0.274818 0 0.831562 -14.0782 0 -5.36973 0 0 -12.1055 
0.344 1.987 0.1765 2.64741 0 2.52475 1.87654 0 -0.166311 0 0 -19.4925 1.234 0.15 0.26074 0 0.826182 -14.0782 0 -5.37954 0 0 -12.1055 
0.345 1.987 0.1765 2.64928 0 2.52457 1.87654 0 -0.176121 0 0 -19.4925 1.234 0.15 0.246662 0 0.820793 -14.0782 0 -5.38935 0 0 -12.1055 
0.346 1.987 0.1765 2.65116 0 2.52439 1.87654 0 -0.185931 0 0 -19.4925 1.234 0.15 0.232583 0 0.815394 -14.0782 0 -5.39916 0 0 -12.1055 
0.347 1.987 0.1765 2.65304 0 2.52419 1.87654 0 -0.195741 0 0 -19.4925 1.234 0.15 0.218505 0 0.809985 -14.0782 0 -5.40897 0 0 -12.1055 
0.348 1.987 0.1765 2.65491 0 2.52398 1.87654 0 -0.205551 0 0 -19.4925 1.234 0.15 0.204427 0 0.804566 -14.0782 0 -5.41878 0 0 -12.1055 
0.349 1.987 0.1765 2.65679 0 2.52377 1.87654 0 -0.215361 0 0 -19.4925 1.234 0.15 0.190349 0 0.799138 -14.0782 0 -5.42859 0 0 -12.1055 
0.35 1.987 0.1765 2.65867 0 2.52354 1.87654 0 -0.225171 0 0 -19.4925 1.234 0.15 0.176271 0 0.793699 -14.0782 0 -5.4384 0 0 -12.1055 
0.351 1.987 0.1765 2.66054 0 2.52331 1.87654 0 -0.234981 0 0 -19.4925 1.234 0.15 0.162192 0 0.788251 -14.0782 0 -5.44821 0 0 -12.1055 
0.352 1.987 0.1765 2.66242 0 2.52306 1.87654 0 -0.244791 0 0 -19.4925 1.234 0.15 0.148114 0 0.782793 -14.0782 0 -5.45802 0 0 -12.1055 
0.353 1.987 0.1765 2.6643 0 2.52281 1.87654 0 -0.254601 0 0 -19.4925 1.234 0.15 0.134049 0 0.777325 -14.0656 0 -5.46783 15.5206 0 -12.1055 
0.354 1.987 0.1765 2.66617 0 2.52255 1.87654 0 -0.264411 0 0 -19.4925 1.234 0.15 0.120089 0 0.771847 -13.9592 0 -5.47764 131.287 0 -12.1055 
0.355 1.987 0.1765 2.66805 0 2.52227 1.87654 0 -0.274221 0 0 -19.4925 1.234 0.15 0.10633 0 0.76636 -13.7597 0 -5.48745 246.178 0 -12.1055 
0.356 1.987 0.1765 2.66992 0 2.52199 1.87654 0 -0.284031 0 0 -19.4925 1.234 0.15 0.0928613 0 0.760863 -13.4685 0 -5.49726 359.426 0 -12.1055 
0.357 1.987 0.1765 2.6718 0 2.52169 1.87654 0 -0.293841 0 0 -19.4925 1.234 0.15 0.0797739 0 0.755356 -13.0874 0 -5.50707 470.278 0 -12.1055 
0.358 1.987 0.1765 2.67368 0 2.52139 1.87654 0 -0.303651 0 0 -19.4925 1.234 0.15 0.0671549 0 0.749839 -12.619 0 -5.51688 577.993 0 -12.1055 
0.359 1.987 0.1765 2.67555 0 2.52108 1.87654 0 -0.313461 0 0 -19.4925 1.234 0.15 0.0550885 0 0.744312 -12.0664 0 -5.52669 681.853 0 -12.1055 
0.36 1.987 0.1765 2.67743 0 2.52075 1.87654 0 -0.323271 0 0 -19.4925 1.234 0.15 0.0436552 0 0.738775 -11.4334 0 -5.5365 781.165 0 -12.1055 
0.361 1.987 0.1765 2.67931 0 2.52042 1.87654 0 -0.333081 0 0 -19.4925 1.234 0.15 0.0329311 0 0.733229 -10.7241 0 -5.54631 875.267 0 -12.1055 
0.362 1.987 0.1765 2.68118 0 2.52008 1.87654 0 -0.342891 0 0 -19.4925 1.234 0.15 0.0229878 0 0.727673 -9.94326 0 -5.55612 963.531 0 -12.1055 
0.363 1.987 0.1765 2.68306 0 2.51972 1.87654 0 -0.352701 0 0 -19.4925 1.234 0.15 0.0138917 0 0.722107 -9.09612 0 -5.56593 1045.37 0 -12.1055 
0.364 1.987 0.1765 2.68494 0 2.51936 1.87654 0 -0.362511 0 0 -19.4925 1.234 0.15 0.00570338 0 0.716531 -8.18832 0 -5.57574 1120.23 0 -12.1055 
0.365 1.987 0.1765 2.68681 0 2.51899 1.87654 0 -0.372321 0 0 -19.4925 1.234 0.15 -0.00152251 0 0.710946 -7.2259 0 -5.58555 1187.63 0 -12.1055 
0.366 1.987 0.1765 2.68869 0 2.51861 1.87654 0 -0.382131 0 0 -19.4925 1.234 0.15 -0.00773779 0 0.70535 -6.21528 0 -5.59536 1247.1 0 -12.1055 
0.367 1.987 0.1765 2.69057 0 2.51822 1.87654 0 -0.391941 0 0 -19.4925 1.234 0.15 -0.012901 0 0.699745 -5.16321 0 -5.60517 1298.25 0 -12.1055 
0.368 1.987 0.1765 2.69244 0 2.51781 1.87654 0 -0.401751 0 0 -19.4925 1.234 0.15 -0.0169777 0 0.69413 -4.0767 0 -5.61498 1340.75 0 -12.1055 
0.369 1.987 0.1765 2.69432 0 2.5174 1.87654 0 -0.411561 0 0 -19.4925 1.234 0.15 -0.0199407 0 0.688506 -2.96301 0 -5.62479 1374.3 0 -12.1055 
0.37 1.987 0.1765 2.6962 0 2.51698 1.87654 0 -0.421371 0 0 -19.4925 1.234 0.15 -0.0217703 0 0.682871 -1.82955 0 -5.6346 1398.69 0 -12.1055 
0.371 1.987 0.1765 2.69807 0 2.51655 1.87654 0 -0.431181 0 0 -19.4925 1.234 0.15 -0.0224541 0 0.677226 -0.683883 0 -5.64441 1413.75 0 -12.1055 
0.372 1.987 0.1765 2.69995 0 2.51611 1.87654 0 -0.440991 0 0 -19.4925 1.234 0.15 -0.0219878 0 0.671572 0.466341 0 -5.65422 1419.38 0 -12.1055 
0.373 1.987 0.1765 2.70183 0 2.51566 1.87654 0 -0.450801 0 0 -19.4925 1.234 0.15 -0.0203743 0 0.665908 1.61345 0 -5.66403 1415.54 0 -12.1055 
0.374 1.987 0.1765 2.7037 0 2.5152 1.87654 0 -0.460611 0 0 -19.4925 1.234 0.15 -0.0176245 0 0.660234 2.74981 0 -5.67384 1402.26 0 -12.1055 
0.375 1.987 0.1765 2.70558 0 2.51473 1.87654 0 -0.470421 0 0 -19.4925 1.234 0.15 -0.0137567 0 0.654551 3.86782 0 -5.68365 1379.63 0 -12.1055 
0.376 1.987 0.1765 2.70746 0 2.51425 1.87654 0 -0.480231 0 0 -19.4925 1.234 0.15 -0.00879669 0 0.648857 4.96003 0 -5.69346 1347.79 0 -12.1055 
0.377 1.987 0.1765 2.70933 0 2.51376 1.87654 0 -0.490041 0 0 -19.4925 1.234 0.15 -0.00277752 0 0.643154 6.01916 0 -5.70327 1306.97 0 -12.1055 
0.378 1.987 0.1765 2.71121 0 2.51326 1.87654 0 -0.499851 0 0 -19.4925 1.234 0.15 0.00426063 0 0.637441 7.03815 0 -5.71308 1257.43 0 -12.1055 
0.379 1.987 0.1765 2.71309 0 2.51275 1.87654 0 -0.509661 0 0 -19.4925 1.234 0.15 0.0122708 0 0.631718 8.01019 0 -5.72289 1199.5 0 -12.1055 
0.38 1.987 0.1765 2.71496 0 2.51223 1.87654 0 -0.519471 0 0 -19.4925 1.234 0.15 0.0211996 0 0.625985 8.92881 0 -5.7327 1133.57 0 -12.1055 
0.381 1.987 0.1765 2.71684 0 2.5117 1.87654 0 -0.529281 0 0 -19.4925 1.234 0.15 0.0309875 0 0.620243 9.78788 0 -5.74251 1060.09 0 -12.1055 
0.382 1.987 0.1765 2.71871 0 2.51116 1.87654 0 -0.539091 0 0 -19.4925 1.234 0.15 0.0415692 0 0.61449 10.5817 0 -5.75232 979.527 0 -12.1055 
0.383 1.987 0.1765 2.72059 0 2.51061 1.87654 0 -0.548901 0 0 -19.4925 1.234 0.15 0.052874 0 0.608728 11.3049 0 -5.76213 892.435 0 -12.1055 
0.384 1.987 0.1765 2.72247 0 2.51005 1.87654 0 -0.558711 0 0 -19.4925 1.234 0.15 0.0648267 0 0.602956 11.9527 0 -5.77194 799.391 0 -12.1055 
0.385 1.987 0.1765 2.72434 0 2.50948 1.87654 0 -0.568521 0 0 -19.4925 1.234 0.15 0.0773475 0 0.597175 12.5208 0 -5.78175 701.015 0 -12.1055 
0.386 1.987 0.1765 2.72622 0 2.5089 1.87654 0 -0.578331 0 0 -19.4925 1.234 0.15 0.0903528 0 0.591383 13.0053 0 -5.79156 597.964 0 -12.1055 
0.387 1.987 0.1765 2.7281 0 2.50832 1.87654 0 -0.588141 0 0 -19.4925 1.234 0.15 0.103756 0 0.585582 13.4032 0 -5.80137 490.924 0 -12.1055 
0.388 1.987 0.1765 2.72997 0 2.50772 1.87654 0 -0.597951 0 0 -19.4925 1.234 0.15 0.117468 0 0.57977 13.7116 0 -5.81118 380.61 0 -12.1055 
0.389 1.987 0.1765 2.73185 0 2.50711 1.87654 0 -0.607761 0 0 -19.4925 1.234 0.15 0.131396 0 0.57395 13.9286 0 -5.82099 267.757 0 -12.1055 
0.39 1.987 0.1765 2.73373 0 2.50649 1.87654 0 -0.617571 0 0 -19.4925 1.234 0.15 0.145449 0 0.568119 14.0527 0 -5.8308 153.119 0 -12.1055 
0.391 1.987 0.1765 2.7356 0 2.50587 1.87654 0 -0.627381 0 0 -19.4925 1.234 0.15 0.159532 0 0.562278 14.083 0 -5.84061 37.4587 0 -12.1055 
0.392 1.987 0.1765 2.73748 0 2.50523 1.87654 0 -0.637191 0 0 -19.4925 1.234 0.15 0.173615 0 0.556428 14.083 0 -5.85042 0 0 -12.1055 
0.393 1.987 0.1765 2.73936 0 2.50458 1.87654 0 -0.647001 0 0 -19.4925 1.234 0.15 0.187698 0 0.550567 14.083 0 -5.86023 0 0 -12.1055 
0.394 1.987 0.1765 2.74123 0 2.50392 1.87654 0 -0.656811 0 0 -19.4925 1.234 0.15 0.201781 0 0.544697 14.083 0 -5.87004 0 0 -12.1055 
0.395 1.987 0.1765 2.74311 0 2.50326 1.87654 0 -0.666621 0 0 -19.4925 1.234 0.15 0.215864 0 0.538818 14.083 0 -5.87985 0 0 -12.1055 
0.396 1.987 0.1765 2.74499 0 2.50258 1.87654 0 -0.676431 0 0 -19.4925 1.234 0.15 0.229947 0 0.532928 14.083 0 -5.88966 0 0 -12.1055 
0.397 1.987 0.1765 2.74686 0 2.5019 1.87654 0 -0.686241 0 0 -19.4925 1.234 0.15 0.24403 0 0.527028 14.083 0 -5.89947 0 0 -12.1055 
0.398 1.987 0.1765 2.74874 0 2.5012 1.87654 0 -0.696051 0 0 -19.4925 1.234 0.15 0.258113 0 0.521119 14.083 0 -5.90928 0 0 -12.1055 
0.399 1.987 0.1765 2.75062 0 2.50049 1.87654 0 -0.705861 0 0 -19.4925 1.234 0.15 0.272196 0 0.5152 14.083 0 -5.91909 0 0 -12.1055 
0.4 1.987 0.1765 2.75249 0 2.49978 1.87654 0 -0.715671 0 0 -19.4925 1.234 0.15 0.286279 0 0.509271 14.083 0 -5.9289 0 0 -12.1055 
0.401 1.987 0.1765 2.75437 0 2.49905 1.87654 0 -0.725481 0 0 -19.4925 1.234 0.15 0.300362 0 0.503332 14.083 0 -5.93871 0 0 -12.1055 
0.402 1.987 0.1765 2.75625 0 2.49832 1.87654 0 -0.735291 0 0 -19.4925 1.234 0.15 0.314445 0 0.497384 14.083 0 -5.94852 0 0 -12.1055 
0.403 1.987 0.1765 2.75812 0 2.49757 1.87654 0 -0.745101 0 0 -19.4925 1.234 0.15 0.328528 0 0.491426 14.083 0 -5.95833 0 0 -12.1055 
0.404 1.987 0.1765 2.76 0 2.49682 1.87654 0 -0.754911 0 0 -19.4925 1.234 0.15 0.342611 0 0.485457 14.083 0 -5.96814 0 0 -12.1055 
0.405 1.987 0.1765 2.76188 0 2.49605 1.87654 0 -0.764721 0 0 -19.4925 1.234 0.15 0.356694 0 0.479479 14.083 0 -5.97795 0 0 -12.1055 
0.406 1.987 0.1765 2.76375 0 2.49528 1.87654 0 -0.774531 0 0 -19.4925 1.234 0.15 0.370777 0 0.473492 14.083 0 -5.98776 0 0 -12.1055 
0.407 1.987 0.1765 2.76563 0 2.49449 1.87654 0 -0.784341 0 0 -19.4925 1.234 0.15 0.38486 0 0.467494 14.083 0 -5.99757 0 0 -12.1055 
0.408 1.987 0.1765 2.7675 0 2.4937 1.87654 0 -0.794151 0 0 -19.4925 1.234 0.15 0.398943 0 0.461487 14.083 0 -6.00738 0 0 -12.1055 
0.409 1.987 0.1765 2.76938 0 2.4929 1.87654 0 -0.803961 0 0 -19.4925 1.234 0.15 0.413026 0 0.45547 14.083 0 -6.01719 0 0 -12.1055 
0.41 1.987 0.1765 2.77126 0 2.49208 1.87654 0 -0.813771 0 0 -19.4925 1.234 0.15 0.427109 0 0.449442 14.083 0 -6.027 0 0 -12.1055 
0.411 1.987 0.1765 2.77313 0 2.49126 1.87654 0 -0.823581 0 0 -19.4925 1.234 0.15 0.441192 0 0.443406 14.083 0 -6.03681 0 0 -12.1055 
0.412 1.987 0.1765 2.77501 0 2.49042 1.87654 0 -0.833391 0 0 -19.4925 1.234 0.15 0.455275 0 0.437359 14.083 0 -6.04662 0 0 -12.1055 
0.413 1.987 0.1765 2.77689 0 2.48958 1.87654 0 -0.843201 0 0 -19.4925 1.234 0.15 0.469358 0 0.431303 14.083 0 -6.05643 0 0 -12.1055 
0.414 1.987 0.1765 2.77876 0 2.48873 1.87654 0 -0.853011 0 0 -19.4925 1.234 0.15 0.483441 0 0.425236 14.083 0 -6.06624 0 0 -12.1055 
0.415 1.987 0.1765 2.78064 0 2.48787 1.87654 0 -0.862821 0 0 -19.4925 1.234 0.15 0.497524 0 0.41916 14.083 0 -6.07605 0 0 -12.1055 
0.416 1.987 0.1765 2.78252 0 2.48699 1.87654 0 -0.872631 0 0 -19.4925 1.234 0.15 0.511607 0 0.413074 14.083 0 -6.08586 0 0 -12.1055 
0.417 1.987 0.1765 2.78439 0 2.48611 1.87654 0 -0.882441 0 0 -19.4925 1.234 0.15 0.52569 0 0.406979 14.083 0 -6.09567 0 0 -12.1055 
0.418 1.987 0.1765 2.78627 0 2.48522 1.87654 0 -0.892251 0 0 -19.4925 1.234 0.15 0.539773 0 0.400873 14.083 0 -6.10548 0 0 -12.1055 
0.419 1.987 0.1765 2.78815 0 2.48432 1.87654 0 -0.902061 0 0 -19.4925 1.234 0.15 0.553856 0 0.394758 14.083 0 -6.11529 0 0 -12.1055 
0.42 1.987 0.1765 2.79002 0 2.4834 1.87654 0 -0.911871 0 0 -19.4925 1.234 0.15 0.567939 0 0.388633 14.083 0 -6.1251 0 0 -12.1055 
0.421 1.987 0.1765 2.7919 0 2.48248 1.87654 0 -0.921681 0 0 -19.4925 1.234 0.15 0.582022 0 0.382498 14.083 0 -6.13491 0 0 -12.1055 
0.422 1.987 0.1765 2.79378 0 2.48155 1.87654 0 -0.931491 0 0 -19.4925 1.234 0.15 0.596105 0 0.376353 14.083 0 -6.14472 0 0 -12.1055 
0.423 1.987 0.1765 2.79565 0 2.48061 1.87654 0 -0.941301 0 0 -19.4925 1.234 0.15 0.610188 0 0.370199 14.083 0 -6.15453 0 0 -12.1055 
0.424 1.987 0.1765 2.79753 0 2.47966 1.87654 0 -0.951111 0 0 -19.4925 1.234 0.15 0.624271 0 0.364034 14.083 0 -6.16434 0 0 -12.1055 
0.425 1.987 0.1765 2.79941 0 2.4787 1.87654 0 -0.960921 0 0 -19.4925 1.234 0.15 0.638354 0 0.35786 14.083 0 -6.17415 0 0 -12.1055 
0.426 1.987 0.1765 2.80128 0 2.47773 1.87654 0 -0.970731 0 0 -19.4925 1.234 0.15 0.652437 0 0.351676 14.083 0 -6.18396 0 0 -12.1055 
0.427 1.987 0.1765 2.80316 0 2.47675 1.87654 0 -0.980541 0 0 -19.4925 1.234 0.15 0.66652 0 0.345482 14.083 0 -6.19377 0 0 -12.1055 
0.428 1.987 0.1765 2.80504 0 2.47576 1.87654 0 -0.990351 0 0 -19.4925 1.234 0.15 0.680603 0 0.339279 14.083 0 -6.20358 0 0 -12.1055 
0.429 1.987 0.1765 2.80691 0 2.47476 1.87654 0 -1.00016 0 0 -19.4925 1.234 0.15 0.694686 0 0.333066 14.083 0 -6.21339 0 0 -12.1055 
0.43 1.987 0.1765 2.80879 0 2.47375 1.87654 0 -1.00997 0 0 -19.4925 1.234 0.15 0.708769 0 0.326842 14.083 0 -6.2232 0 0 -12.1055 
0.431 1.987 0.1765 2.81067 0 2.47273 1.87654 0 -1.01978 0 0 -19.4925 1.234 0.15 0.722852 0 0.320609 14.083 0 -6.23301 0 0 -12.1055 
0.432 1.987 0.1765 2.81254 0 2.4717 1.87654 0 -1.02959 0 0 -19.4925 1.234 0.15 0.736935 0 0.314366 14.083 0 -6.24282 0 0 -12.1055 
0.433 1.987 0.1765 2.81442 0 2.47066 1.87654 0 -1.0394 0 0 -19.4925 1.234 0.15 0.751018 0 0.308114 14.083 0 -6.25263 0 0 -12.1055 
0.434 1.987 0.1765 2.81629 0 2.46961 1.87654 0 -1.04921 0 0 -19.4925 1.234 0.15 0.765101 0 0.301851 14.083 0 -6.26244 0 0 -12.1055 
0.435 1.987 0.1765 2.81817 0 2.46855 1.87654 0 -1.05902 0 0 -19.4925 1.234 0.15 0.779184 0 0.295579 14.083 0 -6.27225 0 0 -12.1055 
0.436 1.987 0.1765 2.82005 0 2.46748 1.87654 0 -1.06883 0 0 -19.4925 1.234 0.15 0.793267 0 0.289297 14.083 0 -6.28206 0 0 -12.1055 
0.437 1.987 0.1765 2.82192 0 2.4664 1.87654 0 -1.07864 0 0 -19.4925 1.234 0.15 0.80735 0 0.283005 14.083 0 -6.29187 0 0 -12.1055 
0.438 1.987 0.1765 2.8238 0 2.46531 1.87654 0 -1.08845 0 0 -19.4925 1.234 0.15 0.821433 0 0.276703 14.083 0 -6.30168 0 0 -12.1055 
0.439 1.987 0.1765 2.82568 0 2.46422 1.87654 0 -1.09826 0 0 -19.4925 1.234 0.15 0.835516 0 0.270392 14.083 0 -6.31149 0 0 -12.1055 
0.44 1.987 0.1765 2.82755 0 2.46311 1.87654 0 -1.10807 0 0 -19.4925 1.234 0.15 0.849599 0 0.264071 14.083 0 -6.3213 0 0 -12.1055 
0.441 1.987 0.1765 2.82943 0 2.46199 1.87654 0 -1.11788 0 0 -19.4925 1.234 0.15 0.863683 0 0.25774 14.083 0 -6.33111 0 0 -12.1055 
0.442 1.987 0.1765 2.83131 0 2.46086 1.87654 0 -1.12769 0 0 -19.4925 1.234 0.15 0.877766 0 0.251399 14.083 0 -6.34092 0 0 -12.1055 
0.443 1.987 0.1765 2.83318 0 2.45972 1.87654 0 -1.1375 0 0 -19.4925 1.234 0.15 0.891849 0 0.245048 14.083 0 -6.35073 0 0 -12.1055 
0.444 1.987 0.1765 2.83506 0 2.45858 1.87654 0 -1.14731 0 0 -19.4925 1.234 0.15 0.905932 0 0.238687 14.083 0 -6.36054 0 0 -12.1055 
0.445 1.987 0.1765 2.83694 0 2.45742 1.87654 0 -1.15712 0 0 -19.4925 1.234 0.15 0.920015 0 0.232317 14.083 0 -6.37035 0 0 -12.1055 
0.446 1.987 0.1765 2.83881 0 2.45625 1.87654 0 -1.16693 0 0 -19.4925 1.234 0.15 0.934098 0 0.225937 14.083 0 -6.38016 0 0 -12.1055 
0.447 1.987 0.1765 2.84069 0 2.45508 1.87654 0 -1.17674 0 0 -19.4925 1.234 0.15 0.948181 0 0.219547 14.083 0 -6.38997 0 0 -12.1055 
0.448 1.987 0.1765 2.84257 0 2.45389 1.87654 0 -1.18655 0 0 -19.4925 1.234 0.15 0.962264 0 0.213147 14.083 0 -6.39978 0 0 -12.1055 
0.449 1.987 0.1765 2.84444 0 2.45269 1.87654 0 -1.19636 0 0 -19.4925 1.234 0.15 0.976347 0 0.206738 14.083 0 -6.40959 0 0 -12.1055 
0.45 1.987 0.1765 2.84632 0 2.45149 1.87654 0 -1.20617 0 0 -19.4925 1.234 0.15 0.99043 0 0.200318 14.083 0 -6.4194 0 0 -12.1055 
0.451 1.987 0.1765 2.8482 0 2.45027 1.87654 0 -1.21598 0 0 -19.4925 1.234 0.15 1.00451 0 0.193889 14.083 0 -6.42921 0 0 -12.1055 
0.452 1.987 0.1765 2.85007 0 2.44905 1.87654 0 -1.22579 0 0 -19.4925 1.234 0.15 1.0186 0 0.18745 14.083 0 -6.43902 0 0 -12.1055 
0.453 1.987 0.1765 2.85195 0 2.44781 1.87654 0 -1.2356 0 0 -19.4925 1.234 0.15 1.03268 0 0.181001 14.083 0 -6.44883 0 0 -12.1055 
0.454 1.987 0.1765 2.85383 0 2.44656 1.87654 0 -1.24541 0 0 -19.4925 1.234 0.15 1.04676 0 0.174542 14.083 0 -6.45864 0 0 -12.1055 
0.455 1.987 0.1765 2.8557 0 2.44531 1.87654 0 -1.25522 0 0 -19.4925 1.234 0.15 1.06084 0 0.168074 14.083 0 -6.46845 0 0 -12.1055 
0.456 1.987 0.1765 2.85758 0 2.44404 1.87654 0 -1.26503 0 0 -19.4925 1.234 0.15 1.07493 0 0.161596 14.083 0 -6.47826 0 0 -12.1055 
0.457 1.987 0.1765 2.85946 0 2.44277 1.87654 0 -1.27484 0 0 -19.4925 1.234 0.15 1.08901 0 0.155108 14.083 0 -6.48807 0 0 -12.1055 
0.458 1.987 0.1765 2.86133 0 2.44148 1.87654 0 -1.28465 0 0 -19.4925 1.234 0.15 1.10309 0 0.14861 14.083 0 -6.49788 0 0 -12.1055 
0.459 1.987 0.1765 2.86321 0 2.44019 1.87654 0 -1.29446 0 0 -19.4925 1.234 0.15 1.11718 0 0.142111 14.083 0 -6.49842 0 0 -0.662695 
0.46 1.987 0.1765 2.86508 0 2.43889 1.87654 0 -1.30427 0 0 -19.4925 1.234 0.15 1.13126 0 0.135656 14.083 0 -6.45562 0 0 52.8223 
0.461 1.987 0.1765 2.86696 0 2.43757 1.87654 0 -1.31408 0 0 -19.4925 1.234 0.15 1.14534 0 0.129286 14.083 0 -6.36975 0 0 105.955 
0.462 1.987 0.1765 2.86884 0 2.43625 1.87654 0 -1.32389 0 0 -19.4925 1.234 0.15 1.15943 0 0.123044 14.083 0 -6.24141 0 0 158.381 
0.463 1.987 0.1765 2.87071 0 2.43491 1.87654 0 -1.3337 0 0 -19.4925 1.234 0.15 1.17351 0 0.116973 14.083 0 -6.07143 0 0 209.751 
0.464 1.987 0.1765 2.87259 0 2.43357 1.87654 0 -1.34351 0 0 -19.4925 1.234 0.15 1.18759 0 0.111112 14.083 0 -5.86096 0 0 259.721 
0.465 1.987 0.1765 2.87447 0 2.43222 1.87654 0 -1.35332 0 0 -19.4925 1.234 0.15 1.20167 0 0.105501 14.083 0 -5.6114 0 0 307.96 
0.466 1.987 0.1765 2.87634 0 2.43085 1.87654 0 -1.36313 0 0 -19.4925 1.234 0.15 1.21576 0 0.100176 14.083 0 -5.32441 0 0 354.144 
0.467 1.987 0.1765 2.87822 0 2.42948 1.87654 0 -1.37294 0 0 -19.4925 1.234 0.15 1.22984 0 0.0951744 14.083 0 -5.00191 0 0 397.966 
0.468 1.987 0.1765 2.8801 0 2.4281 1.87654 0 -1.38275 0 0 -19.4925 1.234 0.15 1.24392 0 0.0905284 14.083 0 -4.64604 0 0 439.134 
0.469 1.987 0.1765 2.88197 0 2.42671 1.87654 0 -1.39256 0 0 -19.4925 1.234 0.15 1.25801 0 0.0862692 14.083 0 -4.25919 0 0 477.373 
0.47 1.987 0.1765 2.88385 0 2.4253 1.87654 0 -1.40237 0 0 -19.4925 1.234 0.15 1.27209 0 0.0824252 14.083 0 -3.84394 0 0 512.428 
0.471 1.987 0.1765 2.88573 0 2.42389 1.87654 0 -1.41218 0 0 -19.4925 1.234 0.15 1.28617 0 0.0790222 14.083 0 -3.40304 0 0 544.066 
0.472 1.987 0.1765 2.8876 0 2.42247 1.87654 0 -1.42199 0 0 -19.4925 1.234 0.15 1.30026 0 0.0760827 14.083 0 -2.93945 0 0 572.074 
0.473 1.987 0.1765 2.88948 0 2.42104 1.87654 0 -1.4318 0 0 -19.4925 1.234 0.15 1.31434 0 0.0736265 14.083 0 -2.45625 0 0 596.267 
0.474 1.987 0.1765 2.89136 0 2.4196 1.87654 0 -1.44161 0 0 -19.4925 1.234 0.15 1.32842 0 0.0716698 14.083 0 -1.95667 0 0 616.483 
0.475 1.987 0.1765 2.89323 0 2.41814 1.87654 0 -1.45142 0 0 -19.4925 1.234 0.15 1.34251 0 0.0702258 14.083 0 -1.44403 0 0 632.588 
0.476 1.987 0.1765 2.89511 0 2.41668 1.87654 0 -1.46123 0 0 -19.4925 1.234 0.15 1.35659 0 0.069304 14.083 0 -0.921772 0 0 644.473 
0.477 1.987 0.1765 2.89699 0 2.41521 1.87654 0 -1.47104 0 0 -19.4925 1.234 0.15 1.37067 0 0.0689107 14.083 0 -0.393361 0 0 652.059 
0.478 1.987 0.1765 2.89886 0 2.41373 1.87654 0 -1.48085 0 0 -19.4925 1.234 0.15 1.38475 0 0.0690483 14.083 0 0.137674 0 0 655.297 
0.479 1.987 0.1765 2.90074 0 2.41224 1.87654 0 -1.49066 0 0 -19.4925 1.234 0.15 1.39884 0 0.0697161 14.083 0 0.66779 0 0 654.164 
0.48 1.987 0.1765 2.90262 0 2.41074 1.87654 0 -1.50047 0 0 -19.4925 1.234 0.15 1.41292 0 0.0709096 14.083 0 1.19345 0 0 648.667 
0.481 1.987 0.1765 2.90449 0 2.40923 1.87654 0 -1.51028 0 0 -19.4925 1.234 0.15 1.427 0 0.0726207 14.083 0 1.71116 0 0 638.845 
0.482 1.987 0.1765 2.90637 0 2.40771 1.87654 0 -1.52009 0 0 -19.4925 1.234 0.15 1.44109 0 0.0748382 14.083 0 2.21744 0 0 624.761 
0.483 1.987 0.1765 2.90825 0 2.40618 1.87654 0 -1.5299 0 0 -19.4925 1.234 0.15 1.45517 0 0.0775471 14.083 0 2.70894 0 0 606.511 
0.484 1.987 0.1765 2.91012 0 2.40464 1.87654 0 -1.53971 0 0 -19.4925 1.234 0.15 1.46925 0 0.0807295 14.083 0 3.18238 0 0 584.215 
0.485 1.987 0.1765 2.912 0 2.40309 1.87654 0 -1.54952 0 0 -19.4925 1.234 0.15 1.48334 0 0.0843641 14.083 0 3.63458 0 0 558.022 
0.486 1.987 0.1765 2.91387 0 2.40153 1.87654 0 -1.55933 0 0 -19.4925 1.234 0.15 1.49742 0 0.0884266 14.083 0 4.06255 0 0 528.108 
0.487 1.987 0.1765 2.91575 0 2.39996 1.87654 0 -1.56914 0 0 -19.4925 1.234 0.15 1.5115 0 0.09289 14.083 0 4.46342 0 0 494.671 
0.488 1.987 0.1765 2.91763 0 2.39838 1.87654 0 -1.57895 0 0 -19.4925 1.234 0.15 1.52558 0 0.0977246 14.083 0 4.83451 0 0 457.936 
0.489 1.987 0.1765 2.9195 0 2.39679 1.87654 0 -1.58876 0 0 -19.4925 1.234 0.15 1.53967 0 0.102898 14.083 0 5.17337 0 0 418.145 
0.49 1.987 0.1765 2.92138 0 2.3952 1.87654 0 -1.59857 0 0 -19.4925 1.234 0.15 1.55375 0 0.108376 14.083 0 5.47772 0 0 375.566 
0.491 1.987 0.1765 2.92326 0 2.39359 1.87654 0 -1.60838 0 0 -19.4925 1.234 0.15 1.56783 0 0.114121 14.083 0 5.74553 0 0 330.482 
0.492 1.987 0.1765 2.92513 0 2.39197 1.87654 0 -1.61819 0 0 -19.4925 1.234 0.15 1.58192 0 0.120096 14.083 0 5.97502 0 0 283.194 
0.493 1.987 0.1765 2.92701 0 2.39034 1.87654 0 -1.628 0 0 -19.4925 1.234 0.15 1.596 0 0.126261 14.083 0 6.16466 0 0 234.017 
0.494 1.987 0.1765 2.92889 0 2.3887 1.87654 0 -1.63781 0 0 -19.4925 1.234 0.15 1.61008 0 0.132574 14.083 0 6.31319 0 0 183.279 
0.495 1.987 0.1765 2.93076 0 2.38706 1.87654 0 -1.64762 0 0 -19.4925 1.234 0.15 1.62417 0 0.138994 14.083 0 6.4196 0 0 131.318 
0.496 1.987 0.1765 2.93264 0 2.3854 1.87654 0 -1.65743 0 0 -19.4925 1.234 0.15 1.63825 0 0.145477 14.083 0 6.4832 0 0 78.4819 
0.497 1.987 0.1765 2.93452 0 2.38373 1.87654 0 -1.66724 0 0 -19.4925 1.234 0.15 1.65233 0 0.15198 14.083 0 6.50356 0 0 25.1221 
0.498 1.987 0.1765 2.93639 0 2.38205 1.87654 0 -1.67705 0 0 -19.4925 1.234 0.15 1.66641 0 0.158474 14.083 0 6.49375 0 0 -12.1055 
0.499 1.987 0.1765 2.93827 0 2.38037 1.87654 0 -1.68686 0 0 -19.4925 1.234 0.15 1.6805 0 0.164958 14.083 0 6.48394 0 0 -12.1055 
0.5 1.987 0.1765 2.94015 0 2.37867 1.87654 0 -1.69667 0 0 -19.4925 1.234 0.15 1.69458 0 0.171432 14.083 0 6.47413 0 0 -12.1055 
0.501 1.987 0.1765 2.94202 0 2.37696 1.87654 0 -1.70648 0 0 -19.4925 1.234 0.15 1.70866 0 0.177897 14.083 0 6.46432 0 0 -12.1055 
0.502 1.987 0.1765 2.9439 0 2.37525 1.87654 0 -1.71629 0 0 -19.4925 1.234 0.15 1.72275 0 0.184351 14.083 0 6.45451 0 0 -12.1055 
0.503 1.987 0.1765 2.94578 0 2.37352 1.87654 0 -1.7261 0 0 -19.4925 1.234 0.15 1.73683 0 0.190796 14.083 0 6.4447 0 0 -12.1055 
0.504 1.987 0.1765 2.94765 0 2.37179 1.87654 0 -1.73591 0 0 -19.4925 1.234 0.15 1.75091 0 0.197231 14.083 0 6.43489 0 0 -12.1055 
0.505 1.987 0.1765 2.94953 0 2.37004 1.87654 0 -1.74572 0 0 -19.4925 1.234 0.15 1.765 0 0.203656 14.083 0 6.42508 0 0 -12.1055 
0.506 1.987 0.1765 2.95141 0 2.36828 1.87654 0 -1.75553 0 0 -19.4925 1.234 0.15 1.77908 0 0.210071 14.083 0 6.41527 0 0 -12.1055 
0.507 1.987 0.1765 2.95328 0 2.36652 1.87654 0 -1.76534 0 0 -19.4925 1.234 0.15 1.79316 0 0.216476 14.083 0 6.40546 0 0 -12.1055 
0.508 1.987 0.1765 2.95516 0 2.36474 1.87654 0 -1.77515 0 0 -19.4925 1.234 0.15 1.80724 0 0.222872 14.083 0 6.39565 0 0 -12.1055 
0.509 1.987 0.1765 2.95704 0 2.36296 1.87654 0 -1.78496 0 0 -19.4925 1.234 0.15 1.82133 0 0.229258 14.083 0 6.38584 0 0 -12.1055 
0.51 1.987 0.1765 2.95891 0 2.36116 1.87654 0 -1.79477 0 0 -19.4925 1.234 0.15 1.83541 0 0.235634 14.083 0 6.37603 0 0 -12.1055 
0.511 1.987 0.1765 2.96079 0 2.35936 1.87654 0 -1.80458 0 0 -19.4925 1.234 0.15 1.84949 0 0.242 14.083 0 6.36622 0 0 -12.1055 
0.512 1.987 0.1765 2.96267 0 2.35755 1.87654 0 -1.81439 0 0 -19.4925 1.234 0.15 1.86358 0 0.248357 14.083 0 6.35641 0 0 -12.1055 
0.513 1.987 0.1765 2.96454 0 2.35572 1.87654 0 -1.8242 0 0 -19.4925 1.234 0.15 1.87766 0 0.254703 14.083 0 6.3466 0 0 -12.1055 
0.514 1.987 0.1765 2.96642 0 2.35389 1.87654 0 -1.83401 0 0 -19.4925 1.234 0.15 1.89174 0 0.26104 14.083 0 6.33679 0 0 -12.1055 
0.515 1.987 0.1765 2.96829 0 2.35204 1.87654 0 -1.84382 0 0 -19.4925 1.234 0.15 1.90583 0 0.267367 14.083 0 6.32698 0 0 -12.1055 
0.516 1.987 0.1765 2.97017 0 2.35019 1.87654 0 -1.85363 0 0 -19.4925 1.234 0.15 1.91991 0 0.273684 14.083 0 6.31717 0 0 -12.1055 
0.517 1.987 0.1765 2.97205 0 2.34833 1.87654 0 -1.86344 0 0 -19.4925 1.234 0.15 1.93399 0 0.279992 14.083 0 6.30736 0 0 -12.1055 
0.518 1.987 0.1765 2.97392 0 2.34645 1.87654 0 -1.87325 0 0 -19.4925 1.234 0.15 1.94807 0 0.286289 14.083 0 6.29755 0 0 -12.1055 
0.519 1.987 0.1765 2.9758 0 2.34457 1.87654 0 -1.88306 0 0 -19.4925 1.234 0.15 1.96216 0 0.292577 14.083 0 6.28774 0 0 -12.1055 
0.52 1.987 0.1765 2.97768 0 2.34268 1.87654 0 -1.89287 0 0 -19.4925 1.234 0.15 1.97624 0 0.298855 14.083 0 6.27793 0 0 -12.1055 
0.521 1.987 0.1765 2.97955 0 2.34077 1.87654 0 -1.90268 0 0 -19.4925 1.234 0.15 1.99032 0 0.305123 14.083 0 6.26812 0 0 -12.1055 
0.522 1.987 0.1765 2.98143 0 2.33886 1.87654 0 -1.91249 0 0 -19.4925 1.234 0.15 2.00441 0 0.311381 14.083 0 6.25831 0 0 -12.1055 
0.523 1.987 0.1765 2.98331 0 2.33694 1.87654 0 -1.9223 0 0 -19.4925 1.234 0.15 2.01849 0 0.31763 14.083 0 6.2485 0 0 -12.1055 
0.524 1.987 0.1765 2.98518 0 2.33501 1.87654 0 -1.93211 0 0 -19.4925 1.234 0.15 2.03257 0 0.323868 14.083 0 6.23869 0 0 -12.1055 
0.525 1.987 0.1765 2.98706 0 2.33307 1.87654 0 -1.94192 0 0 -19.4925 1.234 0.15 2.04666 0 0.330097 14.083 0 6.22888 0 0 -12.1055 
0.526 1.987 0.1765 2.98894 0 2.33111 1.87654 0 -1.95173 0 0 -19.4925 1.234 0.15 2.06074 0 0.336316 14.083 0 6.21907 0 0 -12.1055 
0.527 1.987 0.1765 2.99081 0 2.32915 1.87654 0 -1.96154 0 0 -19.4925 1.234 0.15 2.07482 0 0.342526 14.083 0 6.20926 0 0 -12.1055 
0.528 1.987 0.1765 2.99269 0 2.32718 1.87654 0 -1.97135 0 0 -19.4925 1.234 0.15 2.0889 0 0.348725 14.083 0 6.19945 0 0 -12.1055 
0.529 1.987 0.1765 2.99457 0 2.3252 1.87654 0 -1.98116 0 0 -19.4925 1.234 0.15 2.10299 0 0.354915 14.083 0 6.18964 0 0 -12.1055 
0.53 1.987 0.1765 2.99644 0 2.32321 1.87654 0 -1.99097 0 0 -19.4925 1.234 0.15 2.11707 0 0.361094 14.083 0 6.17983 0 0 -12.1055 
0.531 1.987 0.1765 2.99832 0 2.32121 1.87654 0 -2.00078 0 0 -19.4925 1.234 0.15 2.13115 0 0.367265 14.083 0 6.17002 0 0 -12.1055 
0.532 1.987 0.1765 3.0002 0 2.3192 1.87654 0 -2.01059 0 0 -19.4925 1.234 0.15 2.14524 0 0.373425 14.083 0 6.16021 0 0 -12.1055 
0.533 1.987 0.1765 3.00207 0 2.31718 1.87654 0 -2.0204 0 0 -19.4925 1.234 0.15 2.15932 0 0.379575 14.083 0 6.1504 0 0 -12.1055 
0.534 1.987 0.1765 3.00395 0 2.31515 1.87654 0 -2.03021 0 0 -19.4925 1.234 0.15 2.1734 0 0.385716 14.083 0 6.14059 0 0 -12.1055 
0.535 1.987 0.1765 3.00583 0 2.31311 1.87654 0 -2.04002 0 0 -19.4925 1.234 0.15 2.18749 0 0.391847 14.083 0 6.13078 0 0 -12.1055 
0.536 1.987 0.1765 3.0077 0 2.31106 1.87654 0 -2.04983 0 0 -19.4925 1.234 0.15 2.20157 0 0.397967 14.083 0 6.12097 0 0 -12.1055 
0.537 1.987 0.1765 3.00958 0 2.309 1.87654 0 -2.05964 0 0 -19.4925 1.234 0.15 2.21565 0 0.404079 14.083 0 6.11116 0 0 -12.1055 
0.538 1.987 0.1765 3.01146 0 2.30693 1.87654 0 -2.06945 0 0 -19.4925 1.234 0.15 2.22973 0 0.41018 14.083 0 6.10135 0 0 -12.1055 
0.539 1.987 0.1765 3.01333 0 2.30485 1.87654 0 -2.07926 0 0 -19.4925 1.234 0.15 2.24382 0 0.416272 14.083 0 6.09154 0 0 -12.1055 
0.54 1.987 0.1765 3.01521 0 2.30276 1.87654 0 -2.08907 0 0 -19.4925 1.234 0.15 2.2579 0 0.422353 14.083 0 6.08173 0 0 -12.1055 
0.541 1.987 0.1765 3.01708 0 2.30066 1.87654 0 -2.09888 0 0 -19.4925 1.234 0.15 2.27198 0 0.428425 14.083 0 6.07192 0 0 -12.1055 
0.542 1.987 0.1765 3.01896 0 2.29855 1.87654 0 -2.10869 0 0 -19.4925 1.234 0.15 2.28607 0 0.434487 14.083 0 6.06211 0 0 -12.1055 
0.543 1.987 0.1765 3.02084 0 2.29643 1.87654 0 -2.1185 0 0 -19.4925 1.234 0.15 2.30015 0 0.44054 14.083 0 6.0523 0 0 -12.1055 
0.544 1.987 0.1765 3.02271 0 2.29431 1.87654 0 -2.12831 0 0 -19.4925 1.234 0.15 2.31423 0 0.446582 14.083 0 6.04249 0 0 -12.1055 
0.545 1.987 0.1765 3.02459 0 2.29217 1.87654 0 -2.13812 0 0 -19.4925 1.234 0.15 2.32832 0 0.452615 14.083 0 6.03268 0 0 -12.1055 
0.546 1.987 0.1765 3.02647 0 2.29002 1.87654 0 -2.14793 0 0 -19.4925 1.234 0.15 2.3424 0 0.458638 14.083 0 6.02287 0 0 -12.1055 
0.547 1.987 0.1765 3.02834 0 2.28786 1.87654 0 -2.15774 0 0 -19.4925 1.234 0.15 2.35648 0 0.464651 14.083 0 6.01306 0 0 -12.1055 
0.548 1.987 0.1765 3.03022 0 2.28569 1.87654 0 -2.16755 0 0 -19.4925 1.234 0.15 2.37057 0 0.470654 14.083 0 6.00325 0 0 -12.1055 
0.549 1.987 0.1765 3.0321 0 2.28352 1.87654 0 -2.17736 0 0 -19.4925 1.234 0.15 2.38465 0 0.476647 14.083 0 5.99344 0 0 -12.1055 
0.55 1.987 0.1765 3.03397 0 2.28133 1.87654 0 -2.18717 0 0 -19.4925 1.234 0.15 2.39873 0 0.482631 14.083 0 5.98363 0 0 -12.1055 
0.551 1.987 0.1765 3.03585 0 2.27913 1.87654 0 -2.19698 0 0 -19.4925 1.234 0.15 2.41281 0 0.488605 14.083 0 5.97382 0 0 -12.1055 
0.552 1.987 0.1765 3.03773 0 2.27693 1.87654 0 -2.20679 0 0 -19.4925 1.234 0.15 2.4269 0 0.494569 14.083 0 5.96401 0 0 -12.1055 
0.553 1.987 0.1765 3.0396 0 2.27471 1.87654 0 -2.2166 0 0 -19.4925 1.234 0.15 2.44098 0 0.500523 14.083 0 5.9542 0 0 -12.1055 
0.554 1.987 0.1765 3.04148 0 2.27248 1.87654 0 -2.22641 0 0 -19.4925 1.234 0.15 2.45506 0 0.506467 14.083 0 5.94439 0 0 -12.1055 
0.555 1.987 0.1765 3.04336 0 2.27025 1.87654 0 -2.23622 0 0 -19.4925 1.234 0.15 2.46915 0 0.512402 14.083 0 5.93458 0 0 -12.1055 
0.556 1.987 0.1765 3.04523 0 2.268 1.87654 0 -2.24603 0 0 -19.4925 1.234 0.15 2.48323 0 0.518327 14.083 0 5.92477 0 0 -12.1055 
0.557 1.987 0.1765 3.04711 0 2.26574 1.87654 0 -2.25584 0 0 -19.4925 1.234 0.15 2.49731 0 0.524242 14.083 0 5.91496 0 0 -12.1055 
0.558 1.987 0.1765 3.04899 0 2.26348 1.87654 0 -2.26565 0 0 -19.4925 1.234 0.15 2.5114 0 0.530147 14.083 0 5.90515 0 0 -12.1055 
0.559 1.987 0.1765 3.05086 0 2.2612 1.87654 0 -2.27546 0 0 -19.4925 1.234 0.15 2.52548 0 0.536042 14.083 0 5.89534 0 0 -12.1055 
0.56 1.987 0.1765 3.05274 0 2.25892 1.87654 0 -2.28527 0 0 -19.4925 1.234 0.15 2.53956 0 0.541928 14.083 0 5.88553 0 0 -12.1055 
0.561 1.987 0.1765 3.05462 0 2.25662 1.87654 0 -2.29508 0 0 -19.4925 1.234 0.15 2.55364 0 0.547803 14.083 0 5.87572 0 0 -12.1055 
0.562 1.987 0.1765 3.05649 0 2.25432 1.87654 0 -2.30489 0 0 -19.4925 1.234 0.15 2.56773 0 0.553669 14.083 0 5.86591 0 0 -12.1055 
0.563 1.987 0.1765 3.05837 0 2.252 1.87654 0 -2.3147 0 0 -19.4925 1.234 0.15 2.58181 0 0.559526 14.083 0 5.8561 0 0 -12.1055 
0.564 1.987 0.1765 3.06025 0 2.24968 1.87654 0 -2.32451 0 0 -19.4925 1.234 0.15 2.59589 0 0.565372 14.083 0 5.84629 0 0 -12.1055 
0.565 1.987 0.1765 3.06212 0 2.24734 1.87654 0 -2.33432 0 0 -19.4925 1.234 0.15 2.60998 0 0.571208 14.083 0 5.83648 0 0 -12.1055 
0.566 1.987 0.1765 3.064 0 2.245 1.87654 0 -2.34413 0 0 -19.4925 1.234 0.15 2.62406 0 0.577035 14.083 0 5.82667 0 0 -12.1055 
0.567 1.987 0.1765 3.06587 0 2.24265 1.87654 0 -2.35394 0 0 -19.4925 1.234 0.15 2.63814 0 0.582852 14.083 0 5.81686 0 0 -12.1055 
0.568 1.987 0.1765 3.06775 0 2.24028 1.87654 0 -2.36375 0 0 -19.4925 1.234 0.15 2.65223 0 0.588659 14.083 0 5.80705 0 0 -12.1055 
0.569 1.987 0.1765 3.06963 0 2.23791 1.87654 0 -2.37356 0 0 -19.4925 1.234 0.15 2.66631 0 0.594456 14.083 0 5.79724 0 0 -12.1055 
0.57 1.987 0.1765 3.0715 0 2.23553 1.87654 0 -2.38337 0 0 -19.4925 1.234 0.15 2.68039 0 0.600244 14.083 0 5.78743 0 0 -12.1055 
0.571 1.987 0.1765 3.07338 0 2.23313 1.87654 0 -2.39318 0 0 -19.4925 1.234 0.15 2.69447 0 0.606021 14.083 0 5.77762 0 0 -12.1055 
0.572 1.987 0.1765 3.07526 0 2.23073 1.87654 0 -2.40299 0 0 -19.4925 1.234 0.15 2.70856 0 0.611789 14.083 0 5.76781 0 0 -12.1055 
0.573 1.987 0.1765 3.07713 0 2.22832 1.87654 0 -2.4128 0 0 -19.4925 1.234 0.15 2.72264 0 0.617547 14.083 0 5.758 0 0 -12.1055 
0.574 1.987 0.1765 3.07901 0 2.22589 1.87654 0 -2.42261 0 0 -19.4925 1.234 0.15 2.73672 0 0.623295 14.083 0 5.74819 0 0 -12.1055 
0.575 1.987 0.1765 3.08089 0 2.22346 1.87654 0 -2.43242 0 0 -19.4925 1.234 0.15 2.75081 0 0.629034 14.083 0 5.73838 0 0 -12.1055 
0.576 1.987 0.1765 3.08276 0 2.22102 1.87654 0 -2.44223 0 0 -19.4925 1.234 0.15 2.76489 0 0.634762 14.083 0 5.72857 0 0 -12.1055 
0.577 1.987 0.1765 3.08464 0 2.21857 1.87654 0 -2.45204 0 0 -19.4925 1.234 0.15 2.77897 0 0.640481 14.083 0 5.71876 0 0 -12.1055 
0.578 1.987 0.1765 3.08652 0 2.21611 1.87654 0 -2.46185 0 0 -19.4925 1.234 0.15 2.79306 0 0.64619 14.083 0 5.70895 0 0 -12.1055 
0.579 1.987 0.1765 3.08839 0 2.21363 1.87654 0 -2.47166 0 0 -19.4925 1.234 0.15 2.80714 0 0.651889 14.083 0 5.69914 0 0 -12.1055 
0.58 1.987 0.1765 3.09027 0 2.21115 1.87654 0 -2.48147 0 0 -19.4925 1.234 0.15 2.82122 0 0.657578 14.083 0 5.68933 0 0 -12.1055 
0.581 1.987 0.1765 3.09215 0 2.20866 1.87654 0 -2.49128 0 0 -19.4925 1.234 0.15 2.8353 0 0.663258 14.083 0 5.67952 0 0 -12.1055 
0.582 1.987 0.1765 3.09402 0 2.20616 1.87654 0 -2.50109 0 0 -19.4925 1.234 0.15 2.84939 0 0.668928 14.083 0 5.66971 0 0 -12.1055 
0.583 1.987 0.1765 3.0959 0 2.20365 1.87654 0 -2.5109 0 0 -19.4925 1.234 0.15 2.86347 0 0.674587 14.083 0 5.6599 0 0 -12.1055 
0.584 1.987 0.1765 3.09778 0 2.20113 1.87654 0 -2.52071 0 0 -19.4925 1.234 0.15 2.87755 0 0.680238 14.083 0 5.65009 0 0 -12.1055 
0.585 1.987 0.1765 3.09965 0 2.1986 1.87654 0 -2.53052 0 0 -19.4925 1.234 0.15 2.89164 0 0.685878 14.083 0 5.64028 0 0 -12.1055 
0.586 1.987 0.1765 3.10153 0 2.19606 1.87654 0 -2.54033 0 0 -19.4925 1.234 0.15 2.90572 0 0.691508 14.083 0 5.63047 0 0 -12.1055 
0.587 1.987 0.1765 3.10341 0 2.19351 1.87654 0 -2.55014 0 0 -19.4925 1.234 0.15 2.9198 0 0.697129 14.083 0 5.62066 0 0 -12.1055 
0.588 1.987 0.1765 3.10528 0 2.19095 1.87654 0 -2.55995 0 0 -19.4925 1.234 0.15 2.93389 0 0.70274 14.083 0 5.61085 0 0 -12.1055 
0.589 1.987 0.1765 3.10716 0 2.18838 1.87654 0 -2.56976 0 0 -19.4925 1.234 0.15 2.94797 0 0.708341 14.083 0 5.60104 0 0 -12.1055 
0.59 1.987 0.1765 3.10904 0 2.1858 1.87654 0 -2.57957 0 0 -19.4925 1.234 0.15 2.96205 0 0.713932 14.083 0 5.59123 0 0 -12.1055 
0.591 1.987 0.1765 3.11091 0 2.18321 1.87654 0 -2.58938 0 0 -19.4925 1.234 0.15 2.97613 0 0.719513 14.083 0 5.58142 0 0 -12.1055 
0.592 1.987 0.1765 3.11279 0 2.18061 1.87654 0 -2.59919 0 0 -19.4925 1.234 0.15 2.99022 0 0.725085 14.083 0 5.57161 0 0 -12.1055 
0.593 1.987 0.1765 3.11466 0 2.178 1.87654 0 -2.609 0 0 -19.4925 1.234 0.15 3.0043 0 0.730647 14.083 0 5.5618 0 0 -12.1055 
0.594 1.987 0.1765 3.11654 0 2.17538 1.87654 0 -2.61881 0 0 -19.4925 1.234 0.15 3.01838 0 0.736199 14.083 0 5.55199 0 0 -12.1055 
0.595 1.987 0.1765 3.11842 0 2.17275 1.87654 0 -2.62862 0 0 -19.4925 1.234 0.15 3.03247 0 0.741741 14.083 0 5.54218 0 0 -12.1055 
0.596 1.987 0.1765 3.12029 0 2.17011 1.87654 0 -2.63843 0 0 -19.4925 1.234 0.15 3.04655 0 0.747273 14.083 0 5.53237 0 0 -12.1055 
0.597 1.987 0.1765 3.12217 0 2.16747 1.87654 0 -2.64824 0 0 -19.4925 1.234 0.15 3.06063 0 0.752796 14.083 0 5.52256 0 0 -12.1055 
0.598 1.987 0.1765 3.12405 0 2.16481 1.87654 0 -2.65805 0 0 -19.4925 1.234 0.15 3.07472 0 0.758309 14.083 0 5.51275 0 0 -12.1055 
0.599 1.987 0.1765 3.12592 0 2.16214 1.87654 0 -2.66786 0 0 -19.4925 1.234 0.15 3.0888 0 0.763812 14.083 0 5.50294 0 0 -12.1055 
0.6 1.987 0.1765 3.1278 0 2.15946 1.87654 0 -2.67767 0 0 -19.4925 1.234 0.15 3.10288 0 0.769305 14.083 0 5.49313 0 0 -12.1055 
0.601 1.987 0.1765 3.12968 0 2.15678 1.87654 0 -2.68748 0 0 -19.4925 1.234 0.15 3.11696 0 0.774788 14.083 0 5.48332 0 0 -12.1055 
0.602 1.987 0.1765 3.13155 0 2.15408 1.87654 0 -2.69729 0 0 -19.4925 1.234 0.15 3.13105 0 0.780262 14.083 0 5.47351 0 0 -12.1055 
0.603 1.987 0.1765 3.13343 0 2.15137 1.87654 0 -2.7071 0 0 -19.4925 1.234 0.15 3.14513 0 0.785725 14.083 0 5.4637 0 0 -12.1055 
0.604 1.987 0.1765 3.13531 0 2.14865 1.87654 0 -2.71691 0 0 -19.4925 1.234 0.15 3.15921 0 0.791179 14.083 0 5.45389 0 0 -12.1055 
0.605 1.987 0.1765 3.13718 0 2.14593 1.87654 0 -2.72672 0 0 -19.4925 1.234 0.15 3.1733 0 0.796623 14.083 0 5.44408 0 0 -12.1055 
0.606 1.987 0.1765 3.13906 0 2.14319 1.87654 0 -2.73653 0 0 -19.4925 1.234 0.15 3.18738 0 0.802058 14.083 0 5.43427 0 0 -12.1055 
0.607 1.987 0.1765 3.14094 0 2.14044 1.87654 0 -2.74634 0 0 -19.4925 1.234 0.15 3.20146 0 0.807482 14.083 0 5.42446 0 0 -12.1055 
0.608 1.987 0.1765 3.14281 0 2.13769 1.87654 0 -2.75615 0 0 -19.4925 1.234 0.15 3.21555 0 0.812897 14.083 0 5.41465 0 0 -12.1055 
0.609 1.987 0.1765 3.14469 0 2.13492 1.87654 0 -2.76596 0 0 -19.4925 1.234 0.15 3.22963 0 0.818302 14.083 0 5.40484 0 0 -12.1055 
0.61 1.987 0.1765 3.14657 0 2.13215 1.87654 0 -2.77577 0 0 -19.4925 1.234 0.15 3.24371 0 0.823697 14.083 0 5.39503 0 0 -12.1055 
0.611 1.987 0.1765 3.14844 0 2.12936 1.87654 0 -2.78558 0 0 -19.4925 1.234 0.15 3.2578 0 0.829082 14.083 0 5.38522 0 0 -12.1055 
0.612 1.987 0.1765 3.15032 0 2.12657 1.87654 0 -2.79539 0 0 -19.4925 1.234 0.15 3.27188 0 0.834457 14.083 0 5.37541 0 0 -12.1055 
0.613 1.987 0.1765 3.1522 0 2.12376 1.87654 0 -2.8052 0 0 -19.4925 1.234 0.15 3.28596 0 0.839823 14.083 0 5.3656 0 0 -12.1055 
0.614 1.987 0.1765 3.15407 0 2.12095 1.87654 0 -2.81501 0 0 -19.4925 1.234 0.15 3.30004 0 0.845179 14.083 0 5.35579 0 0 -12.1055 
0.615 1.987 0.1765 3.15595 0 2.11812 1.87654 0 -2.82482 0 0 -19.4925 1.234 0.15 3.31413 0 0.850525 14.083 0 5.34598 0 0 -12.1055 
0.616 1.987 0.1765 3.15783 0 2.11529 1.87654 0 -2.83463 0 0 -19.4925 1.234 0.15 3.32821 0 0.855861 14.083 0 5.33617 0 0 -12.1055 
0.617 1.987 0.1765 3.1597 0 2.11244 1.87654 0 -2.84444 0 0 -19.4925 1.234 0.15 3.34229 0 0.861187 14.083 0 5.32636 0 0 -12.1055 
0.618 1.987 0.1765 3.16158 0 2.10959 1.87654 0 -2.85425 0 0 -19.4925 1.234 0.15 3.35638 0 0.866504 14.083 0 5.31655 0 0 -12.1055 
0.619 1.987 0.1765 3.16345 0 2.10672 1.87654 0 -2.86406 0 0 -19.4925 1.234 0.15 3.37046 0 0.87181 14.083 0 5.30674 0 0 -12.1055 
0.62 1.987 0.1765 3.16533 0 2.10385 1.87654 0 -2.87387 0 0 -19.4925 1.234 0.15 3.38454 0 0.877107 14.083 0 5.29693 0 0 -12.1055 
0.621 1.987 0.1765 3.16721 0 2.10097 1.87654 0 -2.88368 0 0 -19.4925 1.234 0.15 3.39863 0 0.882394 14.083 0 5.28712 0 0 -12.1055 
0.622 1.987 0.1765 3.16908 0 2.09807 1.87654 0 -2.89349 0 0 -19.4925 1.234 0.15 3.41271 0 0.887672 14.083 0 5.27731 0 0 -12.1055 
0.623 1.987 0.1765 3.17096 0 2.09517 1.87654 0 -2.9033 0 0 -19.4925 1.234 0.15 3.42679 0 0.892939 14.083 0 5.2675 0 0 -12.1055 
0.624 1.987 0.1765 3.17284 0 2.09226 1.87654 0 -2.91311 0 0 -19.4925 1.234 0.15 3.44087 0 0.898197 14.083 0 5.25769 0 0 -12.1055 
0.625 1.987 0.1765 3.17471 0 2.08933 1.87654 0 -2.92292 0 0 -19.4925 1.234 0.15 3.45496 0 0.903445 14.083 0 5.24788 0 0 -12.1055 
0.626 1.987 0.1765 3.17659 0 2.0864 1.87654 0 -2.93273 0 0 -19.4925 1.234 0.15 3.46904 0 0.908683 14.083 0 5.23807 0 0 -12.1055 
0.627 1.987 0.1765 3.17847 0 2.08346 1.87654 0 -2.94254 0 0 -19.4925 1.234 0.15 3.48312 0 0.913911 14.083 0 5.22826 0 0 -12.1055 
0.628 1.987 0.1765 3.18034 0 2.08051 1.87654 0 -2.95235 0 0 -19.4925 1.234 0.15 3.49721 0 0.91913 14.083 0 5.21845 0 0 -12.1055 
0.629 1.987 0.1765 3.18222 0 2.07754 1.87654 0 -2.96216 0 0 -19.4925 1.234 0.15 3.51129 0 0.924338 14.083 0 5.20864 0 0 -12.1055 
0.63 1.987 0.1765 3.1841 0 2.07457 1.87654 0 -2.97197 0 0 -19.4925 1.234 0.15 3.52537 0 0.929537 14.083 0 5.19883 0 0 -12.1055 
0.631 1.987 0.1765 3.18597 0 2.07159 1.87654 0 -2.98178 0 0 -19.4925 1.234 0.15 3.53946 0 0.934726 14.083 0 5.18902 0 0 -12.1055 
0.632 1.987 0.1765 3.18785 0 2.0686 1.87654 0 -2.99159 0 0 -19.4925 1.234 0.15 3.55354 0 0.939905 14.083 0 5.17921 0 0 -12.1055 
0.633 1.987 0.1765 3.18973 0 2.0656 1.87654 0 -3.0014 0 0 -19.4925 1.234 0.15 3.56762 0 0.945075 14.083 0 5.1694 0 0 -12.1055 
0.634 1.987 0.1765 3.1916 0 2.06259 1.87654 0 -3.01121 0 0 -19.4925 1.234 0.15 3.5817 0 0.950234 14.083 0 5.15959 0 0 -12.1055 
0.635 1.987 0.1765 3.19348 0 2.05956 1.87654 0 -3.02102 0 0 -19.4925 1.234 0.15 3.59579 0 0.955384 14.083 0 5.14978 0 0 -12.1055 
0.636 1.987 0.1765 3.19536 0 2.05653 1.87654 0 -3.03083 0 0 -19.4925 1.234 0.15 3.60987 0 0.960524 14.083 0 5.13997 0 0 -12.1055 
0.637 1.987 0.1765 3.19723 0 2.05349 1.87654 0 -3.04064 0 0 -19.4925 1.234 0.15 3.62395 0 0.965654 14.083 0 5.13016 0 0 -12.1055 
0.638 1.987 0.1765 3.19911 0 2.05044 1.87654 0 -3.05045 0 0 -19.4925 1.234 0.15 3.63804 0 0.970775 14.083 0 5.12035 0 0 -12.1055 
0.639 1.987 0.1765 3.20099 0 2.04738 1.87654 0 -3.06026 0 0 -19.4925 1.234 0.15 3.65212 0 0.975885 14.083 0 5.11054 0 0 -12.1055 
0.64 1.987 0.1765 3.20286 0 2.04431 1.87654 0 -3.07007 0 0 -19.4925 1.234 0.15 3.6662 0 0.980986 14.083 0 5.10073 0 0 -12.1055 
0.641 1.987 0.1765 3.20474 0 2.04123 1.87654 0 -3.07988 0 0 -19.4925 1.234 0.15 3.68029 0 0.986077 14.083 0 5.09092 0 0 -12.1055 
0.642 1.987 0.1765 3.20662 0 2.03814 1.87654 0 -3.08969 0 0 -19.4925 1.234 0.15 3.69437 0 0.991158 14.083 0 5.08111 0 0 -12.1055 
0.643 1.987 0.1765 3.20849 0 2.03504 1.87654 0 -3.0995 0 0 -19.4925 1.234 0.15 3.70845 0 0.996229 14.083 0 5.0713 0 0 -12.1055 
0.644 1.987 0.1765 3.21037 0 2.03193 1.87654 0 -3.10931 0 0 -19.4925 1.234 0.15 3.72253 0 1.00129 14.083 0 5.06149 0 0 -12.1055 
0.645 1.987 0.1765 3.21224 0 2.02881 1.87654 0 -3.11912 0 0 -19.4925 1.234 0.15 3.73662 0 1.00634 14.083 0 5.05168 0 0 -12.1055 
0.646 1.987 0.1765 3.21412 0 2.02569 1.87654 0 -3.12893 0 0 -19.4925 1.234 0.15 3.7507 0 1.01138 14.083 0 5.04187 0 0 -12.1055 
0.647 1.987 0.1765 3.216 0 2.02255 1.87654 0 -3.13874 0 0 -19.4925 1.234 0.15 3.76478 0 1.01642 14.083 0 5.03206 0 0 -12.1055 
0.648 1.987 0.1765 3.21787 0 2.0194 1.87654 0 -3.14855 0 0 -19.4925 1.234 0.15 3.77887 0 1.02144 14.083 0 5.02225 0 0 -12.1055 
0.649 1.987 0.1765 3.21975 0 2.01624 1.87654 0 -3.15836 0 0 -19.4925 1.234 0.15 3.79295 0 1.02645 14.083 0 5.01244 0 0 -12.1055 
0.65 1.987 0.1765 3.22163 0 2.01307 1.87654 0 -3.16817 0 0 -19.4925 1.234 0.15 3.80703 0 1.03145 14.083 0 5.00263 0 0 -12.1055 
0.651 1.987 0.1765 3.2235 0 2.00989 1.87654 0 -3.17798 0 0 -19.4925 1.234 0.15 3.82112 0 1.03645 14.083 0 4.99282 0 0 -12.1055 
0.652 1.987 0.1765 3.22538 0 2.00671 1.87654 0 -3.18779 0 0 -19.4925 1.234 0.15 3.8352 0 1.04143 14.083 0 4.98301 0 0 -12.1055 
0.653 1.987 0.1765 3.22726 0 2.00351 1.87654 0 -3.1976 0 0 -19.4925 1.234 0.15 3.84928 0 1.0464 14.083 0 4.9732 0 0 -12.1055 
0.654 1.987 0.1765 3.22913 0 2.0003 1.87654 0 -3.20741 0 0 -19.4925 1.234 0.15 3.86336 0 1.05137 14.083 0 4.96339 0 0 -12.1055 
0.655 1.987 0.1765 3.23101 0 1.99708 1.87654 0 -3.21722 0 0 -19.4925 1.234 0.15 3.87745 0 1.05632 14.083 0 4.95358 0 0 -12.1055 
0.656 1.987 0.1765 3.23289 0 1.99386 1.87654 0 -3.22703 0 0 -19.4925 1.234 0.15 3.89153 0 1.06126 14.083 0 4.94377 0 0 -12.1055 
0.657 1.987 0.1765 3.23476 0 1.99062 1.87654 0 -3.23684 0 0 -19.4925 1.234 0.15 3.90561 0 1.0662 14.083 0 4.93396 0 0 -12.1055 
0.658 1.987 0.1765 3.23664 0 1.98737 1.87654 0 -3.24665 0 0 -19.4925 1.234 0.15 3.9197 0 1.07112 14.083 0 4.92415 0 0 -12.1055 
0.659 1.987 0.1765 3.23852 0 1.98412 1.87654 0 -3.25646 0 0 -19.4925 1.234 0.15 3.93378 0 1.07604 14.083 0 4.91434 0 0 -12.1055 
0.66 1.987 0.1765 3.24039 0 1.98085 1.87654 0 -3.26627 0 0 -19.4925 1.234 0.15 3.94786 0 1.08094 14.083 0 4.90453 0 0 -12.1055 
0.661 1.987 0.1765 3.24227 0 1.97757 1.87654 0 -3.27608 0 0 -19.4925 1.234 0.15 3.96195 0 1.08584 14.083 0 4.89472 0 0 -12.1055 
0.662 1.987 0.1765 3.24415 0 1.97429 1.87654 0 -3.28589 0 0 -19.4925 1.234 0.15 3.97603 0 1.09072 14.083 0 4.88491 0 0 -12.1055 
0.663 1.987 0.1765 3.24602 0 1.97099 1.87654 0 -3.2957 0 0 -19.4925 1.234 0.15 3.99011 0 1.0956 14.083 0 4.8751 0 0 -12.1055 
0.664 1.987 0.1765 3.2479 0 1.96769 1.87654 0 -3.30551 0 0 -19.4925 1.234 0.15 4.00419 0 1.10046 14.083 0 4.86529 0 0 -12.1055 
0.665 1.987 0.1765 3.24978 0 1.96437 1.87654 0 -3.31532 0 0 -19.4925 1.234 0.15 4.01828 0 1.10532 14.083 0 4.85548 0 0 -12.1055 
0.666 1.987 0.1765 3.25165 0 1.96105 1.87654 0 -3.32513 0 0 -19.4925 1.234 0.15 4.03236 0 1.11016 14.083 0 4.84567 0 0 -12.1055 
0.667 1.987 0.1765 3.25353 0 1.95771 1.87654 0 -3.33494 0 0 -19.4925 1.234 0.15 4.04644 0 1.115 14.083 0 4.83586 0 0 -12.1055 
0.668 1.987 0.1765 3.25541 0 1.95437 1.87654 0 -3.34475 0 0 -19.4925 1.234 0.15 4.06053 0 1.11982 14.083 0 4.82605 0 0 -12.1055 
0.669 1.987 0.1765 3.25728 0 1.95101 1.87654 0 -3.35456 0 0 -19.4925 1.234 0.15 4.07461 0 1.12464 14.083 0 4.81624 0 0 -12.1055 
0.67 1.987 0.1765 3.25916 0 1.94765 1.87654 0 -3.36437 0 0 -19.4925 1.234 0.15 4.08869 0 1.12945 14.083 0 4.80643 0 0 -12.1055 
0.671 1.987 0.1765 3.26103 0 1.94427 1.87654 0 -3.37418 0 0 -19.4925 1.234 0.15 4.10278 0 1.13424 14.083 0 4.79662 0 0 -12.1055 
0.672 1.987 0.1765 3.26291 0 1.94089 1.87654 0 -3.38399 0 0 -19.4925 1.234 0.15 4.11686 0 1.13903 14.083 0 4.78681 0 0 -12.1055 
0.673 1.987 0.1765 3.26479 0 1.9375 1.87654 0 -3.3938 0 0 -19.4925 1.234 0.15 4.13094 0 1.14381 14.083 0 4.777 0 0 -12.1055 
0.674 1.987 0.1765 3.26666 0 1.93409 1.87654 0 -3.40361 0 0 -19.4925 1.234 0.15 4.14502 0 1.14857 14.083 0 4.76719 0 0 -12.1055 
0.675 1.987 0.1765 3.26854 0 1.93068 1.87654 0 -3.41342 0 0 -19.4925 1.234 0.15 4.15911 0 1.15333 14.083 0 4.75738 0 0 -12.1055 
0.676 1.987 0.1765 3.27042 0 1.92726 1.87654 0 -3.42323 0 0 -19.4925 1.234 0.15 4.17319 0 1.15808 14.083 0 4.74757 0 0 -12.1055 
0.677 1.987 0.1765 3.27229 0 1.92382 1.87654 0 -3.43304 0 0 -19.4925 1.234 0.15 4.18727 0 1.16282 14.083 0 4.73776 0 0 -12.1055 
0.678 1.987 0.1765 3.27417 0 1.92038 1.87654 0 -3.44285 0 0 -19.4925 1.234 0.15 4.20136 0 1.16754 14.083 0 4.72795 0 0 -12.1055 
0.679 1.987 0.1765 3.27605 0 1.91693 1.87654 0 -3.45266 0 0 -19.4925 1.234 0.15 4.21544 0 1.17226 14.083 0 4.71814 0 0 -12.1055 
0.68 1.987 0.1765 3.27792 0 1.91346 1.87654 0 -3.46247 0 0 -19.4925 1.234 0.15 4.22952 0 1.17697 14.083 0 4.70833 0 0 -12.1055 
0.681 1.987 0.1765 3.2798 0 1.90999 1.87654 0 -3.47228 0 0 -19.4925 1.234 0.15 4.24361 0 1.18167 14.083 0 4.69852 0 0 -12.1055 
0.682 1.987 0.1765 3.28168 0 1.90651 1.87654 0 -3.48209 0 0 -19.4925 1.234 0.15 4.25769 0 1.18636 14.083 0 4.68871 0 0 -12.1055 
0.683 1.987 0.1765 3.28355 0 1.90302 1.87654 0 -3.4919 0 0 -19.4925 1.234 0.15 4.27177 0 1.19104 14.083 0 4.6789 0 0 -12.1055 
0.684 1.987 0.1765 3.28543 0 1.89952 1.87654 0 -3.50171 0 0 -19.4925 1.234 0.15 4.28586 0 1.19571 14.083 0 4.66909 0 0 -12.1055 
0.685 1.987 0.1765 3.28731 0 1.89601 1.87654 0 -3.51152 0 0 -19.4925 1.234 0.15 4.29994 0 1.20037 14.083 0 4.65928 0 0 -12.1055 
0.686 1.987 0.1765 3.28918 0 1.89248 1.87654 0 -3.52133 0 0 -19.4925 1.234 0.15 4.31402 0 1.20501 14.083 0 4.64947 0 0 -12.1055 
0.687 1.987 0.1765 3.29106 0 1.88895 1.87654 0 -3.53114 0 0 -19.4925 1.234 0.15 4.3281 0 1.20965 14.083 0 4.63966 0 0 -12.1055 
0.688 1.987 0.1765 3.29294 0 1.88541 1.87654 0 -3.54095 0 0 -19.4925 1.234 0.15 4.34219 0 1.21428 14.083 0 4.62985 0 0 -12.1055 
0.689 1.987 0.1765 3.29481 0 1.88186 1.87654 0 -3.55076 0 0 -19.4925 1.234 0.15 4.35627 0 1.2189 14.083 0 4.62004 0 0 -12.1055 
0.69 1.987 0.1765 3.29669 0 1.8783 1.87654 0 -3.56057 0 0 -19.4925 1.234 0.15 4.37035 0 1.22351 14.083 0 4.61023 0 0 -12.1055 
0.691 1.987 0.1765 3.29857 0 1.87473 1.87654 0 -3.57038 0 0 -19.4925 1.234 0.15 4.38444 0 1.22812 14.083 0 4.60042 0 0 -12.1055 
0.692 1.987 0.1765 3.30044 0 1.87115 1.87654 0 -3.58019 0 0 -19.4925 1.234 0.15 4.39852 0 1.23271 14.083 0 4.59061 0 0 -12.1055 
0.693 1.987 0.1765 3.30232 0 1.86756 1.87654 0 -3.59 0 0 -19.4925 1.234 0.15 4.4126 0 1.23729 14.083 0 4.5808 0 0 -12.1055 
0.694 1.987 0.1765 3.3042 0 1.86396 1.87654 0 -3.59981 0 0 -19.4925 1.234 0.15 4.42669 0 1.24186 14.083 0 4.57099 0 0 -12.1055 
0.695 1.987 0.1765 3.30607 0 1.86035 1.87654 0 -3.60962 0 0 -19.4925 1.234 0.15 4.44077 0 1.24642 14.083 0 4.56118 0 0 -12.1055 
0.696 1.987 0.1765 3.30795 0 1.85673 1.87654 0 -3.61943 0 0 -19.4925 1.234 0.15 4.45485 0 1.25097 14.083 0 4.55137 0 0 -12.1055 
0.697 1.987 0.1765 3.30982 0 1.8531 1.87654 0 -3.62924 0 0 -19.4925 1.234 0.15 4.46893 0 1.25551 14.083 0 4.54156 0 0 -12.1055 
0.698 1.987 0.1765 3.3117 0 1.84946 1.87654 0 -3.63905 0 0 -19.4925 1.234 0.15 4.48302 0 1.26004 14.083 0 4.53175 0 0 -12.1055 
0.699 1.987 0.1765 3.31358 0 1.84581 1.87654 0 -3.64886 0 0 -19.4925 1.234 0.15 4.4971 0 1.26457 14.083 0 4.52194 0 0 -12.1055 
0.7 1.987 0.1765 3.31545 0 1.84216 1.87654 0 -3.65867 0 0 -19.4925 1.234 0.15 4.51118 0 1.26908 14.083 0 4.51213 0 0 -12.1055 
0.701 1.987 0.1765 3.31733 0 1.83849 1.87654 0 -3.66848 0 0 -19.4925 1.234 0.15 4.52527 0 1.27358 14.083 0 4.50232 0 0 -12.1055 
0.702 1.987 0.1765 3.31921 0 1.83481 1.87654 0 -3.67829 0 0 -19.4925 1.234 0.15 4.53935 0 1.27807 14.083 0 4.49251 0 0 -12.1055 
0.703 1.987 0.1765 3.32108 0 1.83112 1.87654 0 -3.6881 0 0 -19.4925 1.234 0.15 4.55343 0 1.28255 14.083 0 4.4827 0 0 -12.1055 
0.704 1.987 0.1765 3.32296 0 1.82742 1.87654 0 -3.69791 0 0 -19.4925 1.234 0.15 4.56752 0 1.28703 14.083 0 4.47289 0 0 -12.1055 
0.705 1.987 0.1765 3.32484 0 1.82371 1.87654 0 -3.70772 0 0 -19.4925 1.234 0.15 4.5816 0 1.29149 14.083 0 4.46308 0 0 -12.1055 
0.706 1.987 0.1765 3.32671 0 1.82 1.87654 0 -3.71753 0 0 -19.4925 1.234 0.15 4.59568 0 1.29594 14.083 0 4.45327 0 0 -12.1055 
0.707 1.987 0.1765 3.32859 0 1.81627 1.87654 0 -3.72734 0 0 -19.4925 1.234 0.15 4.60976 0 1.30039 14.083 0 4.44346 0 0 -12.1055 
0.708 1.987 0.1765 3.33047 0 1.81253 1.87654 0 -3.73715 0 0 -19.4925 1.234 0.15 4.62385 0 1.30482 14.083 0 4.43365 0 0 -12.1055 
0.709 1.987 0.1765 3.33234 0 1.80879 1.87654 0 -3.74696 0 0 -19.4925 1.234 0.15 4.63793 0 1.30925 14.083 0 4.42384 0 0 -12.1055 
0.71 1.987 0.1765 3.33422 0 1.80503 1.87654 0 -3.75677 0 0 -19.4925 1.234 0.15 4.65201 0 1.31366 14.083 0 4.41403 0 0 -12.1055 
0.711 1.987 0.1765 3.3361 0 1.80126 1.87654 0 -3.76658 0 0 -19.4925 1.234 0.15 4.6661 0 1.31806 14.083 0 4.40422 0 0 -12.1055 
0.712 1.987 0.1765 3.33797 0 1.79749 1.87654 0 -3.77639 0 0 -19.4925 1.234 0.15 4.68018 0 1.32246 14.083 0 4.39441 0 0 -12.1055 
0.713 1.987 0.1765 3.33985 0 1.7937 1.87654 0 -3.7862 0 0 -19.4925 1.234 0.15 4.69426 0 1.32684 14.083 0 4.3846 0 0 -12.1055 
0.714 1.987 0.1765 3.34173 0 1.7899 1.87654 0 -3.79601 0 0 -19.4925 1.234 0.15 4.70835 0 1.33122 14.083 0 4.37479 0 0 -12.1055 
0.715 1.987 0.1765 3.3436 0 1.7861 1.87654 0 -3.80582 0 0 -19.4925 1.234 0.15 4.72243 0 1.33558 14.083 0 4.36498 0 0 -12.1055 
0.716 1.987 0.1765 3.34548 0 1.78228 1.87654 0 -3.81563 0 0 -19.4925 1.234 0.15 4.73651 0 1.33994 14.083 0 4.35517 0 0 -12.1055 
0.717 1.987 0.1765 3.34736 0 1.77846 1.87654 0 -3.82544 0 0 -19.4925 1.234 0.15 4.75059 0 1.34428 14.083 0 4.34536 0 0 -12.1055 
0.718 1.987 0.1765 3.34923 0 1.77462 1.87654 0 -3.83525 0 0 -19.4925 1.234 0.15 4.76468 0 1.34862 14.083 0 4.33555 0 0 -12.1055 
0.719 1.987 0.1765 3.35111 0 1.77078 1.87654 0 -3.84506 0 0 -19.4925 1.234 0.15 4.77876 0 1.35294 14.083 0 4.32574 0 0 -12.1055 
0.72 1.987 0.1765 3.35299 0 1.76692 1.87654 0 -3.85487 0 0 -19.4925 1.234 0.15 4.79284 0 1.35726 14.083 0 4.31593 0 0 -12.1055 
0.721 1.987 0.1765 3.35486 0 1.76306 1.87654 0 -3.86468 0 0 -19.4925 1.234 0.15 4.80693 0 1.36157 14.083 0 4.30612 0 0 -12.1055 
0.722 1.987 0.1765 3.35674 0 1.75918 1.87654 0 -3.87449 0 0 -19.4925 1.234 0.15 4.82101 0 1.36586 14.083 0 4.29631 0 0 -12.1055 
0.723 1.987 0.1765 3.35861 0 1.7553 1.87654 0 -3.8843 0 0 -19.4925 1.234 0.15 4.83509 0 1.37015 14.083 0 4.2865 0 0 -12.1055 
0.724 1.987 0.1765 3.36049 0 1.7514 1.87654 0 -3.89411 0 0 -19.4925 1.234 0.15 4.84913 0 1.37443 14.0397 0 4.27669 -53.4375 0 -12.1055 
0.725 1.987 0.1765 3.36237 0 1.7475 1.87654 0 -3.90392 0 0 -19.4925 1.234 0.15 4.86304 0 1.37869 13.9028 0 4.26688 -168.991 0 -12.1055 
0.726 1.987 0.1765 3.36424 0 1.74359 1.87654 0 -3.91373 0 0 -19.4925 1.234 0.15 4.87671 0 1.38295 13.6731 0 4.25707 -283.417 0 -12.1055 
0.727 1.987 0.1765 3.36612 0 1.73966 1.87654 0 -3.92354 0 0 -19.4925 1.234 0.15 4.89006 0 1.3872 13.3522 0 4.24726 -395.953 0 -12.1055 
0.728 1.987 0.1765 3.368 0 1.73573 1.87654 0 -3.93335 0 0 -19.4925 1.234 0.15 4.903 0 1.39143 12.9423 0 4.23745 -505.848 0 -12.1055 
0.729 1.987 0.1765 3.36987 0 1.73179 1.87654 0 -3.94316 0 0 -19.4925 1.234 0.15 4.91545 0 1.39566 12.4461 0 4.22764 -612.369 0 -12.1055 
0.73 1.987 0.1765 3.37175 0 1.72783 1.87654 0 -3.95297 0 0 -19.4925 1.234 0.15 4.92732 0 1.39988 11.8668 0 4.21783 -714.805 0 -12.1055 
0.731 1.987 0.1765 3.37363 0 1.72387 1.87654 0 -3.96278 0 0 -19.4925 1.234 0.15 4.93852 0 1.40409 11.2084 0 4.20802 -812.474 0 -12.1055 
0.732 1.987 0.1765 3.3755 0 1.7199 1.87654 0 -3.97259 0 0 -19.4925 1.234 0.15 4.949 0 1.40829 10.4752 0 4.19821 -904.724 0 -12.1055 
0.733 1.987 0.1765 3.37738 0 1.71592 1.87654 0 -3.9824 0 0 -19.4925 1.234 0.15 4.95867 0 1.41247 9.67219 0 4.1884 -990.94 0 -12.1055 
0.734 1.987 0.1765 3.37926 0 1.71192 1.87654 0 -3.99221 0 0 -19.4925 1.234 0.15 4.96748 0 1.41665 8.80465 0 4.17859 -1070.55 0 -12.1055 
0.735 1.987 0.1765 3.38113 0 1.70792 1.87654 0 -4.00202 0 0 -19.4925 1.234 0.15 4.97535 0 1.42082 7.87838 0 4.16878 -1143.01 0 -12.1055 
0.736 1.987 0.1765 3.38301 0 1.70391 1.87654 0 -4.01183 0 0 -19.4925 1.234 0.15 4.98225 0 1.42498 6.89957 0 4.15897 -1207.86 0 -12.1055 
0.737 1.987 0.1765 3.38489 0 1.69989 1.87654 0 -4.02164 0 0 -19.4925 1.234 0.15 4.98813 0 1.42913 5.87474 0 4.14916 -1264.64 0 -12.1055 
0.738 1.987 0.1765 3.38676 0 1.69586 1.87654 0 -4.03145 0 0 -19.4925 1.234 0.15 4.99294 0 1.43327 4.81072 0 4.13935 -1312.99 0 -12.1055 
0.739 1.987 0.1765 3.38864 0 1.69182 1.87654 0 -4.04126 0 0 -19.4925 1.234 0.15 4.99665 0 1.4374 3.71462 0 4.12954 -1352.59 0 -12.1055 
0.74 1.987 0.1765 3.39052 0 1.68776 1.87654 0 -4.05107 0 0 -19.4925 1.234 0.15 4.99925 0 1.44152 2.59374 0 4.11973 -1383.16 0 -12.1055 
0.741 1.987 0.1765 3.39239 0 1.6837 1.87654 0 -4.06088 0 0 -19.4925 1.234 0.15 5.0007 0 1.44563 1.45557 0 4.10992 -1404.51 0 -12.1055 
0.742 1.987 0.1765 3.39427 0 1.67963 1.87654 0 -4.07069 0 0 -19.4925 1.234 0.15 5.00101 0 1.44973 0.307683 0 4.10011 -1416.49 0 -12.1055 
0.743 1.987 0.1765 3.39615 0 1.67555 1.87654 0 -4.0805 0 0 -19.4925 1.234 0.15 5.00017 0 1.45382 -0.842254 0 4.0903 -1419.02 0 -12.1055 
0.744 1.987 0.1765 3.39802 0 1.67146 1.87654 0 -4.09031 0 0 -19.4925 1.234 0.15 4.99818 0 1.4579 -1.98657 0 4.08049 -1412.09 0 -12.1055 
0.745 1.987 0.1765 3.3999 0 1.66736 1.87654 0 -4.10012 0 0 -19.4925 1.234 0.15 4.99506 0 1.46197 -3.11764 0 4.07068 -1395.74 0 -12.1055 
0.746 1.987 0.1765 3.40178 0 1.66325 1.87654 0 -4.10993 0 0 -19.4925 1.234 0.15 4.99084 0 1.46603 -4.22792 0 4.06087 -1370.08 0 -12.1055 
0.747 1.987 0.1765 3.40365 0 1.65913 1.87654 0 -4.11974 0 0 -19.4925 1.234 0.15 4.98553 0 1.47008 -5.30999 0 4.05106 -1335.28 0 -12.1055 
0.748 1.987 0.1765 3.40553 0 1.655 1.87654 0 -4.12955 0 0 -19.4925 1.234 0.15 4.97917 0 1.47412 -6.35665 0 4.04125 -1291.58 0 -12.1055 
0.749 1.987 0.1765 3.40741 0 1.65086 1.87654 0 -4.13936 0 0 -19.4925 1.234 0.15 4.97181 0 1.47815 -7.36091 0 4.03144 -1239.26 0 -12.1055 
0.75 1.987 0.1765 3.40928 0 1.64671 1.87654 0 -4.14917 0 0 -19.4925 1.234 0.15 4.96349 0 1.48218 -8.31608 0 4.02163 -1178.68 0 -12.1055 
0.751 1.987 0.1765 3.41116 0 1.64256 1.87654 0 -4.15898 0 0 -19.4925 1.234 0.15 4.95428 0 1.48619 -9.21578 0 4.01182 -1110.23 0 -12.1055 
0.752 1.987 0.1765 3.41303 0 1.63839 1.87654 0 -4.16879 0 0 -19.4925 1.234 0.15 4.94422 0 1.49019 -10.054 0 4.00201 -1034.38 0 -12.1055 
0.753 1.987 0.1765 3.41491 0 1.63421 1.87654 0 -4.1786 0 0 -19.4925 1.234 0.15 4.9334 0 1.49418 -10.8252 0 3.9922 -951.632 0 -12.1055 
0.754 1.987 0.1765 3.41679 0 1.63002 1.87654 0 -4.18841 0 0 -19.4925 1.234 0.15 4.92187 0 1.49816 -11.5242 0 3.98239 -862.536 0 -12.1055 
0.755 1.987 0.1765 3.41866 0 1.62582 1.87654 0 -4.19822 0 0 -19.4925 1.234 0.15 4.90973 0 1.50214 -12.1463 0 3.97258 -767.686 0 -12.1055 
0.756 1.987 0.1765 3.42054 0 1.62161 1.87654 0 -4.20803 0 0 -19.4925 1.234 0.15 4.89704 0 1.5061 -12.6874 0 3.96277 -667.717 0 -12.1055 
0.757 1.987 0.1765 3.42242 0 1.6174 1.87654 0 -4.21784 0 0 -19.4925 1.234 0.15 4.8839 0 1.51005 -13.1439 0 3.95296 -563.294 0 -12.1055 
0.758 1.987 0.1765 3.42429 0 1.61317 1.87654 0 -4.22765 0 0 -19.4925 1.234 0.15 4.87038 0 1.514 -13.5127 0 3.94315 -455.114 0 -12.1055 
0.759 1.987 0.1765 3.42617 0 1.60893 1.87654 0 -4.23746 0 0 -19.4925 1.234 0.15 4.85659 0 1.51793 -13.7914 0 3.93334 -343.899 0 -12.1055 
0.76 1.987 0.1765 3.42805 0 1.60468 1.87654 0 -4.24727 0 0 -19.4925 1.234 0.15 4.84261 0 1.52185 -13.9781 0 3.92353 -230.389 0 -12.1055 
0.761 1.987 0.1765 3.42992 0 1.60043 1.87654 0 -4.25708 0 0 -19.4925 1.234 0.15 4.82854 0 1.52577 -14.0715 0 3.91372 -115.344 0 -12.1055 
0.762 1.987 0.1765 3.4318 0 1.59616 1.87654 0 -4.26689 0 0 -19.4925 1.234 0.15 4.81447 0 1.52967 -14.0715 0 3.90391 0 0 -12.1055 
0.763 1.987 0.1765 3.43368 0 1.59188 1.87654 0 -4.2767 0 0 -19.4925 1.234 0.15 4.8004 0 1.53356 -14.0715 0 3.8941 0 0 -12.1055 
0.764 1.987 0.1765 3.43555 0 1.5876 1.87654 0 -4.28651 0 0 -19.4925 1.234 0.15 4.78633 0 1.53745 -14.0715 0 3.88429 0 0 -12.1055 
0.765 1.987 0.1765 3.43743 0 1.5833 1.87654 0 -4.29632 0 0 -19.4925 1.234 0.15 4.77226 0 1.54132 -14.0715 0 3.87448 0 0 -12.1055 
0.766 1.987 0.1765 3.43931 0 1.57899 1.87654 0 -4.30613 0 0 -19.4925 1.234 0.15 4.75819 0 1.54519 -14.0715 0 3.86467 0 0 -12.1055 
0.767 1.987 0.1765 3.44118 0 1.57468 1.87654 0 -4.31594 0 0 -19.4925 1.234 0.15 4.74411 0 1.54904 -14.0715 0 3.85486 0 0 -12.1055 
0.768 1.987 0.1765 3.44306 0 1.57035 1.87654 0 -4.32575 0 0 -19.4925 1.234 0.15 4.73004 0 1.55289 -14.0715 0 3.84505 0 0 -12.1055 
0.769 1.987 0.1765 3.44494 0 1.56602 1.87654 0 -4.33556 0 0 -19.4925 1.234 0.15 4.71597 0 1.55672 -14.0715 0 3.83524 0 0 -12.1055 
0.77 1.987 0.1765 3.44681 0 1.56167 1.87654 0 -4.34537 0 0 -19.4925 1.234 0.15 4.7019 0 1.56055 -14.0715 0 3.82543 0 0 -12.1055 
0.771 1.987 0.1765 3.44869 0 1.55732 1.87654 0 -4.35518 0 0 -19.4925 1.234 0.15 4.68783 0 1.56436 -14.0715 0 3.81562 0 0 -12.1055 
0.772 1.987 0.1765 3.45057 0 1.55295 1.87654 0 -4.36499 0 0 -19.4925 1.234 0.15 4.67376 0 1.56817 -14.0715 0 3.80581 0 0 -12.1055 
0.773 1.987 0.1765 3.45244 0 1.54858 1.87654 0 -4.3748 0 0 -19.4925 1.234 0.15 4.65968 0 1.57197 -14.0715 0 3.796 0 0 -12.1055 
0.774 1.987 0.1765 3.45432 0 1.54419 1.87654 0 -4.38461 0 0 -19.4925 1.234 0.15 4.64561 0 1.57575 -14.0715 0 3.78619 0 0 -12.1055 
0.775 1.987 0.1765 3.4562 0 1.5398 1.87654 0 -4.39442 0 0 -19.4925 1.234 0.15 4.63154 0 1.57953 -14.0715 0 3.77638 0 0 -12.1055 
0.776 1.987 0.1765 3.45807 0 1.53539 1.87654 0 -4.40423 0 0 -19.4925 1.234 0.15 4.61747 0 1.5833 -14.0715 0 3.76657 0 0 -12.1055 
0.777 1.987 0.1765 3.45995 0 1.53098 1.87654 0 -4.41404 0 0 -19.4925 1.234 0.15 4.6034 0 1.58705 -14.0715 0 3.75676 0 0 -12.1055 
0.778 1.987 0.1765 3.46182 0 1.52655 1.87654 0 -4.42385 0 0 -19.4925 1.234 0.15 4.58933 0 1.5908 -14.0715 0 3.74695 0 0 -12.1055 
0.779 1.987 0.1765 3.4637 0 1.52212 1.87654 0 -4.43366 0 0 -19.4925 1.234 0.15 4.57526 0 1.59454 -14.0715 0 3.73714 0 0 -12.1055 
0.78 1.987 0.1765 3.46558 0 1.51768 1.87654 0 -4.44347 0 0 -19.4925 1.234 0.15 4.56118 0 1.59826 -14.0715 0 3.72733 0 0 -12.1055 
0.781 1.987 0.1765 3.46745 0 1.51322 1.87654 0 -4.45328 0 0 -19.4925 1.234 0.15 4.54711 0 1.60198 -14.0715 0 3.71752 0 0 -12.1055 
0.782 1.987 0.1765 3.46933 0 1.50876 1.87654 0 -4.46309 0 0 -19.4925 1.234 0.15 4.53304 0 1.60569 -14.0715 0 3.70771 0 0 -12.1055 
0.783 1.987 0.1765 3.47121 0 1.50429 1.87654 0 -4.4729 0 0 -19.4925 1.234 0.15 4.51897 0 1.60939 -14.0715 0 3.6979 0 0 -12.1055 
0.784 1.987 0.1765 3.47308 0 1.49981 1.87654 0 -4.48271 0 0 -19.4925 1.234 0.15 4.5049 0 1.61307 -14.0715 0 3.68809 0 0 -12.1055 
0.785 1.987 0.1765 3.47496 0 1.49531 1.87654 0 -4.49252 0 0 -19.4925 1.234 0.15 4.49083 0 1.61675 -14.0715 0 3.67828 0 0 -12.1055 
0.786 1.987 0.1765 3.47684 0 1.49081 1.87654 0 -4.50233 0 0 -19.4925 1.234 0.15 4.47675 0 1.62042 -14.0715 0 3.66847 0 0 -12.1055 
0.787 1.987 0.1765 3.47871 0 1.4863 1.87654 0 -4.51214 0 0 -19.4925 1.234 0.15 4.46268 0 1.62408 -14.0715 0 3.65866 0 0 -12.1055 
0.788 1.987 0.1765 3.48059 0 1.48178 1.87654 0 -4.52195 0 0 -19.4925 1.234 0.15 4.44861 0 1.62773 -14.0715 0 3.64885 0 0 -12.1055 
0.789 1.987 0.1765 3.48247 0 1.47724 1.87654 0 -4.53176 0 0 -19.4925 1.234 0.15 4.43454 0 1.63137 -14.0715 0 3.63904 0 0 -12.1055 
0.79 1.987 0.1765 3.48434 0 1.4727 1.87654 0 -4.54157 0 0 -19.4925 1.234 0.15 4.42047 0 1.635 -14.0715 0 3.62923 0 0 -12.1055 
0.791 1.987 0.1765 3.48622 0 1.46815 1.87654 0 -4.55138 0 0 -19.4925 1.234 0.15 4.4064 0 1.63862 -14.0715 0 3.61942 0 0 -12.1055 
0.792 1.987 0.1765 3.4881 0 1.46359 1.87654 0 -4.56119 0 0 -19.4925 1.234 0.15 4.39233 0 1.64223 -14.0715 0 3.60961 0 0 -12.1055 
0.793 1.987 0.1765 3.48997 0 1.45902 1.87654 0 -4.571 0 0 -19.4925 1.234 0.15 4.37825 0 1.64583 -14.0715 0 3.5998 0 0 -12.1055 
0.794 1.987 0.1765 3.49185 0 1.45444 1.87654 0 -4.58081 0 0 -19.4925 1.234 0.15 4.36418 0 1.64942 -14.0715 0 3.58999 0 0 -12.1055 
0.795 1.987 0.1765 3.49373 0 1.44985 1.87654 0 -4.59062 0 0 -19.4925 1.234 0.15 4.35011 0 1.653 -14.0715 0 3.58018 0 0 -12.1055 
0.796 1.987 0.1765 3.4956 0 1.44525 1.87654 0 -4.60043 0 0 -19.4925 1.234 0.15 4.33604 0 1.65657 -14.0715 0 3.57037 0 0 -12.1055 
0.797 1.987 0.1765 3.49748 0 1.44064 1.87654 0 -4.61024 0 0 -19.4925 1.234 0.15 4.32197 0 1.66013 -14.0715 0 3.56056 0 0 -12.1055 
0.798 1.987 0.1765 3.49936 0 1.43602 1.87654 0 -4.62005 0 0 -19.4925 1.234 0.15 4.3079 0 1.66368 -14.0715 0 3.55075 0 0 -12.1055 
0.799 1.987 0.1765 3.50123 0 1.43139 1.87654 0 -4.62986 0 0 -19.4925 1.234 0.15 4.29382 0 1.66722 -14.0715 0 3.54094 0 0 -12.1055 
0.8 1.987 0.1765 3.50311 0 1.42675 1.87654 0 -4.63967 0 0 -19.4925 1.234 0.15 4.27975 0 1.67075 -14.0715 0 3.53113 0 0 -12.1055 
0.801 1.987 0.1765 3.50499 0 1.4221 1.87654 0 -4.64948 0 0 -19.4925 1.234 0.15 4.26568 0 1.67427 -14.0715 0 3.52132 0 0 -12.1055 
0.802 1.987 0.1765 3.50686 0 1.41744 1.87654 0 -4.65929 0 0 -19.4925 1.234 0.15 4.25161 0 1.67778 -14.0715 0 3.51151 0 0 -12.1055 
0.803 1.987 0.1765 3.50874 0 1.41277 1.87654 0 -4.6691 0 0 -19.4925 1.234 0.15 4.23754 0 1.68128 -14.0715 0 3.5017 0 0 -12.1055 
0.804 1.987 0.1765 3.51061 0 1.40809 1.87654 0 -4.67891 0 0 -19.4925 1.234 0.15 4.22347 0 1.68478 -14.0715 0 3.49189 0 0 -12.1055 
0.805 1.987 0.1765 3.51249 0 1.4034 1.87654 0 -4.68872 0 0 -19.4925 1.234 0.15 4.2094 0 1.68826 -14.0715 0 3.48208 0 0 -12.1055 
0.806 1.987 0.1765 3.51437 0 1.3987 1.87654 0 -4.69853 0 0 -19.4925 1.234 0.15 4.19532 0 1.69173 -14.0715 0 3.47227 0 0 -12.1055 
0.807 1.987 0.1765 3.51624 0 1.394 1.87654 0 -4.70834 0 0 -19.4925 1.234 0.15 4.18125 0 1.69519 -14.0715 0 3.46246 0 0 -12.1055 
0.808 1.987 0.1765 3.51812 0 1.38928 1.87654 0 -4.71815 0 0 -19.4925 1.234 0.15 4.16718 0 1.69865 -14.0715 0 3.45265 0 0 -12.1055 
0.809 1.987 0.1765 3.52 0 1.38455 1.87654 0 -4.72796 0 0 -19.4925 1.234 0.15 4.15311 0 1.70209 -14.0715 0 3.44284 0 0 -12.1055 
0.81 1.987 0.1765 3.52187 0 1.37981 1.87654 0 -4.73777 0 0 -19.4925 1.234 0.15 4.13904 0 1.70552 -14.0715 0 3.43303 0 0 -12.1055 
0.811 1.987 0.1765 3.52375 0 1.37506 1.87654 0 -4.74758 0 0 -19.4925 1.234 0.15 4.12497 0 1.70894 -14.0715 0 3.42322 0 0 -12.1055 
0.812 1.987 0.1765 3.52563 0 1.37031 1.87654 0 -4.75739 0 0 -19.4925 1.234 0.15 4.11089 0 1.71236 -14.0715 0 3.41341 0 0 -12.1055 
0.813 1.987 0.1765 3.5275 0 1.36554 1.87654 0 -4.7672 0 0 -19.4925 1.234 0.15 4.09682 0 1.71576 -14.0715 0 3.4036 0 0 -12.1055 
0.814 1.987 0.1765 3.52938 0 1.36076 1.87654 0 -4.77701 0 0 -19.4925 1.234 0.15 4.08275 0 1.71916 -14.0715 0 3.39379 0 0 -12.1055 
0.815 1.987 0.1765 3.53126 0 1.35598 1.87654 0 -4.78682 0 0 -19.4925 1.234 0.15 4.06868 0 1.72254 -14.0715 0 3.38398 0 0 -12.1055 
0.816 1.987 0.1765 3.53313 0 1.35118 1.87654 0 -4.79663 0 0 -19.4925 1.234 0.15 4.05461 0 1.72591 -14.0715 0 3.37417 0 0 -12.1055 
0.817 1.987 0.1765 3.53501 0 1.34637 1.87654 0 -4.80644 0 0 -19.4925 1.234 0.15 4.04054 0 1.72928 -14.0715 0 3.36436 0 0 -12.1055 
0.818 1.987 0.1765 3.53689 0 1.34156 1.87654 0 -4.81625 0 0 -19.4925 1.234 0.15 4.02647 0 1.73263 -14.0715 0 3.35455 0 0 -12.1055 
0.819 1.987 0.1765 3.53876 0 1.33673 1.87654 0 -4.82606 0 0 -19.4925 1.234 0.15 4.01239 0 1.73598 -14.0715 0 3.34474 0 0 -12.1055 
0.82 1.987 0.1765 3.54064 0 1.33189 1.87654 0 -4.83587 0 0 -19.4925 1.234 0.15 3.99832 0 1.73931 -14.0715 0 3.33493 0 0 -12.1055 
0.821 1.987 0.1765 3.54252 0 1.32705 1.87654 0 -4.84568 0 0 -19.4925 1.234 0.15 3.98425 0 1.74264 -14.0715 0 3.32512 0 0 -12.1055 
0.822 1.987 0.1765 3.54439 0 1.32219 1.87654 0 -4.85549 0 0 -19.4925 1.234 0.15 3.97018 0 1.74595 -14.0715 0 3.31531 0 0 -12.1055 
0.823 1.987 0.1765 3.54627 0 1.31733 1.87654 0 -4.8653 0 0 -19.4925 1.234 0.15 3.95611 0 1.74926 -14.0715 0 3.3055 0 0 -12.1055 
0.824 1.987 0.1765 3.54815 0 1.31245 1.87654 0 -4.87511 0 0 -19.4925 1.234 0.15 3.94204 0 1.75255 -14.0715 0 3.29569 0 0 -12.1055 
0.825 1.987 0.1765 3.55002 0 1.30757 1.87654 0 -4.88492 0 0 -19.4925 1.234 0.15 3.92796 0 1.75584 -14.0715 0 3.28588 0 0 -12.1055 
0.826 1.987 0.1765 3.5519 0 1.30267 1.87654 0 -4.89473 0 0 -19.4925 1.234 0.15 3.91389 0 1.75912 -14.0715 0 3.27607 0 0 -12.1055 
0.827 1.987 0.1765 3.55378 0 1.29777 1.87654 0 -4.90454 0 0 -19.4925 1.234 0.15 3.89982 0 1.76238 -14.0715 0 3.26626 0 0 -12.1055 
0.828 1.987 0.1765 3.55565 0 1.29285 1.87654 0 -4.91435 0 0 -19.4925 1.234 0.15 3.88575 0 1.76564 -14.0715 0 3.25645 0 0 -12.1055 
0.829 1.987 0.1765 3.55753 0 1.28793 1.87654 0 -4.92416 0 0 -19.4925 1.234 0.15 3.87168 0 1.76889 -14.0715 0 3.24664 0 0 -12.1055 
0.83 1.987 0.1765 3.5594 0 1.283 1.87654 0 -4.93397 0 0 -19.4925 1.234 0.15 3.85761 0 1.77212 -14.0715 0 3.23683 0 0 -12.1055 
0.831 1.987 0.1765 3.56128 0 1.27805 1.87654 0 -4.94378 0 0 -19.4925 1.234 0.15 3.84354 0 1.77535 -14.0715 0 3.22702 0 0 -12.1055 
0.832 1.987 0.1765 3.56316 0 1.2731 1.87654 0 -4.95359 0 0 -19.4925 1.234 0.15 3.82946 0 1.77857 -14.0715 0 3.21721 0 0 -12.1055 
0.833 1.987 0.1765 3.56503 0 1.26814 1.87654 0 -4.9634 0 0 -19.4925 1.234 0.15 3.81539 0 1.78177 -14.0715 0 3.2074 0 0 -12.1055 
0.834 1.987 0.1765 3.56691 0 1.26316 1.87654 0 -4.97321 0 0 -19.4925 1.234 0.15 3.80132 0 1.78497 -14.0715 0 3.19759 0 0 -12.1055 
0.835 1.987 0.1765 3.56879 0 1.25818 1.87654 0 -4.98302 0 0 -19.4925 1.234 0.15 3.78725 0 1.78816 -14.0715 0 3.18778 0 0 -12.1055 
0.836 1.987 0.1765 3.57066 0 1.25319 1.87654 0 -4.99283 0 0 -19.4925 1.234 0.15 3.77318 0 1.79134 -14.0715 0 3.17797 0 0 -12.1055 
0.837 1.987 0.1765 3.57254 0 1.24818 1.87654 0 -5.00264 0 0 -19.4925 1.234 0.15 3.75911 0 1.79451 -14.0715 0 3.16816 0 0 -12.1055 
0.838 1.987 0.1765 3.57442 0 1.24317 1.87654 0 -5.01245 0 0 -19.4925 1.234 0.15 3.74503 0 1.79766 -14.0715 0 3.15835 0 0 -12.1055 
0.839 1.987 0.1765 3.57629 0 1.23815 1.87654 0 -5.02226 0 0 -19.4925 1.234 0.15 3.73096 0 1.80081 -14.0715 0 3.14854 0 0 -12.1055 
0.84 1.987 0.1765 3.57817 0 1.23312 1.87654 0 -5.03207 0 0 -19.4925 1.234 0.15 3.71689 0 1.80395 -14.0715 0 3.13873 0 0 -12.1055 
0.841 1.987 0.1765 3.58005 0 1.22807 1.87654 0 -5.04188 0 0 -19.4925 1.234 0.15 3.70282 0 1.80708 -14.0715 0 3.12892 0 0 -12.1055 
0.842 1.987 0.1765 3.58192 0 1.22302 1.87654 0 -5.05169 0 0 -19.4925 1.234 0.15 3.68875 0 1.8102 -14.0715 0 3.11911 0 0 -12.1055 
0.843 1.987 0.1765 3.5838 0 1.21796 1.87654 0 -5.0615 0 0 -19.4925 1.234 0.15 3.67468 0 1.81331 -14.0715 0 3.1093 0 0 -12.1055 
0.844 1.987 0.1765 3.58568 0 1.21289 1.87654 0 -5.07131 0 0 -19.4925 1.234 0.15 3.66061 0 1.81641 -14.0715 0 3.09949 0 0 -12.1055 
0.845 1.987 0.1765 3.58755 0 1.20781 1.87654 0 -5.08112 0 0 -19.4925 1.234 0.15 3.64653 0 1.8195 -14.0715 0 3.08968 0 0 -12.1055 
0.846 1.987 0.1765 3.58943 0 1.20272 1.87654 0 -5.09093 0 0 -19.4925 1.234 0.15 3.63246 0 1.82258 -14.0715 0 3.07987 0 0 -12.1055 
0.847 1.987 0.1765 3.59131 0 1.19762 1.87654 0 -5.10074 0 0 -19.4925 1.234 0.15 3.61839 0 1.82565 -14.0715 0 3.07006 0 0 -12.1055 
0.848 1.987 0.1765 3.59318 0 1.19251 1.87654 0 -5.11055 0 0 -19.4925 1.234 0.15 3.60432 0 1.82871 -14.0715 0 3.06025 0 0 -12.1055 
0.849 1.987 0.1765 3.59506 0 1.18739 1.87654 0 -5.12036 0 0 -19.4925 1.234 0.15 3.59025 0 1.83176 -14.0715 0 3.05044 0 0 -12.1055 
0.85 1.987 0.1765 3.59694 0 1.18226 1.87654 0 -5.13017 0 0 -19.4925 1.234 0.15 3.57618 0 1.8348 -14.0715 0 3.04063 0 0 -12.1055 
0.851 1.987 0.1765 3.59881 0 1.17712 1.87654 0 -5.13998 0 0 -19.4925 1.234 0.15 3.5621 0 1.83783 -14.0715 0 3.03082 0 0 -12.1055 
0.852 1.987 0.1765 3.60069 0 1.17197 1.87654 0 -5.14979 0 0 -19.4925 1.234 0.15 3.54803 0 1.84085 -14.0715 0 3.02101 0 0 -12.1055 
0.853 1.987 0.1765 3.60257 0 1.16681 1.87654 0 -5.1596 0 0 -19.4925 1.234 0.15 3.53396 0 1.84386 -14.0715 0 3.0112 0 0 -12.1055 
0.854 1.987 0.1765 3.60444 0 1.16164 1.87654 0 -5.16941 0 0 -19.4925 1.234 0.15 3.51989 0 1.84686 -14.0715 0 3.00139 0 0 -12.1055 
0.855 1.987 0.1765 3.60632 0 1.15646 1.87654 0 -5.17922 0 0 -19.4925 1.234 0.15 3.50582 0 1.84985 -14.0715 0 2.99158 0 0 -12.1055 
0.856 1.987 0.1765 3.60819 0 1.15127 1.87654 0 -5.18903 0 0 -19.4925 1.234 0.15 3.49175 0 1.85284 -14.0715 0 2.98177 0 0 -12.1055 
0.857 1.987 0.1765 3.61007 0 1.14607 1.87654 0 -5.19884 0 0 -19.4925 1.234 0.15 3.47768 0 1.85581 -14.0715 0 2.97196 0 0 -12.1055 
0.858 1.987 0.1765 3.61195 0 1.14086 1.87654 0 -5.20865 0 0 -19.4925 1.234 0.15 3.4636 0 1.85877 -14.0715 0 2.96215 0 0 -12.1055 
0.859 1.987 0.1765 3.61382 0 1.13564 1.87654 0 -5.21846 0 0 -19.4925 1.234 0.15 3.44953 0 1.86172 -14.0715 0 2.95234 0 0 -12.1055 
0.86 1.987 0.1765 3.6157 0 1.13042 1.87654 0 -5.22827 0 0 -19.4925 1.234 0.15 3.43546 0 1.86467 -14.0715 0 2.94253 0 0 -12.1055 
0.861 1.987 0.1765 3.61758 0 1.12518 1.87654 0 -5.23808 0 0 -19.4925 1.234 0.15 3.42139 0 1.8676 -14.0715 0 2.93272 0 0 -12.1055 
0.862 1.987 0.1765 3.61945 0 1.11993 1.87654 0 -5.24789 0 0 -19.4925 1.234 0.15 3.40732 0 1.87052 -14.0715 0 2.92291 0 0 -12.1055 
0.863 1.987 0.1765 3.62133 0 1.11467 1.87654 0 -5.2577 0 0 -19.4925 1.234 0.15 3.39325 0 1.87343 -14.0715 0 2.9131 0 0 -12.1055 
0.864 1.987 0.1765 3.62321 0 1.1094 1.87654 0 -5.26751 0 0 -19.4925 1.234 0.15 3.37918 0 1.87634 -14.0715 0 2.90329 0 0 -12.1055 
0.865 1.987 0.1765 3.62508 0 1.10413 1.87654 0 -5.27732 0 0 -19.4925 1.234 0.15 3.3651 0 1.87923 -14.0715 0 2.89348 0 0 -12.1055 
0.866 1.987 0.1765 3.62696 0 1.09884 1.87654 0 -5.28713 0 0 -19.4925 1.234 0.15 3.35103 0 1.88211 -14.0715 0 2.88367 0 0 -12.1055 
0.867 1.987 0.1765 3.62884 0 1.09354 1.87654 0 -5.29694 0 0 -19.4925 1.234 0.15 3.33696 0 1.88499 -14.0715 0 2.87386 0 0 -12.1055 
0.868 1.987 0.1765 3.63071 0 1.08824 1.87654 0 -5.30675 0 0 -19.4925 1.234 0.15 3.32289 0 1.88785 -14.0715 0 2.86405 0 0 -12.1055 
0.869 1.987 0.1765 3.63259 0 1.08292 1.87654 0 -5.31656 0 0 -19.4925 1.234 0.15 3.30882 0 1.89071 -14.0715 0 2.85424 0 0 -12.1055 
0.87 1.987 0.1765 3.63447 0 1.07759 1.87654 0 -5.32637 0 0 -19.4925 1.234 0.15 3.29475 0 1.89355 -14.0715 0 2.84443 0 0 -12.1055 
0.871 1.987 0.1765 3.63634 0 1.07226 1.87654 0 -5.33618 0 0 -19.4925 1.234 0.15 3.28067 0 1.89639 -14.0715 0 2.83462 0 0 -12.1055 
0.872 1.987 0.1765 3.63822 0 1.06691 1.87654 0 -5.34599 0 0 -19.4925 1.234 0.15 3.2666 0 1.89921 -14.0715 0 2.82481 0 0 -12.1055 
0.873 1.987 0.1765 3.6401 0 1.06156 1.87654 0 -5.3558 0 0 -19.4925 1.234 0.15 3.25253 0 1.90203 -14.0715 0 2.815 0 0 -12.1055 
0.874 1.987 0.1765 3.64197 0 1.05619 1.87654 0 -5.36561 0 0 -19.4925 1.234 0.15 3.23846 0 1.90483 -14.0715 0 2.80519 0 0 -12.1055 
0.875 1.987 0.1765 3.64385 0 1.05081 1.87654 0 -5.37542 0 0 -19.4925 1.234 0.15 3.22439 0 1.90763 -14.0715 0 2.79538 0 0 -12.1055 
0.876 1.987 0.1765 3.64573 0 1.04543 1.87654 0 -5.38523 0 0 -19.4925 1.234 0.15 3.21032 0 1.91041 -14.0715 0 2.78557 0 0 -12.1055 
0.877 1.987 0.1765 3.6476 0 1.04003 1.87654 0 -5.39504 0 0 -19.4925 1.234 0.15 3.19625 0 1.91319 -14.0715 0 2.77576 0 0 -12.1055 
0.878 1.987 0.1765 3.64948 0 1.03463 1.87654 0 -5.40485 0 0 -19.4925 1.234 0.15 3.18217 0 1.91595 -14.0715 0 2.76595 0 0 -12.1055 
0.879 1.987 0.1765 3.65136 0 1.02921 1.87654 0 -5.41466 0 0 -19.4925 1.234 0.15 3.1681 0 1.91871 -14.0715 0 2.75614 0 0 -12.1055 
0.88 1.987 0.1765 3.65323 0 1.02379 1.87654 0 -5.42447 0 0 -19.4925 1.234 0.15 3.15403 0 1.92146 -14.0715 0 2.74633 0 0 -12.1055 
0.881 1.987 0.1765 3.65511 0 1.01836 1.87654 0 -5.43428 0 0 -19.4925 1.234 0.15 3.13996 0 1.92419 -14.0715 0 2.73652 0 0 -12.1055 
0.882 1.987 0.1765 3.65698 0 1.01291 1.87654 0 -5.44409 0 0 -19.4925 1.234 0.15 3.12589 0 1.92692 -14.0715 0 2.72671 0 0 -12.1055 
0.883 1.987 0.1765 3.65886 0 1.00746 1.87654 0 -5.4539 0 0 -19.4925 1.234 0.15 3.11182 0 1.92964 -14.0715 0 2.7169 0 0 -12.1055 
0.884 1.987 0.1765 3.66074 0 1.00199 1.87654 0 -5.46371 0 0 -19.4925 1.234 0.15 3.09774 0 1.93234 -14.0715 0 2.70709 0 0 -12.1055 
0.885 1.987 0.1765 3.66261 0 0.99652 1.87654 0 -5.47352 0 0 -19.4925 1.234 0.15 3.08367 0 1.93504 -14.0715 0 2.69728 0 0 -12.1055 
0.886 1.987 0.1765 3.66449 0 0.991037 1.87654 0 -5.48333 0 0 -19.4925 1.234 0.15 3.0696 0 1.93773 -14.0715 0 2.68747 0 0 -12.1055 
0.887 1.987 0.1765 3.66637 0 0.985544 1.87654 0 -5.49314 0 0 -19.4925 1.234 0.15 3.05553 0 1.94041 -14.0715 0 2.67766 0 0 -12.1055 
0.888 1.987 0.1765 3.66824 0 0.980041 1.87654 0 -5.50295 0 0 -19.4925 1.234 0.15 3.04146 0 1.94307 -14.0715 0 2.66785 0 0 -12.1055 
0.889 1.987 0.1765 3.67012 0 0.974528 1.87654 0 -5.51276 0 0 -19.4925 1.234 0.15 3.02739 0 1.94573 -14.0715 0 2.65804 0 0 -12.1055 
0.89 1.987 0.1765 3.672 0 0.969005 1.87654 0 -5.52257 0 0 -19.4925 1.234 0.15 3.01332 0 1.94838 -14.0715 0 2.64823 0 0 -12.1055 
0.891 1.987 0.1765 3.67387 0 0.963473 1.87654 0 -5.53238 0 0 -19.4925 1.234 0.15 2.99924 0 1.95102 -14.0715 0 2.63842 0 0 -12.1055 
0.892 1.987 0.1765 3.67575 0 0.957931 1.87654 0 -5.54219 0 0 -19.4925 1.234 0.15 2.98517 0 1.95365 -14.0715 0 2.62861 0 0 -12.1055 
0.893 1.987 0.1765 3.67763 0 0.952379 1.87654 0 -5.552 0 0 -19.4925 1.234 0.15 2.9711 0 1.95627 -14.0715 0 2.6188 0 0 -12.1055 
0.894 1.987 0.1765 3.6795 0 0.946817 1.87654 0 -5.56181 0 0 -19.4925 1.234 0.15 2.95703 0 1.95887 -14.0715 0 2.60899 0 0 -12.1055 
0.895 1.987 0.1765 3.68138 0 0.941245 1.87654 0 -5.57162 0 0 -19.4925 1.234 0.15 2.94296 0 1.96147 -14.0715 0 2.59918 0 0 -12.1055 
0.896 1.987 0.1765 3.68326 0 0.935664 1.87654 0 -5.58143 0 0 -19.4925 1.234 0.15 2.92889 0 1.96406 -14.0715 0 2.58937 0 0 -12.1055 
0.897 1.987 0.1765 3.68513 0 0.930073 1.87654 0 -5.59124 0 0 -19.4925 1.234 0.15 2.91481 0 1.96664 -14.0715 0 2.57956 0 0 -12.1055 
0.898 1.987 0.1765 3.68701 0 0.924472 1.87654 0 -5.60105 0 0 -19.4925 1.234 0.15 2.90074 0 1.96921 -14.0715 0 2.56975 0 0 -12.1055 
0.899 1.987 0.1765 3.68889 0 0.918861 1.87654 0 -5.61086 0 0 -19.4925 1.234 0.15 2.88667 0 1.97177 -14.0715 0 2.55994 0 0 -12.1055 
0.9 1.987 0.1765 3.69076 0 0.91324 1.87654 0 -5.62067 0 0 -19.4925 1.234 0.15 2.8726 0 1.97432 -14.0715 0 2.55013 0 0 -12.1055 
0.901 1.987 0.1765 3.69264 0 0.90761 1.87654 0 -5.63048 0 0 -19.4925 1.234 0.15 2.85853 0 1.97686 -14.0715 0 2.54032 0 0 -12.1055 
0.902 1.987 0.1765 3.69452 0 0.901969 1.87654 0 -5.64029 0 0 -19.4925 1.234 0.15 2.84446 0 1.97939 -14.0715 0 2.53051 0 0 -12.1055 
0.903 1.987 0.1765 3.69639 0 0.896319 1.87654 0 -5.6501 0 0 -19.4925 1.234 0.15 2.83039 0 1.98191 -14.0715 0 2.5207 0 0 -12.1055 
0.904 1.987 0.1765 3.69827 0 0.890659 1.87654 0 -5.65991 0 0 -19.4925 1.234 0.15 2.81631 0 1.98442 -14.0715 0 2.51089 0 0 -12.1055 
0.905 1.987 0.1765 3.70015 0 0.88499 1.87654 0 -5.66972 0 0 -19.4925 1.234 0.15 2.80224 0 1.98693 -14.0715 0 2.50108 0 0 -12.1055 
0.906 1.987 0.1765 3.70202 0 0.87931 1.87654 0 -5.67953 0 0 -19.4925 1.234 0.15 2.78817 0 1.98942 -14.0715 0 2.49127 0 0 -12.1055 
0.907 1.987 0.1765 3.7039 0 0.873621 1.87654 0 -5.68934 0 0 -19.4925 1.234 0.15 2.7741 0 1.9919 -14.0715 0 2.48146 0 0 -12.1055 
0.908 1.987 0.1765 3.70577 0 0.867922 1.87654 0 -5.69915 0 0 -19.4925 1.234 0.15 2.76003 0 1.99437 -14.0715 0 2.47165 0 0 -12.1055 
0.909 1.987 0.1765 3.70765 0 0.862213 1.87654 0 -5.70896 0 0 -19.4925 1.234 0.15 2.74596 0 1.99683 -14.0715 0 2.46184 0 0 -12.1055 
0.91 1.987 0.1765 3.70953 0 0.856494 1.87654 0 -5.71877 0 0 -19.4925 1.234 0.15 2.73188 0 1.99928 -14.0715 0 2.45203 0 0 -12.1055 
0.911 1.987 0.1765 3.7114 0 0.850765 1.87654 0 -5.72858 0 0 -19.4925 1.234 0.15 2.71781 0 2.00173 -14.0715 0 2.44222 0 0 -12.1055 
0.912 1.987 0.1765 3.71328 0 0.845027 1.87654 0 -5.73839 0 0 -19.4925 1.234 0.15 2.70374 0 2.00416 -14.0715 0 2.43241 0 0 -12.1055 
0.913 1.987 0.1765 3.71516 0 0.839279 1.87654 0 -5.7482 0 0 -19.4925 1.234 0.15 2.68967 0 2.00658 -14.0715 0 2.4226 0 0 -12.1055 
0.914 1.987 0.1765 3.71703 0 0.833521 1.87654 0 -5.75801 0 0 -19.4925 1.234 0.15 2.6756 0 2.00899 -14.0715 0 2.41279 0 0 -12.1055 
0.915 1.987 0.1765 3.71891 0 0.827753 1.87654 0 -5.76782 0 0 -19.4925 1.234 0.15 2.66153 0 2.0114 -14.0715 0 2.40298 0 0 -12.1055 
0.916 1.987 0.1765 3.72079 0 0.821975 1.87654 0 -5.77763 0 0 -19.4925 1.234 0.15 2.64746 0 2.01379 -14.0715 0 2.39317 0 0 -12.1055 
0.917 1.987 0.1765 3.72266 0 0.816188 1.87654 0 -5.78744 0 0 -19.4925 1.234 0.15 2.63338 0 2.01617 -14.0715 0 2.38336 0 0 -12.1055 
0.918 1.987 0.1765 3.72454 0 0.810391 1.87654 0 -5.79725 0 0 -19.4925 1.234 0.15 2.61931 0 2.01855 -14.0715 0 2.37355 0 0 -12.1055 
0.919 1.987 0.1765 3.72642 0 0.804584 1.87654 0 -5.80706 0 0 -19.4925 1.234 0.15 2.60524 0 2.02091 -14.0715 0 2.36374 0 0 -12.1055 
0.92 1.987 0.1765 3.72829 0 0.798767 1.87654 0 -5.81687 0 0 -19.4925 1.234 0.15 2.59117 0 2.02327 -14.0715 0 2.35393 0 0 -12.1055 
0.921 1.987 0.1765 3.73017 0 0.79294 1.87654 0 -5.82668 0 0 -19.4925 1.234 0.15 2.5771 0 2.02561 -14.0715 0 2.34412 0 0 -12.1055 
0.922 1.987 0.1765 3.73205 0 0.787104 1.87654 0 -5.83649 0 0 -19.4925 1.234 0.15 2.56303 0 2.02794 -14.0715 0 2.33431 0 0 -12.1055 
0.923 1.987 0.1765 3.73392 0 0.781257 1.87654 0 -5.8463 0 0 -19.4925 1.234 0.15 2.54895 0 2.03027 -14.0715 0 2.3245 0 0 -12.1055 
0.924 1.987 0.1765 3.7358 0 0.775401 1.87654 0 -5.85611 0 0 -19.4925 1.234 0.15 2.53488 0 2.03258 -14.0715 0 2.31469 0 0 -12.1055 
0.925 1.987 0.1765 3.73768 0 0.769535 1.87654 0 -5.86592 0 0 -19.4925 1.234 0.15 2.52081 0 2.03489 -14.0715 0 2.30488 0 0 -12.1055 
0.926 1.987 0.1765 3.73955 0 0.763659 1.87654 0 -5.87573 0 0 -19.4925 1.234 0.15 2.50674 0 2.03718 -14.0715 0 2.29507 0 0 -12.1055 
0.927 1.987 0.1765 3.74143 0 0.757774 1.87654 0 -5.88554 0 0 -19.4925 1.234 0.15 2.49267 0 2.03947 -14.0715 0 2.28526 0 0 -12.1055 
0.928 1.987 0.1765 3.74331 0 0.751879 1.87654 0 -5.89535 0 0 -19.4925 1.234 0.15 2.4786 0 2.04174 -14.0715 0 2.27545 0 0 -12.1055 
0.929 1.987 0.1765 3.74518 0 0.745973 1.87654 0 -5.90516 0 0 -19.4925 1.234 0.15 2.46453 0 2.04401 -14.0715 0 2.26564 0 0 -12.1055 
0.93 1.987 0.1765 3.74706 0 0.740058 1.87654 0 -5.91497 0 0 -19.4925 1.234 0.15 2.45045 0 2.04626 -14.0715 0 2.25583 0 0 -12.1055 
0.931 1.987 0.1765 3.74894 0 0.734134 1.87654 0 -5.92478 0 0 -19.4925 1.234 0.15 2.43638 0 2.04851 -14.0715 0 2.24602 0 0 -12.1055 
0.932 1.987 0.1765 3.75081 0 0.728199 1.87654 0 -5.93459 0 0 -19.4925 1.234 0.15 2.42231 0 2.05075 -14.0715 0 2.23621 0 0 -12.1055 
0.933 1.987 0.1765 3.75269 0 0.722255 1.87654 0 -5.9444 0 0 -19.4925 1.234 0.15 2.40824 0 2.05297 -14.0715 0 2.2264 0 0 -12.1055 
0.934 1.987 0.1765 3.75456 0 0.7163 1.87654 0 -5.95421 0 0 -19.4925 1.234 0.15 2.39417 0 2.05519 -14.0715 0 2.21659 0 0 -12.1055 
0.935 1.987 0.1765 3.75644 0 0.710336 1.87654 0 -5.96402 0 0 -19.4925 1.234 0.15 2.3801 0 2.0574 -14.0715 0 2.20678 0 0 -12.1055 
0.936 1.987 0.1765 3.75832 0 0.704363 1.87654 0 -5.97383 0 0 -19.4925 1.234 0.15 2.36602 0 2.05959 -14.0715 0 2.19697 0 0 -12.1055 
0.937 1.987 0.1765 3.76019 0 0.698379 1.87654 0 -5.98364 0 0 -19.4925 1.234 0.15 2.35195 0 2.06178 -14.0715 0 2.18716 0 0 -12.1055 
0.938 1.987 0.1765 3.76207 0 0.692386 1.87654 0 -5.99345 0 0 -19.4925 1.234 0.15 2.33788 0 2.06396 -14.0715 0 2.17735 0 0 -12.1055 
0.939 1.987 0.1765 3.76395 0 0.686382 1.87654 0 -6.00326 0 0 -19.4925 1.234 0.15 2.32381 0 2.06613 -14.0715 0 2.16754 0 0 -12.1055 
0.94 1.987 0.1765 3.76582 0 0.680369 1.87654 0 -6.01307 0 0 -19.4925 1.234 0.15 2.30974 0 2.06828 -14.0715 0 2.15773 0 0 -12.1055 
0.941 1.987 0.1765 3.7677 0 0.674346 1.87654 0 -6.02288 0 0 -19.4925 1.234 0.15 2.29567 0 2.07043 -14.0715 0 2.14792 0 0 -12.1055 
0.942 1.987 0.1765 3.76958 0 0.668314 1.87654 0 -6.03269 0 0 -19.4925 1.234 0.15 2.2816 0 2.07257 -14.0715 0 2.13811 0 0 -12.1055 
0.943 1.987 0.1765 3.77145 0 0.662271 1.87654 0 -6.0425 0 0 -19.4925 1.234 0.15 2.26752 0 2.0747 -14.0715 0 2.1283 0 0 -12.1055 
0.944 1.987 0.1765 3.77333 0 0.656219 1.87654 0 -6.05231 0 0 -19.4925 1.234 0.15 2.25345 0 2.07682 -14.0715 0 2.11849 0 0 -12.1055 
0.945 1.987 0.1765 3.77521 0 0.650157 1.87654 0 -6.06212 0 0 -19.4925 1.234 0.15 2.23938 0 2.07893 -14.0715 0 2.10868 0 0 -12.1055 
0.946 1.987 0.1765 3.77708 0 0.644085 1.87654 0 -6.07193 0 0 -19.4925 1.234 0.15 2.22531 0 2.08102 -14.0715 0 2.09887 0 0 -12.1055 
0.947 1.987 0.1765 3.77896 0 0.638003 1.87654 0 -6.08174 0 0 -19.4925 1.234 0.15 2.21124 0 2.08311 -14.0715 0 2.08906 0 0 -12.1055 
0.948 1.987 0.1765 3.78084 0 0.631911 1.87654 0 -6.09155 0 0 -19.4925 1.234 0.15 2.19717 0 2.08519 -14.0715 0 2.07925 0 0 -12.1055 
0.949 1.987 0.1765 3.78271 0 0.62581 1.87654 0 -6.10136 0 0 -19.4925 1.234 0.15 2.1831 0 2.08726 -14.0715 0 2.06944 0 0 -12.1055 
0.95 1.987 0.1765 3.78459 0 0.619699 1.87654 0 -6.11117 0 0 -19.4925 1.234 0.15 2.16902 0 2.08932 -14.0715 0 2.05963 0 0 -12.1055 
0.951 1.987 0.1765 3.78647 0 0.613578 1.87654 0 -6.12098 0 0 -19.4925 1.234 0.15 2.15495 0 2.09137 -14.0715 0 2.04982 0 0 -12.1055 
0.952 1.987 0.1765 3.78834 0 0.607447 1.87654 0 -6.13079 0 0 -19.4925 1.234 0.15 2.14088 0 2.09341 -14.0715 0 2.04001 0 0 -12.1055 
0.953 1.987 0.1765 3.79022 0 0.601307 1.87654 0 -6.1406 0 0 -19.4925 1.234 0.15 2.12681 0 2.09544 -14.0715 0 2.0302 0 0 -12.1055 
0.954 1.987 0.1765 3.7921 0 0.595156 1.87654 0 -6.15041 0 0 -19.4925 1.234 0.15 2.11274 0 2.09746 -14.0715 0 2.02039 0 0 -12.1055 
0.955 1.987 0.1765 3.79397 0 0.588996 1.87654 0 -6.16022 0 0 -19.4925 1.234 0.15 2.09867 0 2.09947 -14.0715 0 2.01058 0 0 -12.1055 
0.956 1.987 0.1765 3.79585 0 0.582826 1.87654 0 -6.17003 0 0 -19.4925 1.234 0.15 2.08459 0 2.10147 -14.0715 0 2.00077 0 0 -12.1055 
0.957 1.987 0.1765 3.79773 0 0.576646 1.87654 0 -6.17984 0 0 -19.4925 1.234 0.15 2.07052 0 2.10346 -14.0715 0 1.99096 0 0 -12.1055 
0.958 1.987 0.1765 3.7996 0 0.570456 1.87654 0 -6.18965 0 0 -19.4925 1.234 0.15 2.05645 0 2.10545 -14.0715 0 1.98115 0 0 -12.1055 
0.959 1.987 0.1765 3.80148 0 0.564257 1.87654 0 -6.19946 0 0 -19.4925 1.234 0.15 2.04238 0 2.10742 -14.0715 0 1.97134 0 0 -12.1055 
0.96 1.987 0.1765 3.80335 0 0.558048 1.87654 0 -6.20927 0 0 -19.4925 1.234 0.15 2.02831 0 2.10938 -14.0715 0 1.96153 0 0 -12.1055 
0.961 1.987 0.1765 3.80523 0 0.551829 1.87654 0 -6.21908 0 0 -19.4925 1.234 0.15 2.01424 0 2.11133 -14.0715 0 1.95172 0 0 -12.1055 
0.962 1.987 0.1765 3.80711 0 0.5456 1.87654 0 -6.22889 0 0 -19.4925 1.234 0.15 2.00017 0 2.11327 -14.0715 0 1.94191 0 0 -12.1055 
0.963 1.987 0.1765 3.80898 0 0.539361 1.87654 0 -6.2387 0 0 -19.4925 1.234 0.15 1.98609 0 2.1152 -14.0715 0 1.9321 0 0 -12.1055 
0.964 1.987 0.1765 3.81086 0 0.533112 1.87654 0 -6.24851 0 0 -19.4925 1.234 0.15 1.97202 0 2.11713 -14.0715 0 1.92229 0 0 -12.1055 
0.965 1.987 0.1765 3.81274 0 0.526854 1.87654 0 -6.25832 0 0 -19.4925 1.234 0.15 1.95795 0 2.11904 -14.0715 0 1.91248 0 0 -12.1055 
0.966 1.987 0.1765 3.81461 0 0.520586 1.87654 0 -6.26813 0 0 -19.4925 1.234 0.15 1.94388 0 2.12094 -14.0715 0 1.90267 0 0 -12.1055 
0.967 1.987 0.1765 3.81649 0 0.514308 1.87654 0 -6.27794 0 0 -19.4925 1.234 0.15 1.92981 0 2.12283 -14.0715 0 1.89286 0 0 -12.1055 
0.968 1.987 0.1765 3.81837 0 0.50802 1.87654 0 -6.28775 0 0 -19.4925 1.234 0.15 1.91574 0 2.12472 -14.0715 0 1.88305 0 0 -12.1055 
0.969 1.987 0.1765 3.82024 0 0.501723 1.87654 0 -6.29756 0 0 -19.4925 1.234 0.15 1.90166 0 2.12659 -14.0715 0 1.87324 0 0 -12.1055 
0.97 1.987 0.1765 3.82212 0 0.495415 1.87654 0 -6.30737 0 0 -19.4925 1.234 0.15 1.88759 0 2.12845 -14.0715 0 1.86343 0 0 -12.1055 
0.971 1.987 0.1765 3.824 0 0.489098 1.87654 0 -6.31718 0 0 -19.4925 1.234 0.15 1.87352 0 2.13031 -14.0715 0 1.85362 0 0 -12.1055 
0.972 1.987 0.1765 3.82587 0 0.482771 1.87654 0 -6.32699 0 0 -19.4925 1.234 0.15 1.85945 0 2.13215 -14.0715 0 1.84381 0 0 -12.1055 
0.973 1.987 0.1765 3.82775 0 0.476434 1.87654 0 -6.3368 0 0 -19.4925 1.234 0.15 1.84538 0 2.13399 -14.0715 0 1.834 0 0 -12.1055 
0.974 1.987 0.1765 3.82963 0 0.470088 1.87654 0 -6.34661 0 0 -19.4925 1.234 0.15 1.83131 0 2.13581 -14.0715 0 1.82419 0 0 -12.1055 
0.975 1.987 0.1765 3.8315 0 0.463731 1.87654 0 -6.35642 0 0 -19.4925 1.234 0.15 1.81724 0 2.13762 -14.0715 0 1.81438 0 0 -12.1055 
0.976 1.987 0.1765 3.83338 0 0.457365 1.87654 0 -6.36623 0 0 -19.4925 1.234 0.15 1.80316 0 2.13943 -14.0715 0 1.80457 0 0 -12.1055 
0.977 1.987 0.1765 3.83526 0 0.450989 1.87654 0 -6.37604 0 0 -19.4925 1.234 0.15 1.78909 0 2.14122 -14.0715 0 1.79476 0 0 -12.1055 
0.978 1.987 0.1765 3.83713 0 0.444603 1.87654 0 -6.38585 0 0 -19.4925 1.234 0.15 1.77502 0 2.14301 -14.0715 0 1.78495 0 0 -12.1055 
0.979 1.987 0.1765 3.83901 0 0.438208 1.87654 0 -6.39566 0 0 -19.4925 1.234 0.15 1.76095 0 2.14478 -14.0715 0 1.77514 0 0 -12.1055 
0.98 1.987 0.1765 3.84089 0 0.431802 1.87654 0 -6.40547 0 0 -19.4925 1.234 0.15 1.74688 0 2.14655 -14.0715 0 1.76533 0 0 -12.1055 
0.981 1.987 0.1765 3.84276 0 0.425387 1.87654 0 -6.41528 0 0 -19.4925 1.234 0.15 1.73281 0 2.1483 -14.0715 0 1.75552 0 0 -12.1055 
0.982 1.987 0.1765 3.84464 0 0.418962 1.87654 0 -6.42509 0 0 -19.4925 1.234 0.15 1.71873 0 2.15005 -14.0715 0 1.74571 0 0 -12.1055 
0.983 1.987 0.1765 3.84652 0 0.412527 1.87654 0 -6.4349 0 0 -19.4925 1.234 0.15 1.70466 0 2.15179 -14.0715 0 1.7359 0 0 -12.1055 
0.984 1.987 0.1765 3.84839 0 0.406082 1.87654 0 -6.44471 0 0 -19.4925 1.234 0.15 1.69059 0 2.15351 -14.0715 0 1.72609 0 0 -12.1055 
0.985 1.987 0.1765 3.85027 0 0.399628 1.87654 0 -6.45452 0 0 -19.4925 1.234 0.15 1.67652 0 2.15523 -14.0715 0 1.71628 0 0 -12.1055 
0.986 1.987 0.1765 3.85214 0 0.393163 1.87654 0 -6.46433 0 0 -19.4925 1.234 0.15 1.66245 0 2.15693 -14.0715 0 1.70647 0 0 -12.1055 
0.987 1.987 0.1765 3.85402 0 0.386689 1.87654 0 -6.47414 0 0 -19.4925 1.234 0.15 1.64838 0 2.15863 -14.0715 0 1.69666 0 0 -12.1055 
0.988 1.987 0.1765 3.8559 0 0.380205 1.87654 0 -6.48395 0 0 -19.4925 1.234 0.15 1.63431 0 2.16032 -14.0715 0 1.68685 0 0 -12.1055 
0.989 1.987 0.1765 3.85777 0 0.373711 1.87654 0 -6.49376 0 0 -19.4925 1.234 0.15 1.62023 0 2.162 -14.0715 0 1.67704 0 0 -12.1055 
0.99 1.987 0.1765 3.85965 0 0.367208 1.87654 0 -6.50357 0 0 -19.4925 1.234 0.15 1.60616 0 2.16366 -14.0715 0 1.66723 0 0 -12.1055 
0.991 1.987 0.1765 3.86153 0 0.360695 1.87654 0 -6.51338 0 0 -19.4925 1.234 0.15 1.59209 0 2.16532 -14.0715 0 1.65742 0 0 -12.1055 
0.992 1.987 0.1765 3.8634 0 0.354171 1.87654 0 -6.52319 0 0 -19.4925 1.234 0.15 1.57802 0 2.16697 -14.0715 0 1.64761 0 0 -12.1055 
0.993 1.987 0.1765 3.86528 0 0.347638 1.87654 0 -6.533 0 0 -19.4925 1.234 0.15 1.56395 0 2.16861 -14.0715 0 1.6378 0 0 -12.1055 
0.994 1.987 0.1765 3.86716 0 0.341096 1.87654 0 -6.54281 0 0 -19.4925 1.234 0.15 1.54988 0 2.17023 -14.0715 0 1.62799 0 0 -12.1055 
0.995 1.987 0.1765 3.86903 0 0.334543 1.87654 0 -6.55262 0 0 -19.4925 1.234 0.15 1.5358 0 2.17185 -14.0715 0 1.61818 0 0 -12.1055 
0.996 1.987 0.1765 3.87091 0 0.32798 1.87654 0 -6.56243 0 0 -19.4925 1.234 0.15 1.52173 0 2.17346 -14.0715 0 1.60837 0 0 -12.1055 
0.997 1.987 0.1765 3.87279 0 0.321408 1.87654 0 -6.57224 0 0 -19.4925 1.234 0.15 1.50766 0 2.17506 -14.0715 0 1.59856 0 0 -12.1055 
0.998 1.987 0.1765 3.87466 0 0.314826 1.87654 0 -6.58205 0 0 -19.4925 1.234 0.15 1.49359 0 2.17665 -14.0715 0 1.58875 0 0 -12.1055 
0.999 1.987 0.1765 3.87654 0 0.308234 1.87654 0 -6.59186 0 0 -19.4925 1.234 0.15 1.47952 0 2.17823 -14.0715 0 1.57894 0 0 -12.1055 
1 1.987 0.1765 3.87842 0 0.301633 1.87654 0 -6.60167 0 0 -19.4925 1.234 0.15 1.46545 0 2.1798 -14.0715 0 1.56913 0 0 -12.1055 
1.001 1.987 0.1765 3.88029 0 0.295021 1.87654 0 -6.61148 0 0 -19.4925 1.234 0.15 1.45138 0 2.18135 -14.0715 0 1.55932 0 0 -12.1055 
1.002 1.987 0.1765 3.88217 0 0.2884 1.87654 0 -6.62129 0 0 -19.4925 1.234 0.15 1.4373 0 2.1829 -14.0715 0 1.54951 0 0 -12.1055 
1.003 1.987 0.1765 3.88405 0 0.281769 1.87654 0 -6.6311 0 0 -19.4925 1.234 0.15 1.42323 0 2.18444 -14.0715 0 1.5397 0 0 -12.1055 
1.004 1.987 0.1765 3.88592 0 0.275128 1.87654 0 -6.64091 0 0 -19.4925 1.234 0.15 1.40916 0 2.18597 -14.0715 0 1.52989 0 0 -12.1055 
1.005 1.987 0.1765 3.8878 0 0.268477 1.87654 0 -6.65072 0 0 -19.4925 1.234 0.15 1.39509 0 2.18749 -14.0715 0 1.52008 0 0 -12.1055 
1.006 1.987 0.1765 3.88968 0 0.261817 1.87654 0 -6.66053 0 0 -19.4925 1.234 0.15 1.38102 0 2.189 -14.0715 0 1.51027 0 0 -12.1055 
1.007 1.987 0.1765 3.89155 0 0.255146 1.87654 0 -6.67034 0 0 -19.4925 1.234 0.15 1.36695 0 2.1905 -14.0715 0 1.50046 0 0 -12.1055 
1.008 1.987 0.1765 3.89343 0 0.248466 1.87654 0 -6.68015 0 0 -19.4925 1.234 0.15 1.35287 0 2.192 -14.0715 0 1.49065 0 0 -12.1055 
1.009 1.987 0.1765 3.89531 0 0.241776 1.87654 0 -6.68996 0 0 -19.4925 1.234 0.15 1.3388 0 2.19348 -14.0715 0 1.48084 0 0 -12.1055 
1.01 1.987 0.1765 3.89718 0 0.235076 1.87654 0 -6.69977 0 0 -19.4925 1.234 0.15 1.32473 0 2.19495 -14.0715 0 1.47103 0 0 -12.1055 
1.011 1.987 0.1765 3.89906 0 0.228367 1.87654 0 -6.70958 0 0 -19.4925 1.234 0.15 1.31066 0 2.19641 -14.0715 0 1.46122 0 0 -12.1055 
1.012 1.987 0.1765 3.90094 0 0.221647 1.87654 0 -6.71939 0 0 -19.4925 1.234 0.15 1.29659 0 2.19786 -14.0715 0 1.45141 0 0 -12.1055 
1.013 1.987 0.1765 3.90281 0 0.214918 1.87654 0 -6.7292 0 0 -19.4925 1.234 0.15 1.28252 0 2.1993 -14.0715 0 1.4416 0 0 -12.1055 
1.014 1.987 0.1765 3.90469 0 0.208179 1.87654 0 -6.73901 0 0 -19.4925 1.234 0.15 1.26845 0 2.20073 -14.0715 0 1.43179 0 0 -12.1055 
1.015 1.987 0.1765 3.90656 0 0.20143 1.87654 0 -6.74882 0 0 -19.4925 1.234 0.15 1.25437 0 2.20215 -14.0715 0 1.42198 0 0 -12.1055 
1.016 1.987 0.1765 3.90844 0 0.194672 1.87654 0 -6.75863 0 0 -19.4925 1.234 0.15 1.2403 0 2.20357 -14.0715 0 1.41217 0 0 -12.1055 
1.017 1.987 0.1765 3.91032 0 0.187903 1.87654 0 -6.76844 0 0 -19.4925 1.234 0.15 1.22623 0 2.20497 -14.0715 0 1.40236 0 0 -12.1055 
1.018 1.987 0.1765 3.91219 0 0.181125 1.87654 0 -6.77825 0 0 -19.4925 1.234 0.15 1.21216 0 2.20636 -14.0715 0 1.39255 0 0 -12.1055 
1.019 1.987 0.1765 3.91407 0 0.174337 1.87654 0 -6.78806 0 0 -19.4925 1.234 0.15 1.19809 0 2.20774 -14.0715 0 1.38274 0 0 -12.1055 
1.02 1.987 0.1765 3.91595 0 0.167548 1.87654 0 -6.78891 0 0 -1.69004 1.234 0.15 1.18402 0 2.20912 -14.0715 0 1.37293 0 0 -12.1055 
1.021 1.987 0.1765 3.91782 0 0.160786 1.87654 0 -6.76164 0 0 54.1858 1.234 0.15 1.16994 0 2.21048 -14.0715 0 1.36312 0 0 -12.1055 
1.022 1.987 0.1765 3.9197 0 0.15408 1.87654 0 -6.70636 0 0 109.837 1.234 0.15 1.15587 0 2.21183 -14.0715 0 1.35331 0 0 -12.1055 
1.023 1.987 0.1765 3.92158 0 0.147457 1.87654 0 -6.62331 0 0 165.034 1.234 0.15 1.1418 0 2.21318 -14.0715 0 1.3435 0 0 -12.1055 
1.024 1.987 0.1765 3.92345 0 0.140944 1.87654 0 -6.51282 0 0 219.546 1.234 0.15 1.12773 0 2.21451 -14.0715 0 1.33369 0 0 -12.1055 
1.025 1.987 0.1765 3.92533 0 0.134569 1.87654 0 -6.37535 0 0 273.15 1.234 0.15 1.11366 0 2.21584 -14.0715 0 1.32388 0 0 -12.1055 
1.026 1.987 0.1765 3.92721 0 0.128357 1.87654 0 -6.21147 0 0 325.622 1.234 0.15 1.09959 0 2.21715 -14.0715 0 1.31407 0 0 -12.1055 
1.027 1.987 0.1765 3.92908 0 0.122335 1.87654 0 -6.02187 0 0 376.745 1.234 0.15 1.08552 0 2.21845 -14.0715 0 1.30426 0 0 -12.1055 
1.028 1.987 0.1765 3.93096 0 0.116528 1.87654 0 -5.80732 0 0 426.308 1.234 0.15 1.07144 0 2.21975 -14.0715 0 1.29445 0 0 -12.1055 
1.029 1.987 0.1765 3.93284 0 0.110959 1.87654 0 -5.56871 0 0 474.105 1.234 0.15 1.05737 0 2.22103 -14.0715 0 1.28464 0 0 -12.1055 
1.03 1.987 0.1765 3.93471 0 0.105652 1.87654 0 -5.30704 0 0 519.938 1.234 0.15 1.0433 0 2.22231 -14.0715 0 1.27483 0 0 -12.1055 
1.031 1.987 0.1765 3.93659 0 0.100629 1.87654 0 -5.02339 0 0 563.617 1.234 0.15 1.02923 0 2.22357 -14.0715 0 1.26502 0 0 -12.1055 
1.032 1.987 0.1765 3.93847 0 0.0959099 1.87654 0 -4.71893 0 0 604.962 1.234 0.15 1.01516 0 2.22483 -14.0715 0 1.25521 0 0 -12.1055 
1.033 1.987 0.1765 3.94034 0 0.091515 1.87654 0 -4.39493 0 0 643.801 1.234 0.15 1.00109 0 2.22607 -14.0715 0 1.2454 0 0 -12.1055 
1.034 1.987 0.1765 3.94222 0 0.0874623 1.87654 0 -4.05271 0 0 679.973 1.234 0.15 0.987015 0 2.22731 -14.0715 0 1.23559 0 0 -12.1055 
1.035 1.987 0.1765 3.9441 0 0.0837685 1.87654 0 -3.69372 0 0 713.329 1.234 0.15 0.972943 0 2.22853 -14.0715 0 1.22578 0 0 -12.1055 
1.036 1.987 0.1765 3.94597 0 0.0804491 1.87654 0 -3.31942 0 0 743.73 1.234 0.15 0.958872 0 2.22975 -14.0715 0 1.21597 0 0 -12.1055 
1.037 1.987 0.1765 3.94785 0 0.0775177 1.87654 0 -2.93137 0 0 771.05 1.234 0.15 0.9448 0 2.23096 -14.0715 0 1.20616 0 0 -12.1055 
1.038 1.987 0.1765 3.94973 0 0.0749866 1.87654 0 -2.53118 0 0 795.177 1.234 0.15 0.930729 0 2.23215 -14.0715 0 1.19635 0 0 -12.1055 
1.039 1.987 0.1765 3.9516 0 0.0728661 1.87654 0 -2.12051 0 0 816.009 1.234 0.15 0.916657 0 2.23334 -14.0715 0 1.18654 0 0 -12.1055 
1.04 1.987 0.1765 3.95348 0 0.071165 1.87654 0 -1.70105 0 0 833.462 1.234 0.15 0.902586 0 2.23452 -14.0715 0 1.17673 0 0 -12.1055 
1.041 1.987 0.1765 3.95535 0 0.0698905 1.87654 0 -1.27455 0 0 847.463 1.234 0.15 0.888514 0 2.23568 -14.0715 0 1.16692 0 0 -12.1055 
1.042 1.987 0.1765 3.95723 0 0.0690477 1.87654 0 -0.842763 0 0 857.953 1.234 0.15 0.874443 0 2.23684 -14.0715 0 1.15711 0 0 -12.1055 
1.043 1.987 0.1765 3.95911 0 0.0686402 1.87654 0 -0.407489 0 0 864.889 1.234 0.15 0.860371 0 2.23799 -14.0715 0 1.1473 0 0 -12.1055 
1.044 1.987 0.1765 3.96098 0 0.0686697 1.87654 0 0.0294724 0 0 868.243 1.234 0.15 0.8463 0 2.23912 -14.0715 0 1.13749 0 0 -12.1055 
1.045 1.987 0.1765 3.96286 0 0.069136 1.87654 0 0.466312 0 0 868 1.234 0.15 0.832228 0 2.24025 -14.0715 0 1.12768 0 0 -12.1055 
1.046 1.987 0.1765 3.96474 0 0.0700372 1.87654 0 0.90122 0 0 864.162 1.234 0.15 0.818157 0 2.24137 -14.0715 0 1.11787 0 0 -12.1055 
1.047 1.987 0.1765 3.96661 0 0.0713696 1.87654 0 1.3324 0 0 856.745 1.234 0.15 0.804085 0 2.24248 -14.0715 0 1.10806 0 0 -12.1055 
1.048 1.987 0.1765 3.96849 0 0.0731277 1.87654 0 1.75805 0 0 845.779 1.234 0.15 0.790014 0 2.24358 -14.0715 0 1.09825 0 0 -12.1055 
1.049 1.987 0.1765 3.97037 0 0.0753041 1.87654 0 2.17643 0 0 831.309 1.234 0.15 0.775942 0 2.24467 -14.0715 0 1.08844 0 0 -12.1055 
1.05 1.987 0.1765 3.97224 0 0.0778899 1.87654 0 2.58578 0 0 813.396 1.234 0.15 0.76187 0 2.24574 -14.0715 0 1.07863 0 0 -12.1055 
1.051 1.987 0.1765 3.97412 0 0.0808743 1.87654 0 2.98443 0 0 792.114 1.234 0.15 0.747799 0 2.24681 -14.0715 0 1.06882 0 0 -12.1055 
1.052 1.987 0.1765 3.976 0 0.084245 1.87654 0 3.37072 0 0 767.551 1.234 0.15 0.733727 0 2.24787 -14.0715 0 1.05901 0 0 -12.1055 
1.053 1.987 0.1765 3.97787 0 0.0879881 1.87654 0 3.74304 0 0 739.808 1.234 0.15 0.719656 0 2.24892 -14.0715 0 1.0492 0 0 -12.1055 
1.054 1.987 0.1765 3.97975 0 0.0920879 1.87654 0 4.09986 0 0 709.001 1.234 0.15 0.705584 0 2.24996 -14.0715 0 1.03939 0 0 -12.1055 
1.055 1.987 0.1765 3.98163 0 0.0965276 1.87654 0 4.4397 0 0 675.257 1.234 0.15 0.691513 0 2.25099 -14.0715 0 1.02958 0 0 -12.1055 
1.056 1.987 0.1765 3.9835 0 0.101289 1.87654 0 4.76115 0 0 638.717 1.234 0.15 0.677441 0 2.25201 -14.0715 0 1.01977 0 0 -12.1055 
1.057 1.987 0.1765 3.98538 0 0.106352 1.87654 0 5.06287 0 0 599.53 1.234 0.15 0.66337 0 2.25302 -14.0715 0 1.00996 0 0 -12.1055 
1.058 1.987 0.1765 3.98726 0 0.111695 1.87654 0 5.34363 0 0 557.861 1.234 0.15 0.649298 0 2.25402 -14.0715 0 1.00015 0 0 -12.1055 
1.059 1.987 0.1765 3.98913 0 0.117298 1.87654 0 5.60225 0 0 513.88 1.234 0.15 0.635227 0 2.25501 -14.0715 0 0.990341 0 0 -12.1055 
1.06 1.987 0.1765 3.99101 0 0.123135 1.87654 0 5.83767 0 0 467.771 1.234 0.15 0.621155 0 2.25599 -14.0715 0 0.980531 0 0 -12.1055 
1.061 1.987 0.1765 3.99289 0 0.129184 1.87654 0 6.0489 0 0 419.724 1.234 0.15 0.607084 0 2.25696 -14.0715 0 0.970721 0 0 -12.1055 
1.062 1.987 0.1765 3.99476 0 0.135419 1.87654 0 6.23508 0 0 369.939 1.234 0.15 0.593012 0 2.25792 -14.0715 0 0.960911 0 0 -12.1055 
1.063 1.987 0.1765 3.99664 0 0.141815 1.87654 0 6.39543 0 0 318.621 1.234 0.15 0.578941 0 2.25887 -14.0715 0 0.951101 0 0 -12.1055 
1.064 1.987 0.1765 3.99852 0 0.148344 1.87654 0 6.5293 0 0 265.984 1.234 0.15 0.564869 0 2.25981 -14.0715 0 0.941291 0 0 -12.1055 
1.065 1.987 0.1765 4.00039 0 0.15498 1.87654 0 6.63611 0 0 212.245 1.234 0.15 0.550798 0 2.26075 -14.0715 0 0.931481 0 0 -12.1055 
1.066 1.987 0.1765 4.00227 0 0.161695 1.87654 0 6.71544 0 0 157.627 1.234 0.15 0.536726 0 2.26167 -14.0715 0 0.921671 0 0 -12.1055 
1.067 1.987 0.1765 4.00414 0 0.168462 1.87654 0 6.76695 0 0 102.356 1.234 0.15 0.522654 0 2.26258 -14.0715 0 0.911861 0 0 -12.1055 
1.068 1.987 0.1765 4.00602 0 0.175253 1.87654 0 6.79044 0 0 46.6605 1.234 0.15 0.508583 0 2.26348 -14.0715 0 0.902051 0 0 -12.1055 
1.069 1.987 0.1765 4.0079 0 0.182039 1.87654 0 6.78579 0 0 -9.2279 1.234 0.15 0.494511 0 2.26437 -14.0715 0 0.892241 0 0 -12.1055 
1.07 1.987 0.1765 4.00977 0 0.188815 1.87654 0 6.77598 0 0 -19.4925 1.234 0.15 0.48044 0 2.26526 -14.0715 0 0.882431 0 0 -12.1055 
1.071 1.987 0.1765 4.01165 0 0.195581 1.87654 0 6.76617 0 0 -19.4925 1.234 0.15 0.466368 0 2.26613 -14.0715 0 0.872621 0 0 -12.1055 
1.072 1.987 0.1765 4.01353 0 0.202337 1.87654 0 6.75636 0 0 -19.4925 1.234 0.15 0.452297 0 2.26699 -14.0715 0 0.862811 0 0 -12.1055 
1.073 1.987 0.1765 4.0154 0 0.209084 1.87654 0 6.74655 0 0 -19.4925 1.234 0.15 0.438225 0 2.26784 -14.0715 0 0.853001 0 0 -12.1055 
1.074 1.987 0.1765 4.01728 0 0.21582 1.87654 0 6.73674 0 0 -19.4925 1.234 0.15 0.424154 0 2.26869 -14.0715 0 0.843191 0 0 -12.1055 
1.075 1.987 0.1765 4.01916 0 0.222547 1.87654 0 6.72693 0 0 -19.4925 1.234 0.15 0.410082 0 2.26952 -14.0715 0 0.833381 0 0 -12.1055 
1.076 1.987 0.1765 4.02103 0 0.229265 1.87654 0 6.71712 0 0 -19.4925 1.234 0.15 0.396011 0 2.27035 -14.0715 0 0.823571 0 0 -12.1055 
1.077 1.987 0.1765 4.02291 0 0.235972 1.87654 0 6.70731 0 0 -19.4925 1.234 0.15 0.381939 0 2.27116 -14.0715 0 0.813761 0 0 -12.1055 
1.078 1.987 0.1765 4.02479 0 0.242669 1.87654 0 6.6975 0 0 -19.4925 1.234 0.15 0.367868 0 2.27196 -14.0715 0 0.803951 0 0 -12.1055 
1.079 1.987 0.1765 4.02666 0 0.249357 1.87654 0 6.68769 0 0 -19.4925 1.234 0.15 0.353796 0 2.27276 -14.0715 0 0.794141 0 0 -12.1055 
1.08 1.987 0.1765 4.02854 0 0.256035 1.87654 0 6.67788 0 0 -19.4925 1.234 0.15 0.339725 0 2.27354 -14.0715 0 0.784331 0 0 -12.1055 
1.081 1.987 0.1765 4.03042 0 0.262703 1.87654 0 6.66807 0 0 -19.4925 1.234 0.15 0.325653 0 2.27432 -14.0715 0 0.774521 0 0 -12.1055 
1.082 1.987 0.1765 4.03229 0 0.269361 1.87654 0 6.65826 0 0 -19.4925 1.234 0.15 0.311582 0 2.27508 -14.0715 0 0.764711 0 0 -12.1055 
1.083 1.987 0.1765 4.03417 0 0.27601 1.87654 0 6.64845 0 0 -19.4925 1.234 0.15 0.29751 0 2.27584 -14.0715 0 0.754901 0 0 -12.1055 
1.084 1.987 0.1765 4.03605 0 0.282648 1.87654 0 6.63864 0 0 -19.4925 1.234 0.15 0.283438 0 2.27658 -14.0715 0 0.745091 0 0 -12.1055 
1.085 1.987 0.1765 4.03792 0 0.289277 1.87654 0 6.62883 0 0 -19.4925 1.234 0.15 0.269367 0 2.27732 -14.0715 0 0.735281 0 0 -12.1055 
1.086 1.987 0.1765 4.0398 0 0.295896 1.87654 0 6.61902 0 0 -19.4925 1.234 0.15 0.255295 0 2.27804 -14.0715 0 0.725471 0 0 -12.1055 
1.087 1.987 0.1765 4.04168 0 0.302505 1.87654 0 6.60921 0 0 -19.4925 1.234 0.15 0.241224 0 2.27876 -14.0715 0 0.715661 0 0 -12.1055 
1.088 1.987 0.1765 4.04355 0 0.309105 1.87654 0 6.5994 0 0 -19.4925 1.234 0.15 0.227152 0 2.27946 -14.0715 0 0.705851 0 0 -12.1055 
1.089 1.987 0.1765 4.04543 0 0.315694 1.87654 0 6.58959 0 0 -19.4925 1.234 0.15 0.213081 0 2.28016 -14.0715 0 0.696041 0 0 -12.1055 
1.09 1.987 0.1765 4.04731 0 0.322274 1.87654 0 6.57978 0 0 -19.4925 1.234 0.15 0.199009 0 2.28084 -14.0715 0 0.686231 0 0 -12.1055 
1.091 1.987 0.1765 4.04918 0 0.328844 1.87654 0 6.56997 0 0 -19.4925 1.234 0.15 0.184938 0 2.28152 -14.0715 0 0.676421 0 0 -12.1055 
1.092 1.987 0.1765 4.05106 0 0.335404 1.87654 0 6.56016 0 0 -19.4925 1.234 0.15 0.170866 0 2.28219 -14.0715 0 0.666611 0 0 -12.1055 
1.093 1.987 0.1765 4.05293 0 0.341955 1.87654 0 6.55035 0 0 -19.4925 1.234 0.15 0.156795 0 2.28284 -14.0715 0 0.656801 0 0 -12.1055 
1.094 1.987 0.1765 4.05481 0 0.348495 1.87654 0 6.54054 0 0 -19.4925 1.234 0.15 0.142723 0 2.28349 -14.0715 0 0.646991 0 0 -12.1055 
1.095 1.987 0.1765 4.05669 0 0.355026 1.87654 0 6.53073 0 0 -19.4925 1.234 0.15 0.1287 0 2.28413 -14.023 0 0.637181 59.8917 0 -12.1055 
1.096 1.987 0.1765 4.05856 0 0.361547 1.87654 0 6.52092 0 0 -19.4925 1.234 0.15 0.114819 0 2.28476 -13.8809 0 0.627371 175.307 0 -12.1055 
1.097 1.987 0.1765 4.06044 0 0.368058 1.87654 0 6.51111 0 0 -19.4925 1.234 0.15 0.101173 0 2.28537 -13.6463 0 0.617561 289.554 0 -12.1055 
1.098 1.987 0.1765 4.06232 0 0.374559 1.87654 0 6.5013 0 0 -19.4925 1.234 0.15 0.0878523 0 2.28598 -13.3206 0 0.607751 401.869 0 -12.1055 
1.099 1.987 0.1765 4.06419 0 0.381051 1.87654 0 6.49149 0 0 -19.4925 1.234 0.15 0.0749462 0 2.28658 -12.9061 0 0.597941 511.504 0 -12.1055 
1.1 1.987 0.1765 4.06607 0 0.387532 1.87654 0 6.48168 0 0 -19.4925 1.234 0.15 0.0625407 0 2.28717 -12.4055 0 0.588131 617.727 0 -12.1055 
1.101 1.987 0.1765 4.06795 0 0.394004 1.87654 0 6.47187 0 0 -19.4925 1.234 0.15 0.0507185 0 2.28775 -11.8222 0 0.578321 719.83 0 -12.1055 
1.102 1.987 0.1765 4.06982 0 0.400466 1.87654 0 6.46206 0 0 -19.4925 1.234 0.15 0.0395585 0 2.28831 -11.16 0 0.568511 817.132 0 -12.1055 
1.103 1.987 0.1765 4.0717 0 0.406919 1.87654 0 6.45225 0 0 -19.4925 1.234 0.15 0.0291351 0 2.28887 -10.4234 0 0.558701 908.984 0 -12.1055 
1.104 1.987 0.1765 4.07358 0 0.413361 1.87654 0 6.44244 0 0 -19.4925 1.234 0.15 0.0195178 0 2.28942 -9.61726 0 0.548891 994.773 0 -12.1055 
1.105 1.987 0.1765 4.07545 0 0.419794 1.87654 0 6.43263 0 0 -19.4925 1.234 0.15 0.0107709 0 2.28996 -8.74698 0 0.539081 1073.93 0 -12.1055 
1.106 1.987 0.1765 4.07733 0 0.426217 1.87654 0 6.42282 0 0 -19.4925 1.234 0.15 0.0029525 0 2.29049 -7.81835 0 0.529271 1145.92 0 -12.1055 
1.107 1.987 0.1765 4.07921 0 0.43263 1.87654 0 6.41301 0 0 -19.4925 1.234 0.15 -0.00388508 0 2.29101 -6.83759 0 0.519461 1210.27 0 -12.1055 
1.108 1.987 0.1765 4.08108 0 0.439033 1.87654 0 6.4032 0 0 -19.4925 1.234 0.15 -0.00969629 0 2.29152 -5.81121 0 0.509651 1266.54 0 -12.1055 
1.109 1.987 0.1765 4.08296 0 0.445426 1.87654 0 6.39339 0 0 -19.4925 1.234 0.15 -0.0144424 0 2.29202 -4.74608 0 0.499841 1314.37 0 -12.1055 
1.11 1.987 0.1765 4.08484 0 0.45181 1.87654 0 6.38358 0 0 -19.4925 1.234 0.15 -0.0180917 0 2.29251 -3.64929 0 0.490031 1353.44 0 -12.1055 
1.111 1.987 0.1765 4.08671 0 0.458184 1.87654 0 6.37377 0 0 -19.4925 1.234 0.15 -0.0206198 0 2.29299 -2.52817 0 0.480221 1383.47 0 -12.1055 
1.112 1.987 0.1765 4.08859 0 0.464548 1.87654 0 6.36396 0 0 -19.4925 1.234 0.15 -0.02201 0 2.29346 -1.39018 0 0.470411 1404.28 0 -12.1055 
1.113 1.987 0.1765 4.09047 0 0.470902 1.87654 0 6.35415 0 0 -19.4925 1.234 0.15 -0.0222529 0 2.29392 -0.242914 0 0.460601 1415.72 0 -12.1055 
1.114 1.987 0.1765 4.09234 0 0.477246 1.87654 0 6.34434 0 0 -19.4925 1.234 0.15 -0.021347 0 2.29437 0.905968 0 0.450791 1417.72 0 -12.1055 
1.115 1.987 0.1765 4.09422 0 0.483581 1.87654 0 6.33453 0 0 -19.4925 1.234 0.15 -0.0192981 0 2.29481 2.04881 0 0.440981 1410.26 0 -12.1055 
1.116 1.987 0.1765 4.0961 0 0.489905 1.87654 0 6.32472 0 0 -19.4925 1.234 0.15 -0.0161202 0 2.29524 3.17798 0 0.431171 1393.4 0 -12.1055 
1.117 1.987 0.1765 4.09797 0 0.49622 1.87654 0 6.31491 0 0 -19.4925 1.234 0.15 -0.0118342 0 2.29567 4.28596 0 0.421361 1367.24 0 -12.1055 
1.118 1.987 0.1765 4.09985 0 0.502525 1.87654 0 6.3051 0 0 -19.4925 1.234 0.15 -0.00646885 0 2.29608 5.36535 0 0.411551 1331.97 0 -12.1055 
1.119 1.987 0.1765 4.10172 0 0.508821 1.87654 0 6.29529 0 0 -19.4925 1.234 0.15 -5.9897e-05 0 2.29648 6.40896 0 0.401741 1287.81 0 -12.1055 
1.12 1.987 0.1765 4.1036 0 0.515106 1.87654 0 6.28548 0 0 -19.4925 1.234 0.15 0.00734992 0 2.29687 7.40982 0 0.391931 1235.06 0 -12.1055 
1.121 1.987 0.1765 4.10548 0 0.521382 1.87654 0 6.27567 0 0 -19.4925 1.234 0.15 0.0157112 0 2.29725 8.36126 0 0.382121 1174.08 0 -12.1055 
1.122 1.987 0.1765 4.10735 0 0.527648 1.87654 0 6.26586 0 0 -19.4925 1.234 0.15 0.0249681 0 2.29762 9.25693 0 0.372311 1105.26 0 -12.1055 
1.123 1.987 0.1765 4.10923 0 0.533904 1.87654 0 6.25605 0 0 -19.4925 1.234 0.15 0.035059 0 2.29799 10.0909 0 0.362501 1029.07 0 -12.1055 
1.124 1.987 0.1765 4.11111 0 0.54015 1.87654 0 6.24624 0 0 -19.4925 1.234 0.15 0.0459164 0 2.29834 10.8575 0 0.352691 946.017 0 -12.1055 
1.125 1.987 0.1765 4.11298 0 0.546386 1.87654 0 6.23643 0 0 -19.4925 1.234 0.15 0.0574681 0 2.29868 11.5517 0 0.342881 856.655 0 -12.1055 
1.126 1.987 0.1765 4.11486 0 0.552613 1.87654 0 6.22662 0 0 -19.4925 1.234 0.15 0.069637 0 2.29902 12.1689 0 0.333071 761.579 0 -12.1055 
1.127 1.987 0.1765 4.11674 0 0.55883 1.87654 0 6.21681 0 0 -19.4925 1.234 0.15 0.0823419 0 2.29934 12.7049 0 0.323261 661.424 0 -12.1055 
1.128 1.987 0.1765 4.11861 0 0.565037 1.87654 0 6.207 0 0 -19.4925 1.234 0.15 0.095498 0 2.29965 13.1561 0 0.313451 556.857 0 -12.1055 
1.129 1.987 0.1765 4.12049 0 0.571234 1.87654 0 6.19719 0 0 -19.4925 1.234 0.15 0.109018 0 2.29996 13.5196 0 0.303641 448.577 0 -12.1055 
1.13 1.987 0.1765 4.12237 0 0.577421 1.87654 0 6.18738 0 0 -19.4925 1.234 0.15 0.122811 0 2.30025 13.793 0 0.293831 337.304 0 -12.1055 
1.131 1.987 0.1765 4.12424 0 0.583599 1.87654 0 6.17757 0 0 -19.4925 1.234 0.15 0.136785 0 2.30053 13.9743 0 0.284021 223.781 0 -12.1055 
1.132 1.987 0.1765 4.12612 0 0.589767 1.87654 0 6.16776 0 0 -19.4925 1.234 0.15 0.150847 0 2.30081 14.0625 0 0.274211 108.766 0 -12.1055 
1.133 1.987 0.1765 4.128 0 0.595925 1.87654 0 6.15795 0 0 -19.4925 1.234 0.15 0.16491 0 2.30107 14.0625 0 0.264401 0 0 -12.1055 
1.134 1.987 0.1765 4.12987 0 0.602073 1.87654 0 6.14814 0 0 -19.4925 1.234 0.15 0.178972 0 2.30133 14.0625 0 0.254591 0 0 -12.1055 
1.135 1.987 0.1765 4.13175 0 0.608211 1.87654 0 6.13833 0 0 -19.4925 1.234 0.15 0.193035 0 2.30157 14.0625 0 0.244781 0 0 -12.1055 
1.136 1.987 0.1765 4.13363 0 0.61434 1.87654 0 6.12852 0 0 -19.4925 1.234 0.15 0.207097 0 2.30181 14.0625 0 0.234971 0 0 -12.1055 
1.137 1.987 0.1765 4.1355 0 0.620458 1.87654 0 6.11871 0 0 -19.4925 1.234 0.15 0.22116 0 2.30203 14.0625 0 0.225161 0 0 -12.1055 
1.138 1.987 0.1765 4.13738 0 0.626567 1.87654 0 6.1089 0 0 -19.4925 1.234 0.15 0.235222 0 2.30225 14.0625 0 0.215351 0 0 -12.1055 
1.139 1.987 0.1765 4.13926 0 0.632666 1.87654 0 6.09909 0 0 -19.4925 1.234 0.15 0.249285 0 2.30245 14.0625 0 0.205541 0 0 -12.1055 
1.14 1.987 0.1765 4.14113 0 0.638756 1.87654 0 6.08928 0 0 -19.4925 1.234 0.15 0.263347 0 2.30265 14.0625 0 0.195731 0 0 -12.1055 
1.141 1.987 0.1765 4.14301 0 0.644835 1.87654 0 6.07947 0 0 -19.4925 1.234 0.15 0.27741 0 2.30283 14.0625 0 0.185921 0 0 -12.1055 
1.142 1.987 0.1765 4.14489 0 0.650905 1.87654 0 6.06966 0 0 -19.4925 1.234 0.15 0.291472 0 2.30301 14.0625 0 0.176111 0 0 -12.1055 
1.143 1.987 0.1765 4.14676 0 0.656965 1.87654 0 6.05985 0 0 -19.4925 1.234 0.15 0.305534 0 2.30318 14.0625 0 0.166301 0 0 -12.1055 
1.144 1.987 0.1765 4.14864 0 0.663015 1.87654 0 6.05004 0 0 -19.4925 1.234 0.15 0.319597 0 2.30333 14.0625 0 0.156491 0 0 -12.1055 
1.145 1.987 0.1765 4.15051 0 0.669055 1.87654 0 6.04023 0 0 -19.4925 1.234 0.15 0.333659 0 2.30348 14.0625 0 0.146681 0 0 -12.1055 
1.146 1.987 0.1765 4.15239 0 0.675085 1.87654 0 6.03042 0 0 -19.4925 1.234 0.15 0.347722 0 2.30362 14.0625 0 0.136871 0 0 -12.1055 
1.147 1.987 0.1765 4.15427 0 0.681106 1.87654 0 6.02061 0 0 -19.4925 1.234 0.15 0.361784 0 2.30374 14.0625 0 0.127061 0 0 -12.1055 
1.148 1.987 0.1765 4.15614 0 0.687117 1.87654 0 6.0108 0 0 -19.4925 1.234 0.15 0.375847 0 2.30386 14.0625 0 0.117251 0 0 -12.1055 
1.149 1.987 0.1765 4.15802 0 0.693118 1.87654 0 6.00099 0 0 -19.4925 1.234 0.15 0.389909 0 2.30397 14.0625 0 0.107441 0 0 -12.1055 
1.15 1.987 0.1765 4.1599 0 0.699109 1.87654 0 5.99118 0 0 -19.4925 1.234 0.15 0.403972 0 2.30407 14.0625 0 0.0976308 0 0 -12.1055 
1.151 1.987 0.1765 4.16177 0 0.70509 1.87654 0 5.98137 0 0 -19.4925 1.234 0.15 0.418034 0 2.30415 14.0625 0 0.0878208 0 0 -12.1055 
1.152 1.987 0.1765 4.16365 0 0.711062 1.87654 0 5.97156 0 0 -19.4925 1.234 0.15 0.432097 0 2.30423 14.0625 0 0.0780108 0 0 -12.1055 
1.153 1.987 0.1765 4.16553 0 0.717024 1.87654 0 5.96175 0 0 -19.4925 1.234 0.15 0.446159 0 2.3043 14.0625 0 0.0682008 0 0 -12.1055 
1.154 1.987 0.1765 4.1674 0 0.722976 1.87654 0 5.95194 0 0 -19.4925 1.234 0.15 0.460222 0 2.30436 14.0625 0 0.0583908 0 0 -12.1055 
1.155 1.987 0.1765 4.16928 0 0.728918 1.87654 0 5.94213 0 0 -19.4925 1.234 0.15 0.474284 0 2.30441 14.0625 0 0.0485808 0 0 -12.1055 
1.156 1.987 0.1765 4.17116 0 0.73485 1.87654 0 5.93232 0 0 -19.4925 1.234 0.15 0.488346 0 2.30445 14.0625 0 0.0387708 0 0 -12.1055 
1.157 1.987 0.1765 4.17303 0 0.740773 1.87654 0 5.92251 0 0 -19.4925 1.234 0.15 0.502409 0 2.30448 14.0625 0 0.0289608 0 0 -12.1055 
1.158 1.987 0.1765 4.17491 0 0.746685 1.87654 0 5.9127 0 0 -19.4925 1.234 0.15 0.516471 0 2.30449 14.0625 0 0.0191508 0 0 -12.1055 
1.159 1.987 0.1765 4.17679 0 0.752588 1.87654 0 5.90289 0 0 -19.4925 1.234 0.15 0.530534 0 2.3045 14.0625 0 0.00934082 0 0 -12.1055 
1.16 1.987 0.1765 4.17866 0 0.758481 1.87654 0 5.89308 0 0 -19.4925 1.234 0.15 0.544596 0 2.3045 14.0625 0 -0.000469184 0 0 -12.1055 
1.161 1.987 0.1765 4.18054 0 0.764364 1.87654 0 5.88327 0 0 -19.4925 1.234 0.15 0.558659 0 2.30449 14.0625 0 -0.0102792 0 0 -12.1055 
1.162 1.987 0.1765 4.18242 0 0.770238 1.87654 0 5.87346 0 0 -19.4925 1.234 0.15 0.572721 0 2.30447 14.0625 0 -0.0200892 0 0 -12.1055 
1.163 1.987 0.1765 4.18429 0 0.776102 1.87654 0 5.86365 0 0 -19.4925 1.234 0.15 0.586784 0 2.30444 14.0625 0 -0.0298992 0 0 -12.1055 
1.164 1.987 0.1765 4.18617 0 0.781955 1.87654 0 5.85384 0 0 -19.4925 1.234 0.15 0.600846 0 2.3044 14.0625 0 -0.0397092 0 0 -12.1055 
1.165 1.987 0.1765 4.18805 0 0.787799 1.87654 0 5.84403 0 0 -19.4925 1.234 0.15 0.614909 0 2.30435 14.0625 0 -0.0495192 0 0 -12.1055 
1.166 1.987 0.1765 4.18992 0 0.793634 1.87654 0 5.83422 0 0 -19.4925 1.234 0.15 0.628971 0 2.30429 14.0625 0 -0.0593292 0 0 -12.1055 
1.167 1.987 0.1765 4.1918 0 0.799458 1.87654 0 5.82441 0 0 -19.4925 1.234 0.15 0.643034 0 2.30423 14.0625 0 -0.0691392 0 0 -12.1055 
1.168 1.987 0.1765 4.19368 0 0.805273 1.87654 0 5.8146 0 0 -19.4925 1.234 0.15 0.657096 0 2.30415 14.0625 0 -0.0789492 0 0 -12.1055 
1.169 1.987 0.1765 4.19555 0 0.811078 1.87654 0 5.80479 0 0 -19.4925 1.234 0.15 0.671159 0 2.30406 14.0625 0 -0.0887592 0 0 -12.1055 
1.17 1.987 0.1765 4.19743 0 0.816872 1.87654 0 5.79498 0 0 -19.4925 1.234 0.15 0.685221 0 2.30396 14.0625 0 -0.0985692 0 0 -12.1055 
1.171 1.987 0.1765 4.1993 0 0.822658 1.87654 0 5.78517 0 0 -19.4925 1.234 0.15 0.699283 0 2.30385 14.0625 0 -0.108379 0 0 -12.1055 
1.172 1.987 0.1765 4.20118 0 0.828433 1.87654 0 5.77536 0 0 -19.4925 1.234 0.15 0.713346 0 2.30373 14.0625 0 -0.118189 0 0 -12.1055 
1.173 1.987 0.1765 4.20306 0 0.834199 1.87654 0 5.76555 0 0 -19.4925 1.234 0.15 0.727408 0 2.3036 14.0625 0 -0.127999 0 0 -12.1055 
1.174 1.987 0.1765 4.20493 0 0.839954 1.87654 0 5.75574 0 0 -19.4925 1.234 0.15 0.741471 0 2.30347 14.0625 0 -0.137809 0 0 -12.1055 
1.175 1.987 0.1765 4.20681 0 0.8457 1.87654 0 5.74593 0 0 -19.4925 1.234 0.15 0.755533 0 2.30332 14.0625 0 -0.147619 0 0 -12.1055 
1.176 1.987 0.1765 4.20869 0 0.851436 1.87654 0 5.73612 0 0 -19.4925 1.234 0.15 0.769596 0 2.30316 14.0625 0 -0.157429 0 0 -12.1055 
1.177 1.987 0.1765 4.21056 0 0.857163 1.87654 0 5.72631 0 0 -19.4925 1.234 0.15 0.783658 0 2.30299 14.0625 0 -0.167239 0 0 -12.1055 
1.178 1.987 0.1765 4.21244 0 0.862879 1.87654 0 5.7165 0 0 -19.4925 1.234 0.15 0.797721 0 2.30282 14.0625 0 -0.177049 0 0 -12.1055 
1.179 1.987 0.1765 4.21432 0 0.868586 1.87654 0 5.70669 0 0 -19.4925 1.234 0.15 0.811783 0 2.30263 14.0625 0 -0.186859 0 0 -12.1055 
1.18 1.987 0.1765 4.21619 0 0.874283 1.87654 0 5.69688 0 0 -19.4925 1.234 0.15 0.825846 0 2.30243 14.0625 0 -0.196669 0 0 -12.1055 
1.181 1.987 0.1765 4.21807 0 0.87997 1.87654 0 5.68707 0 0 -19.4925 1.234 0.15 0.839908 0 2.30223 14.0625 0 -0.206479 0 0 -12.1055 
1.182 1.987 0.1765 4.21995 0 0.885647 1.87654 0 5.67726 0 0 -19.4925 1.234 0.15 0.853971 0 2.30201 14.0625 0 -0.216289 0 0 -12.1055 
1.183 1.987 0.1765 4.22182 0 0.891315 1.87654 0 5.66745 0 0 -19.4925 1.234 0.15 0.868033 0 2.30178 14.0625 0 -0.226099 0 0 -12.1055 
1.184 1.987 0.1765 4.2237 0 0.896972 1.87654 0 5.65764 0 0 -19.4925 1.234 0.15 0.882095 0 2.30155 14.0625 0 -0.235909 0 0 -12.1055 
1.185 1.987 0.1765 4.22558 0 0.90262 1.87654 0 5.64783 0 0 -19.4925 1.234 0.15 0.896158 0 2.3013 14.0625 0 -0.245719 0 0 -12.1055 
1.186 1.987 0.1765 4.22745 0 0.908258 1.87654 0 5.63802 0 0 -19.4925 1.234 0.15 0.91022 0 2.30105 14.0625 0 -0.255529 0 0 -12.1055 
1.187 1.987 0.1765 4.22933 0 0.913886 1.87654 0 5.62821 0 0 -19.4925 1.234 0.15 0.924283 0 2.30078 14.0625 0 -0.265339 0 0 -12.1055 
1.188 1.987 0.1765 4.23121 0 0.919505 1.87654 0 5.6184 0 0 -19.4925 1.234 0.15 0.938345 0 2.30051 14.0625 0 -0.275149 0 0 -12.1055 
1.189 1.987 0.1765 4.23308 0 0.925113 1.87654 0 5.60859 0 0 -19.4925 1.234 0.15 0.952408 0 2.30022 14.0625 0 -0.284959 0 0 -12.1055 
1.19 1.987 0.1765 4.23496 0 0.930712 1.87654 0 5.59878 0 0 -19.4925 1.234 0.15 0.96647 0 2.29993 14.0625 0 -0.294769 0 0 -12.1055 
1.191 1.987 0.1765 4.23684 0 0.936301 1.87654 0 5.58897 0 0 -19.4925 1.234 0.15 0.980533 0 2.29962 14.0625 0 -0.304579 0 0 -12.1055 
1.192 1.987 0.1765 4.23871 0 0.94188 1.87654 0 5.57916 0 0 -19.4925 1.234 0.15 0.994595 0 2.29931 14.0625 0 -0.314389 0 0 -12.1055 
1.193 1.987 0.1765 4.24059 0 0.94745 1.87654 0 5.56935 0 0 -19.4925 1.234 0.15 1.00866 0 2.29898 14.0625 0 -0.324199 0 0 -12.1055 
1.194 1.987 0.1765 4.24247 0 0.953009 1.87654 0 5.55954 0 0 -19.4925 1.234 0.15 1.02272 0 2.29865 14.0625 0 -0.334009 0 0 -12.1055 
1.195 1.987 0.1765 4.24434 0 0.958559 1.87654 0 5.54973 0 0 -19.4925 1.234 0.15 1.03678 0 2.29831 14.0625 0 -0.343819 0 0 -12.1055 
1.196 1.987 0.1765 4.24622 0 0.964099 1.87654 0 5.53992 0 0 -19.4925 1.234 0.15 1.05085 0 2.29795 14.0625 0 -0.353629 0 0 -12.1055 
1.197 1.987 0.1765 4.24809 0 0.969629 1.87654 0 5.53011 0 0 -19.4925 1.234 0.15 1.06491 0 2.29759 14.0625 0 -0.363439 0 0 -12.1055 
1.198 1.987 0.1765 4.24997 0 0.975149 1.87654 0 5.5203 0 0 -19.4925 1.234 0.15 1.07897 0 2.29722 14.0625 0 -0.373249 0 0 -12.1055 
1.199 1.987 0.1765 4.25185 0 0.98066 1.87654 0 5.51049 0 0 -19.4925 1.234 0.15 1.09303 0 2.29683 14.0625 0 -0.383059 0 0 -12.1055 
1.2 1.987 0.1765 4.25372 0 0.98616 1.87654 0 5.50068 0 0 -19.4925 1.234 0.15 1.10709 0 2.29644 14.0625 0 -0.392869 0 0 -12.1055 
1.201 1.987 0.1765 4.2556 0 0.991651 1.87654 0 5.49087 0 0 -19.4925 1.234 0.15 1.12116 0 2.29604 14.0625 0 -0.402679 0 0 -12.1055 
1.202 1.987 0.1765 4.25748 0 0.997132 1.87654 0 5.48106 0 0 -19.4925 1.234 0.15 1.13522 0 2.29563 14.0625 0 -0.412489 0 0 -12.1055 
1.203 1.987 0.1765 4.25935 0 1.0026 1.87654 0 5.47125 0 0 -19.4925 1.234 0.15 1.14928 0 2.2952 14.0625 0 -0.422299 0 0 -12.1055 
1.204 1.987 0.1765 4.26123 0 1.00806 1.87654 0 5.46144 0 0 -19.4925 1.234 0.15 1.16334 0 2.29477 14.0625 0 -0.432109 0 0 -12.1055 
1.205 1.987 0.1765 4.26311 0 1.01352 1.87654 0 5.45163 0 0 -19.4925 1.234 0.15 1.17741 0 2.29433 14.0625 0 -0.441919 0 0 -12.1055 
1.206 1.987 0.1765 4.26498 0 1.01896 1.87654 0 5.44182 0 0 -19.4925 1.234 0.15 1.19147 0 2.29388 14.0625 0 -0.451729 0 0 -12.1055 
1.207 1.987 0.1765 4.26686 0 1.02439 1.87654 0 5.43201 0 0 -19.4925 1.234 0.15 1.20553 0 2.29342 14.0625 0 -0.461539 0 0 -12.1055 
1.208 1.987 0.1765 4.26874 0 1.02981 1.87654 0 5.4222 0 0 -19.4925 1.234 0.15 1.21959 0 2.29294 14.0625 0 -0.471349 0 0 -12.1055 
1.209 1.987 0.1765 4.27061 0 1.03523 1.87654 0 5.41239 0 0 -19.4925 1.234 0.15 1.23366 0 2.29246 14.0625 0 -0.481159 0 0 -12.1055 
1.21 1.987 0.1765 4.27249 0 1.04063 1.87654 0 5.40258 0 0 -19.4925 1.234 0.15 1.24772 0 2.29197 14.0625 0 -0.490969 0 0 -12.1055 
1.211 1.987 0.1765 4.27437 0 1.04602 1.87654 0 5.39277 0 0 -19.4925 1.234 0.15 1.26178 0 2.29147 14.0625 0 -0.500779 0 0 -12.1055 
1.212 1.987 0.1765 4.27624 0 1.0514 1.87654 0 5.38296 0 0 -19.4925 1.234 0.15 1.27584 0 2.29096 14.0625 0 -0.510589 0 0 -12.1055 
1.213 1.987 0.1765 4.27812 0 1.05678 1.87654 0 5.37315 0 0 -19.4925 1.234 0.15 1.28991 0 2.29044 14.0625 0 -0.520399 0 0 -12.1055 
1.214 1.987 0.1765 4.28 0 1.06214 1.87654 0 5.36334 0 0 -19.4925 1.234 0.15 1.30397 0 2.28991 14.0625 0 -0.530209 0 0 -12.1055 
1.215 1.987 0.1765 4.28187 0 1.06749 1.87654 0 5.35353 0 0 -19.4925 1.234 0.15 1.31803 0 2.28937 14.0625 0 -0.540019 0 0 -12.1055 
1.216 1.987 0.1765 4.28375 0 1.07284 1.87654 0 5.34372 0 0 -19.4925 1.234 0.15 1.33209 0 2.28882 14.0625 0 -0.549829 0 0 -12.1055 
1.217 1.987 0.1765 4.28563 0 1.07817 1.87654 0 5.33391 0 0 -19.4925 1.234 0.15 1.34616 0 2.28826 14.0625 0 -0.559639 0 0 -12.1055 
1.218 1.987 0.1765 4.2875 0 1.0835 1.87654 0 5.3241 0 0 -19.4925 1.234 0.15 1.36022 0 2.28769 14.0625 0 -0.569449 0 0 -12.1055 
1.219 1.987 0.1765 4.28938 0 1.08881 1.87654 0 5.31429 0 0 -19.4925 1.234 0.15 1.37428 0 2.28711 14.0625 0 -0.579259 0 0 -12.1055 
1.22 1.987 0.1765 4.29126 0 1.09411 1.87654 0 5.30448 0 0 -19.4925 1.234 0.15 1.38834 0 2.28652 14.0625 0 -0.589069 0 0 -12.1055 
1.221 1.987 0.1765 4.29313 0 1.09941 1.87654 0 5.29467 0 0 -19.4925 1.234 0.15 1.40241 0 2.28592 14.0625 0 -0.598879 0 0 -12.1055 
1.222 1.987 0.1765 4.29501 0 1.10469 1.87654 0 5.28486 0 0 -19.4925 1.234 0.15 1.41647 0 2.28532 14.0625 0 -0.608689 0 0 -12.1055 
1.223 1.987 0.1765 4.29688 0 1.10997 1.87654 0 5.27505 0 0 -19.4925 1.234 0.15 1.43053 0 2.2847 14.0625 0 -0.618499 0 0 -12.1055 
1.224 1.987 0.1765 4.29876 0 1.11523 1.87654 0 5.26524 0 0 -19.4925 1.234 0.15 1.44459 0 2.28407 14.0625 0 -0.628309 0 0 -12.1055 
1.225 1.987 0.1765 4.30064 0 1.12049 1.87654 0 5.25543 0 0 -19.4925 1.234 0.15 1.45866 0 2.28343 14.0625 0 -0.638119 0 0 -12.1055 
1.226 1.987 0.1765 4.30251 0 1.12573 1.87654 0 5.24562 0 0 -19.4925 1.234 0.15 1.47272 0 2.28278 14.0625 0 -0.647929 0 0 -12.1055 
1.227 1.987 0.1765 4.30439 0 1.13097 1.87654 0 5.23581 0 0 -19.4925 1.234 0.15 1.48678 0 2.28212 14.0625 0 -0.657739 0 0 -12.1055 
1.228 1.987 0.1765 4.30627 0 1.1362 1.87654 0 5.226 0 0 -19.4925 1.234 0.15 1.50084 0 2.28146 14.0625 0 -0.667549 0 0 -12.1055 
1.229 1.987 0.1765 4.30814 0 1.14141 1.87654 0 5.21619 0 0 -19.4925 1.234 0.15 1.51491 0 2.28078 14.0625 0 -0.677359 0 0 -12.1055 
1.23 1.987 0.1765 4.31002 0 1.14662 1.87654 0 5.20638 0 0 -19.4925 1.234 0.15 1.52897 0 2.28009 14.0625 0 -0.687169 0 0 -12.1055 
1.231 1.987 0.1765 4.3119 0 1.15182 1.87654 0 5.19657 0 0 -19.4925 1.234 0.15 1.54303 0 2.2794 14.0625 0 -0.696979 0 0 -12.1055 
1.232 1.987 0.1765 4.31377 0 1.157 1.87654 0 5.18676 0 0 -19.4925 1.234 0.15 1.55709 0 2.27869 14.0625 0 -0.706789 0 0 -12.1055 
1.233 1.987 0.1765 4.31565 0 1.16218 1.87654 0 5.17695 0 0 -19.4925 1.234 0.15 1.57116 0 2.27797 14.0625 0 -0.716599 0 0 -12.1055 
1.234 1.987 0.1765 4.31753 0 1.16735 1.87654 0 5.16714 0 0 -19.4925 1.234 0.15 1.58522 0 2.27725 14.0625 0 -0.726409 0 0 -12.1055 
1.235 1.987 0.1765 4.3194 0 1.1725 1.87654 0 5.15733 0 0 -19.4925 1.234 0.15 1.59928 0 2.27651 14.0625 0 -0.736219 0 0 -12.1055 
1.236 1.987 0.1765 4.32128 0 1.17765 1.87654 0 5.14752 0 0 -19.4925 1.234 0.15 1.61334 0 2.27576 14.0625 0 -0.746029 0 0 -12.1055 
1.237 1.987 0.1765 4.32316 0 1.18279 1.87654 0 5.13771 0 0 -19.4925 1.234 0.15 1.62741 0 2.27501 14.0625 0 -0.755839 0 0 -12.1055 
1.238 1.987 0.1765 4.32503 0 1.18792 1.87654 0 5.1279 0 0 -19.4925 1.234 0.15 1.64147 0 2.27424 14.0625 0 -0.765649 0 0 -12.1055 
1.239 1.987 0.1765 4.32691 0 1.19304 1.87654 0 5.11809 0 0 -19.4925 1.234 0.15 1.65553 0 2.27347 14.0625 0 -0.775459 0 0 -12.1055 
1.24 1.987 0.1765 4.32879 0 1.19814 1.87654 0 5.10828 0 0 -19.4925 1.234 0.15 1.66959 0 2.27268 14.0625 0 -0.785269 0 0 -12.1055 
1.241 1.987 0.1765 4.33066 0 1.20324 1.87654 0 5.09847 0 0 -19.4925 1.234 0.15 1.68366 0 2.27189 14.0625 0 -0.795079 0 0 -12.1055 
1.242 1.987 0.1765 4.33254 0 1.20833 1.87654 0 5.08866 0 0 -19.4925 1.234 0.15 1.69772 0 2.27108 14.0625 0 -0.804889 0 0 -12.1055 
1.243 1.987 0.1765 4.33442 0 1.21341 1.87654 0 5.07885 0 0 -19.4925 1.234 0.15 1.71178 0 2.27027 14.0625 0 -0.814699 0 0 -12.1055 
1.244 1.987 0.1765 4.33629 0 1.21848 1.87654 0 5.06904 0 0 -19.4925 1.234 0.15 1.72584 0 2.26944 14.0625 0 -0.824509 0 0 -12.1055 
1.245 1.987 0.1765 4.33817 0 1.22354 1.87654 0 5.05923 0 0 -19.4925 1.234 0.15 1.73991 0 2.26861 14.0625 0 -0.834319 0 0 -12.1055 
1.246 1.987 0.1765 4.34005 0 1.22859 1.87654 0 5.04942 0 0 -19.4925 1.234 0.15 1.75397 0 2.26776 14.0625 0 -0.844129 0 0 -12.1055 
1.247 1.987 0.1765 4.34192 0 1.23363 1.87654 0 5.03961 0 0 -19.4925 1.234 0.15 1.76803 0 2.26691 14.0625 0 -0.853939 0 0 -12.1055 
1.248 1.987 0.1765 4.3438 0 1.23866 1.87654 0 5.0298 0 0 -19.4925 1.234 0.15 1.78209 0 2.26605 14.0625 0 -0.863749 0 0 -12.1055 
1.249 1.987 0.1765 4.34567 0 1.24368 1.87654 0 5.01999 0 0 -19.4925 1.234 0.15 1.79616 0 2.26517 14.0625 0 -0.873559 0 0 -12.1055 
1.25 1.987 0.1765 4.34755 0 1.24869 1.87654 0 5.01018 0 0 -19.4925 1.234 0.15 1.81022 0 2.26429 14.0625 0 -0.883369 0 0 -12.1055 
1.251 1.987 0.1765 4.34943 0 1.25369 1.87654 0 5.00037 0 0 -19.4925 1.234 0.15 1.82428 0 2.2634 14.0625 0 -0.893179 0 0 -12.1055 
1.252 1.987 0.1765 4.3513 0 1.25868 1.87654 0 4.99056 0 0 -19.4925 1.234 0.15 1.83834 0 2.26249 14.0625 0 -0.902989 0 0 -12.1055 
1.253 1.987 0.1765 4.35318 0 1.26366 1.87654 0 4.98075 0 0 -19.4925 1.234 0.15 1.85241 0 2.26158 14.0625 0 -0.912799 0 0 -12.1055 
1.254 1.987 0.1765 4.35506 0 1.26863 1.87654 0 4.97094 0 0 -19.4925 1.234 0.15 1.86647 0 2.26066 14.0625 0 -0.922609 0 0 -12.1055 
1.255 1.987 0.1765 4.35693 0 1.27359 1.87654 0 4.96113 0 0 -19.4925 1.234 0.15 1.88053 0 2.25973 14.0625 0 -0.932419 0 0 -12.1055 
1.256 1.987 0.1765 4.35881 0 1.27854 1.87654 0 4.95132 0 0 -19.4925 1.234 0.15 1.89459 0 2.25878 14.0625 0 -0.942229 0 0 -12.1055 
1.257 1.987 0.1765 4.36069 0 1.28348 1.87654 0 4.94151 0 0 -19.4925 1.234 0.15 1.90866 0 2.25783 14.0625 0 -0.952039 0 0 -12.1055 
1.258 1.987 0.1765 4.36256 0 1.28842 1.87654 0 4.9317 0 0 -19.4925 1.234 0.15 1.92272 0 2.25687 14.0625 0 -0.961849 0 0 -12.1055 
1.259 1.987 0.1765 4.36444 0 1.29334 1.87654 0 4.92189 0 0 -19.4925 1.234 0.15 1.93678 0 2.2559 14.0625 0 -0.971659 0 0 -12.1055 
1.26 1.987 0.1765 4.36632 0 1.29825 1.87654 0 4.91208 0 0 -19.4925 1.234 0.15 1.95084 0 2.25492 14.0625 0 -0.981469 0 0 -12.1055 
1.261 1.987 0.1765 4.36819 0 1.30315 1.87654 0 4.90227 0 0 -19.4925 1.234 0.15 1.96491 0 2.25392 14.0625 0 -0.991279 0 0 -12.1055 
1.262 1.987 0.1765 4.37007 0 1.30804 1.87654 0 4.89246 0 0 -19.4925 1.234 0.15 1.97897 0 2.25292 14.0625 0 -1.00109 0 0 -12.1055 
1.263 1.987 0.1765 4.37195 0 1.31293 1.87654 0 4.88265 0 0 -19.4925 1.234 0.15 1.99303 0 2.25191 14.0625 0 -1.0109 0 0 -12.1055 
1.264 1.987 0.1765 4.37382 0 1.3178 1.87654 0 4.87284 0 0 -19.4925 1.234 0.15 2.00709 0 2.25089 14.0625 0 -1.02071 0 0 -12.1055 
1.265 1.987 0.1765 4.3757 0 1.32266 1.87654 0 4.86303 0 0 -19.4925 1.234 0.15 2.02115 0 2.24986 14.0625 0 -1.03052 0 0 -12.1055 
1.266 1.987 0.1765 4.37758 0 1.32752 1.87654 0 4.85322 0 0 -19.4925 1.234 0.15 2.03522 0 2.24882 14.0625 0 -1.04033 0 0 -12.1055 
1.267 1.987 0.1765 4.37945 0 1.33236 1.87654 0 4.84341 0 0 -19.4925 1.234 0.15 2.04928 0 2.24777 14.0625 0 -1.05014 0 0 -12.1055 
1.268 1.987 0.1765 4.38133 0 1.33719 1.87654 0 4.8336 0 0 -19.4925 1.234 0.15 2.06334 0 2.24671 14.0625 0 -1.05995 0 0 -12.1055 
1.269 1.987 0.1765 4.38321 0 1.34202 1.87654 0 4.82379 0 0 -19.4925 1.234 0.15 2.0774 0 2.24564 14.0625 0 -1.06976 0 0 -12.1055 
1.27 1.987 0.1765 4.38508 0 1.34683 1.87654 0 4.81398 0 0 -19.4925 1.234 0.15 2.09147 0 2.24456 14.0625 0 -1.07957 0 0 -12.1055 
1.271 1.987 0.1765 4.38696 0 1.35163 1.87654 0 4.80417 0 0 -19.4925 1.234 0.15 2.10553 0 2.24347 14.0625 0 -1.08938 0 0 -12.1055 
1.272 1.987 0.1765 4.38884 0 1.35643 1.87654 0 4.79436 0 0 -19.4925 1.234 0.15 2.11959 0 2.24237 14.0625 0 -1.09919 0 0 -12.1055 
1.273 1.987 0.1765 4.39071 0 1.36121 1.87654 0 4.78455 0 0 -19.4925 1.234 0.15 2.13365 0 2.24126 14.0625 0 -1.109 0 0 -12.1055 
1.274 1.987 0.1765 4.39259 0 1.36599 1.87654 0 4.77474 0 0 -19.4925 1.234 0.15 2.14772 0 2.24015 14.0625 0 -1.11881 0 0 -12.1055 
1.275 1.987 0.1765 4.39447 0 1.37075 1.87654 0 4.76493 0 0 -19.4925 1.234 0.15 2.16178 0 2.23902 14.0625 0 -1.12862 0 0 -12.1055 
1.276 1.987 0.1765 4.39634 0 1.37551 1.87654 0 4.75512 0 0 -19.4925 1.234 0.15 2.17584 0 2.23788 14.0625 0 -1.13843 0 0 -12.1055 
1.277 1.987 0.1765 4.39822 0 1.38025 1.87654 0 4.74531 0 0 -19.4925 1.234 0.15 2.1899 0 2.23673 14.0625 0 -1.14824 0 0 -12.1055 
1.278 1.987 0.1765 4.40009 0 1.38499 1.87654 0 4.7355 0 0 -19.4925 1.234 0.15 2.20397 0 2.23557 14.0625 0 -1.15805 0 0 -12.1055 
1.279 1.987 0.1765 4.40197 0 1.38971 1.87654 0 4.72569 0 0 -19.4925 1.234 0.15 2.21803 0 2.2344 14.0625 0 -1.16786 0 0 -12.1055 
1.28 1.987 0.1765 4.40385 0 1.39443 1.87654 0 4.71588 0 0 -19.4925 1.234 0.15 2.23209 0 2.23323 14.0625 0 -1.17767 0 0 -12.1055 
1.281 1.987 0.1765 4.40572 0 1.39914 1.87654 0 4.70607 0 0 -19.4925 1.234 0.15 2.24615 0 2.23204 14.0625 0 -1.18748 0 0 -12.1055 
1.282 1.987 0.1765 4.4076 0 1.40383 1.87654 0 4.69626 0 0 -19.4925 1.234 0.15 2.26022 0 2.23084 14.0625 0 -1.19729 0 0 -12.1055 
1.283 1.987 0.1765 4.40948 0 1.40852 1.87654 0 4.68645 0 0 -19.4925 1.234 0.15 2.27428 0 2.22963 14.0625 0 -1.2071 0 0 -12.1055 
1.284 1.987 0.1765 4.41135 0 1.4132 1.87654 0 4.67664 0 0 -19.4925 1.234 0.15 2.28834 0 2.22842 14.0625 0 -1.21691 0 0 -12.1055 
1.285 1.987 0.1765 4.41323 0 1.41786 1.87654 0 4.66683 0 0 -19.4925 1.234 0.15 2.3024 0 2.22719 14.0625 0 -1.22672 0 0 -12.1055 
1.286 1.987 0.1765 4.41511 0 1.42252 1.87654 0 4.65702 0 0 -19.4925 1.234 0.15 2.31647 0 2.22595 14.0625 0 -1.23653 0 0 -12.1055 
1.287 1.987 0.1765 4.41698 0 1.42717 1.87654 0 4.64721 0 0 -19.4925 1.234 0.15 2.33053 0 2.22471 14.0625 0 -1.24634 0 0 -12.1055 
1.288 1.987 0.1765 4.41886 0 1.4318 1.87654 0 4.6374 0 0 -19.4925 1.234 0.15 2.34459 0 2.22345 14.0625 0 -1.25615 0 0 -12.1055 
1.289 1.987 0.1765 4.42074 0 1.43643 1.87654 0 4.62759 0 0 -19.4925 1.234 0.15 2.35865 0 2.22219 14.0625 0 -1.26596 0 0 -12.1055 
1.29 1.987 0.1765 4.42261 0 1.44105 1.87654 0 4.61778 0 0 -19.4925 1.234 0.15 2.37272 0 2.22091 14.0625 0 -1.27577 0 0 -12.1055 
1.291 1.987 0.1765 4.42449 0 1.44566 1.87654 0 4.60797 0 0 -19.4925 1.234 0.15 2.38678 0 2.21962 14.0625 0 -1.28558 0 0 -12.1055 
1.292 1.987 0.1765 4.42637 0 1.45026 1.87654 0 4.59816 0 0 -19.4925 1.234 0.15 2.40084 0 2.21833 14.0625 0 -1.29539 0 0 -12.1055 
1.293 1.987 0.1765 4.42824 0 1.45484 1.87654 0 4.58835 0 0 -19.4925 1.234 0.15 2.4149 0 2.21702 14.0625 0 -1.3052 0 0 -12.1055 
1.294 1.987 0.1765 4.43012 0 1.45942 1.87654 0 4.57854 0 0 -19.4925 1.234 0.15 2.42897 0 2.21571 14.0625 0 -1.31501 0 0 -12.1055 
1.295 1.987 0.1765 4.432 0 1.46399 1.87654 0 4.56873 0 0 -19.4925 1.234 0.15 2.44303 0 2.21438 14.0625 0 -1.32482 0 0 -12.1055 
1.296 1.987 0.1765 4.43387 0 1.46855 1.87654 0 4.55892 0 0 -19.4925 1.234 0.15 2.45709 0 2.21305 14.0625 0 -1.33463 0 0 -12.1055 
1.297 1.987 0.1765 4.43575 0 1.4731 1.87654 0 4.54911 0 0 -19.4925 1.234 0.15 2.47115 0 2.21171 14.0625 0 -1.34444 0 0 -12.1055 
1.298 1.987 0.1765 4.43763 0 1.47764 1.87654 0 4.5393 0 0 -19.4925 1.234 0.15 2.48522 0 2.21035 14.0625 0 -1.35425 0 0 -12.1055 
1.299 1.987 0.1765 4.4395 0 1.48217 1.87654 0 4.52949 0 0 -19.4925 1.234 0.15 2.49928 0 2.20899 14.0625 0 -1.36406 0 0 -12.1055 
1.3 1.987 0.1765 4.44138 0 1.48669 1.87654 0 4.51968 0 0 -19.4925 1.234 0.15 2.51334 0 2.20761 14.0625 0 -1.37387 0 0 -12.1055 
1.301 1.987 0.1765 4.44326 0 1.4912 1.87654 0 4.50987 0 0 -19.4925 1.234 0.15 2.5274 0 2.20623 14.0625 0 -1.38368 0 0 -12.1055 
1.302 1.987 0.1765 4.44513 0 1.4957 1.87654 0 4.50006 0 0 -19.4925 1.234 0.15 2.54147 0 2.20484 14.0625 0 -1.39349 0 0 -12.1055 
1.303 1.987 0.1765 4.44701 0 1.50019 1.87654 0 4.49025 0 0 -19.4925 1.234 0.15 2.55553 0 2.20343 14.0625 0 -1.4033 0 0 -12.1055 
1.304 1.987 0.1765 4.44888 0 1.50467 1.87654 0 4.48044 0 0 -19.4925 1.234 0.15 2.56959 0 2.20202 14.0625 0 -1.41311 0 0 -12.1055 
1.305 1.987 0.1765 4.45076 0 1.50914 1.87654 0 4.47063 0 0 -19.4925 1.234 0.15 2.58365 0 2.2006 14.0625 0 -1.42292 0 0 -12.1055 
1.306 1.987 0.1765 4.45264 0 1.5136 1.87654 0 4.46082 0 0 -19.4925 1.234 0.15 2.59772 0 2.19916 14.0625 0 -1.43273 0 0 -12.1055 
1.307 1.987 0.1765 4.45451 0 1.51805 1.87654 0 4.45101 0 0 -19.4925 1.234 0.15 2.61178 0 2.19772 14.0625 0 -1.44254 0 0 -12.1055 
1.308 1.987 0.1765 4.45639 0 1.52249 1.87654 0 4.4412 0 0 -19.4925 1.234 0.15 2.62584 0 2.19627 14.0625 0 -1.45235 0 0 -12.1055 
1.309 1.987 0.1765 4.45827 0 1.52692 1.87654 0 4.43139 0 0 -19.4925 1.234 0.15 2.6399 0 2.19481 14.0625 0 -1.46216 0 0 -12.1055 
1.31 1.987 0.1765 4.46014 0 1.53135 1.87654 0 4.42158 0 0 -19.4925 1.234 0.15 2.65397 0 2.19333 14.0625 0 -1.47197 0 0 -12.1055 
1.311 1.987 0.1765 4.46202 0 1.53576 1.87654 0 4.41177 0 0 -19.4925 1.234 0.15 2.66803 0 2.19185 14.0625 0 -1.48178 0 0 -12.1055 
1.312 1.987 0.1765 4.4639 0 1.54016 1.87654 0 4.40196 0 0 -19.4925 1.234 0.15 2.68209 0 2.19036 14.0625 0 -1.49159 0 0 -12.1055 
1.313 1.987 0.1765 4.46577 0 1.54455 1.87654 0 4.39215 0 0 -19.4925 1.234 0.15 2.69615 0 2.18886 14.0625 0 -1.5014 0 0 -12.1055 
1.314 1.987 0.1765 4.46765 0 1.54893 1.87654 0 4.38234 0 0 -19.4925 1.234 0.15 2.71022 0 2.18735 14.0625 0 -1.51121 0 0 -12.1055 
1.315 1.987 0.1765 4.46953 0 1.55331 1.87654 0 4.37253 0 0 -19.4925 1.234 0.15 2.72428 0 2.18583 14.0625 0 -1.52102 0 0 -12.1055 
1.316 1.987 0.1765 4.4714 0 1.55767 1.87654 0 4.36272 0 0 -19.4925 1.234 0.15 2.73834 0 2.1843 14.0625 0 -1.53083 0 0 -12.1055 
1.317 1.987 0.1765 4.47328 0 1.56202 1.87654 0 4.35291 0 0 -19.4925 1.234 0.15 2.7524 0 2.18276 14.0625 0 -1.54064 0 0 -12.1055 
1.318 1.987 0.1765 4.47516 0 1.56637 1.87654 0 4.3431 0 0 -19.4925 1.234 0.15 2.76647 0 2.18121 14.0625 0 -1.55045 0 0 -12.1055 
1.319 1.987 0.1765 4.47703 0 1.5707 1.87654 0 4.33329 0 0 -19.4925 1.234 0.15 2.78053 0 2.17965 14.0625 0 -1.56026 0 0 -12.1055 
1.32 1.987 0.1765 4.47891 0 1.57502 1.87654 0 4.32348 0 0 -19.4925 1.234 0.15 2.79459 0 2.17808 14.0625 0 -1.57007 0 0 -12.1055 
1.321 1.987 0.1765 4.48079 0 1.57934 1.87654 0 4.31367 0 0 -19.4925 1.234 0.15 2.80865 0 2.1765 14.0625 0 -1.57988 0 0 -12.1055 
1.322 1.987 0.1765 4.48266 0 1.58364 1.87654 0 4.30386 0 0 -19.4925 1.234 0.15 2.82272 0 2.17491 14.0625 0 -1.58969 0 0 -12.1055 
1.323 1.987 0.1765 4.48454 0 1.58793 1.87654 0 4.29405 0 0 -19.4925 1.234 0.15 2.83678 0 2.17331 14.0625 0 -1.5995 0 0 -12.1055 
1.324 1.987 0.1765 4.48642 0 1.59222 1.87654 0 4.28424 0 0 -19.4925 1.234 0.15 2.85084 0 2.1717 14.0625 0 -1.60931 0 0 -12.1055 
1.325 1.987 0.1765 4.48829 0 1.59649 1.87654 0 4.27443 0 0 -19.4925 1.234 0.15 2.8649 0 2.17008 14.0625 0 -1.61912 0 0 -12.1055 
1.326 1.987 0.1765 4.49017 0 1.60076 1.87654 0 4.26462 0 0 -19.4925 1.234 0.15 2.87897 0 2.16845 14.0625 0 -1.62893 0 0 -12.1055 
1.327 1.987 0.1765 4.49205 0 1.60501 1.87654 0 4.25481 0 0 -19.4925 1.234 0.15 2.89303 0 2.16681 14.0625 0 -1.63874 0 0 -12.1055 
1.328 1.987 0.1765 4.49392 0 1.60926 1.87654 0 4.245 0 0 -19.4925 1.234 0.15 2.90709 0 2.16516 14.0625 0 -1.64855 0 0 -12.1055 
1.329 1.987 0.1765 4.4958 0 1.61349 1.87654 0 4.23519 0 0 -19.4925 1.234 0.15 2.92115 0 2.1635 14.0625 0 -1.65836 0 0 -12.1055 
1.33 1.987 0.1765 4.49767 0 1.61772 1.87654 0 4.22538 0 0 -19.4925 1.234 0.15 2.93522 0 2.16184 14.0625 0 -1.66817 0 0 -12.1055 
1.331 1.987 0.1765 4.49955 0 1.62193 1.87654 0 4.21557 0 0 -19.4925 1.234 0.15 2.94928 0 2.16016 14.0625 0 -1.67798 0 0 -12.1055 
1.332 1.987 0.1765 4.50143 0 1.62614 1.87654 0 4.20576 0 0 -19.4925 1.234 0.15 2.96334 0 2.15847 14.0625 0 -1.68779 0 0 -12.1055 
1.333 1.987 0.1765 4.5033 0 1.63033 1.87654 0 4.19595 0 0 -19.4925 1.234 0.15 2.9774 0 2.15677 14.0625 0 -1.6976 0 0 -12.1055 
1.334 1.987 0.1765 4.50518 0 1.63452 1.87654 0 4.18614 0 0 -19.4925 1.234 0.15 2.99146 0 2.15506 14.0625 0 -1.70741 0 0 -12.1055 
1.335 1.987 0.1765 4.50706 0 1.6387 1.87654 0 4.17633 0 0 -19.4925 1.234 0.15 3.00553 0 2.15335 14.0625 0 -1.71722 0 0 -12.1055 
1.336 1.987 0.1765 4.50893 0 1.64286 1.87654 0 4.16652 0 0 -19.4925 1.234 0.15 3.01959 0 2.15162 14.0625 0 -1.72703 0 0 -12.1055 
1.337 1.987 0.1765 4.51081 0 1.64702 1.87654 0 4.15671 0 0 -19.4925 1.234 0.15 3.03365 0 2.14988 14.0625 0 -1.73684 0 0 -12.1055 
1.338 1.987 0.1765 4.51269 0 1.65117 1.87654 0 4.1469 0 0 -19.4925 1.234 0.15 3.04771 0 2.14814 14.0625 0 -1.74665 0 0 -12.1055 
1.339 1.987 0.1765 4.51456 0 1.6553 1.87654 0 4.13709 0 0 -19.4925 1.234 0.15 3.06178 0 2.14638 14.0625 0 -1.75646 0 0 -12.1055 
1.34 1.987 0.1765 4.51644 0 1.65943 1.87654 0 4.12728 0 0 -19.4925 1.234 0.15 3.07584 0 2.14461 14.0625 0 -1.76627 0 0 -12.1055 
1.341 1.987 0.1765 4.51832 0 1.66355 1.87654 0 4.11747 0 0 -19.4925 1.234 0.15 3.0899 0 2.14284 14.0625 0 -1.77608 0 0 -12.1055 
1.342 1.987 0.1765 4.52019 0 1.66766 1.87654 0 4.10766 0 0 -19.4925 1.234 0.15 3.10396 0 2.14105 14.0625 0 -1.78589 0 0 -12.1055 
1.343 1.987 0.1765 4.52207 0 1.67175 1.87654 0 4.09785 0 0 -19.4925 1.234 0.15 3.11803 0 2.13926 14.0625 0 -1.7957 0 0 -12.1055 
1.344 1.987 0.1765 4.52395 0 1.67584 1.87654 0 4.08804 0 0 -19.4925 1.234 0.15 3.13209 0 2.13745 14.0625 0 -1.80551 0 0 -12.1055 
1.345 1.987 0.1765 4.52582 0 1.67992 1.87654 0 4.07823 0 0 -19.4925 1.234 0.15 3.14615 0 2.13564 14.0625 0 -1.81532 0 0 -12.1055 
1.346 1.987 0.1765 4.5277 0 1.68399 1.87654 0 4.06842 0 0 -19.4925 1.234 0.15 3.16021 0 2.13381 14.0625 0 -1.82513 0 0 -12.1055 
1.347 1.987 0.1765 4.52958 0 1.68805 1.87654 0 4.05861 0 0 -19.4925 1.234 0.15 3.17428 0 2.13198 14.0625 0 -1.83494 0 0 -12.1055 
1.348 1.987 0.1765 4.53145 0 1.6921 1.87654 0 4.0488 0 0 -19.4925 1.234 0.15 3.18834 0 2.13013 14.0625 0 -1.84475 0 0 -12.1055 
1.349 1.987 0.1765 4.53333 0 1.69614 1.87654 0 4.03899 0 0 -19.4925 1.234 0.15 3.2024 0 2.12828 14.0625 0 -1.85456 0 0 -12.1055 
1.35 1.987 0.1765 4.53521 0 1.70016 1.87654 0 4.02918 0 0 -19.4925 1.234 0.15 3.21646 0 2.12641 14.0625 0 -1.86437 0 0 -12.1055 
1.351 1.987 0.1765 4.53708 0 1.70418 1.87654 0 4.01937 0 0 -19.4925 1.234 0.15 3.23053 0 2.12454 14.0625 0 -1.87418 0 0 -12.1055 
1.352 1.987 0.1765 4.53896 0 1.70819 1.87654 0 4.00956 0 0 -19.4925 1.234 0.15 3.24459 0 2.12265 14.0625 0 -1.88399 0 0 -12.1055 
1.353 1.987 0.1765 4.54084 0 1.71219 1.87654 0 3.99975 0 0 -19.4925 1.234 0.15 3.25865 0 2.12076 14.0625 0 -1.8938 0 0 -12.1055 
1.354 1.987 0.1765 4.54271 0 1.71618 1.87654 0 3.98994 0 0 -19.4925 1.234 0.15 3.27271 0 2.11886 14.0625 0 -1.90361 0 0 -12.1055 
1.355 1.987 0.1765 4.54459 0 1.72016 1.87654 0 3.98013 0 0 -19.4925 1.234 0.15 3.28678 0 2.11694 14.0625 0 -1.91342 0 0 -12.1055 
1.356 1.987 0.1765 4.54646 0 1.72413 1.87654 0 3.97032 0 0 -19.4925 1.234 0.15 3.30084 0 2.11502 14.0625 0 -1.92323 0 0 -12.1055 
1.357 1.987 0.1765 4.54834 0 1.72809 1.87654 0 3.96051 0 0 -19.4925 1.234 0.15 3.3149 0 2.11309 14.0625 0 -1.93304 0 0 -12.1055 
1.358 1.987 0.1765 4.55022 0 1.73204 1.87654 0 3.9507 0 0 -19.4925 1.234 0.15 3.32896 0 2.11114 14.0625 0 -1.94285 0 0 -12.1055 
1.359 1.987 0.1765 4.55209 0 1.73599 1.87654 0 3.94089 0 0 -19.4925 1.234 0.15 3.34303 0 2.10919 14.0625 0 -1.95266 0 0 -12.1055 
1.36 1.987 0.1765 4.55397 0 1.73992 1.87654 0 3.93108 0 0 -19.4925 1.234 0.15 3.35709 0 2.10723 14.0625 0 -1.96247 0 0 -12.1055 
1.361 1.987 0.1765 4.55585 0 1.74384 1.87654 0 3.92127 0 0 -19.4925 1.234 0.15 3.37115 0 2.10526 14.0625 0 -1.97228 0 0 -12.1055 
1.362 1.987 0.1765 4.55772 0 1.74775 1.87654 0 3.91146 0 0 -19.4925 1.234 0.15 3.38521 0 2.10327 14.0625 0 -1.98209 0 0 -12.1055 
1.363 1.987 0.1765 4.5596 0 1.75165 1.87654 0 3.90165 0 0 -19.4925 1.234 0.15 3.39928 0 2.10128 14.0625 0 -1.9919 0 0 -12.1055 
1.364 1.987 0.1765 4.56148 0 1.75554 1.87654 0 3.89184 0 0 -19.4925 1.234 0.15 3.41334 0 2.09928 14.0625 0 -2.00171 0 0 -12.1055 
1.365 1.987 0.1765 4.56335 0 1.75943 1.87654 0 3.88203 0 0 -19.4925 1.234 0.15 3.4274 0 2.09727 14.0625 0 -2.01152 0 0 -12.1055 
1.366 1.987 0.1765 4.56523 0 1.7633 1.87654 0 3.87222 0 0 -19.4925 1.234 0.15 3.44146 0 2.09525 14.0625 0 -2.02133 0 0 -12.1055 
1.367 1.987 0.1765 4.56711 0 1.76716 1.87654 0 3.86241 0 0 -19.4925 1.234 0.15 3.45553 0 2.09322 14.0625 0 -2.03114 0 0 -12.1055 
1.368 1.987 0.1765 4.56898 0 1.77101 1.87654 0 3.8526 0 0 -19.4925 1.234 0.15 3.46959 0 2.09118 14.0625 0 -2.04095 0 0 -12.1055 
1.369 1.987 0.1765 4.57086 0 1.77486 1.87654 0 3.84279 0 0 -19.4925 1.234 0.15 3.48365 0 2.08912 14.0625 0 -2.05076 0 0 -12.1055 
1.37 1.987 0.1765 4.57274 0 1.77869 1.87654 0 3.83298 0 0 -19.4925 1.234 0.15 3.49771 0 2.08706 14.0625 0 -2.06057 0 0 -12.1055 
1.371 1.987 0.1765 4.57461 0 1.78251 1.87654 0 3.82317 0 0 -19.4925 1.234 0.15 3.51178 0 2.08499 14.0625 0 -2.07038 0 0 -12.1055 
1.372 1.987 0.1765 4.57649 0 1.78632 1.87654 0 3.81336 0 0 -19.4925 1.234 0.15 3.52584 0 2.08291 14.0625 0 -2.08019 0 0 -12.1055 
1.373 1.987 0.1765 4.57837 0 1.79013 1.87654 0 3.80355 0 0 -19.4925 1.234 0.15 3.5399 0 2.08082 14.0625 0 -2.09 0 0 -12.1055 
1.374 1.987 0.1765 4.58024 0 1.79392 1.87654 0 3.79374 0 0 -19.4925 1.234 0.15 3.55396 0 2.07872 14.0625 0 -2.09981 0 0 -12.1055 
1.375 1.987 0.1765 4.58212 0 1.79771 1.87654 0 3.78393 0 0 -19.4925 1.234 0.15 3.56803 0 2.07661 14.0625 0 -2.10962 0 0 -12.1055 
1.376 1.987 0.1765 4.584 0 1.80148 1.87654 0 3.77412 0 0 -19.4925 1.234 0.15 3.58209 0 2.07449 14.0625 0 -2.11943 0 0 -12.1055 
1.377 1.987 0.1765 4.58587 0 1.80524 1.87654 0 3.76431 0 0 -19.4925 1.234 0.15 3.59615 0 2.07237 14.0625 0 -2.12924 0 0 -12.1055 
1.378 1.987 0.1765 4.58775 0 1.809 1.87654 0 3.7545 0 0 -19.4925 1.234 0.15 3.61021 0 2.07023 14.0625 0 -2.13905 0 0 -12.1055 
1.379 1.987 0.1765 4.58963 0 1.81274 1.87654 0 3.74469 0 0 -19.4925 1.234 0.15 3.62428 0 2.06808 14.0625 0 -2.14886 0 0 -12.1055 
1.38 1.987 0.1765 4.5915 0 1.81648 1.87654 0 3.73488 0 0 -19.4925 1.234 0.15 3.63834 0 2.06592 14.0625 0 -2.15867 0 0 -12.1055 
1.381 1.987 0.1765 4.59338 0 1.8202 1.87654 0 3.72507 0 0 -19.4925 1.234 0.15 3.6524 0 2.06375 14.0625 0 -2.16848 0 0 -12.1055 
1.382 1.987 0.1765 4.59525 0 1.82392 1.87654 0 3.71526 0 0 -19.4925 1.234 0.15 3.66646 0 2.06157 14.0625 0 -2.17829 0 0 -12.1055 
1.383 1.987 0.1765 4.59713 0 1.82762 1.87654 0 3.70545 0 0 -19.4925 1.234 0.15 3.68053 0 2.05938 14.0625 0 -2.1881 0 0 -12.1055 
1.384 1.987 0.1765 4.59901 0 1.83132 1.87654 0 3.69564 0 0 -19.4925 1.234 0.15 3.69459 0 2.05719 14.0625 0 -2.19791 0 0 -12.1055 
1.385 1.987 0.1765 4.60088 0 1.83501 1.87654 0 3.68583 0 0 -19.4925 1.234 0.15 3.70865 0 2.05498 14.0625 0 -2.20772 0 0 -12.1055 
1.386 1.987 0.1765 4.60276 0 1.83868 1.87654 0 3.67602 0 0 -19.4925 1.234 0.15 3.72271 0 2.05276 14.0625 0 -2.21753 0 0 -12.1055 
1.387 1.987 0.1765 4.60464 0 1.84235 1.87654 0 3.66621 0 0 -19.4925 1.234 0.15 3.73678 0 2.05053 14.0625 0 -2.22734 0 0 -12.1055 
1.388 1.987 0.1765 4.60651 0 1.846 1.87654 0 3.6564 0 0 -19.4925 1.234 0.15 3.75084 0 2.0483 14.0625 0 -2.23715 0 0 -12.1055 
1.389 1.987 0.1765 4.60839 0 1.84965 1.87654 0 3.64659 0 0 -19.4925 1.234 0.15 3.7649 0 2.04605 14.0625 0 -2.24696 0 0 -12.1055 
1.39 1.987 0.1765 4.61027 0 1.85329 1.87654 0 3.63678 0 0 -19.4925 1.234 0.15 3.77896 0 2.04379 14.0625 0 -2.25677 0 0 -12.1055 
1.391 1.987 0.1765 4.61214 0 1.85691 1.87654 0 3.62697 0 0 -19.4925 1.234 0.15 3.79303 0 2.04153 14.0625 0 -2.26658 0 0 -12.1055 
1.392 1.987 0.1765 4.61402 0 1.86053 1.87654 0 3.61716 0 0 -19.4925 1.234 0.15 3.80709 0 2.03925 14.0625 0 -2.27639 0 0 -12.1055 
1.393 1.987 0.1765 4.6159 0 1.86414 1.87654 0 3.60735 0 0 -19.4925 1.234 0.15 3.82115 0 2.03696 14.0625 0 -2.2862 0 0 -12.1055 
1.394 1.987 0.1765 4.61777 0 1.86774 1.87654 0 3.59754 0 0 -19.4925 1.234 0.15 3.83521 0 2.03467 14.0625 0 -2.29601 0 0 -12.1055 
1.395 1.987 0.1765 4.61965 0 1.87132 1.87654 0 3.58773 0 0 -19.4925 1.234 0.15 3.84928 0 2.03236 14.0625 0 -2.30582 0 0 -12.1055 
1.396 1.987 0.1765 4.62153 0 1.8749 1.87654 0 3.57792 0 0 -19.4925 1.234 0.15 3.86334 0 2.03005 14.0625 0 -2.31563 0 0 -12.1055 
1.397 1.987 0.1765 4.6234 0 1.87847 1.87654 0 3.56811 0 0 -19.4925 1.234 0.15 3.8774 0 2.02772 14.0625 0 -2.32544 0 0 -12.1055 
1.398 1.987 0.1765 4.62528 0 1.88203 1.87654 0 3.5583 0 0 -19.4925 1.234 0.15 3.89146 0 2.02539 14.0625 0 -2.33525 0 0 -12.1055 
1.399 1.987 0.1765 4.62716 0 1.88558 1.87654 0 3.54849 0 0 -19.4925 1.234 0.15 3.90553 0 2.02304 14.0625 0 -2.34506 0 0 -12.1055 
1.4 1.987 0.1765 4.62903 0 1.88912 1.87654 0 3.53868 0 0 -19.4925 1.234 0.15 3.91959 0 2.02069 14.0625 0 -2.35487 0 0 -12.1055 
1.401 1.987 0.1765 4.63091 0 1.89264 1.87654 0 3.52887 0 0 -19.4925 1.234 0.15 3.93365 0 2.01832 14.0625 0 -2.36468 0 0 -12.1055 
1.402 1.987 0.1765 4.63279 0 1.89616 1.87654 0 3.51906 0 0 -19.4925 1.234 0.15 3.94771 0 2.01595 14.0625 0 -2.37449 0 0 -12.1055 
1.403 1.987 0.1765 4.63466 0 1.89967 1.87654 0 3.50925 0 0 -19.4925 1.234 0.15 3.96177 0 2.01356 14.0625 0 -2.3843 0 0 -12.1055 
1.404 1.987 0.1765 4.63654 0 1.90317 1.87654 0 3.49944 0 0 -19.4925 1.234 0.15 3.97584 0 2.01117 14.0625 0 -2.39411 0 0 -12.1055 
1.405 1.987 0.1765 4.63842 0 1.90666 1.87654 0 3.48963 0 0 -19.4925 1.234 0.15 3.9899 0 2.00876 14.0625 0 -2.40392 0 0 -12.1055 
1.406 1.987 0.1765 4.64029 0 1.91014 1.87654 0 3.47982 0 0 -19.4925 1.234 0.15 4.00396 0 2.00635 14.0625 0 -2.41373 0 0 -12.1055 
1.407 1.987 0.1765 4.64217 0 1.91361 1.87654 0 3.47001 0 0 -19.4925 1.234 0.15 4.01802 0 2.00393 14.0625 0 -2.42354 0 0 -12.1055 
1.408 1.987 0.1765 4.64404 0 1.91707 1.87654 0 3.4602 0 0 -19.4925 1.234 0.15 4.03209 0 2.00149 14.0625 0 -2.43335 0 0 -12.1055 
1.409 1.987 0.1765 4.64592 0 1.92052 1.87654 0 3.45039 0 0 -19.4925 1.234 0.15 4.04615 0 1.99905 14.0625 0 -2.44316 0 0 -12.1055 
1.41 1.987 0.1765 4.6478 0 1.92396 1.87654 0 3.44058 0 0 -19.4925 1.234 0.15 4.06021 0 1.9966 14.0625 0 -2.45297 0 0 -12.1055 
1.411 1.987 0.1765 4.64967 0 1.92739 1.87654 0 3.43077 0 0 -19.4925 1.234 0.15 4.07427 0 1.99413 14.0625 0 -2.46278 0 0 -12.1055 
1.412 1.987 0.1765 4.65155 0 1.93082 1.87654 0 3.42096 0 0 -19.4925 1.234 0.15 4.08834 0 1.99166 14.0625 0 -2.47259 0 0 -12.1055 
1.413 1.987 0.1765 4.65343 0 1.93423 1.87654 0 3.41115 0 0 -19.4925 1.234 0.15 4.1024 0 1.98918 14.0625 0 -2.4824 0 0 -12.1055 
1.414 1.987 0.1765 4.6553 0 1.93763 1.87654 0 3.40134 0 0 -19.4925 1.234 0.15 4.11646 0 1.98669 14.0625 0 -2.49221 0 0 -12.1055 
1.415 1.987 0.1765 4.65718 0 1.94102 1.87654 0 3.39153 0 0 -19.4925 1.234 0.15 4.13052 0 1.98419 14.0625 0 -2.50202 0 0 -12.1055 
1.416 1.987 0.1765 4.65906 0 1.9444 1.87654 0 3.38172 0 0 -19.4925 1.234 0.15 4.14459 0 1.98167 14.0625 0 -2.51183 0 0 -12.1055 
1.417 1.987 0.1765 4.66093 0 1.94777 1.87654 0 3.37191 0 0 -19.4925 1.234 0.15 4.15865 0 1.97915 14.0625 0 -2.52164 0 0 -12.1055 
1.418 1.987 0.1765 4.66281 0 1.95113 1.87654 0 3.3621 0 0 -19.4925 1.234 0.15 4.17271 0 1.97662 14.0625 0 -2.53145 0 0 -12.1055 
1.419 1.987 0.1765 4.66469 0 1.95449 1.87654 0 3.35229 0 0 -19.4925 1.234 0.15 4.18677 0 1.97408 14.0625 0 -2.54126 0 0 -12.1055 
1.42 1.987 0.1765 4.66656 0 1.95783 1.87654 0 3.34248 0 0 -19.4925 1.234 0.15 4.20084 0 1.97153 14.0625 0 -2.55107 0 0 -12.1055 
1.421 1.987 0.1765 4.66844 0 1.96116 1.87654 0 3.33267 0 0 -19.4925 1.234 0.15 4.2149 0 1.96897 14.0625 0 -2.56088 0 0 -12.1055 
1.422 1.987 0.1765 4.67032 0 1.96449 1.87654 0 3.32286 0 0 -19.4925 1.234 0.15 4.22896 0 1.9664 14.0625 0 -2.57069 0 0 -12.1055 
1.423 1.987 0.1765 4.67219 0 1.9678 1.87654 0 3.31305 0 0 -19.4925 1.234 0.15 4.24302 0 1.96382 14.0625 0 -2.5805 0 0 -12.1055 
1.424 1.987 0.1765 4.67407 0 1.9711 1.87654 0 3.30324 0 0 -19.4925 1.234 0.15 4.25709 0 1.96123 14.0625 0 -2.59031 0 0 -12.1055 
1.425 1.987 0.1765 4.67595 0 1.97439 1.87654 0 3.29343 0 0 -19.4925 1.234 0.15 4.27115 0 1.95863 14.0625 0 -2.60012 0 0 -12.1055 
1.426 1.987 0.1765 4.67782 0 1.97768 1.87654 0 3.28362 0 0 -19.4925 1.234 0.15 4.28521 0 1.95602 14.0625 0 -2.60993 0 0 -12.1055 
1.427 1.987 0.1765 4.6797 0 1.98095 1.87654 0 3.27381 0 0 -19.4925 1.234 0.15 4.29927 0 1.9534 14.0625 0 -2.61974 0 0 -12.1055 
1.428 1.987 0.1765 4.68158 0 1.98422 1.87654 0 3.264 0 0 -19.4925 1.234 0.15 4.31334 0 1.95077 14.0625 0 -2.62955 0 0 -12.1055 
1.429 1.987 0.1765 4.68345 0 1.98747 1.87654 0 3.25419 0 0 -19.4925 1.234 0.15 4.3274 0 1.94813 14.0625 0 -2.63936 0 0 -12.1055 
1.43 1.987 0.1765 4.68533 0 1.99071 1.87654 0 3.24438 0 0 -19.4925 1.234 0.15 4.34146 0 1.94548 14.0625 0 -2.64917 0 0 -12.1055 
1.431 1.987 0.1765 4.68721 0 1.99395 1.87654 0 3.23457 0 0 -19.4925 1.234 0.15 4.35552 0 1.94282 14.0625 0 -2.65898 0 0 -12.1055 
1.432 1.987 0.1765 4.68908 0 1.99717 1.87654 0 3.22476 0 0 -19.4925 1.234 0.15 4.36959 0 1.94015 14.0625 0 -2.66879 0 0 -12.1055 
1.433 1.987 0.1765 4.69097 0 2.00039 1.88451 0 3.21638 15.8443 0 -16.6645 1.234 0.15 4.38364 0 1.93747 14.0496 0 -2.68089 -15.8443 0 -14.9335 
1.434 1.987 0.1765 4.6929 0 2.00361 1.93643 0 3.2172 103.165 0 1.6292 1.234 0.15 4.3976 0 1.93476 13.966 0 -2.70782 -103.165 0 -33.2272 
1.435 1.987 0.1765 4.69493 0 2.00684 2.03034 0 3.22928 186.6 0 24.0116 1.234 0.15 4.41142 0 1.93201 13.8148 0 -2.75288 -186.6 0 -55.6097 
1.436 1.987 0.1765 4.6971 0 2.01009 2.16361 0 3.25464 264.802 0 50.3969 1.234 0.15 4.42502 0 1.92919 13.6002 0 -2.81933 -264.802 0 -81.9949 
1.437 1.987 0.1765 4.69943 0 2.01339 2.33293 0 3.29518 336.444 0 80.549 1.234 0.15 4.43834 0 1.92628 13.3276 0 -2.91021 -336.444 0 -112.147 
1.438 1.987 0.1765 4.70196 0 2.01674 2.53437 0 3.35258 400.26 0 114.05 1.234 0.15 4.45135 0 1.92325 13.0032 0 -3.02824 -400.26 0 -145.648 
1.439 1.987 0.1765 4.70473 0 2.02017 2.7634 0 3.42821 455.081 0 150.269 1.234 0.15 4.46398 0 1.92007 12.6344 0 -3.17562 -455.081 0 -181.867 
1.44 1.987 0.1765 4.70774 0 2.02369 3.01498 0 3.52299 499.886 0 188.341 1.234 0.15 4.47621 0 1.91672 12.2293 0 -3.35385 -499.886 0 -219.939 
1.441 1.987 0.1765 4.71103 0 2.02733 3.28366 0 3.63732 533.866 0 227.159 1.234 0.15 4.48801 0 1.91316 11.7967 0 -3.56354 -533.866 0 -258.757 
1.442 1.987 0.1765 4.71459 0 2.0311 3.56372 0 3.77088 556.478 0 265.388 1.234 0.15 4.49935 0 1.90935 11.3457 0 -3.80421 -556.478 0 -296.986 
1.443 1.987 0.1765 4.71844 0 2.03502 3.84933 0 3.92262 567.504 0 301.51 1.234 0.15 4.51024 0 1.90528 10.8859 0 -4.07415 -567.504 0 -333.108 
1.444 1.987 0.1765 4.72257 0 2.03911 4.13473 0 4.09066 567.083 0 333.893 1.234 0.15 4.52067 0 1.90091 10.4263 0 -4.37034 -567.083 0 -365.491 
1.445 1.987 0.1765 4.72699 0 2.04338 4.41441 0 4.27229 555.723 0 360.893 1.234 0.15 4.53064 0 1.89622 9.97597 0 -4.6884 -555.723 0 -392.491 
1.446 1.987 0.1765 4.73167 0 2.04785 4.68329 0 4.46401 534.279 0 380.957 1.234 0.15 4.54019 0 1.8912 9.543 0 -5.02272 -534.279 0 -412.555 
1.447 1.987 0.1765 4.73661 0 2.05251 4.93689 0 4.66166 503.898 0 392.735 1.234 0.15 4.54932 0 1.88583 9.13465 0 -5.36659 -503.898 0 -424.333 
1.448 1.987 0.1765 4.74178 0 2.05737 5.17138 0 4.86054 465.934 0 395.169 1.234 0.15 4.55808 0 1.88012 8.75707 0 -5.71243 -465.934 0 -426.767 
1.449 1.987 0.1765 4.74716 0 2.06243 5.38369 0 5.05558 421.86 0 387.554 1.234 0.15 4.56649 0 1.87407 8.41521 0 -6.0521 -421.86 0 -419.152 
1.45 1.987 0.1765 4.75274 0 2.06767 5.5715 0 5.24157 373.169 0 369.556 1.234 0.15 4.5746 0 1.86769 8.1128 0 -6.37719 -373.169 0 -401.155 
1.451 1.987 0.1765 4.75847 0 2.07308 5.7332 0 5.41329 321.297 0 341.213 1.234 0.15 4.58246 0 1.86101 7.85243 0 -6.6793 -321.297 0 -372.811 
1.452 1.987 0.1765 4.76434 0 2.07865 5.86785 0 5.56573 267.564 0 302.889 1.234 0.15 4.59009 0 1.85406 7.63561 0 -6.95036 -267.564 0 -334.487 
1.453 1.987 0.1765 4.77031 0 2.08434 5.97512 0 5.69418 213.14 0 255.23 1.234 0.15 4.59756 0 1.84688 7.46288 0 -7.1828 -213.14 0 -286.828 
1.454 1.987 0.1765 4.77637 0 2.09014 6.05516 0 5.79438 159.03 0 199.105 1.234 0.15 4.60489 0 1.83951 7.33401 0 -7.36975 -159.03 0 -230.703 
1.455 1.987 0.1765 4.78247 0 2.096 6.10854 0 5.8626 106.078 0 135.55 1.234 0.15 4.61214 0 1.832 7.24805 0 -7.50521 -106.078 0 -167.148 
1.456 1.987 0.1765 4.78861 0 2.10189 6.13621 0 5.89567 54.9785 0 65.7158 1.234 0.15 4.61934 0 1.82442 7.20349 0 -7.58407 -54.9785 0 -97.3138 
1.457 1.987 0.1765 4.79475 0 2.10778 6.13938 0 5.89106 6.29729 0 -9.16962 1.234 0.15 4.62654 0 1.81682 7.19839 0 -7.60224 -6.29729 0 -22.4284 
1.458 1.987 0.1765 4.80089 0 2.11367 6.13938 0 5.88125 0 0 -19.4925 1.234 0.15 4.63374 0 1.8092 7.19839 0 -7.61205 0 0 -12.1055 
1.459 1.987 0.1765 4.80703 0 2.11954 6.13938 0 5.87144 0 0 -19.4925 1.234 0.15 4.64094 0 1.80158 7.19839 0 -7.62186 0 0 -12.1055 
1.46 1.987 0.1765 4.81315 0 2.1254 6.11896 0 5.86163 -40.5699 0 -19.4925 1.234 0.15 4.64813 0 1.79395 7.19839 0 -7.63167 0 0 -12.1055 
1.461 1.987 0.1765 4.81922 0 2.13125 6.0732 0 5.85182 -90.9317 0 -19.4925 1.234 0.15 4.65533 0 1.78631 7.19839 0 -7.64148 0 0 -12.1055 
1.462 1.987 0.1765 4.82522 0 2.13709 6.00228 0 5.84201 -140.917 0 -19.4925 1.234 0.15 4.66253 0 1.77866 7.19839 0 -7.65129 0 0 -12.1055 
1.463 1.987 0.1765 4.83113 0 2.14293 5.9065 0 5.8322 -190.318 0 -19.4925 1.234 0.15 4.66973 0 1.771 7.19839 0 -7.6611 0 0 -12.1055 
1.464 1.987 0.1765 4.83692 0 2.14875 5.78625 0 5.82239 -238.932 0 -19.4925 1.234 0.15 4.67693 0 1.76333 7.19839 0 -7.67091 0 0 -12.1055 
1.465 1.987 0.1765 4.84256 0 2.15456 5.64204 0 5.81258 -286.555 0 -19.4925 1.234 0.15 4.68413 0 1.75564 7.19839 0 -7.68072 0 0 -12.1055 
1.466 1.987 0.1765 4.84803 0 2.16036 5.47445 0 5.80277 -332.992 0 -19.4925 1.234 0.15 4.69133 0 1.74795 7.19839 0 -7.69053 0 0 -12.1055 
1.467 1.987 0.1765 4.85332 0 2.16616 5.28419 0 5.79296 -378.049 0 -19.4925 1.234 0.15 4.69852 0 1.74025 7.19839 0 -7.70034 0 0 -12.1055 
1.468 1.987 0.1765 4.85839 0 2.17194 5.07204 0 5.78315 -421.54 0 -19.4925 1.234 0.15 4.70572 0 1.73254 7.19839 0 -7.71015 0 0 -12.1055 
1.469 1.987 0.1765 4.86323 0 2.17771 4.83888 0 5.77334 -463.285 0 -19.4925 1.234 0.15 4.71292 0 1.72482 7.19839 0 -7.71996 0 0 -12.1055 
1.47 1.987 0.1765 4.86781 0 2.18348 4.58568 0 5.76353 -503.112 0 -19.4925 1.234 0.15 4.72012 0 1.71709 7.19839 0 -7.72977 0 0 -12.1055 
1.471 1.987 0.1765 4.87213 0 2.18923 4.31348 0 5.75372 -540.854 0 -19.4925 1.234 0.15 4.72732 0 1.70935 7.19839 0 -7.73958 0 0 -12.1055 
1.472 1.987 0.1765 4.87615 0 2.19497 4.02342 0 5.74391 -576.356 0 -19.4925 1.234 0.15 4.73452 0 1.7016 7.19839 0 -7.74939 0 0 -12.1055 
1.473 1.987 0.1765 4.87987 0 2.20071 3.71669 0 5.7341 -609.47 0 -19.4925 1.234 0.15 4.74171 0 1.69385 7.19839 0 -7.7592 0 0 -12.1055 
1.474 1.987 0.1765 4.88326 0 2.20643 3.39457 0 5.72429 -640.06 0 -19.4925 1.234 0.15 4.74891 0 1.68608 7.19839 0 -7.76901 0 0 -12.1055 
1.475 1.987 0.1765 4.88632 0 2.21215 3.05838 0 5.71448 -667.999 0 -19.4925 1.234 0.15 4.75611 0 1.6783 7.19839 0 -7.77882 0 0 -12.1055 
1.476 1.987 0.1765 4.88903 0 2.21785 2.70953 0 5.70467 -693.171 0 -19.4925 1.234 0.15 4.76331 0 1.67051 7.19839 0 -7.78863 0 0 -12.1055 
1.477 1.987 0.1765 4.89138 0 2.22355 2.34945 0 5.69486 -715.472 0 -19.4925 1.234 0.15 4.77051 0 1.66271 7.19839 0 -7.79844 0 0 -12.1055 
1.478 1.987 0.1765 4.89336 0 2.22923 1.97965 0 5.68505 -734.809 0 -19.4925 1.234 0.15 4.77771 0 1.6549 7.19839 0 -7.80825 0 0 -12.1055 
1.479 1.987 0.1765 4.89496 0 2.23491 1.60164 0 5.67524 -751.102 0 -19.4925 1.234 0.15 4.7849 0 1.64708 7.19839 0 -7.81806 0 0 -12.1055 
1.48 1.987 0.1765 4.89618 0 2.24057 1.217 0 5.66543 -764.285 0 -19.4925 1.234 0.15 4.7921 0 1.63926 7.19839 0 -7.82787 0 0 -12.1055 
1.481 1.987 0.1765 4.897 0 2.24623 0.827312 0 5.65562 -774.301 0 -19.4925 1.234 0.15 4.7993 0 1.63142 7.19839 0 -7.83768 0 0 -12.1055 
1.482 1.987 0.1765 4.89744 0 2.25187 0.434201 0 5.64581 -781.11 0 -19.4925 1.234 0.15 4.8065 0 1.62357 7.19839 0 -7.84749 0 0 -12.1055 
1.483 1.987 0.1765 4.89748 0 2.25751 0.0392927 0 5.636 -784.684 0 -19.4925 1.234 0.15 4.8137 0 1.61571 7.19839 0 -7.8573 0 0 -12.1055 
1.484 1.987 0.1765 4.89712 0 2.26314 -0.355779 0 5.62619 -785.007 0 -19.4925 1.234 0.15 4.8209 0 1.60785 7.19839 0 -7.86711 0 0 -12.1055 
1.485 1.987 0.1765 4.89637 0 2.26875 -0.749377 0 5.61638 -782.079 0 -19.4925 1.234 0.15 4.82809 0 1.59997 7.19839 0 -7.87692 0 0 -12.1055 
1.486 1.987 0.1765 4.89523 0 2.27436 -1.13987 0 5.60657 -775.911 0 -19.4925 1.234 0.15 4.83529 0 1.59208 7.19839 0 -7.88673 0 0 -12.1055 
1.487 1.987 0.1765 4.89371 0 2.27995 -1.52564 0 5.59676 -766.53 0 -19.4925 1.234 0.15 4.84245 0 1.58419 7.15375 0 -7.89654 -55.0873 0 -12.1055 
1.488 1.987 0.1765 4.8918 0 2.28554 -1.9051 0 5.58695 -753.973 0 -19.4925 1.234 0.15 4.84951 0 1.57628 7.0614 0 -7.90635 -113.966 0 -12.1055 
1.489 1.987 0.1765 4.88953 0 2.29112 -2.27666 0 5.57714 -738.293 0 -19.4925 1.234 0.15 4.85643 0 1.56836 6.92194 0 -7.91616 -172.084 0 -12.1055 
1.49 1.987 0.1765 4.88689 0 2.29669 -2.63879 0 5.56733 -719.555 0 -19.4925 1.234 0.15 4.86317 0 1.56044 6.73632 0 -7.92597 -229.055 0 -12.1055 
1.491 1.987 0.1765 4.8839 0 2.30224 -2.98999 0 5.55752 -697.837 0 -19.4925 1.234 0.15 4.86967 0 1.5525 6.50577 0 -7.93578 -284.498 0 -12.1055 
1.492 1.987 0.1765 4.88057 0 2.30779 -3.32881 0 5.54771 -673.228 0 -19.4925 1.234 0.15 4.8759 0 1.54456 6.23183 0 -7.94559 -338.044 0 -12.1055 
1.493 1.987 0.1765 4.87691 0 2.31333 -3.65383 0 5.5379 -645.83 0 -19.4925 1.234 0.15 4.88182 0 1.5366 5.91633 0 -7.9554 -389.335 0 -12.1055 
1.494 1.987 0.1765 4.87295 0 2.31886 -3.96373 0 5.52809 -615.757 0 -19.4925 1.234 0.15 4.88738 0 1.52864 5.56136 0 -7.96521 -438.029 0 -12.1055 
1.495 1.987 0.1765 4.86869 0 2.32438 -4.2572 0 5.51828 -583.134 0 -19.4925 1.234 0.15 4.89255 0 1.52066 5.1693 0 -7.97502 -483.801 0 -12.1055 
1.496 1.987 0.1765 4.86416 0 2.32988 -4.53304 0 5.50847 -548.095 0 -19.4925 1.234 0.15 4.89729 0 1.51268 4.74276 0 -7.98483 -526.347 0 -12.1055 
1.497 1.987 0.1765 4.85937 0 2.33538 -4.79011 0 5.49866 -510.786 0 -19.4925 1.234 0.15 4.90158 0 1.50468 4.28459 0 -7.99464 -565.382 0 -12.1055 
1.498 1.987 0.1765 4.85434 0 2.34087 -5.02733 0 5.48885 -471.362 0 -19.4925 1.234 0.15 4.90538 0 1.49668 3.79785 0 -8.00445 -600.646 0 -12.1055 
1.499 1.987 0.1765 4.8491 0 2.34635 -5.24373 0 5.47904 -429.984 0 -19.4925 1.234 0.15 4.90866 0 1.48866 3.28577 0 -8.01426 -631.904 0 -12.1055 
1.5 1.987 0.1765 4.84366 0 2.35182 -5.43841 0 5.46923 -386.826 0 -19.4925 1.234 0.15 4.91141 0 1.48064 2.75177 0 -8.02407 -658.947 0 -12.1055 
1.501 1.987 0.1765 4.83805 0 2.35728 -5.61056 0 5.45942 -342.066 0 -19.4925 1.234 0.15 4.91361 0 1.47261 2.19943 0 -8.03388 -681.596 0 -12.1055 
1.502 1.987 0.1765 4.83229 0 2.36273 -5.75947 0 5.44961 -295.888 0 -19.4925 1.234 0.15 4.91525 0 1.46456 1.63241 0 -8.04369 -699.698 0 -12.1055 
1.503 1.987 0.1765 4.82641 0 2.36817 -5.88453 0 5.4398 -248.485 0 -19.4925 1.234 0.15 4.9163 0 1.45651 1.05451 0 -8.0535 -713.134 0 -12.1055 
1.504 1.987 0.1765 4.82042 0 2.3736 -5.98521 0 5.42999 -200.053 0 -19.4925 1.234 0.15 4.91677 0 1.44844 0.46957 0 -8.06331 -721.813 0 -12.1055 
1.505 1.987 0.1765 4.81436 0 2.37902 -6.0611 0 5.42018 -150.792 0 -19.4925 1.234 0.15 4.91665 0 1.44037 -0.118499 0 -8.07312 -725.677 0 -12.1055 
1.506 1.987 0.1765 4.80825 0 2.38443 -6.11188 0 5.41037 -100.906 0 -19.4925 1.234 0.15 4.91595 0 1.43229 -0.705778 0 -8.08293 -724.702 0 -12.1055 
1.507 1.987 0.1765 4.80211 0 2.38983 -6.13735 0 5.40056 -50.6026 0 -19.4925 1.234 0.15 4.91466 0 1.4242 -1.28835 0 -8.09274 -718.893 0 -12.1055 
1.508 1.987 0.1765 4.79597 0 2.39522 -6.13739 0 5.39075 -0.0894306 0 -19.4925 1.234 0.15 4.91279 0 1.41609 -1.86233 0 -8.10255 -708.29 0 -12.1055 
1.509 1.987 0.1765 4.78984 0 2.4006 -6.13739 0 5.38094 0 0 -19.4925 1.234 0.15 4.91037 0 1.40798 -2.42389 0 -8.11236 -692.962 0 -12.1055 
1.51 1.987 0.1765 4.7837 0 2.40597 -6.13739 0 5.37113 0 0 -19.4925 1.234 0.15 4.9074 0 1.39986 -2.96928 0 -8.12217 -673.012 0 -12.1055 
1.511 1.987 0.1765 4.77756 0 2.41133 -6.13739 0 5.36132 0 0 -19.4925 1.234 0.15 4.90391 0 1.39173 -3.49486 0 -8.13198 -648.574 0 -12.1055 
1.512 1.987 0.1765 4.77142 0 2.41669 -6.13739 0 5.35151 0 0 -19.4925 1.234 0.15 4.89991 0 1.38359 -3.99714 0 -8.14179 -619.809 0 -12.1055 
1.513 1.987 0.1765 4.76529 0 2.42203 -6.13739 0 5.3417 0 0 -19.4925 1.234 0.15 4.89544 0 1.37543 -4.47276 0 -8.1516 -586.911 0 -12.1055 
1.514 1.987 0.1765 4.75915 0 2.42736 -6.13739 0 5.33189 0 0 -19.4925 1.234 0.15 4.89052 0 1.36727 -4.91854 0 -8.16141 -550.098 0 -12.1055 
1.515 1.987 0.1765 4.75301 0 2.43268 -6.13739 0 5.32208 0 0 -19.4925 1.234 0.15 4.88519 0 1.3591 -5.33152 0 -8.17122 -509.616 0 -12.1055 
1.516 1.987 0.1765 4.74687 0 2.43799 -6.13739 0 5.31227 0 0 -19.4925 1.234 0.15 4.87948 0 1.35092 -5.70894 0 -8.18103 -465.735 0 -12.1055 
1.517 1.987 0.1765 4.74074 0 2.4433 -6.13739 0 5.30246 0 0 -19.4925 1.234 0.15 4.87343 0 1.34273 -6.04828 0 -8.19084 -418.748 0 -12.1055 
1.518 1.987 0.1765 4.7346 0 2.44859 -6.13739 0 5.29265 0 0 -19.4925 1.234 0.15 4.86708 0 1.33453 -6.34728 0 -8.20065 -368.968 0 -12.1055 
1.519 1.987 0.1765 4.72846 0 2.45387 -6.13739 0 5.28284 0 0 -19.4925 1.234 0.15 4.86048 0 1.32632 -6.60395 0 -8.21046 -316.727 0 -12.1055 
1.52 1.987 0.1765 4.72232 0 2.45914 -6.13739 0 5.27303 0 0 -19.4925 1.234 0.15 4.85366 0 1.3181 -6.81657 0 -8.22027 -262.374 0 -12.1055 
1.521 1.987 0.1765 4.71619 0 2.46441 -6.13739 0 5.26322 0 0 -19.4925 1.234 0.15 4.84668 0 1.30987 -6.98373 0 -8.23008 -206.27 0 -12.1055 
1.522 1.987 0.1765 4.71005 0 2.46966 -6.13739 0 5.25341 0 0 -19.4925 1.234 0.15 4.83957 0 1.30163 -7.1043 0 -8.23989 -148.791 0 -12.1055 
1.523 1.987 0.1765 4.70391 0 2.4749 -6.13739 0 5.2436 0 0 -19.4925 1.234 0.15 4.8324 0 1.29338 -7.17749 0 -8.2497 -90.3192 0 -12.1055 
1.524 1.987 0.1765 4.69778 0 2.48014 -6.13739 0 5.23379 0 0 -19.4925 1.234 0.15 4.82519 0 1.28512 -7.20281 0 -8.25951 -31.2452 0 -12.1055 
1.525 1.987 0.1765 4.69164 0 2.48536 -6.13739 0 5.22398 0 0 -19.4925 1.234 0.15 4.81799 0 1.27685 -7.20281 0 -8.26932 0 0 -12.1055 
1.526 1.987 0.1765 4.6855 0 2.49058 -6.13739 0 5.21417 0 0 -19.4925 1.234 0.15 4.81079 0 1.26857 -7.20281 0 -8.27913 0 0 -12.1055 
1.527 1.987 0.1765 4.67936 0 2.49578 -6.13739 0 5.20436 0 0 -19.4925 1.234 0.15 4.80359 0 1.26028 -7.20281 0 -8.28894 0 0 -12.1055 
1.528 1.987 0.1765 4.67323 0 2.50098 -6.13739 0 5.19455 0 0 -19.4925 1.234 0.15 4.79638 0 1.25198 -7.20281 0 -8.29875 0 0 -12.1055 
1.529 1.987 0.1765 4.66709 0 2.50616 -6.13739 0 5.18474 0 0 -19.4925 1.234 0.15 4.78918 0 1.24367 -7.20281 0 -8.30856 0 0 -12.1055 
1.53 1.987 0.1765 4.66095 0 2.51134 -6.13739 0 5.17493 0 0 -19.4925 1.234 0.15 4.78198 0 1.23536 -7.20281 0 -8.31837 0 0 -12.1055 
1.531 1.987 0.1765 4.65481 0 2.5165 -6.13739 0 5.16512 0 0 -19.4925 1.234 0.15 4.77477 0 1.22703 -7.20281 0 -8.32818 0 0 -12.1055 
1.532 1.987 0.1765 4.64868 0 2.52166 -6.13739 0 5.15531 0 0 -19.4925 1.234 0.15 4.76757 0 1.21869 -7.20281 0 -8.33799 0 0 -12.1055 
1.533 1.987 0.1765 4.64254 0 2.5268 -6.13739 0 5.1455 0 0 -19.4925 1.234 0.15 4.76037 0 1.21034 -7.20281 0 -8.3478 0 0 -12.1055 
1.534 1.987 0.1765 4.6364 0 2.53194 -6.13739 0 5.13569 0 0 -19.4925 1.234 0.15 4.75317 0 1.20198 -7.20281 0 -8.35761 0 0 -12.1055 
1.535 1.987 0.1765 4.63026 0 2.53706 -6.13739 0 5.12588 0 0 -19.4925 1.234 0.15 4.74596 0 1.19362 -7.20281 0 -8.36742 0 0 -12.1055 
1.536 1.987 0.1765 4.62413 0 2.54218 -6.13739 0 5.11607 0 0 -19.4925 1.234 0.15 4.73876 0 1.18524 -7.20281 0 -8.37723 0 0 -12.1055 
1.537 1.987 0.1765 4.61799 0 2.54729 -6.13739 0 5.10626 0 0 -19.4925 1.234 0.15 4.73156 0 1.17685 -7.20281 0 -8.38704 0 0 -12.1055 
1.538 1.987 0.1765 4.61185 0 2.55238 -6.13739 0 5.09645 0 0 -19.4925 1.234 0.15 4.72435 0 1.16846 -7.20281 0 -8.39685 0 0 -12.1055 
1.539 1.987 0.1765 4.60571 0 2.55747 -6.13739 0 5.08664 0 0 -19.4925 1.234 0.15 4.71715 0 1.16005 -7.20281 0 -8.40666 0 0 -12.1055 
1.54 1.987 0.1765 4.59958 0 2.56255 -6.13739 0 5.07683 0 0 -19.4925 1.234 0.15 4.70995 0 1.15163 -7.20281 0 -8.41647 0 0 -12.1055 
1.541 1.987 0.1765 4.59344 0 2.56761 -6.13739 0 5.06702 0 0 -19.4925 1.234 0.15 4.70275 0 1.14321 -7.20281 0 -8.42628 0 0 -12.1055 
1.542 1.987 0.1765 4.5873 0 2.57267 -6.13739 0 5.05721 0 0 -19.4925 1.234 0.15 4.69554 0 1.13477 -7.20281 0 -8.43609 0 0 -12.1055 
1.543 1.987 0.1765 4.58116 0 2.57772 -6.13739 0 5.0474 0 0 -19.4925 1.234 0.15 4.68834 0 1.12632 -7.20281 0 -8.4459 0 0 -12.1055 
1.544 1.987 0.1765 4.57503 0 2.58275 -6.13739 0 5.03759 0 0 -19.4925 1.234 0.15 4.68114 0 1.11787 -7.20281 0 -8.45571 0 0 -12.1055 
1.545 1.987 0.1765 4.56889 0 2.58778 -6.13739 0 5.02778 0 0 -19.4925 1.234 0.15 4.67393 0 1.1094 -7.20281 0 -8.46552 0 0 -12.1055 
1.546 1.987 0.1765 4.56275 0 2.5928 -6.13739 0 5.01797 0 0 -19.4925 1.234 0.15 4.66673 0 1.10093 -7.20281 0 -8.47533 0 0 -12.1055 
1.547 1.987 0.1765 4.55662 0 2.59781 -6.13739 0 5.00816 0 0 -19.4925 1.234 0.15 4.65953 0 1.09244 -7.20281 0 -8.48514 0 0 -12.1055 
1.548 1.987 0.1765 4.55048 0 2.60281 -6.13739 0 4.99835 0 0 -19.4925 1.234 0.15 4.65233 0 1.08395 -7.20281 0 -8.49495 0 0 -12.1055 
1.549 1.987 0.1765 4.54434 0 2.6078 -6.13739 0 4.98854 0 0 -19.4925 1.234 0.15 4.64512 0 1.07544 -7.20281 0 -8.50476 0 0 -12.1055 
1.55 1.987 0.1765 4.5382 0 2.61277 -6.13739 0 4.97873 0 0 -19.4925 1.234 0.15 4.63792 0 1.06693 -7.20281 0 -8.51457 0 0 -12.1055 
1.551 1.987 0.1765 4.53207 0 2.61774 -6.13739 0 4.96892 0 0 -19.4925 1.234 0.15 4.63072 0 1.0584 -7.20281 0 -8.52438 0 0 -12.1055 
1.552 1.987 0.1765 4.52593 0 2.6227 -6.13739 0 4.95911 0 0 -19.4925 1.234 0.15 4.62351 0 1.04987 -7.20281 0 -8.53419 0 0 -12.1055 
1.553 1.987 0.1765 4.51979 0 2.62765 -6.13739 0 4.9493 0 0 -19.4925 1.234 0.15 4.61631 0 1.04133 -7.20281 0 -8.544 0 0 -12.1055 
1.554 1.987 0.1765 4.51365 0 2.63259 -6.13739 0 4.93949 0 0 -19.4925 1.234 0.15 4.60911 0 1.03277 -7.20281 0 -8.55381 0 0 -12.1055 
1.555 1.987 0.1765 4.50752 0 2.63752 -6.13739 0 4.92968 0 0 -19.4925 1.234 0.15 4.60191 0 1.02421 -7.20281 0 -8.56362 0 0 -12.1055 
1.556 1.987 0.1765 4.50138 0 2.64244 -6.13739 0 4.91987 0 0 -19.4925 1.234 0.15 4.5947 0 1.01563 -7.20281 0 -8.57343 0 0 -12.1055 
1.557 1.987 0.1765 4.49524 0 2.64735 -6.13739 0 4.91006 0 0 -19.4925 1.234 0.15 4.5875 0 1.00705 -7.20281 0 -8.58324 0 0 -12.1055 
1.558 1.987 0.1765 4.4891 0 2.65225 -6.13739 0 4.90025 0 0 -19.4925 1.234 0.15 4.5803 0 0.998458 -7.20281 0 -8.59305 0 0 -12.1055 
1.559 1.987 0.1765 4.48297 0 2.65714 -6.13739 0 4.89044 0 0 -19.4925 1.234 0.15 4.57309 0 0.989855 -7.20281 0 -8.60286 0 0 -12.1055 
1.56 1.987 0.1765 4.47683 0 2.66202 -6.13739 0 4.88063 0 0 -19.4925 1.234 0.15 4.56589 0 0.981243 -7.20281 0 -8.61267 0 0 -12.1055 
1.561 1.987 0.1765 4.47069 0 2.66689 -6.13739 0 4.87082 0 0 -19.4925 1.234 0.15 4.55869 0 0.97262 -7.20281 0 -8.62248 0 0 -12.1055 
1.562 1.987 0.1765 4.46455 0 2.67175 -6.13739 0 4.86101 0 0 -19.4925 1.234 0.15 4.55149 0 0.963988 -7.20281 0 -8.63229 0 0 -12.1055 
1.563 1.987 0.1765 4.45842 0 2.6766 -6.13739 0 4.8512 0 0 -19.4925 1.234 0.15 4.54428 0 0.955346 -7.20281 0 -8.6421 0 0 -12.1055 
1.564 1.987 0.1765 4.45228 0 2.68145 -6.13739 0 4.84139 0 0 -19.4925 1.234 0.15 4.53708 0 0.946694 -7.20281 0 -8.65191 0 0 -12.1055 
1.565 1.987 0.1765 4.44614 0 2.68628 -6.13739 0 4.83158 0 0 -19.4925 1.234 0.15 4.52988 0 0.938032 -7.20281 0 -8.66172 0 0 -12.1055 
1.566 1.987 0.1765 4.44 0 2.6911 -6.13739 0 4.82177 0 0 -19.4925 1.234 0.15 4.52268 0 0.92936 -7.20281 0 -8.67153 0 0 -12.1055 
1.567 1.987 0.1765 4.43387 0 2.69591 -6.13739 0 4.81196 0 0 -19.4925 1.234 0.15 4.51547 0 0.920679 -7.20281 0 -8.68134 0 0 -12.1055 
1.568 1.987 0.1765 4.42773 0 2.70071 -6.13739 0 4.80215 0 0 -19.4925 1.234 0.15 4.50827 0 0.911988 -7.20281 0 -8.69115 0 0 -12.1055 
1.569 1.987 0.1765 4.42159 0 2.70551 -6.13739 0 4.79234 0 0 -19.4925 1.234 0.15 4.50107 0 0.903287 -7.20281 0 -8.70096 0 0 -12.1055 
1.57 1.987 0.1765 4.41546 0 2.71029 -6.13739 0 4.78253 0 0 -19.4925 1.234 0.15 4.49386 0 0.894576 -7.20281 0 -8.71077 0 0 -12.1055 
1.571 1.987 0.1765 4.40932 0 2.71506 -6.13739 0 4.77272 0 0 -19.4925 1.234 0.15 4.48666 0 0.885856 -7.20281 0 -8.72058 0 0 -12.1055 
1.572 1.987 0.1765 4.40318 0 2.71982 -6.13739 0 4.76291 0 0 -19.4925 1.234 0.15 4.47946 0 0.877125 -7.20281 0 -8.73039 0 0 -12.1055 
1.573 1.987 0.1765 4.39704 0 2.72458 -6.13739 0 4.7531 0 0 -19.4925 1.234 0.15 4.47226 0 0.868385 -7.20281 0 -8.7402 0 0 -12.1055 
1.574 1.987 0.1765 4.39091 0 2.72932 -6.13739 0 4.74329 0 0 -19.4925 1.234 0.15 4.46505 0 0.859635 -7.20281 0 -8.75001 0 0 -12.1055 
1.575 1.987 0.1765 4.38477 0 2.73405 -6.13739 0 4.73348 0 0 -19.4925 1.234 0.15 4.45785 0 0.850875 -7.20281 0 -8.75982 0 0 -12.1055 
1.576 1.987 0.1765 4.37863 0 2.73878 -6.13739 0 4.72367 0 0 -19.4925 1.234 0.15 4.45065 0 0.842106 -7.20281 0 -8.76963 0 0 -12.1055 
1.577 1.987 0.1765 4.37249 0 2.74349 -6.13739 0 4.71386 0 0 -19.4925 1.234 0.15 4.44344 0 0.833326 -7.20281 0 -8.77944 0 0 -12.1055 
1.578 1.987 0.1765 4.36636 0 2.7482 -6.13739 0 4.70405 0 0 -19.4925 1.234 0.15 4.43624 0 0.824537 -7.20281 0 -8.78925 0 0 -12.1055 
1.579 1.987 0.1765 4.36022 0 2.75289 -6.13739 0 4.69424 0 0 -19.4925 1.234 0.15 4.42904 0 0.815738 -7.20281 0 -8.79906 0 0 -12.1055 
1.58 1.987 0.1765 4.35408 0 2.75757 -6.13739 0 4.68443 0 0 -19.4925 1.234 0.15 4.42184 0 0.806929 -7.20281 0 -8.80887 0 0 -12.1055 
1.581 1.987 0.1765 4.34794 0 2.76225 -6.13739 0 4.67462 0 0 -19.4925 1.234 0.15 4.41463 0 0.79811 -7.20281 0 -8.81868 0 0 -12.1055 
1.582 1.987 0.1765 4.34181 0 2.76691 -6.13739 0 4.66481 0 0 -19.4925 1.234 0.15 4.40743 0 0.789282 -7.20281 0 -8.82849 0 0 -12.1055 
1.583 1.987 0.1765 4.33567 0 2.77157 -6.13739 0 4.655 0 0 -19.4925 1.234 0.15 4.40023 0 0.780444 -7.20281 0 -8.8383 0 0 -12.1055 
1.584 1.987 0.1765 4.32953 0 2.77621 -6.13739 0 4.64519 0 0 -19.4925 1.234 0.15 4.39302 0 0.771595 -7.20281 0 -8.84811 0 0 -12.1055 
1.585 1.987 0.1765 4.32339 0 2.78085 -6.13739 0 4.63538 0 0 -19.4925 1.234 0.15 4.38582 0 0.762738 -7.20281 0 -8.85792 0 0 -12.1055 
1.586 1.987 0.1765 4.31726 0 2.78547 -6.13739 0 4.62557 0 0 -19.4925 1.234 0.15 4.37862 0 0.75387 -7.20281 0 -8.86773 0 0 -12.1055 
1.587 1.987 0.1765 4.31112 0 2.79009 -6.13739 0 4.61576 0 0 -19.4925 1.234 0.15 4.37142 0 0.744992 -7.20281 0 -8.87754 0 0 -12.1055 
1.588 1.987 0.1765 4.30498 0 2.7947 -6.13739 0 4.60595 0 0 -19.4925 1.234 0.15 4.36421 0 0.736105 -7.20281 0 -8.88735 0 0 -12.1055 
1.589 1.987 0.1765 4.29884 0 2.79929 -6.13739 0 4.59614 0 0 -19.4925 1.234 0.15 4.35701 0 0.727208 -7.20281 0 -8.89716 0 0 -12.1055 
1.59 1.987 0.1765 4.29271 0 2.80388 -6.13739 0 4.58633 0 0 -19.4925 1.234 0.15 4.34981 0 0.718301 -7.20281 0 -8.90697 0 0 -12.1055 
1.591 1.987 0.1765 4.28657 0 2.80846 -6.13739 0 4.57652 0 0 -19.4925 1.234 0.15 4.3426 0 0.709384 -7.20281 0 -8.91678 0 0 -12.1055 
1.592 1.987 0.1765 4.28043 0 2.81302 -6.13739 0 4.56671 0 0 -19.4925 1.234 0.15 4.3354 0 0.700457 -7.20281 0 -8.92659 0 0 -12.1055 
1.593 1.987 0.1765 4.2743 0 2.81758 -6.13739 0 4.5569 0 0 -19.4925 1.234 0.15 4.3282 0 0.691521 -7.20281 0 -8.9364 0 0 -12.1055 
1.594 1.987 0.1765 4.26816 0 2.82213 -6.13739 0 4.54709 0 0 -19.4925 1.234 0.15 4.321 0 0.682575 -7.20281 0 -8.94621 0 0 -12.1055 
1.595 1.987 0.1765 4.26202 0 2.82666 -6.13739 0 4.53728 0 0 -19.4925 1.234 0.15 4.31379 0 0.673619 -7.20281 0 -8.95602 0 0 -12.1055 
1.596 1.987 0.1765 4.25588 0 2.83119 -6.13739 0 4.52747 0 0 -19.4925 1.234 0.15 4.30659 0 0.664653 -7.20281 0 -8.96583 0 0 -12.1055 
1.597 1.987 0.1765 4.24975 0 2.83571 -6.13739 0 4.51766 0 0 -19.4925 1.234 0.15 4.29939 0 0.655677 -7.20281 0 -8.97564 0 0 -12.1055 
1.598 1.987 0.1765 4.24361 0 2.84022 -6.13739 0 4.50785 0 0 -19.4925 1.234 0.15 4.29219 0 0.646692 -7.20281 0 -8.98545 0 0 -12.1055 
1.599 1.987 0.1765 4.23747 0 2.84471 -6.13739 0 4.49804 0 0 -19.4925 1.234 0.15 4.28498 0 0.637697 -7.20281 0 -8.99526 0 0 -12.1055 
1.6 1.987 0.1765 4.23133 0 2.8492 -6.13739 0 4.48823 0 0 -19.4925 1.234 0.15 4.27778 0 0.628691 -7.20281 0 -9.00507 0 0 -12.1055 
1.601 1.987 0.1765 4.2252 0 2.85368 -6.13739 0 4.47842 0 0 -19.4925 1.234 0.15 4.27058 0 0.619677 -7.20281 0 -9.01488 0 0 -12.1055 
1.602 1.987 0.1765 4.21906 0 2.85815 -6.13739 0 4.46861 0 0 -19.4925 1.234 0.15 4.26337 0 0.610652 -7.20281 0 -9.02469 0 0 -12.1055 
1.603 1.987 0.1765 4.21292 0 2.86261 -6.13739 0 4.4588 0 0 -19.4925 1.234 0.15 4.25617 0 0.601617 -7.20281 0 -9.0345 0 0 -12.1055 
1.604 1.987 0.1765 4.20678 0 2.86706 -6.13739 0 4.44899 0 0 -19.4925 1.234 0.15 4.24897 0 0.592573 -7.20281 0 -9.04431 0 0 -12.1055 
1.605 1.987 0.1765 4.20065 0 2.8715 -6.13739 0 4.43918 0 0 -19.4925 1.234 0.15 4.24177 0 0.583519 -7.20281 0 -9.05412 0 0 -12.1055 
1.606 1.987 0.1765 4.19451 0 2.87593 -6.13739 0 4.42937 0 0 -19.4925 1.234 0.15 4.23456 0 0.574455 -7.20281 0 -9.06393 0 0 -12.1055 
1.607 1.987 0.1765 4.18837 0 2.88035 -6.13739 0 4.41956 0 0 -19.4925 1.234 0.15 4.22736 0 0.565381 -7.20281 0 -9.07374 0 0 -12.1055 
1.608 1.987 0.1765 4.18223 0 2.88476 -6.13739 0 4.40975 0 0 -19.4925 1.234 0.15 4.22016 0 0.556298 -7.20281 0 -9.08355 0 0 -12.1055 
1.609 1.987 0.1765 4.1761 0 2.88916 -6.13739 0 4.39994 0 0 -19.4925 1.234 0.15 4.21295 0 0.547204 -7.20281 0 -9.09336 0 0 -12.1055 
1.61 1.987 0.1765 4.16996 0 2.89355 -6.13739 0 4.39013 0 0 -19.4925 1.234 0.15 4.20575 0 0.538101 -7.20281 0 -9.10317 0 0 -12.1055 
1.611 1.987 0.1765 4.16382 0 2.89793 -6.13739 0 4.38032 0 0 -19.4925 1.234 0.15 4.19855 0 0.528988 -7.20281 0 -9.11298 0 0 -12.1055 
1.612 1.987 0.1765 4.15768 0 2.9023 -6.13739 0 4.37051 0 0 -19.4925 1.234 0.15 4.19135 0 0.519865 -7.20281 0 -9.12279 0 0 -12.1055 
1.613 1.987 0.1765 4.15155 0 2.90666 -6.13739 0 4.3607 0 0 -19.4925 1.234 0.15 4.18414 0 0.510733 -7.20281 0 -9.1326 0 0 -12.1055 
1.614 1.987 0.1765 4.14541 0 2.91101 -6.13739 0 4.35089 0 0 -19.4925 1.234 0.15 4.17694 0 0.50159 -7.20281 0 -9.14241 0 0 -12.1055 
1.615 1.987 0.1765 4.13927 0 2.91535 -6.13739 0 4.34108 0 0 -19.4925 1.234 0.15 4.16974 0 0.492438 -7.20281 0 -9.15222 0 0 -12.1055 
1.616 1.987 0.1765 4.13314 0 2.91968 -6.13739 0 4.33127 0 0 -19.4925 1.234 0.15 4.16253 0 0.483276 -7.20281 0 -9.16203 0 0 -12.1055 
1.617 1.987 0.1765 4.127 0 2.924 -6.13739 0 4.32146 0 0 -19.4925 1.234 0.15 4.15533 0 0.474104 -7.20281 0 -9.17184 0 0 -12.1055 
1.618 1.987 0.1765 4.12086 0 2.92831 -6.13739 0 4.31165 0 0 -19.4925 1.234 0.15 4.14813 0 0.464923 -7.20281 0 -9.18165 0 0 -12.1055 
1.619 1.987 0.1765 4.11472 0 2.93261 -6.13739 0 4.30184 0 0 -19.4925 1.234 0.15 4.14093 0 0.455731 -7.20281 0 -9.19146 0 0 -12.1055 
1.62 1.987 0.1765 4.10859 0 2.93691 -6.13739 0 4.29203 0 0 -19.4925 1.234 0.15 4.13372 0 0.44653 -7.20281 0 -9.20127 0 0 -12.1055 
1.621 1.987 0.1765 4.10245 0 2.94119 -6.13739 0 4.28222 0 0 -19.4925 1.234 0.15 4.12652 0 0.437319 -7.20281 0 -9.21108 0 0 -12.1055 
1.622 1.987 0.1765 4.09631 0 2.94546 -6.13739 0 4.27241 0 0 -19.4925 1.234 0.15 4.11932 0 0.428098 -7.20281 0 -9.22089 0 0 -12.1055 
1.623 1.987 0.1765 4.09017 0 2.94972 -6.13739 0 4.2626 0 0 -19.4925 1.234 0.15 4.11211 0 0.418867 -7.20281 0 -9.2307 0 0 -12.1055 
1.624 1.987 0.1765 4.08404 0 2.95398 -6.13739 0 4.25279 0 0 -19.4925 1.234 0.15 4.10491 0 0.409627 -7.20281 0 -9.24051 0 0 -12.1055 
1.625 1.987 0.1765 4.0779 0 2.95822 -6.13739 0 4.24298 0 0 -19.4925 1.234 0.15 4.09771 0 0.400376 -7.20281 0 -9.25032 0 0 -12.1055 
1.626 1.987 0.1765 4.07176 0 2.96245 -6.13739 0 4.23317 0 0 -19.4925 1.234 0.15 4.09051 0 0.391116 -7.20281 0 -9.26013 0 0 -12.1055 
1.627 1.987 0.1765 4.06562 0 2.96668 -6.13739 0 4.22336 0 0 -19.4925 1.234 0.15 4.0833 0 0.381846 -7.20281 0 -9.26994 0 0 -12.1055 
1.628 1.987 0.1765 4.05949 0 2.97089 -6.13739 0 4.21355 0 0 -19.4925 1.234 0.15 4.0761 0 0.372567 -7.20281 0 -9.27975 0 0 -12.1055 
1.629 1.987 0.1765 4.05335 0 2.97509 -6.13739 0 4.20374 0 0 -19.4925 1.234 0.15 4.0689 0 0.363277 -7.20281 0 -9.28956 0 0 -12.1055 
1.63 1.987 0.1765 4.04721 0 2.97929 -6.13739 0 4.19393 0 0 -19.4925 1.234 0.15 4.0617 0 0.353978 -7.20281 0 -9.29937 0 0 -12.1055 
1.631 1.987 0.1765 4.04107 0 2.98347 -6.13739 0 4.18412 0 0 -19.4925 1.234 0.15 4.05449 0 0.344669 -7.20281 0 -9.30918 0 0 -12.1055 
1.632 1.987 0.1765 4.03494 0 2.98765 -6.13739 0 4.17431 0 0 -19.4925 1.234 0.15 4.04729 0 0.33535 -7.20281 0 -9.31899 0 0 -12.1055 
1.633 1.987 0.1765 4.0288 0 2.99181 -6.13739 0 4.1645 0 0 -19.4925 1.234 0.15 4.04009 0 0.326021 -7.20281 0 -9.3288 0 0 -12.1055 
1.634 1.987 0.1765 4.02266 0 2.99597 -6.13739 0 4.15469 0 0 -19.4925 1.234 0.15 4.03288 0 0.316682 -7.20281 0 -9.33861 0 0 -12.1055 
1.635 1.987 0.1765 4.01652 0 3.00011 -6.13739 0 4.14488 0 0 -19.4925 1.234 0.15 4.02568 0 0.307334 -7.20281 0 -9.34842 0 0 -12.1055 
1.636 1.987 0.1765 4.01039 0 3.00425 -6.13739 0 4.13507 0 0 -19.4925 1.234 0.15 4.01848 0 0.297975 -7.20281 0 -9.35823 0 0 -12.1055 
1.637 1.987 0.1765 4.00425 0 3.00837 -6.13739 0 4.12526 0 0 -19.4925 1.234 0.15 4.01128 0 0.288607 -7.20281 0 -9.36804 0 0 -12.1055 
1.638 1.987 0.1765 3.99811 0 3.01249 -6.13739 0 4.11545 0 0 -19.4925 1.234 0.15 4.00407 0 0.27923 -7.20281 0 -9.37785 0 0 -12.1055 
1.639 1.987 0.1765 3.99198 0 3.01659 -6.13739 0 4.10564 0 0 -19.4925 1.234 0.15 3.99687 0 0.269842 -7.20281 0 -9.38766 0 0 -12.1055 
1.64 1.987 0.1765 3.98584 0 3.02069 -6.13739 0 4.09583 0 0 -19.4925 1.234 0.15 3.98967 0 0.260444 -7.20281 0 -9.39747 0 0 -12.1055 
1.641 1.987 0.1765 3.9797 0 3.02477 -6.13739 0 4.08602 0 0 -19.4925 1.234 0.15 3.98246 0 0.251037 -7.20281 0 -9.40728 0 0 -12.1055 
1.642 1.987 0.1765 3.97356 0 3.02885 -6.13739 0 4.07621 0 0 -19.4925 1.234 0.15 3.97526 0 0.24162 -7.20281 0 -9.41709 0 0 -12.1055 
1.643 1.987 0.1765 3.96743 0 3.03292 -6.13739 0 4.0664 0 0 -19.4925 1.234 0.15 3.96806 0 0.232193 -7.20281 0 -9.4269 0 0 -12.1055 
1.644 1.987 0.1765 3.96129 0 3.03697 -6.13739 0 4.05659 0 0 -19.4925 1.234 0.15 3.96086 0 0.222756 -7.20281 0 -9.43671 0 0 -12.1055 
1.645 1.987 0.1765 3.95515 0 3.04102 -6.13739 0 4.04678 0 0 -19.4925 1.234 0.15 3.95365 0 0.21331 -7.20281 0 -9.44652 0 0 -12.1055 
1.646 1.987 0.1765 3.94901 0 3.04506 -6.13739 0 4.03697 0 0 -19.4925 1.234 0.15 3.94645 0 0.203854 -7.20281 0 -9.45633 0 0 -12.1055 
1.647 1.987 0.1765 3.94288 0 3.04908 -6.13739 0 4.02716 0 0 -19.4925 1.234 0.15 3.93925 0 0.194387 -7.20281 0 -9.46614 0 0 -12.1055 
1.648 1.987 0.1765 3.93674 0 3.0531 -6.13739 0 4.01735 0 0 -19.4925 1.234 0.15 3.93204 0 0.184912 -7.20281 0 -9.47595 0 0 -12.1055 
1.649 1.987 0.1765 3.9306 0 3.05711 -6.13739 0 4.00754 0 0 -19.4925 1.234 0.15 3.92484 0 0.175426 -7.20281 0 -9.48576 0 0 -12.1055 
1.65 1.987 0.1765 3.92446 0 3.06111 -6.13739 0 3.99773 0 0 -19.4925 1.234 0.15 3.91764 0 0.16593 -7.20281 0 -9.49557 0 0 -12.1055 
1.651 1.987 0.1765 3.91833 0 3.06509 -6.13739 0 3.98792 0 0 -19.4925 1.234 0.15 3.91044 0 0.156425 -7.20281 0 -9.50538 0 0 -12.1055 
1.652 1.987 0.1765 3.91219 0 3.06907 -6.13739 0 3.97811 0 0 -19.4925 1.234 0.15 3.90323 0 0.14691 -7.20281 0 -9.51519 0 0 -12.1055 
1.653 1.987 0.1765 3.90605 0 3.07304 -6.13739 0 3.9683 0 0 -19.4925 1.234 0.15 3.89603 0 0.137405 -7.20281 0 -9.50439 0 0 13.3298 
1.654 1.987 0.1765 3.89991 0 3.077 -6.13739 0 3.95849 0 0 -19.4925 1.234 0.15 3.88883 0 0.127975 -7.20281 0 -9.4302 0 0 91.5552 
1.655 1.987 0.1765 3.89378 0 3.08095 -6.13739 0 3.94868 0 0 -19.4925 1.234 0.15 3.88162 0 0.118682 -7.20281 0 -9.2931 0 0 169.17 
1.656 1.987 0.1765 3.88764 0 3.08489 -6.13739 0 3.93887 0 0 -19.4925 1.234 0.15 3.87442 0 0.109588 -7.20281 0 -9.09403 0 0 245.657 
1.657 1.987 0.1765 3.8815 0 3.08882 -6.13739 0 3.92906 0 0 -19.4925 1.234 0.15 3.86722 0 0.100754 -7.20281 0 -8.8343 0 0 320.505 
1.658 1.987 0.1765 3.87536 0 3.09273 -6.13739 0 3.91925 0 0 -19.4925 1.234 0.15 3.86002 0 0.0922379 -7.20281 0 -8.51565 0 0 393.215 
1.659 1.987 0.1765 3.86923 0 3.09664 -6.13739 0 3.90944 0 0 -19.4925 1.234 0.15 3.85281 0 0.0840977 -7.20281 0 -8.1402 0 0 463.303 
1.66 1.987 0.1765 3.86309 0 3.10054 -6.13739 0 3.89963 0 0 -19.4925 1.234 0.15 3.84561 0 0.0763873 -7.20281 0 -7.71046 0 0 530.3 
1.661 1.987 0.1765 3.85695 0 3.10443 -6.13739 0 3.88982 0 0 -19.4925 1.234 0.15 3.83841 0 0.069158 -7.20281 0 -7.2293 0 0 593.761 
1.662 1.987 0.1765 3.85082 0 3.10831 -6.13739 0 3.88001 0 0 -19.4925 1.234 0.15 3.83121 0 0.0624581 -7.20281 0 -6.69991 0 0 653.261 
1.663 1.987 0.1765 3.84468 0 3.11218 -6.13739 0 3.8702 0 0 -19.4925 1.234 0.15 3.824 0 0.0563322 -7.20281 0 -6.12584 0 0 708.405 
1.664 1.987 0.1765 3.83854 0 3.11604 -6.13739 0 3.86039 0 0 -19.4925 1.234 0.15 3.8168 0 0.0508213 -7.20281 0 -5.51091 0 0 758.823 
1.665 1.987 0.1765 3.8324 0 3.11989 -6.13739 0 3.85058 0 0 -19.4925 1.234 0.15 3.8096 0 0.0459621 -7.20281 0 -4.85922 0 0 804.18 
1.666 1.987 0.1765 3.82627 0 3.12374 -6.13739 0 3.84077 0 0 -19.4925 1.234 0.15 3.80239 0 0.041787 -7.20281 0 -4.17513 0 0 844.174 
1.667 1.987 0.1765 3.82013 0 3.12757 -6.13739 0 3.83096 0 0 -19.4925 1.234 0.15 3.79519 0 0.0383238 -7.20281 0 -3.46319 0 0 878.537 
1.668 1.987 0.1765 3.81399 0 3.13139 -6.13739 0 3.82115 0 0 -19.4925 1.234 0.15 3.78799 0 0.0355956 -7.20281 0 -2.72814 0 0 907.041 
1.669 1.987 0.1765 3.80785 0 3.1352 -6.13739 0 3.81134 0 0 -19.4925 1.234 0.15 3.78079 0 0.0336207 -7.20281 0 -1.97491 0 0 929.495 
1.67 1.987 0.1765 3.80172 0 3.139 -6.13739 0 3.80153 0 0 -19.4925 1.234 0.15 3.77358 0 0.0324122 -7.20281 0 -1.2085 0 0 945.749 
1.671 1.987 0.1765 3.79558 0 3.14279 -6.13739 0 3.79172 0 0 -19.4925 1.234 0.15 3.76638 0 0.0319782 -7.20281 0 -0.434028 0 0 955.696 
1.672 1.987 0.1765 3.78944 0 3.14657 -6.13739 0 3.78191 0 0 -19.4925 1.234 0.15 3.75918 0 0.0323215 -7.20281 0 0.343336 0 0 959.268 
1.673 1.987 0.1765 3.7833 0 3.15035 -6.13739 0 3.7721 0 0 -19.4925 1.234 0.15 3.75197 0 0.0334399 -7.20281 0 1.11841 0 0 956.442 
1.674 1.987 0.1765 3.77717 0 3.15411 -6.13739 0 3.76229 0 0 -19.4925 1.234 0.15 3.74477 0 0.035326 -7.20281 0 1.88603 0 0 947.237 
1.675 1.987 0.1765 3.77103 0 3.15786 -6.13739 0 3.75248 0 0 -19.4925 1.234 0.15 3.73757 0 0.037967 -7.20281 0 2.64106 0 0 931.714 
1.676 1.987 0.1765 3.76489 0 3.1616 -6.13739 0 3.74267 0 0 -19.4925 1.234 0.15 3.73037 0 0.0413455 -7.20281 0 3.37848 0 0 909.977 
1.677 1.987 0.1765 3.75875 0 3.16534 -6.13739 0 3.73286 0 0 -19.4925 1.234 0.15 3.72316 0 0.0454389 -7.20281 0 4.09337 0 0 882.17 
1.678 1.987 0.1765 3.75262 0 3.16906 -6.13739 0 3.72305 0 0 -19.4925 1.234 0.15 3.71596 0 0.0502198 -7.20281 0 4.78095 0 0 848.48 
1.679 1.987 0.1765 3.74648 0 3.17277 -6.13739 0 3.71324 0 0 -19.4925 1.234 0.15 3.70876 0 0.0556565 -7.20281 0 5.43665 0 0 809.131 
1.68 1.987 0.1765 3.74034 0 3.17648 -6.13739 0 3.70343 0 0 -19.4925 1.234 0.15 3.70155 0 0.0617126 -7.20281 0 6.05609 0 0 764.385 
1.681 1.987 0.1765 3.7342 0 3.18017 -6.13739 0 3.69362 0 0 -19.4925 1.234 0.15 3.69435 0 0.0683477 -7.20281 0 6.63513 0 0 714.54 
1.682 1.987 0.1765 3.72807 0 3.18385 -6.13739 0 3.68381 0 0 -19.4925 1.234 0.15 3.68715 0 0.0755176 -7.20281 0 7.16992 0 0 659.93 
1.683 1.987 0.1765 3.72193 0 3.18753 -6.13739 0 3.674 0 0 -19.4925 1.234 0.15 3.67995 0 0.0831745 -7.20281 0 7.65689 0 0 600.918 
1.684 1.987 0.1765 3.71579 0 3.19119 -6.13739 0 3.66419 0 0 -19.4925 1.234 0.15 3.67274 0 0.0912673 -7.20281 0 8.09279 0 0 537.899 
1.685 1.987 0.1765 3.70966 0 3.19485 -6.13739 0 3.65438 0 0 -19.4925 1.234 0.15 3.66554 0 0.099742 -7.20281 0 8.47471 0 0 471.291 
1.686 1.987 0.1765 3.70352 0 3.19849 -6.13739 0 3.64457 0 0 -19.4925 1.234 0.15 3.65834 0 0.108542 -7.20281 0 8.80011 0 0 401.541 
1.687 1.987 0.1765 3.69738 0 3.20213 -6.13739 0 3.63476 0 0 -19.4925 1.234 0.15 3.65113 0 0.117609 -7.20281 0 9.06681 0 0 329.112 
1.688 1.987 0.1765 3.69124 0 3.20575 -6.13739 0 3.62495 0 0 -19.4925 1.234 0.15 3.64393 0 0.126882 -7.20281 0 9.27304 0 0 254.488 
1.689 1.987 0.1765 3.68511 0 3.20937 -6.13739 0 3.61514 0 0 -19.4925 1.234 0.15 3.63673 0 0.136299 -7.20281 0 9.41742 0 0 178.166 
1.69 1.987 0.1765 3.67897 0 3.21297 -6.13739 0 3.60533 0 0 -19.4925 1.234 0.15 3.62953 0 0.145798 -7.20281 0 9.49899 0 0 100.657 
1.691 1.987 0.1765 3.67283 0 3.21657 -6.13739 0 3.59552 0 0 -19.4925 1.234 0.15 3.62232 0 0.155316 -7.20281 0 9.5172 0 0 22.4756 
1.692 1.987 0.1765 3.66669 0 3.22015 -6.13739 0 3.58571 0 0 -19.4925 1.234 0.15 3.61512 0 0.164823 -7.20281 0 9.50739 0 0 -12.1055 
1.693 1.987 0.1765 3.66056 0 3.22373 -6.13739 0 3.5759 0 0 -19.4925 1.234 0.15 3.60792 0 0.174321 -7.20281 0 9.49758 0 0 -12.1055 
1.694 1.987 0.1765 3.65442 0 3.22729 -6.13739 0 3.56609 0 0 -19.4925 1.234 0.15 3.60071 0 0.183808 -7.20281 0 9.48777 0 0 -12.1055 
1.695 1.987 0.1765 3.64828 0 3.23085 -6.13739 0 3.55628 0 0 -19.4925 1.234 0.15 3.59351 0 0.193286 -7.20281 0 9.47796 0 0 -12.1055 
1.696 1.987 0.1765 3.64214 0 3.2344 -6.13739 0 3.54647 0 0 -19.4925 1.234 0.15 3.58631 0 0.202754 -7.20281 0 9.46815 0 0 -12.1055 
1.697 1.987 0.1765 3.63601 0 3.23793 -6.13739 0 3.53666 0 0 -19.4925 1.234 0.15 3.57911 0 0.212213 -7.20281 0 9.45834 0 0 -12.1055 
1.698 1.987 0.1765 3.62987 0 3.24146 -6.13739 0 3.52685 0 0 -19.4925 1.234 0.15 3.5719 0 0.221661 -7.20281 0 9.44853 0 0 -12.1055 
1.699 1.987 0.1765 3.62373 0 3.24498 -6.13739 0 3.51704 0 0 -19.4925 1.234 0.15 3.5647 0 0.2311 -7.20281 0 9.43872 0 0 -12.1055 
1.7 1.987 0.1765 3.61759 0 3.24848 -6.13739 0 3.50723 0 0 -19.4925 1.234 0.15 3.5575 0 0.240529 -7.20281 0 9.42891 0 0 -12.1055 
1.701 1.987 0.1765 3.61146 0 3.25198 -6.13739 0 3.49742 0 0 -19.4925 1.234 0.15 3.5503 0 0.249948 -7.20281 0 9.4191 0 0 -12.1055 
1.702 1.987 0.1765 3.60532 0 3.25547 -6.13739 0 3.48761 0 0 -19.4925 1.234 0.15 3.54309 0 0.259357 -7.20281 0 9.40929 0 0 -12.1055 
1.703 1.987 0.1765 3.59918 0 3.25895 -6.13739 0 3.4778 0 0 -19.4925 1.234 0.15 3.53589 0 0.268757 -7.20281 0 9.39948 0 0 -12.1055 
1.704 1.987 0.1765 3.59304 0 3.26242 -6.13739 0 3.46799 0 0 -19.4925 1.234 0.15 3.52869 0 0.278147 -7.20281 0 9.38967 0 0 -12.1055 
1.705 1.987 0.1765 3.58691 0 3.26587 -6.13739 0 3.45818 0 0 -19.4925 1.234 0.15 3.52148 0 0.287526 -7.20281 0 9.37986 0 0 -12.1055 
1.706 1.987 0.1765 3.58077 0 3.26932 -6.13739 0 3.44837 0 0 -19.4925 1.234 0.15 3.51428 0 0.296896 -7.20281 0 9.37005 0 0 -12.1055 
1.707 1.987 0.1765 3.57463 0 3.27276 -6.13739 0 3.43856 0 0 -19.4925 1.234 0.15 3.50708 0 0.306257 -7.20281 0 9.36024 0 0 -12.1055 
1.708 1.987 0.1765 3.5685 0 3.27619 -6.13739 0 3.42875 0 0 -19.4925 1.234 0.15 3.49988 0 0.315607 -7.20281 0 9.35043 0 0 -12.1055 
1.709 1.987 0.1765 3.56236 0 3.27961 -6.13739 0 3.41894 0 0 -19.4925 1.234 0.15 3.49267 0 0.324948 -7.20281 0 9.34062 0 0 -12.1055 
1.71 1.987 0.1765 3.55622 0 3.28302 -6.13739 0 3.40913 0 0 -19.4925 1.234 0.15 3.48547 0 0.334279 -7.20281 0 9.33081 0 0 -12.1055 
1.711 1.987 0.1765 3.55008 0 3.28642 -6.13739 0 3.39932 0 0 -19.4925 1.234 0.15 3.47827 0 0.3436 -7.20281 0 9.321 0 0 -12.1055 
1.712 1.987 0.1765 3.54395 0 3.28981 -6.13739 0 3.38951 0 0 -19.4925 1.234 0.15 3.47106 0 0.352911 -7.20281 0 9.31119 0 0 -12.1055 
1.713 1.987 0.1765 3.53781 0 3.29319 -6.13739 0 3.3797 0 0 -19.4925 1.234 0.15 3.46386 0 0.362212 -7.20281 0 9.30138 0 0 -12.1055 
1.714 1.987 0.1765 3.53167 0 3.29656 -6.13739 0 3.36989 0 0 -19.4925 1.234 0.15 3.45666 0 0.371504 -7.20281 0 9.29157 0 0 -12.1055 
1.715 1.987 0.1765 3.52553 0 3.29992 -6.13739 0 3.36008 0 0 -19.4925 1.234 0.15 3.44946 0 0.380786 -7.20281 0 9.28176 0 0 -12.1055 
1.716 1.987 0.1765 3.5194 0 3.30327 -6.13739 0 3.35027 0 0 -19.4925 1.234 0.15 3.44225 0 0.390057 -7.20281 0 9.27195 0 0 -12.1055 
1.717 1.987 0.1765 3.51326 0 3.30661 -6.13739 0 3.34046 0 0 -19.4925 1.234 0.15 3.43505 0 0.39932 -7.20281 0 9.26214 0 0 -12.1055 
1.718 1.987 0.1765 3.50712 0 3.30994 -6.13739 0 3.33065 0 0 -19.4925 1.234 0.15 3.42785 0 0.408572 -7.20281 0 9.25233 0 0 -12.1055 
1.719 1.987 0.1765 3.50098 0 3.31326 -6.13739 0 3.32084 0 0 -19.4925 1.234 0.15 3.42064 0 0.417814 -7.20281 0 9.24252 0 0 -12.1055 
1.72 1.987 0.1765 3.49485 0 3.31657 -6.13739 0 3.31103 0 0 -19.4925 1.234 0.15 3.41344 0 0.427047 -7.20281 0 9.23271 0 0 -12.1055 
1.721 1.987 0.1765 3.48871 0 3.31987 -6.13739 0 3.30122 0 0 -19.4925 1.234 0.15 3.40624 0 0.43627 -7.20281 0 9.2229 0 0 -12.1055 
1.722 1.987 0.1765 3.48257 0 3.32316 -6.13739 0 3.29141 0 0 -19.4925 1.234 0.15 3.39904 0 0.445483 -7.20281 0 9.21309 0 0 -12.1055 
1.723 1.987 0.1765 3.47643 0 3.32644 -6.13739 0 3.2816 0 0 -19.4925 1.234 0.15 3.39183 0 0.454686 -7.20281 0 9.20328 0 0 -12.1055 
1.724 1.987 0.1765 3.4703 0 3.32972 -6.13739 0 3.27179 0 0 -19.4925 1.234 0.15 3.38463 0 0.46388 -7.20281 0 9.19347 0 0 -12.1055 
1.725 1.987 0.1765 3.46416 0 3.33298 -6.13739 0 3.26198 0 0 -19.4925 1.234 0.15 3.37743 0 0.473064 -7.20281 0 9.18366 0 0 -12.1055 
1.726 1.987 0.1765 3.45802 0 3.33623 -6.13739 0 3.25217 0 0 -19.4925 1.234 0.15 3.37022 0 0.482237 -7.20281 0 9.17385 0 0 -12.1055 
1.727 1.987 0.1765 3.45188 0 3.33947 -6.13739 0 3.24236 0 0 -19.4925 1.234 0.15 3.36302 0 0.491401 -7.20281 0 9.16404 0 0 -12.1055 
1.728 1.987 0.1765 3.44575 0 3.3427 -6.13739 0 3.23255 0 0 -19.4925 1.234 0.15 3.35582 0 0.500556 -7.20281 0 9.15423 0 0 -12.1055 
1.729 1.987 0.1765 3.43961 0 3.34593 -6.13739 0 3.22274 0 0 -19.4925 1.234 0.15 3.34862 0 0.5097 -7.20281 0 9.14442 0 0 -12.1055 
1.73 1.987 0.1765 3.43347 0 3.34914 -6.13739 0 3.21293 0 0 -19.4925 1.234 0.15 3.34141 0 0.518835 -7.20281 0 9.13461 0 0 -12.1055 
1.731 1.987 0.1765 3.42734 0 3.35234 -6.13739 0 3.20312 0 0 -19.4925 1.234 0.15 3.33421 0 0.52796 -7.20281 0 9.1248 0 0 -12.1055 
1.732 1.987 0.1765 3.4212 0 3.35554 -6.13739 0 3.19331 0 0 -19.4925 1.234 0.15 3.32701 0 0.537075 -7.20281 0 9.11499 0 0 -12.1055 
1.733 1.987 0.1765 3.41506 0 3.35872 -6.13739 0 3.1835 0 0 -19.4925 1.234 0.15 3.31981 0 0.54618 -7.20281 0 9.10518 0 0 -12.1055 
1.734 1.987 0.1765 3.40892 0 3.36189 -6.13739 0 3.17369 0 0 -19.4925 1.234 0.15 3.3126 0 0.555275 -7.20281 0 9.09537 0 0 -12.1055 
1.735 1.987 0.1765 3.40279 0 3.36506 -6.13739 0 3.16388 0 0 -19.4925 1.234 0.15 3.3054 0 0.564361 -7.20281 0 9.08556 0 0 -12.1055 
1.736 1.987 0.1765 3.39665 0 3.36821 -6.13739 0 3.15407 0 0 -19.4925 1.234 0.15 3.2982 0 0.573436 -7.20281 0 9.07575 0 0 -12.1055 
1.737 1.987 0.1765 3.39051 0 3.37136 -6.13739 0 3.14426 0 0 -19.4925 1.234 0.15 3.29099 0 0.582502 -7.20281 0 9.06594 0 0 -12.1055 
1.738 1.987 0.1765 3.38437 0 3.37449 -6.13739 0 3.13445 0 0 -19.4925 1.234 0.15 3.28379 0 0.591559 -7.20281 0 9.05613 0 0 -12.1055 
1.739 1.987 0.1765 3.37824 0 3.37762 -6.13739 0 3.12464 0 0 -19.4925 1.234 0.15 3.27659 0 0.600605 -7.20281 0 9.04632 0 0 -12.1055 
1.74 1.987 0.1765 3.3721 0 3.38073 -6.13739 0 3.11483 0 0 -19.4925 1.234 0.15 3.26939 0 0.609641 -7.20281 0 9.03651 0 0 -12.1055 
1.741 1.987 0.1765 3.36596 0 3.38383 -6.13739 0 3.10502 0 0 -19.4925 1.234 0.15 3.26218 0 0.618668 -7.20281 0 9.0267 0 0 -12.1055 
1.742 1.987 0.1765 3.35982 0 3.38693 -6.13739 0 3.09521 0 0 -19.4925 1.234 0.15 3.25498 0 0.627685 -7.20281 0 9.01689 0 0 -12.1055 
1.743 1.987 0.1765 3.35369 0 3.39002 -6.13739 0 3.0854 0 0 -19.4925 1.234 0.15 3.24778 0 0.636692 -7.20281 0 9.00708 0 0 -12.1055 
1.744 1.987 0.1765 3.34755 0 3.39309 -6.13739 0 3.07559 0 0 -19.4925 1.234 0.15 3.24057 0 0.645689 -7.20281 0 8.99727 0 0 -12.1055 
1.745 1.987 0.1765 3.34141 0 3.39616 -6.13739 0 3.06578 0 0 -19.4925 1.234 0.15 3.23337 0 0.654677 -7.20281 0 8.98746 0 0 -12.1055 
1.746 1.987 0.1765 3.33527 0 3.39921 -6.13739 0 3.05597 0 0 -19.4925 1.234 0.15 3.22617 0 0.663654 -7.20281 0 8.97765 0 0 -12.1055 
1.747 1.987 0.1765 3.32914 0 3.40226 -6.13739 0 3.04616 0 0 -19.4925 1.234 0.15 3.21897 0 0.672622 -7.20281 0 8.96784 0 0 -12.1055 
1.748 1.987 0.1765 3.323 0 3.4053 -6.13739 0 3.03635 0 0 -19.4925 1.234 0.15 3.21176 0 0.68158 -7.20281 0 8.95803 0 0 -12.1055 
1.749 1.987 0.1765 3.31686 0 3.40832 -6.13739 0 3.02654 0 0 -19.4925 1.234 0.15 3.20456 0 0.690529 -7.20281 0 8.94822 0 0 -12.1055 
1.75 1.987 0.1765 3.31072 0 3.41134 -6.13739 0 3.01673 0 0 -19.4925 1.234 0.15 3.19736 0 0.699467 -7.20281 0 8.93841 0 0 -12.1055 
1.751 1.987 0.1765 3.30459 0 3.41435 -6.13739 0 3.00692 0 0 -19.4925 1.234 0.15 3.19015 0 0.708396 -7.20281 0 8.9286 0 0 -12.1055 
1.752 1.987 0.1765 3.29845 0 3.41734 -6.13739 0 2.99711 0 0 -19.4925 1.234 0.15 3.18295 0 0.717314 -7.20281 0 8.91879 0 0 -12.1055 
1.753 1.987 0.1765 3.29231 0 3.42033 -6.13739 0 2.9873 0 0 -19.4925 1.234 0.15 3.17575 0 0.726223 -7.20281 0 8.90898 0 0 -12.1055 
1.754 1.987 0.1765 3.28618 0 3.42331 -6.13739 0 2.97749 0 0 -19.4925 1.234 0.15 3.16855 0 0.735123 -7.20281 0 8.89917 0 0 -12.1055 
1.755 1.987 0.1765 3.28004 0 3.42628 -6.13739 0 2.96768 0 0 -19.4925 1.234 0.15 3.16134 0 0.744012 -7.20281 0 8.88936 0 0 -12.1055 
1.756 1.987 0.1765 3.2739 0 3.42923 -6.13739 0 2.95787 0 0 -19.4925 1.234 0.15 3.15414 0 0.752891 -7.20281 0 8.87955 0 0 -12.1055 
1.757 1.987 0.1765 3.26776 0 3.43218 -6.13739 0 2.94806 0 0 -19.4925 1.234 0.15 3.14694 0 0.761761 -7.20281 0 8.86974 0 0 -12.1055 
1.758 1.987 0.1765 3.26163 0 3.43512 -6.13739 0 2.93825 0 0 -19.4925 1.234 0.15 3.13973 0 0.770621 -7.20281 0 8.85993 0 0 -12.1055 
1.759 1.987 0.1765 3.25549 0 3.43805 -6.13739 0 2.92844 0 0 -19.4925 1.234 0.15 3.13253 0 0.779471 -7.20281 0 8.85012 0 0 -12.1055 
1.76 1.987 0.1765 3.24935 0 3.44097 -6.13739 0 2.91863 0 0 -19.4925 1.234 0.15 3.12533 0 0.788312 -7.20281 0 8.84031 0 0 -12.1055 
1.761 1.987 0.1765 3.24321 0 3.44388 -6.13739 0 2.90882 0 0 -19.4925 1.234 0.15 3.11813 0 0.797142 -7.20281 0 8.8305 0 0 -12.1055 
1.762 1.987 0.1765 3.23708 0 3.44677 -6.13739 0 2.89901 0 0 -19.4925 1.234 0.15 3.11092 0 0.805963 -7.20281 0 8.82069 0 0 -12.1055 
1.763 1.987 0.1765 3.23094 0 3.44966 -6.13739 0 2.8892 0 0 -19.4925 1.234 0.15 3.10372 0 0.814774 -7.20281 0 8.81088 0 0 -12.1055 
1.764 1.987 0.1765 3.2248 0 3.45254 -6.13739 0 2.87939 0 0 -19.4925 1.234 0.15 3.09652 0 0.823575 -7.20281 0 8.80107 0 0 -12.1055 
1.765 1.987 0.1765 3.21866 0 3.45541 -6.13739 0 2.86958 0 0 -19.4925 1.234 0.15 3.08932 0 0.832366 -7.20281 0 8.79126 0 0 -12.1055 
1.766 1.987 0.1765 3.21253 0 3.45827 -6.13739 0 2.85977 0 0 -19.4925 1.234 0.15 3.08211 0 0.841147 -7.20281 0 8.78145 0 0 -12.1055 
1.767 1.987 0.1765 3.20639 0 3.46112 -6.13739 0 2.84996 0 0 -19.4925 1.234 0.15 3.07491 0 0.849919 -7.20281 0 8.77164 0 0 -12.1055 
1.768 1.987 0.1765 3.20025 0 3.46396 -6.13739 0 2.84015 0 0 -19.4925 1.234 0.15 3.06771 0 0.858681 -7.20281 0 8.76183 0 0 -12.1055 
1.769 1.987 0.1765 3.19411 0 3.46679 -6.13739 0 2.83034 0 0 -19.4925 1.234 0.15 3.0605 0 0.867433 -7.20281 0 8.75202 0 0 -12.1055 
1.77 1.987 0.1765 3.18798 0 3.46961 -6.13739 0 2.82053 0 0 -19.4925 1.234 0.15 3.0533 0 0.876175 -7.20281 0 8.74221 0 0 -12.1055 
1.771 1.987 0.1765 3.18184 0 3.47242 -6.13739 0 2.81072 0 0 -19.4925 1.234 0.15 3.0461 0 0.884908 -7.20281 0 8.7324 0 0 -12.1055 
1.772 1.987 0.1765 3.1757 0 3.47522 -6.13739 0 2.80091 0 0 -19.4925 1.234 0.15 3.0389 0 0.89363 -7.20281 0 8.72259 0 0 -12.1055 
1.773 1.987 0.1765 3.16957 0 3.47802 -6.13739 0 2.7911 0 0 -19.4925 1.234 0.15 3.03169 0 0.902343 -7.20281 0 8.71278 0 0 -12.1055 
1.774 1.987 0.1765 3.16343 0 3.4808 -6.13739 0 2.78129 0 0 -19.4925 1.234 0.15 3.02449 0 0.911046 -7.20281 0 8.70297 0 0 -12.1055 
1.775 1.987 0.1765 3.15729 0 3.48357 -6.13739 0 2.77148 0 0 -19.4925 1.234 0.15 3.01729 0 0.919739 -7.20281 0 8.69316 0 0 -12.1055 
1.776 1.987 0.1765 3.15115 0 3.48633 -6.13739 0 2.76167 0 0 -19.4925 1.234 0.15 3.01008 0 0.928422 -7.20281 0 8.68335 0 0 -12.1055 
1.777 1.987 0.1765 3.14502 0 3.48908 -6.13739 0 2.75186 0 0 -19.4925 1.234 0.15 3.00288 0 0.937096 -7.20281 0 8.67354 0 0 -12.1055 
1.778 1.987 0.1765 3.13888 0 3.49182 -6.13739 0 2.74205 0 0 -19.4925 1.234 0.15 2.99568 0 0.94576 -7.20281 0 8.66373 0 0 -12.1055 
1.779 1.987 0.1765 3.13274 0 3.49456 -6.13739 0 2.73224 0 0 -19.4925 1.234 0.15 2.98848 0 0.954414 -7.20281 0 8.65392 0 0 -12.1055 
1.78 1.987 0.1765 3.1266 0 3.49728 -6.13739 0 2.72243 0 0 -19.4925 1.234 0.15 2.98127 0 0.963058 -7.20281 0 8.64411 0 0 -12.1055 
1.781 1.987 0.1765 3.12047 0 3.49999 -6.13739 0 2.71262 0 0 -19.4925 1.234 0.15 2.97407 0 0.971692 -7.20281 0 8.6343 0 0 -12.1055 
1.782 1.987 0.1765 3.11433 0 3.50269 -6.13739 0 2.70281 0 0 -19.4925 1.234 0.15 2.96687 0 0.980317 -7.20281 0 8.62449 0 0 -12.1055 
1.783 1.987 0.1765 3.10819 0 3.50539 -6.13739 0 2.693 0 0 -19.4925 1.234 0.15 2.95966 0 0.988931 -7.20281 0 8.61468 0 0 -12.1055 
1.784 1.987 0.1765 3.10205 0 3.50807 -6.13739 0 2.68319 0 0 -19.4925 1.234 0.15 2.95246 0 0.997536 -7.20281 0 8.60487 0 0 -12.1055 
1.785 1.987 0.1765 3.09592 0 3.51074 -6.13739 0 2.67338 0 0 -19.4925 1.234 0.15 2.94526 0 1.00613 -7.20281 0 8.59506 0 0 -12.1055 
1.786 1.987 0.1765 3.08978 0 3.51341 -6.13739 0 2.66357 0 0 -19.4925 1.234 0.15 2.93806 0 1.01472 -7.20281 0 8.58525 0 0 -12.1055 
1.787 1.987 0.1765 3.08364 0 3.51606 -6.13739 0 2.65376 0 0 -19.4925 1.234 0.15 2.93085 0 1.02329 -7.20281 0 8.57544 0 0 -12.1055 
1.788 1.987 0.1765 3.0775 0 3.51871 -6.13739 0 2.64395 0 0 -19.4925 1.234 0.15 2.92365 0 1.03186 -7.20281 0 8.56563 0 0 -12.1055 
1.789 1.987 0.1765 3.07137 0 3.52134 -6.13739 0 2.63414 0 0 -19.4925 1.234 0.15 2.91645 0 1.04041 -7.20281 0 8.55582 0 0 -12.1055 
1.79 1.987 0.1765 3.06523 0 3.52396 -6.13739 0 2.62433 0 0 -19.4925 1.234 0.15 2.90924 0 1.04896 -7.20281 0 8.54601 0 0 -12.1055 
1.791 1.987 0.1765 3.05909 0 3.52658 -6.13739 0 2.61452 0 0 -19.4925 1.234 0.15 2.90204 0 1.0575 -7.20281 0 8.5362 0 0 -12.1055 
1.792 1.987 0.1765 3.05295 0 3.52918 -6.13739 0 2.60471 0 0 -19.4925 1.234 0.15 2.89484 0 1.06602 -7.20281 0 8.52639 0 0 -12.1055 
1.793 1.987 0.1765 3.04682 0 3.53178 -6.13739 0 2.5949 0 0 -19.4925 1.234 0.15 2.88764 0 1.07454 -7.20281 0 8.51658 0 0 -12.1055 
1.794 1.987 0.1765 3.04068 0 3.53436 -6.13739 0 2.58509 0 0 -19.4925 1.234 0.15 2.88043 0 1.08305 -7.20281 0 8.50677 0 0 -12.1055 
1.795 1.987 0.1765 3.03454 0 3.53694 -6.13739 0 2.57528 0 0 -19.4925 1.234 0.15 2.87323 0 1.09154 -7.20281 0 8.49696 0 0 -12.1055 
1.796 1.987 0.1765 3.02841 0 3.5395 -6.13739 0 2.56547 0 0 -19.4925 1.234 0.15 2.86603 0 1.10003 -7.20281 0 8.48715 0 0 -12.1055 
1.797 1.987 0.1765 3.02227 0 3.54206 -6.13739 0 2.55566 0 0 -19.4925 1.234 0.15 2.85883 0 1.10851 -7.20281 0 8.47734 0 0 -12.1055 
1.798 1.987 0.1765 3.01613 0 3.54461 -6.13739 0 2.54585 0 0 -19.4925 1.234 0.15 2.85162 0 1.11697 -7.20281 0 8.46753 0 0 -12.1055 
1.799 1.987 0.1765 3.00999 0 3.54714 -6.13739 0 2.53604 0 0 -19.4925 1.234 0.15 2.84442 0 1.12543 -7.20281 0 8.45772 0 0 -12.1055 
1.8 1.987 0.1765 3.00386 0 3.54967 -6.13739 0 2.52623 0 0 -19.4925 1.234 0.15 2.83722 0 1.13388 -7.20281 0 8.44791 0 0 -12.1055 
1.801 1.987 0.1765 2.99772 0 3.55218 -6.13739 0 2.51642 0 0 -19.4925 1.234 0.15 2.83001 0 1.14232 -7.20281 0 8.4381 0 0 -12.1055 
1.802 1.987 0.1765 2.99158 0 3.55469 -6.13739 0 2.50661 0 0 -19.4925 1.234 0.15 2.82281 0 1.15075 -7.20281 0 8.42829 0 0 -12.1055 
1.803 1.987 0.1765 2.98544 0 3.55719 -6.13739 0 2.4968 0 0 -19.4925 1.234 0.15 2.81561 0 1.15916 -7.20281 0 8.41848 0 0 -12.1055 
1.804 1.987 0.1765 2.97931 0 3.55967 -6.13739 0 2.48699 0 0 -19.4925 1.234 0.15 2.80841 0 1.16757 -7.20281 0 8.40867 0 0 -12.1055 
1.805 1.987 0.1765 2.97317 0 3.56215 -6.13739 0 2.47718 0 0 -19.4925 1.234 0.15 2.8012 0 1.17597 -7.20281 0 8.39886 0 0 -12.1055 
1.806 1.987 0.1765 2.96703 0 3.56462 -6.13739 0 2.46737 0 0 -19.4925 1.234 0.15 2.794 0 1.18436 -7.20281 0 8.38905 0 0 -12.1055 
1.807 1.987 0.1765 2.96089 0 3.56708 -6.13739 0 2.45756 0 0 -19.4925 1.234 0.15 2.7868 0 1.19274 -7.20281 0 8.37924 0 0 -12.1055 
1.808 1.987 0.1765 2.95476 0 3.56952 -6.13739 0 2.44775 0 0 -19.4925 1.234 0.15 2.77959 0 1.20111 -7.20281 0 8.36943 0 0 -12.1055 
1.809 1.987 0.1765 2.94862 0 3.57196 -6.13739 0 2.43794 0 0 -19.4925 1.234 0.15 2.77239 0 1.20947 -7.20281 0 8.35962 0 0 -12.1055 
1.81 1.987 0.1765 2.94248 0 3.57439 -6.13739 0 2.42813 0 0 -19.4925 1.234 0.15 2.76519 0 1.21782 -7.20281 0 8.34981 0 0 -12.1055 
1.811 1.987 0.1765 2.93634 0 3.57681 -6.13739 0 2.41832 0 0 -19.4925 1.234 0.15 2.75799 0 1.22616 -7.20281 0 8.34 0 0 -12.1055 
1.812 1.987 0.1765 2.93021 0 3.57922 -6.13739 0 2.40851 0 0 -19.4925 1.234 0.15 2.75078 0 1.23449 -7.20281 0 8.33019 0 0 -12.1055 
1.813 1.987 0.1765 2.92407 0 3.58162 -6.13739 0 2.3987 0 0 -19.4925 1.234 0.15 2.74358 0 1.24281 -7.20281 0 8.32038 0 0 -12.1055 
1.814 1.987 0.1765 2.91793 0 3.584 -6.13739 0 2.38889 0 0 -19.4925 1.234 0.15 2.73638 0 1.25112 -7.20281 0 8.31057 0 0 -12.1055 
1.815 1.987 0.1765 2.91179 0 3.58638 -6.13739 0 2.37908 0 0 -19.4925 1.234 0.15 2.72917 0 1.25942 -7.20281 0 8.30076 0 0 -12.1055 
1.816 1.987 0.1765 2.90566 0 3.58875 -6.13739 0 2.36927 0 0 -19.4925 1.234 0.15 2.72197 0 1.26771 -7.20281 0 8.29095 0 0 -12.1055 
1.817 1.987 0.1765 2.89952 0 3.59111 -6.13739 0 2.35946 0 0 -19.4925 1.234 0.15 2.71477 0 1.27599 -7.20281 0 8.28114 0 0 -12.1055 
1.818 1.987 0.1765 2.89338 0 3.59346 -6.13739 0 2.34965 0 0 -19.4925 1.234 0.15 2.70757 0 1.28426 -7.20281 0 8.27133 0 0 -12.1055 
1.819 1.987 0.1765 2.88725 0 3.5958 -6.13739 0 2.33984 0 0 -19.4925 1.234 0.15 2.70036 0 1.29253 -7.20281 0 8.26152 0 0 -12.1055 
1.82 1.987 0.1765 2.88111 0 3.59813 -6.13739 0 2.33003 0 0 -19.4925 1.234 0.15 2.69316 0 1.30078 -7.20281 0 8.25171 0 0 -12.1055 
1.821 1.987 0.1765 2.87497 0 3.60045 -6.13739 0 2.32022 0 0 -19.4925 1.234 0.15 2.68596 0 1.30902 -7.20281 0 8.2419 0 0 -12.1055 
1.822 1.987 0.1765 2.86883 0 3.60276 -6.13739 0 2.31041 0 0 -19.4925 1.234 0.15 2.67875 0 1.31725 -7.20281 0 8.23209 0 0 -12.1055 
1.823 1.987 0.1765 2.8627 0 3.60506 -6.13739 0 2.3006 0 0 -19.4925 1.234 0.15 2.67155 0 1.32547 -7.20281 0 8.22228 0 0 -12.1055 
1.824 1.987 0.1765 2.85656 0 3.60735 -6.13739 0 2.29079 0 0 -19.4925 1.234 0.15 2.66435 0 1.33369 -7.20281 0 8.21247 0 0 -12.1055 
1.825 1.987 0.1765 2.85042 0 3.60963 -6.13739 0 2.28098 0 0 -19.4925 1.234 0.15 2.65715 0 1.34189 -7.20281 0 8.20266 0 0 -12.1055 
1.826 1.987 0.1765 2.84428 0 3.61191 -6.13739 0 2.27117 0 0 -19.4925 1.234 0.15 2.64994 0 1.35008 -7.20281 0 8.19285 0 0 -12.1055 
1.827 1.987 0.1765 2.83815 0 3.61417 -6.13739 0 2.26136 0 0 -19.4925 1.234 0.15 2.64274 0 1.35827 -7.20281 0 8.18304 0 0 -12.1055 
1.828 1.987 0.1765 2.83201 0 3.61642 -6.13739 0 2.25155 0 0 -19.4925 1.234 0.15 2.63554 0 1.36644 -7.20281 0 8.17323 0 0 -12.1055 
1.829 1.987 0.1765 2.82587 0 3.61866 -6.13739 0 2.24174 0 0 -19.4925 1.234 0.15 2.62833 0 1.3746 -7.20281 0 8.16342 0 0 -12.1055 
1.83 1.987 0.1765 2.81973 0 3.62089 -6.13739 0 2.23193 0 0 -19.4925 1.234 0.15 2.62113 0 1.38276 -7.20281 0 8.15361 0 0 -12.1055 
1.831 1.987 0.1765 2.8136 0 3.62311 -6.13739 0 2.22212 0 0 -19.4925 1.234 0.15 2.61393 0 1.3909 -7.20281 0 8.1438 0 0 -12.1055 
1.832 1.987 0.1765 2.80746 0 3.62533 -6.13739 0 2.21231 0 0 -19.4925 1.234 0.15 2.60673 0 1.39903 -7.20281 0 8.13399 0 0 -12.1055 
1.833 1.987 0.1765 2.80132 0 3.62753 -6.13739 0 2.2025 0 0 -19.4925 1.234 0.15 2.59952 0 1.40716 -7.20281 0 8.12418 0 0 -12.1055 
1.834 1.987 0.1765 2.79518 0 3.62972 -6.13739 0 2.19269 0 0 -19.4925 1.234 0.15 2.59232 0 1.41527 -7.20281 0 8.11437 0 0 -12.1055 
1.835 1.987 0.1765 2.78905 0 3.63191 -6.13739 0 2.18288 0 0 -19.4925 1.234 0.15 2.58512 0 1.42338 -7.20281 0 8.10456 0 0 -12.1055 
1.836 1.987 0.1765 2.78291 0 3.63408 -6.13739 0 2.17307 0 0 -19.4925 1.234 0.15 2.57792 0 1.43147 -7.20281 0 8.09475 0 0 -12.1055 
1.837 1.987 0.1765 2.77677 0 3.63624 -6.13739 0 2.16326 0 0 -19.4925 1.234 0.15 2.57071 0 1.43956 -7.20281 0 8.08494 0 0 -12.1055 
1.838 1.987 0.1765 2.77063 0 3.63839 -6.13739 0 2.15345 0 0 -19.4925 1.234 0.15 2.56351 0 1.44763 -7.20281 0 8.07513 0 0 -12.1055 
1.839 1.987 0.1765 2.7645 0 3.64054 -6.13739 0 2.14364 0 0 -19.4925 1.234 0.15 2.55631 0 1.4557 -7.20281 0 8.06532 0 0 -12.1055 
1.84 1.987 0.1765 2.75836 0 3.64267 -6.13739 0 2.13383 0 0 -19.4925 1.234 0.15 2.5491 0 1.46375 -7.20281 0 8.05551 0 0 -12.1055 
1.841 1.987 0.1765 2.75222 0 3.6448 -6.13739 0 2.12402 0 0 -19.4925 1.234 0.15 2.5419 0 1.4718 -7.20281 0 8.0457 0 0 -12.1055 
1.842 1.987 0.1765 2.74609 0 3.64691 -6.13739 0 2.11421 0 0 -19.4925 1.234 0.15 2.5347 0 1.47983 -7.20281 0 8.03589 0 0 -12.1055 
1.843 1.987 0.1765 2.73995 0 3.64901 -6.13739 0 2.1044 0 0 -19.4925 1.234 0.15 2.5275 0 1.48786 -7.20281 0 8.02608 0 0 -12.1055 
1.844 1.987 0.1765 2.73381 0 3.65111 -6.13739 0 2.09459 0 0 -19.4925 1.234 0.15 2.52029 0 1.49588 -7.20281 0 8.01627 0 0 -12.1055 
1.845 1.987 0.1765 2.72767 0 3.65319 -6.13739 0 2.08478 0 0 -19.4925 1.234 0.15 2.51309 0 1.50388 -7.20281 0 8.00646 0 0 -12.1055 
1.846 1.987 0.1765 2.72154 0 3.65527 -6.13739 0 2.07497 0 0 -19.4925 1.234 0.15 2.50589 0 1.51188 -7.20281 0 7.99665 0 0 -12.1055 
1.847 1.987 0.1765 2.7154 0 3.65733 -6.13739 0 2.06516 0 0 -19.4925 1.234 0.15 2.49868 0 1.51987 -7.20281 0 7.98684 0 0 -12.1055 
1.848 1.987 0.1765 2.70926 0 3.65939 -6.13739 0 2.05535 0 0 -19.4925 1.234 0.15 2.49148 0 1.52784 -7.20281 0 7.97703 0 0 -12.1055 
1.849 1.987 0.1765 2.70312 0 3.66144 -6.13739 0 2.04554 0 0 -19.4925 1.234 0.15 2.48428 0 1.53581 -7.20281 0 7.96722 0 0 -12.1055 
1.85 1.987 0.1765 2.69699 0 3.66347 -6.13739 0 2.03573 0 0 -19.4925 1.234 0.15 2.47708 0 1.54377 -7.20281 0 7.95741 0 0 -12.1055 
1.851 1.987 0.1765 2.69085 0 3.6655 -6.13739 0 2.02592 0 0 -19.4925 1.234 0.15 2.46987 0 1.55172 -7.20281 0 7.9476 0 0 -12.1055 
1.852 1.987 0.1765 2.68471 0 3.66751 -6.13739 0 2.01611 0 0 -19.4925 1.234 0.15 2.46267 0 1.55965 -7.20281 0 7.93779 0 0 -12.1055 
1.853 1.987 0.1765 2.67857 0 3.66952 -6.13739 0 2.0063 0 0 -19.4925 1.234 0.15 2.45547 0 1.56758 -7.20281 0 7.92798 0 0 -12.1055 
1.854 1.987 0.1765 2.67244 0 3.67152 -6.13739 0 1.99649 0 0 -19.4925 1.234 0.15 2.44826 0 1.5755 -7.20281 0 7.91817 0 0 -12.1055 
1.855 1.987 0.1765 2.6663 0 3.6735 -6.13739 0 1.98668 0 0 -19.4925 1.234 0.15 2.44106 0 1.58341 -7.20281 0 7.90836 0 0 -12.1055 
1.856 1.987 0.1765 2.66016 0 3.67548 -6.13739 0 1.97687 0 0 -19.4925 1.234 0.15 2.43386 0 1.59131 -7.20281 0 7.89855 0 0 -12.1055 
1.857 1.987 0.1765 2.65402 0 3.67745 -6.13739 0 1.96706 0 0 -19.4925 1.234 0.15 2.42666 0 1.5992 -7.20281 0 7.88874 0 0 -12.1055 
1.858 1.987 0.1765 2.64789 0 3.6794 -6.13739 0 1.95725 0 0 -19.4925 1.234 0.15 2.41945 0 1.60707 -7.20281 0 7.87893 0 0 -12.1055 
1.859 1.987 0.1765 2.64175 0 3.68135 -6.13739 0 1.94744 0 0 -19.4925 1.234 0.15 2.41225 0 1.61494 -7.20281 0 7.86912 0 0 -12.1055 
1.86 1.987 0.1765 2.63561 0 3.68329 -6.13739 0 1.93763 0 0 -19.4925 1.234 0.15 2.40505 0 1.6228 -7.20281 0 7.85931 0 0 -12.1055 
1.861 1.987 0.1765 2.62947 0 3.68522 -6.13739 0 1.92782 0 0 -19.4925 1.234 0.15 2.39784 0 1.63065 -7.20281 0 7.8495 0 0 -12.1055 
1.862 1.987 0.1765 2.62334 0 3.68713 -6.13739 0 1.91801 0 0 -19.4925 1.234 0.15 2.39064 0 1.63849 -7.20281 0 7.83969 0 0 -12.1055 
1.863 1.987 0.1765 2.6172 0 3.68904 -6.13739 0 1.9082 0 0 -19.4925 1.234 0.15 2.38344 0 1.64632 -7.20281 0 7.82988 0 0 -12.1055 
1.864 1.987 0.1765 2.61106 0 3.69094 -6.13739 0 1.89839 0 0 -19.4925 1.234 0.15 2.37624 0 1.65414 -7.20281 0 7.82007 0 0 -12.1055 
1.865 1.987 0.1765 2.60493 0 3.69283 -6.13739 0 1.88858 0 0 -19.4925 1.234 0.15 2.36903 0 1.66195 -7.20281 0 7.81026 0 0 -12.1055 
1.866 1.987 0.1765 2.59879 0 3.69471 -6.13739 0 1.87877 0 0 -19.4925 1.234 0.15 2.36183 0 1.66975 -7.20281 0 7.80045 0 0 -12.1055 
1.867 1.987 0.1765 2.59265 0 3.69658 -6.13739 0 1.86896 0 0 -19.4925 1.234 0.15 2.35463 0 1.67754 -7.20281 0 7.79064 0 0 -12.1055 
1.868 1.987 0.1765 2.58651 0 3.69844 -6.13739 0 1.85915 0 0 -19.4925 1.234 0.15 2.34743 0 1.68532 -7.20281 0 7.78083 0 0 -12.1055 
1.869 1.987 0.1765 2.58038 0 3.70029 -6.13739 0 1.84934 0 0 -19.4925 1.234 0.15 2.34022 0 1.69309 -7.20281 0 7.77102 0 0 -12.1055 
1.87 1.987 0.1765 2.57424 0 3.70213 -6.13739 0 1.83953 0 0 -19.4925 1.234 0.15 2.33302 0 1.70086 -7.20281 0 7.76121 0 0 -12.1055 
1.871 1.987 0.1765 2.5681 0 3.70396 -6.13739 0 1.82972 0 0 -19.4925 1.234 0.15 2.32582 0 1.70861 -7.20281 0 7.7514 0 0 -12.1055 
1.872 1.987 0.1765 2.56196 0 3.70578 -6.13739 0 1.81991 0 0 -19.4925 1.234 0.15 2.31861 0 1.71635 -7.20281 0 7.74159 0 0 -12.1055 
1.873 1.987 0.1765 2.55583 0 3.70759 -6.13739 0 1.8101 0 0 -19.4925 1.234 0.15 2.31141 0 1.72408 -7.20281 0 7.73178 0 0 -12.1055 
1.874 1.987 0.1765 2.54969 0 3.70939 -6.13739 0 1.80029 0 0 -19.4925 1.234 0.15 2.30421 0 1.7318 -7.20281 0 7.72197 0 0 -12.1055 
1.875 1.987 0.1765 2.54355 0 3.71118 -6.13739 0 1.79048 0 0 -19.4925 1.234 0.15 2.29701 0 1.73951 -7.20281 0 7.71216 0 0 -12.1055 
1.876 1.987 0.1765 2.53741 0 3.71296 -6.13739 0 1.78067 0 0 -19.4925 1.234 0.15 2.2898 0 1.74722 -7.20281 0 7.70235 0 0 -12.1055 
1.877 1.987 0.1765 2.53128 0 3.71473 -6.13739 0 1.77086 0 0 -19.4925 1.234 0.15 2.2826 0 1.75491 -7.20281 0 7.69254 0 0 -12.1055 
1.878 1.987 0.1765 2.52514 0 3.71649 -6.13739 0 1.76105 0 0 -19.4925 1.234 0.15 2.2754 0 1.76259 -7.20281 0 7.68273 0 0 -12.1055 
1.879 1.987 0.1765 2.519 0 3.71824 -6.13739 0 1.75124 0 0 -19.4925 1.234 0.15 2.26819 0 1.77027 -7.20281 0 7.67292 0 0 -12.1055 
1.88 1.987 0.1765 2.51286 0 3.71998 -6.13739 0 1.74143 0 0 -19.4925 1.234 0.15 2.26099 0 1.77793 -7.20281 0 7.66311 0 0 -12.1055 
1.881 1.987 0.1765 2.50673 0 3.72171 -6.13739 0 1.73162 0 0 -19.4925 1.234 0.15 2.25379 0 1.78558 -7.20281 0 7.6533 0 0 -12.1055 
1.882 1.987 0.1765 2.50059 0 3.72343 -6.13739 0 1.72181 0 0 -19.4925 1.234 0.15 2.24659 0 1.79323 -7.20281 0 7.64349 0 0 -12.1055 
1.883 1.987 0.1765 2.49445 0 3.72515 -6.13739 0 1.712 0 0 -19.4925 1.234 0.15 2.23938 0 1.80086 -7.20281 0 7.63368 0 0 -12.1055 
1.884 1.987 0.1765 2.48831 0 3.72685 -6.13739 0 1.70219 0 0 -19.4925 1.234 0.15 2.23218 0 1.80848 -7.20281 0 7.62387 0 0 -12.1055 
1.885 1.987 0.1765 2.48218 0 3.72854 -6.13739 0 1.69238 0 0 -19.4925 1.234 0.15 2.22498 0 1.8161 -7.20281 0 7.61406 0 0 -12.1055 
1.886 1.987 0.1765 2.47604 0 3.73022 -6.13739 0 1.68257 0 0 -19.4925 1.234 0.15 2.21777 0 1.8237 -7.20281 0 7.60425 0 0 -12.1055 
1.887 1.987 0.1765 2.4699 0 3.7319 -6.13739 0 1.67276 0 0 -19.4925 1.234 0.15 2.21057 0 1.8313 -7.20281 0 7.59444 0 0 -12.1055 
1.888 1.987 0.1765 2.46377 0 3.73356 -6.13739 0 1.66295 0 0 -19.4925 1.234 0.15 2.20337 0 1.83888 -7.20281 0 7.58463 0 0 -12.1055 
1.889 1.987 0.1765 2.45763 0 3.73521 -6.13739 0 1.65314 0 0 -19.4925 1.234 0.15 2.19617 0 1.84646 -7.20281 0 7.57482 0 0 -12.1055 
1.89 1.987 0.1765 2.45149 0 3.73686 -6.13739 0 1.64333 0 0 -19.4925 1.234 0.15 2.18896 0 1.85402 -7.20281 0 7.56501 0 0 -12.1055 
1.891 1.987 0.1765 2.44535 0 3.73849 -6.13739 0 1.63352 0 0 -19.4925 1.234 0.15 2.18176 0 1.86158 -7.20281 0 7.5552 0 0 -12.1055 
1.892 1.987 0.1765 2.43922 0 3.74011 -6.13739 0 1.62371 0 0 -19.4925 1.234 0.15 2.17456 0 1.86912 -7.20281 0 7.54539 0 0 -12.1055 
1.893 1.987 0.1765 2.43308 0 3.74173 -6.13739 0 1.6139 0 0 -19.4925 1.234 0.15 2.16735 0 1.87666 -7.20281 0 7.53558 0 0 -12.1055 
1.894 1.987 0.1765 2.42694 0 3.74333 -6.13739 0 1.60409 0 0 -19.4925 1.234 0.15 2.16015 0 1.88418 -7.20281 0 7.52577 0 0 -12.1055 
1.895 1.987 0.1765 2.4208 0 3.74493 -6.13739 0 1.59428 0 0 -19.4925 1.234 0.15 2.15295 0 1.8917 -7.20281 0 7.51596 0 0 -12.1055 
1.896 1.987 0.1765 2.41467 0 3.74651 -6.13739 0 1.58447 0 0 -19.4925 1.234 0.15 2.14575 0 1.8992 -7.20281 0 7.50615 0 0 -12.1055 
1.897 1.987 0.1765 2.40853 0 3.74808 -6.13739 0 1.57466 0 0 -19.4925 1.234 0.15 2.13854 0 1.9067 -7.20281 0 7.49634 0 0 -12.1055 
1.898 1.987 0.1765 2.40239 0 3.74965 -6.13739 0 1.56485 0 0 -19.4925 1.234 0.15 2.13134 0 1.91419 -7.20281 0 7.48653 0 0 -12.1055 
1.899 1.987 0.1765 2.39625 0 3.7512 -6.13739 0 1.55504 0 0 -19.4925 1.234 0.15 2.12414 0 1.92166 -7.20281 0 7.47672 0 0 -12.1055 
1.9 1.987 0.1765 2.39012 0 3.75275 -6.13739 0 1.54523 0 0 -19.4925 1.234 0.15 2.11694 0 1.92913 -7.20281 0 7.46691 0 0 -12.1055 
1.901 1.987 0.1765 2.38398 0 3.75429 -6.13739 0 1.53542 0 0 -19.4925 1.234 0.15 2.10973 0 1.93659 -7.20281 0 7.4571 0 0 -12.1055 
1.902 1.987 0.1765 2.37784 0 3.75581 -6.13739 0 1.52561 0 0 -19.4925 1.234 0.15 2.10253 0 1.94404 -7.20281 0 7.44729 0 0 -12.1055 
1.903 1.987 0.1765 2.3717 0 3.75733 -6.13739 0 1.5158 0 0 -19.4925 1.234 0.15 2.09533 0 1.95147 -7.20281 0 7.43748 0 0 -12.1055 
1.904 1.987 0.1765 2.36557 0 3.75883 -6.13739 0 1.50599 0 0 -19.4925 1.234 0.15 2.08812 0 1.9589 -7.20281 0 7.42767 0 0 -12.1055 
1.905 1.987 0.1765 2.35943 0 3.76033 -6.13739 0 1.49618 0 0 -19.4925 1.234 0.15 2.08092 0 1.96632 -7.20281 0 7.41786 0 0 -12.1055 
1.906 1.987 0.1765 2.35329 0 3.76182 -6.13739 0 1.48637 0 0 -19.4925 1.234 0.15 2.07372 0 1.97373 -7.20281 0 7.40805 0 0 -12.1055 
1.907 1.987 0.1765 2.34715 0 3.76329 -6.13739 0 1.47656 0 0 -19.4925 1.234 0.15 2.06652 0 1.98112 -7.20281 0 7.39824 0 0 -12.1055 
1.908 1.987 0.1765 2.34102 0 3.76476 -6.13739 0 1.46675 0 0 -19.4925 1.234 0.15 2.05931 0 1.98851 -7.20281 0 7.38843 0 0 -12.1055 
1.909 1.987 0.1765 2.33488 0 3.76622 -6.13739 0 1.45694 0 0 -19.4925 1.234 0.15 2.05211 0 1.99589 -7.20281 0 7.37862 0 0 -12.1055 
1.91 1.987 0.1765 2.32874 0 3.76766 -6.13739 0 1.44713 0 0 -19.4925 1.234 0.15 2.04491 0 2.00326 -7.20281 0 7.36881 0 0 -12.1055 
1.911 1.987 0.1765 2.32261 0 3.7691 -6.13739 0 1.43732 0 0 -19.4925 1.234 0.15 2.0377 0 2.01062 -7.20281 0 7.359 0 0 -12.1055 
1.912 1.987 0.1765 2.31647 0 3.77053 -6.13739 0 1.42751 0 0 -19.4925 1.234 0.15 2.0305 0 2.01797 -7.20281 0 7.34919 0 0 -12.1055 
1.913 1.987 0.1765 2.31033 0 3.77195 -6.13739 0 1.4177 0 0 -19.4925 1.234 0.15 2.0233 0 2.02531 -7.20281 0 7.33938 0 0 -12.1055 
1.914 1.987 0.1765 2.30419 0 3.77335 -6.13739 0 1.40789 0 0 -19.4925 1.234 0.15 2.0161 0 2.03264 -7.20281 0 7.32957 0 0 -12.1055 
1.915 1.987 0.1765 2.29806 0 3.77475 -6.13739 0 1.39808 0 0 -19.4925 1.234 0.15 2.00889 0 2.03996 -7.20281 0 7.31976 0 0 -12.1055 
1.916 1.987 0.1765 2.29192 0 3.77614 -6.13739 0 1.38827 0 0 -19.4925 1.234 0.15 2.00169 0 2.04727 -7.20281 0 7.30995 0 0 -12.1055 
1.917 1.987 0.1765 2.28578 0 3.77752 -6.13739 0 1.37846 0 0 -19.4925 1.234 0.15 1.99449 0 2.05457 -7.20281 0 7.30014 0 0 -12.1055 
1.918 1.987 0.1765 2.27964 0 3.77889 -6.13739 0 1.36865 0 0 -19.4925 1.234 0.15 1.98728 0 2.06186 -7.20281 0 7.29033 0 0 -12.1055 
1.919 1.987 0.1765 2.27351 0 3.78025 -6.13739 0 1.35884 0 0 -19.4925 1.234 0.15 1.98008 0 2.06914 -7.20281 0 7.28052 0 0 -12.1055 
1.92 1.987 0.1765 2.26737 0 3.78159 -6.13739 0 1.34903 0 0 -19.4925 1.234 0.15 1.97288 0 2.07641 -7.20281 0 7.27071 0 0 -12.1055 
1.921 1.987 0.1765 2.26123 0 3.78293 -6.13739 0 1.33922 0 0 -19.4925 1.234 0.15 1.96568 0 2.08367 -7.20281 0 7.2609 0 0 -12.1055 
1.922 1.987 0.1765 2.25509 0 3.78426 -6.13739 0 1.32941 0 0 -19.4925 1.234 0.15 1.95847 0 2.09092 -7.20281 0 7.25109 0 0 -12.1055 
1.923 1.987 0.1765 2.24896 0 3.78558 -6.13739 0 1.3196 0 0 -19.4925 1.234 0.15 1.95127 0 2.09816 -7.20281 0 7.24128 0 0 -12.1055 
1.924 1.987 0.1765 2.24282 0 3.78689 -6.13739 0 1.30979 0 0 -19.4925 1.234 0.15 1.94407 0 2.10539 -7.20281 0 7.23147 0 0 -12.1055 
1.925 1.987 0.1765 2.23668 0 3.78819 -6.13739 0 1.29998 0 0 -19.4925 1.234 0.15 1.93686 0 2.11262 -7.20281 0 7.22166 0 0 -12.1055 
1.926 1.987 0.1765 2.23054 0 3.78948 -6.13739 0 1.29017 0 0 -19.4925 1.234 0.15 1.92966 0 2.11983 -7.20281 0 7.21185 0 0 -12.1055 
1.927 1.987 0.1765 2.22441 0 3.79076 -6.13739 0 1.28036 0 0 -19.4925 1.234 0.15 1.92246 0 2.12703 -7.20281 0 7.20204 0 0 -12.1055 
1.928 1.987 0.1765 2.21827 0 3.79203 -6.13739 0 1.27055 0 0 -19.4925 1.234 0.15 1.91526 0 2.13422 -7.20281 0 7.19223 0 0 -12.1055 
1.929 1.987 0.1765 2.21213 0 3.79329 -6.13739 0 1.26074 0 0 -19.4925 1.234 0.15 1.90805 0 2.1414 -7.20281 0 7.18242 0 0 -12.1055 
1.93 1.987 0.1765 2.20599 0 3.79454 -6.13739 0 1.25093 0 0 -19.4925 1.234 0.15 1.90085 0 2.14858 -7.20281 0 7.17261 0 0 -12.1055 
1.931 1.987 0.1765 2.19986 0 3.79579 -6.13739 0 1.24112 0 0 -19.4925 1.234 0.15 1.89365 0 2.15574 -7.20281 0 7.1628 0 0 -12.1055 
1.932 1.987 0.1765 2.19372 0 3.79702 -6.13739 0 1.23131 0 0 -19.4925 1.234 0.15 1.88645 0 2.16289 -7.20281 0 7.15299 0 0 -12.1055 
1.933 1.987 0.1765 2.18758 0 3.79824 -6.13739 0 1.2215 0 0 -19.4925 1.234 0.15 1.87924 0 2.17004 -7.20281 0 7.14318 0 0 -12.1055 
1.934 1.987 0.1765 2.18145 0 3.79945 -6.13739 0 1.21169 0 0 -19.4925 1.234 0.15 1.87204 0 2.17717 -7.20281 0 7.13337 0 0 -12.1055 
1.935 1.987 0.1765 2.17531 0 3.80065 -6.13739 0 1.20188 0 0 -19.4925 1.234 0.15 1.86484 0 2.18429 -7.20281 0 7.12356 0 0 -12.1055 
1.936 1.987 0.1765 2.16917 0 3.80184 -6.13739 0 1.19207 0 0 -19.4925 1.234 0.15 1.85763 0 2.19141 -7.20281 0 7.11375 0 0 -12.1055 
1.937 1.987 0.1765 2.16303 0 3.80303 -6.13739 0 1.18226 0 0 -19.4925 1.234 0.15 1.85043 0 2.19851 -7.20281 0 7.10394 0 0 -12.1055 
1.938 1.987 0.1765 2.1569 0 3.8042 -6.13739 0 1.17245 0 0 -19.4925 1.234 0.15 1.84323 0 2.2056 -7.20281 0 7.09413 0 0 -12.1055 
1.939 1.987 0.1765 2.15076 0 3.80536 -6.13739 0 1.16264 0 0 -19.4925 1.234 0.15 1.83603 0 2.21269 -7.20281 0 7.08432 0 0 -12.1055 
1.94 1.987 0.1765 2.14462 0 3.80651 -6.13739 0 1.15283 0 0 -19.4925 1.234 0.15 1.82882 0 2.21976 -7.20281 0 7.07451 0 0 -12.1055 
1.941 1.987 0.1765 2.13848 0 3.80766 -6.13739 0 1.14302 0 0 -19.4925 1.234 0.15 1.82162 0 2.22683 -7.20281 0 7.0647 0 0 -12.1055 
1.942 1.987 0.1765 2.13235 0 3.80879 -6.13739 0 1.13321 0 0 -19.4925 1.234 0.15 1.81442 0 2.23388 -7.20281 0 7.05489 0 0 -12.1055 
1.943 1.987 0.1765 2.12621 0 3.80991 -6.13739 0 1.1234 0 0 -19.4925 1.234 0.15 1.80721 0 2.24093 -7.20281 0 7.04508 0 0 -12.1055 
1.944 1.987 0.1765 2.12007 0 3.81103 -6.13739 0 1.11359 0 0 -19.4925 1.234 0.15 1.80001 0 2.24796 -7.20281 0 7.03527 0 0 -12.1055 
1.945 1.987 0.1765 2.11393 0 3.81213 -6.13739 0 1.10378 0 0 -19.4925 1.234 0.15 1.79281 0 2.25499 -7.20281 0 7.02546 0 0 -12.1055 
1.946 1.987 0.1765 2.1078 0 3.81323 -6.13739 0 1.09397 0 0 -19.4925 1.234 0.15 1.78561 0 2.262 -7.20281 0 7.01565 0 0 -12.1055 
1.947 1.987 0.1765 2.10166 0 3.81431 -6.13739 0 1.08416 0 0 -19.4925 1.234 0.15 1.7784 0 2.26901 -7.20281 0 7.00584 0 0 -12.1055 
1.948 1.987 0.1765 2.09552 0 3.81538 -6.13739 0 1.07435 0 0 -19.4925 1.234 0.15 1.7712 0 2.27601 -7.20281 0 6.99603 0 0 -12.1055 
1.949 1.987 0.1765 2.08938 0 3.81645 -6.13739 0 1.06454 0 0 -19.4925 1.234 0.15 1.764 0 2.28299 -7.20281 0 6.98622 0 0 -12.1055 
1.95 1.987 0.1765 2.08325 0 3.8175 -6.13739 0 1.05473 0 0 -19.4925 1.234 0.15 1.75679 0 2.28997 -7.20281 0 6.97641 0 0 -12.1055 
1.951 1.987 0.1765 2.07711 0 3.81855 -6.13739 0 1.04492 0 0 -19.4925 1.234 0.15 1.74959 0 2.29694 -7.20281 0 6.9666 0 0 -12.1055 
1.952 1.987 0.1765 2.07097 0 3.81958 -6.13739 0 1.03511 0 0 -19.4925 1.234 0.15 1.74239 0 2.30389 -7.20281 0 6.95679 0 0 -12.1055 
1.953 1.987 0.1765 2.06483 0 3.82061 -6.13739 0 1.0253 0 0 -19.4925 1.234 0.15 1.73519 0 2.31084 -7.20281 0 6.94698 0 0 -12.1055 
1.954 1.987 0.1765 2.0587 0 3.82162 -6.13739 0 1.01549 0 0 -19.4925 1.234 0.15 1.72798 0 2.31778 -7.20281 0 6.93717 0 0 -12.1055 
1.955 1.987 0.1765 2.05256 0 3.82263 -6.13739 0 1.00568 0 0 -19.4925 1.234 0.15 1.72078 0 2.3247 -7.20281 0 6.92736 0 0 -12.1055 
1.956 1.987 0.1765 2.04642 0 3.82363 -6.13739 0 0.995869 0 0 -19.4925 1.234 0.15 1.71358 0 2.33162 -7.20281 0 6.91755 0 0 -12.1055 
1.957 1.987 0.1765 2.04029 0 3.82461 -6.13739 0 0.986059 0 0 -19.4925 1.234 0.15 1.70637 0 2.33853 -7.20281 0 6.90774 0 0 -12.1055 
1.958 1.987 0.1765 2.03415 0 3.82559 -6.13739 0 0.976249 0 0 -19.4925 1.234 0.15 1.69917 0 2.34543 -7.20281 0 6.89793 0 0 -12.1055 
1.959 1.987 0.1765 2.02801 0 3.82655 -6.13739 0 0.966439 0 0 -19.4925 1.234 0.15 1.69197 0 2.35232 -7.20281 0 6.88812 0 0 -12.1055 
1.96 1.987 0.1765 2.02187 0 3.82751 -6.13739 0 0.956629 0 0 -19.4925 1.234 0.15 1.68477 0 2.35919 -7.20281 0 6.87831 0 0 -12.1055 
1.961 1.987 0.1765 2.01574 0 3.82846 -6.13739 0 0.946819 0 0 -19.4925 1.234 0.15 1.67756 0 2.36606 -7.20281 0 6.8685 0 0 -12.1055 
1.962 1.987 0.1765 2.0096 0 3.8294 -6.13739 0 0.937009 0 0 -19.4925 1.234 0.15 1.67036 0 2.37292 -7.20281 0 6.85869 0 0 -12.1055 
1.963 1.987 0.1765 2.00346 0 3.83032 -6.13739 0 0.927199 0 0 -19.4925 1.234 0.15 1.66316 0 2.37977 -7.20281 0 6.84888 0 0 -12.1055 
1.964 1.987 0.1765 1.99732 0 3.83124 -6.13739 0 0.917389 0 0 -19.4925 1.234 0.15 1.65595 0 2.38661 -7.20281 0 6.83907 0 0 -12.1055 
1.965 1.987 0.1765 1.99119 0 3.83215 -6.13739 0 0.907579 0 0 -19.4925 1.234 0.15 1.64875 0 2.39344 -7.20281 0 6.82926 0 0 -12.1055 
1.966 1.987 0.1765 1.98505 0 3.83304 -6.13739 0 0.897769 0 0 -19.4925 1.234 0.15 1.64155 0 2.40026 -7.20281 0 6.81945 0 0 -12.1055 
1.967 1.987 0.1765 1.97891 0 3.83393 -6.13739 0 0.887959 0 0 -19.4925 1.234 0.15 1.63435 0 2.40707 -7.20281 0 6.80964 0 0 -12.1055 
1.968 1.987 0.1765 1.97277 0 3.83481 -6.13739 0 0.878149 0 0 -19.4925 1.234 0.15 1.62714 0 2.41387 -7.20281 0 6.79983 0 0 -12.1055 
1.969 1.987 0.1765 1.96664 0 3.83568 -6.13739 0 0.868339 0 0 -19.4925 1.234 0.15 1.61994 0 2.42066 -7.20281 0 6.79002 0 0 -12.1055 
1.97 1.987 0.1765 1.9605 0 3.83654 -6.13739 0 0.858529 0 0 -19.4925 1.234 0.15 1.61274 0 2.42744 -7.20281 0 6.78021 0 0 -12.1055 
1.971 1.987 0.1765 1.95436 0 3.83739 -6.13739 0 0.848719 0 0 -19.4925 1.234 0.15 1.60554 0 2.43421 -7.20281 0 6.7704 0 0 -12.1055 
1.972 1.987 0.1765 1.94822 0 3.83823 -6.13739 0 0.838909 0 0 -19.4925 1.234 0.15 1.59833 0 2.44097 -7.20281 0 6.76059 0 0 -12.1055 
1.973 1.987 0.1765 1.94209 0 3.83905 -6.13739 0 0.829099 0 0 -19.4925 1.234 0.15 1.59113 0 2.44772 -7.20281 0 6.75078 0 0 -12.1055 
1.974 1.987 0.1765 1.93595 0 3.83987 -6.13739 0 0.819289 0 0 -19.4925 1.234 0.15 1.58393 0 2.45446 -7.20281 0 6.74097 0 0 -12.1055 
1.975 1.987 0.1765 1.92981 0 3.84068 -6.13739 0 0.809479 0 0 -19.4925 1.234 0.15 1.57672 0 2.46119 -7.20281 0 6.73116 0 0 -12.1055 
1.976 1.987 0.1765 1.92367 0 3.84148 -6.13739 0 0.799669 0 0 -19.4925 1.234 0.15 1.56952 0 2.46791 -7.20281 0 6.72135 0 0 -12.1055 
1.977 1.987 0.1765 1.91754 0 3.84227 -6.13739 0 0.789859 0 0 -19.4925 1.234 0.15 1.56232 0 2.47462 -7.20281 0 6.71154 0 0 -12.1055 
1.978 1.987 0.1765 1.9114 0 3.84305 -6.13739 0 0.780049 0 0 -19.4925 1.234 0.15 1.55512 0 2.48133 -7.20281 0 6.70173 0 0 -12.1055 
1.979 1.987 0.1765 1.90526 0 3.84382 -6.13739 0 0.770239 0 0 -19.4925 1.234 0.15 1.54791 0 2.48802 -7.20281 0 6.69192 0 0 -12.1055 
1.98 1.987 0.1765 1.89913 0 3.84458 -6.13739 0 0.760429 0 0 -19.4925 1.234 0.15 1.54071 0 2.4947 -7.20281 0 6.68211 0 0 -12.1055 
1.981 1.987 0.1765 1.89299 0 3.84533 -6.13739 0 0.750619 0 0 -19.4925 1.234 0.15 1.53351 0 2.50137 -7.20281 0 6.6723 0 0 -12.1055 
1.982 1.987 0.1765 1.88685 0 3.84608 -6.13739 0 0.740809 0 0 -19.4925 1.234 0.15 1.5263 0 2.50803 -7.20281 0 6.66249 0 0 -12.1055 
1.983 1.987 0.1765 1.88071 0 3.84681 -6.13739 0 0.730999 0 0 -19.4925 1.234 0.15 1.5191 0 2.51469 -7.20281 0 6.65268 0 0 -12.1055 
1.984 1.987 0.1765 1.87458 0 3.84753 -6.13739 0 0.721189 0 0 -19.4925 1.234 0.15 1.5119 0 2.52133 -7.20281 0 6.64287 0 0 -12.1055 
1.985 1.987 0.1765 1.86844 0 3.84824 -6.13739 0 0.711379 0 0 -19.4925 1.234 0.15 1.5047 0 2.52796 -7.20281 0 6.63306 0 0 -12.1055 
1.986 1.987 0.1765 1.8623 0 3.84894 -6.13739 0 0.701569 0 0 -19.4925 1.234 0.15 1.49749 0 2.53459 -7.20281 0 6.62325 0 0 -12.1055 
1.987 1.987 0.1765 1.85616 0 3.84963 -6.13739 0 0.691759 0 0 -19.4925 1.234 0.15 1.49029 0 2.5412 -7.20281 0 6.61344 0 0 -12.1055 
1.988 1.987 0.1765 1.85003 0 3.85031 -6.13739 0 0.681949 0 0 -19.4925 1.234 0.15 1.48309 0 2.5478 -7.20281 0 6.60363 0 0 -12.1055 
1.989 1.987 0.1765 1.84389 0 3.85099 -6.13739 0 0.672139 0 0 -19.4925 1.234 0.15 1.47588 0 2.5544 -7.20281 0 6.59382 0 0 -12.1055 
1.99 1.987 0.1765 1.83775 0 3.85165 -6.13739 0 0.662329 0 0 -19.4925 1.234 0.15 1.46868 0 2.56098 -7.20281 0 6.58401 0 0 -12.1055 
1.991 1.987 0.1765 1.83161 0 3.8523 -6.13739 0 0.652519 0 0 -19.4925 1.234 0.15 1.46148 0 2.56756 -7.20281 0 6.5742 0 0 -12.1055 
1.992 1.987 0.1765 1.82548 0 3.85294 -6.13739 0 0.642709 0 0 -19.4925 1.234 0.15 1.45428 0 2.57412 -7.20281 0 6.56439 0 0 -12.1055 
1.993 1.987 0.1765 1.81934 0 3.85358 -6.13739 0 0.632899 0 0 -19.4925 1.234 0.15 1.44707 0 2.58067 -7.20281 0 6.55458 0 0 -12.1055 
1.994 1.987 0.1765 1.8132 0 3.8542 -6.13739 0 0.623089 0 0 -19.4925 1.234 0.15 1.43987 0 2.58722 -7.20281 0 6.54477 0 0 -12.1055 
1.995 1.987 0.1765 1.80706 0 3.85481 -6.13739 0 0.613279 0 0 -19.4925 1.234 0.15 1.43267 0 2.59375 -7.20281 0 6.53496 0 0 -12.1055 
1.996 1.987 0.1765 1.80093 0 3.85542 -6.13739 0 0.603469 0 0 -19.4925 1.234 0.15 1.42546 0 2.60028 -7.20281 0 6.52515 0 0 -12.1055 
1.997 1.987 0.1765 1.79479 0 3.85601 -6.13739 0 0.593659 0 0 -19.4925 1.234 0.15 1.41826 0 2.60679 -7.20281 0 6.51534 0 0 -12.1055 
1.998 1.987 0.1765 1.78865 0 3.85659 -6.13739 0 0.583849 0 0 -19.4925 1.234 0.15 1.41106 0 2.6133 -7.20281 0 6.50553 0 0 -12.1055 
1.999 1.987 0.1765 1.78251 0 3.85717 -6.13739 0 0.574039 0 0 -19.4925 1.234 0.15 1.40386 0 2.6198 -7.20281 0 6.49572 0 0 -12.1055 
2 1.987 0.1765 1.77638 0 3.85773 -6.13739 0 0.564229 0 0 -19.4925 1.234 0.15 1.39665 0 2.62628 -7.20281 0 6.48591 0 0 -12.1055 
2.001 1.987 0.1765 1.77024 0 3.85829 -6.13739 0 0.554419 0 0 -19.4925 1.234 0.15 1.38945 0 2.63276 -7.20281 0 6.4761 0 0 -12.1055 
2.002 1.987 0.1765 1.7641 0 3.85883 -6.13739 0 0.544609 0 0 -19.4925 1.234 0.15 1.38225 0 2.63922 -7.20281 0 6.46629 0 0 -12.1055 
2.003 1.987 0.1765 1.75797 0 3.85937 -6.13739 0 0.534799 0 0 -19.4925 1.234 0.15 1.37505 0 2.64568 -7.20281 0 6.45648 0 0 -12.1055 
2.004 1.987 0.1765 1.75183 0 3.85989 -6.13739 0 0.524989 0 0 -19.4925 1.234 0.15 1.36784 0 2.65213 -7.20281 0 6.44667 0 0 -12.1055 
2.005 1.987 0.1765 1.74569 0 3.86041 -6.13739 0 0.515179 0 0 -19.4925 1.234 0.15 1.36064 0 2.65856 -7.20281 0 6.43686 0 0 -12.1055 
2.006 1.987 0.1765 1.73955 0 3.86091 -6.13739 0 0.505369 0 0 -19.4925 1.234 0.15 1.35344 0 2.66499 -7.20281 0 6.42705 0 0 -12.1055 
2.007 1.987 0.1765 1.73342 0 3.86141 -6.13739 0 0.495559 0 0 -19.4925 1.234 0.15 1.34623 0 2.67141 -7.20281 0 6.41724 0 0 -12.1055 
2.008 1.987 0.1765 1.72728 0 3.86189 -6.13739 0 0.485749 0 0 -19.4925 1.234 0.15 1.33903 0 2.67782 -7.20281 0 6.40743 0 0 -12.1055 
2.009 1.987 0.1765 1.72114 0 3.86237 -6.13739 0 0.475939 0 0 -19.4925 1.234 0.15 1.33183 0 2.68421 -7.20281 0 6.39762 0 0 -12.1055 
2.01 1.987 0.1765 1.715 0 3.86283 -6.13739 0 0.466129 0 0 -19.4925 1.234 0.15 1.32463 0 2.6906 -7.20281 0 6.38781 0 0 -12.1055 
2.011 1.987 0.1765 1.70887 0 3.86329 -6.13739 0 0.456319 0 0 -19.4925 1.234 0.15 1.31742 0 2.69698 -7.20281 0 6.378 0 0 -12.1055 
2.012 1.987 0.1765 1.70273 0 3.86374 -6.13739 0 0.446509 0 0 -19.4925 1.234 0.15 1.31022 0 2.70335 -7.20281 0 6.36819 0 0 -12.1055 
2.013 1.987 0.1765 1.69659 0 3.86417 -6.13739 0 0.436699 0 0 -19.4925 1.234 0.15 1.30302 0 2.70971 -7.20281 0 6.35838 0 0 -12.1055 
2.014 1.987 0.1765 1.69045 0 3.8646 -6.13739 0 0.426889 0 0 -19.4925 1.234 0.15 1.29581 0 2.71605 -7.20281 0 6.34857 0 0 -12.1055 
2.015 1.987 0.1765 1.68432 0 3.86502 -6.13739 0 0.417079 0 0 -19.4925 1.234 0.15 1.28861 0 2.72239 -7.20281 0 6.33876 0 0 -12.1055 
2.016 1.987 0.1765 1.67818 0 3.86543 -6.13739 0 0.407269 0 0 -19.4925 1.234 0.15 1.28141 0 2.72872 -7.20281 0 6.32895 0 0 -12.1055 
2.017 1.987 0.1765 1.67204 0 3.86582 -6.13739 0 0.397459 0 0 -19.4925 1.234 0.15 1.27421 0 2.73504 -7.20281 0 6.31914 0 0 -12.1055 
2.018 1.987 0.1765 1.6659 0 3.86621 -6.13739 0 0.387649 0 0 -19.4925 1.234 0.15 1.267 0 2.74135 -7.20281 0 6.30933 0 0 -12.1055 
2.019 1.987 0.1765 1.65977 0 3.86659 -6.13739 0 0.377839 0 0 -19.4925 1.234 0.15 1.2598 0 2.74765 -7.20281 0 6.29952 0 0 -12.1055 
2.02 1.987 0.1765 1.65363 0 3.86696 -6.13739 0 0.368029 0 0 -19.4925 1.234 0.15 1.2526 0 2.75394 -7.20281 0 6.28971 0 0 -12.1055 
2.021 1.987 0.1765 1.64749 0 3.86731 -6.13739 0 0.358219 0 0 -19.4925 1.234 0.15 1.24539 0 2.76022 -7.20281 0 6.2799 0 0 -12.1055 
2.022 1.987 0.1765 1.64135 0 3.86766 -6.13739 0 0.348409 0 0 -19.4925 1.234 0.15 1.23819 0 2.76649 -7.20281 0 6.27009 0 0 -12.1055 
2.023 1.987 0.1765 1.63522 0 3.868 -6.13739 0 0.338599 0 0 -19.4925 1.234 0.15 1.23099 0 2.77275 -7.20281 0 6.26028 0 0 -12.1055 
2.024 1.987 0.1765 1.62908 0 3.86833 -6.13739 0 0.328789 0 0 -19.4925 1.234 0.15 1.22379 0 2.779 -7.20281 0 6.25047 0 0 -12.1055 
2.025 1.987 0.1765 1.62294 0 3.86865 -6.13739 0 0.318979 0 0 -19.4925 1.234 0.15 1.21658 0 2.78524 -7.20281 0 6.24066 0 0 -12.1055 
2.026 1.987 0.1765 1.61681 0 3.86896 -6.13739 0 0.309169 0 0 -19.4925 1.234 0.15 1.20938 0 2.79147 -7.20281 0 6.23085 0 0 -12.1055 
2.027 1.987 0.1765 1.61067 0 3.86926 -6.13739 0 0.299359 0 0 -19.4925 1.234 0.15 1.20218 0 2.79769 -7.20281 0 6.22104 0 0 -12.1055 
2.028 1.987 0.1765 1.60453 0 3.86955 -6.13739 0 0.289549 0 0 -19.4925 1.234 0.15 1.19497 0 2.8039 -7.20281 0 6.21123 0 0 -12.1055 
2.029 1.987 0.1765 1.59839 0 3.86983 -6.13739 0 0.279739 0 0 -19.4925 1.234 0.15 1.18777 0 2.81011 -7.20281 0 6.20142 0 0 -12.1055 
2.03 1.987 0.1765 1.59226 0 3.8701 -6.13739 0 0.269929 0 0 -19.4925 1.234 0.15 1.18057 0 2.8163 -7.20281 0 6.19161 0 0 -12.1055 
2.031 1.987 0.1765 1.58612 0 3.87036 -6.13739 0 0.260119 0 0 -19.4925 1.234 0.15 1.17337 0 2.82248 -7.20281 0 6.1818 0 0 -12.1055 
2.032 1.987 0.1765 1.57998 0 3.87061 -6.13739 0 0.250309 0 0 -19.4925 1.234 0.15 1.16616 0 2.82865 -7.20281 0 6.17199 0 0 -12.1055 
2.033 1.987 0.1765 1.57384 0 3.87085 -6.13739 0 0.240499 0 0 -19.4925 1.234 0.15 1.15896 0 2.83481 -7.20281 0 6.16218 0 0 -12.1055 
2.034 1.987 0.1765 1.56771 0 3.87108 -6.13739 0 0.230689 0 0 -19.4925 1.234 0.15 1.15176 0 2.84097 -7.20281 0 6.15237 0 0 -12.1055 
2.035 1.987 0.1765 1.56157 0 3.8713 -6.13739 0 0.220879 0 0 -19.4925 1.234 0.15 1.14456 0 2.84711 -7.20281 0 6.14256 0 0 -12.1055 
2.036 1.987 0.1765 1.55543 0 3.87151 -6.13739 0 0.211069 0 0 -19.4925 1.234 0.15 1.13735 0 2.85324 -7.20281 0 6.13275 0 0 -12.1055 
2.037 1.987 0.1765 1.54929 0 3.87171 -6.13739 0 0.201259 0 0 -19.4925 1.234 0.15 1.13015 0 2.85936 -7.20281 0 6.12294 0 0 -12.1055 
2.038 1.987 0.1765 1.54316 0 3.8719 -6.13739 0 0.191449 0 0 -19.4925 1.234 0.15 1.12295 0 2.86548 -7.20281 0 6.11313 0 0 -12.1055 
2.039 1.987 0.1765 1.53702 0 3.87209 -6.13739 0 0.181639 0 0 -19.4925 1.234 0.15 1.11574 0 2.87158 -7.20281 0 6.10332 0 0 -12.1055 
2.04 1.987 0.1765 1.53088 0 3.87226 -6.13739 0 0.171829 0 0 -19.4925 1.234 0.15 1.10854 0 2.87767 -7.20281 0 6.09351 0 0 -12.1055 
2.041 1.987 0.1765 1.52474 0 3.87242 -6.13739 0 0.162019 0 0 -19.4925 1.234 0.15 1.10134 0 2.88376 -7.20281 0 6.0837 0 0 -12.1055 
2.042 1.987 0.1765 1.51861 0 3.87257 -6.13739 0 0.152209 0 0 -19.4925 1.234 0.15 1.09414 0 2.88983 -7.20281 0 6.07389 0 0 -12.1055 
2.043 1.987 0.1765 1.51247 0 3.87271 -6.13739 0 0.142399 0 0 -19.4925 1.234 0.15 1.08693 0 2.8959 -7.20281 0 6.06408 0 0 -12.1055 
2.044 1.987 0.1765 1.50633 0 3.87285 -6.13739 0 0.132589 0 0 -19.4925 1.234 0.15 1.07973 0 2.90195 -7.20281 0 6.05427 0 0 -12.1055 
2.045 1.987 0.1765 1.50019 0 3.87297 -6.13739 0 0.122779 0 0 -19.4925 1.234 0.15 1.07253 0 2.90799 -7.20281 0 6.04446 0 0 -12.1055 
2.046 1.987 0.1765 1.49406 0 3.87308 -6.13739 0 0.112969 0 0 -19.4925 1.234 0.15 1.06532 0 2.91403 -7.20281 0 6.03465 0 0 -12.1055 
2.047 1.987 0.1765 1.48792 0 3.87319 -6.13739 0 0.103159 0 0 -19.4925 1.234 0.15 1.05812 0 2.92005 -7.20281 0 6.02484 0 0 -12.1055 
2.048 1.987 0.1765 1.48178 0 3.87328 -6.13739 0 0.0933493 0 0 -19.4925 1.234 0.15 1.05092 0 2.92607 -7.20281 0 6.01503 0 0 -12.1055 
2.049 1.987 0.1765 1.47565 0 3.87336 -6.13739 0 0.0835393 0 0 -19.4925 1.234 0.15 1.04372 0 2.93207 -7.20281 0 6.00522 0 0 -12.1055 
2.05 1.987 0.1765 1.46951 0 3.87344 -6.13739 0 0.0737293 0 0 -19.4925 1.234 0.15 1.03651 0 2.93807 -7.20281 0 5.99541 0 0 -12.1055 
2.051 1.987 0.1765 1.46337 0 3.8735 -6.13739 0 0.0639193 0 0 -19.4925 1.234 0.15 1.02931 0 2.94406 -7.20281 0 5.9856 0 0 -12.1055 
2.052 1.987 0.1765 1.45723 0 3.87355 -6.13739 0 0.0541093 0 0 -19.4925 1.234 0.15 1.02211 0 2.95003 -7.20281 0 5.97579 0 0 -12.1055 
2.053 1.987 0.1765 1.4511 0 3.8736 -6.13739 0 0.0442993 0 0 -19.4925 1.234 0.15 1.0149 0 2.956 -7.20281 0 5.96598 0 0 -12.1055 
2.054 1.987 0.1765 1.44496 0 3.87363 -6.13739 0 0.0344893 0 0 -19.4925 1.234 0.15 1.0077 0 2.96195 -7.20281 0 5.95617 0 0 -12.1055 
2.055 1.987 0.1765 1.43882 0 3.87366 -6.13739 0 0.0246793 0 0 -19.4925 1.234 0.15 1.0005 0 2.9679 -7.20281 0 5.94636 0 0 -12.1055 
2.056 1.987 0.1765 1.43268 0 3.87367 -6.13739 0 0.0148693 0 0 -19.4925 1.234 0.15 0.993296 0 2.97384 -7.20281 0 5.93655 0 0 -12.1055 
2.057 1.987 0.1765 1.42655 0 3.87368 -6.13739 0 0.00505926 0 0 -19.4925 1.234 0.15 0.986093 0 2.97976 -7.20281 0 5.92674 0 0 -12.1055 
2.058 1.987 0.1765 1.42041 0 3.87367 -6.13739 0 -0.00475074 0 0 -19.4925 1.234 0.15 0.97889 0 2.98568 -7.20281 0 5.91693 0 0 -12.1055 
2.059 1.987 0.1765 1.41427 0 3.87366 -6.13739 0 -0.0145607 0 0 -19.4925 1.234 0.15 0.971688 0 2.99159 -7.20281 0 5.90712 0 0 -12.1055 
2.06 1.987 0.1765 1.40813 0 3.87363 -6.13739 0 -0.0243707 0 0 -19.4925 1.234 0.15 0.964485 0 2.99748 -7.20281 0 5.89731 0 0 -12.1055 
2.061 1.987 0.1765 1.402 0 3.8736 -6.13739 0 -0.0341807 0 0 -19.4925 1.234 0.15 0.957282 0 3.00337 -7.20281 0 5.8875 0 0 -12.1055 
2.062 1.987 0.1765 1.39586 0 3.87356 -6.13739 0 -0.0439907 0 0 -19.4925 1.234 0.15 0.950079 0 3.00925 -7.20281 0 5.87769 0 0 -12.1055 
2.063 1.987 0.1765 1.38972 0 3.8735 -6.13739 0 -0.0538007 0 0 -19.4925 1.234 0.15 0.942876 0 3.01512 -7.20281 0 5.86788 0 0 -12.1055 
2.064 1.987 0.1765 1.38358 0 3.87344 -6.13739 0 -0.0636107 0 0 -19.4925 1.234 0.15 0.935673 0 3.02098 -7.20281 0 5.85807 0 0 -12.1055 
2.065 1.987 0.1765 1.37745 0 3.87336 -6.13739 0 -0.0734207 0 0 -19.4925 1.234 0.15 0.928471 0 3.02682 -7.20281 0 5.84826 0 0 -12.1055 
2.066 1.987 0.1765 1.37131 0 3.87328 -6.13739 0 -0.0832307 0 0 -19.4925 1.234 0.15 0.921268 0 3.03266 -7.20281 0 5.83845 0 0 -12.1055 
2.067 1.987 0.1765 1.36517 0 3.87319 -6.13739 0 -0.0930407 0 0 -19.4925 1.234 0.15 0.914065 0 3.03849 -7.20281 0 5.82864 0 0 -12.1055 
2.068 1.987 0.1765 1.35903 0 3.87309 -6.13739 0 -0.102851 0 0 -19.4925 1.234 0.15 0.906862 0 3.04431 -7.20281 0 5.81883 0 0 -12.1055 
2.069 1.987 0.1765 1.3529 0 3.87297 -6.13739 0 -0.112661 0 0 -19.4925 1.234 0.15 0.899659 0 3.05012 -7.20281 0 5.80902 0 0 -12.1055 
2.07 1.987 0.1765 1.34676 0 3.87285 -6.13739 0 -0.122471 0 0 -19.4925 1.234 0.15 0.892457 0 3.05592 -7.20281 0 5.79921 0 0 -12.1055 
2.071 1.987 0.1765 1.34062 0 3.87272 -6.13739 0 -0.132281 0 0 -19.4925 1.234 0.15 0.885254 0 3.06171 -7.20281 0 5.7894 0 0 -12.1055 
2.072 1.987 0.1765 1.33449 0 3.87258 -6.13739 0 -0.142091 0 0 -19.4925 1.234 0.15 0.878051 0 3.06749 -7.20281 0 5.77959 0 0 -12.1055 
2.073 1.987 0.1765 1.32835 0 3.87242 -6.13739 0 -0.151901 0 0 -19.4925 1.234 0.15 0.870848 0 3.07326 -7.20281 0 5.76978 0 0 -12.1055 
2.074 1.987 0.1765 1.32221 0 3.87226 -6.13739 0 -0.161711 0 0 -19.4925 1.234 0.15 0.863645 0 3.07902 -7.20281 0 5.75997 0 0 -12.1055 
2.075 1.987 0.1765 1.31607 0 3.87209 -6.13739 0 -0.171521 0 0 -19.4925 1.234 0.15 0.856443 0 3.08477 -7.20281 0 5.75016 0 0 -12.1055 
2.076 1.987 0.1765 1.30994 0 3.87191 -6.13739 0 -0.181331 0 0 -19.4925 1.234 0.15 0.84924 0 3.09051 -7.20281 0 5.74035 0 0 -12.1055 
2.077 1.987 0.1765 1.3038 0 3.87172 -6.13739 0 -0.191141 0 0 -19.4925 1.234 0.15 0.842037 0 3.09624 -7.20281 0 5.73054 0 0 -12.1055 
2.078 1.987 0.1765 1.29766 0 3.87152 -6.13739 0 -0.200951 0 0 -19.4925 1.234 0.15 0.834834 0 3.10196 -7.20281 0 5.72073 0 0 -12.1055 
2.079 1.987 0.1765 1.29152 0 3.87131 -6.13739 0 -0.210761 0 0 -19.4925 1.234 0.15 0.827631 0 3.10767 -7.20281 0 5.71092 0 0 -12.1055 
2.08 1.987 0.1765 1.28539 0 3.87109 -6.13739 0 -0.220571 0 0 -19.4925 1.234 0.15 0.820428 0 3.11337 -7.20281 0 5.70111 0 0 -12.1055 
2.081 1.987 0.1765 1.27925 0 3.87086 -6.13739 0 -0.230381 0 0 -19.4925 1.234 0.15 0.813226 0 3.11906 -7.20281 0 5.6913 0 0 -12.1055 
2.082 1.987 0.1765 1.27311 0 3.87062 -6.13739 0 -0.240191 0 0 -19.4925 1.234 0.15 0.806023 0 3.12474 -7.20281 0 5.68149 0 0 -12.1055 
2.083 1.987 0.1765 1.26697 0 3.87037 -6.13739 0 -0.250001 0 0 -19.4925 1.234 0.15 0.79882 0 3.13042 -7.20281 0 5.67168 0 0 -12.1055 
2.084 1.987 0.1765 1.26084 0 3.87011 -6.13739 0 -0.259811 0 0 -19.4925 1.234 0.15 0.791617 0 3.13608 -7.20281 0 5.66187 0 0 -12.1055 
2.085 1.987 0.1765 1.2547 0 3.86984 -6.13739 0 -0.269621 0 0 -19.4925 1.234 0.15 0.784414 0 3.14173 -7.20281 0 5.65206 0 0 -12.1055 
2.086 1.987 0.1765 1.24856 0 3.86956 -6.13739 0 -0.279431 0 0 -19.4925 1.234 0.15 0.777212 0 3.14737 -7.20281 0 5.64225 0 0 -12.1055 
2.087 1.987 0.1765 1.24242 0 3.86927 -6.13739 0 -0.289241 0 0 -19.4925 1.234 0.15 0.770009 0 3.153 -7.20281 0 5.63244 0 0 -12.1055 
2.088 1.987 0.1765 1.23629 0 3.86897 -6.13739 0 -0.299051 0 0 -19.4925 1.234 0.15 0.762806 0 3.15863 -7.20281 0 5.62263 0 0 -12.1055 
2.089 1.987 0.1765 1.23015 0 3.86866 -6.13739 0 -0.308861 0 0 -19.4925 1.234 0.15 0.755603 0 3.16424 -7.20281 0 5.61282 0 0 -12.1055 
2.09 1.987 0.1765 1.22401 0 3.86834 -6.13739 0 -0.318671 0 0 -19.4925 1.234 0.15 0.7484 0 3.16984 -7.20281 0 5.60301 0 0 -12.1055 
2.091 1.987 0.1765 1.21787 0 3.86801 -6.13739 0 -0.328481 0 0 -19.4925 1.234 0.15 0.741197 0 3.17544 -7.20281 0 5.5932 0 0 -12.1055 
2.092 1.987 0.1765 1.21174 0 3.86767 -6.13739 0 -0.338291 0 0 -19.4925 1.234 0.15 0.733995 0 3.18102 -7.20281 0 5.58339 0 0 -12.1055 
2.093 1.987 0.1765 1.2056 0 3.86733 -6.13739 0 -0.348101 0 0 -19.4925 1.234 0.15 0.726792 0 3.18659 -7.20281 0 5.57358 0 0 -12.1055 
2.094 1.987 0.1765 1.19946 0 3.86697 -6.13739 0 -0.357911 0 0 -19.4925 1.234 0.15 0.719589 0 3.19216 -7.20281 0 5.56377 0 0 -12.1055 
2.095 1.987 0.1765 1.19333 0 3.8666 -6.13739 0 -0.367721 0 0 -19.4925 1.234 0.15 0.712386 0 3.19771 -7.20281 0 5.55396 0 0 -12.1055 
2.096 1.987 0.1765 1.18719 0 3.86622 -6.13739 0 -0.377531 0 0 -19.4925 1.234 0.15 0.705183 0 3.20325 -7.20281 0 5.54415 0 0 -12.1055 
2.097 1.987 0.1765 1.18105 0 3.86584 -6.13739 0 -0.387341 0 0 -19.4925 1.234 0.15 0.697981 0 3.20879 -7.20281 0 5.53434 0 0 -12.1055 
2.098 1.987 0.1765 1.17491 0 3.86544 -6.13739 0 -0.397151 0 0 -19.4925 1.234 0.15 0.690778 0 3.21431 -7.20281 0 5.52453 0 0 -12.1055 
2.099 1.987 0.1765 1.16878 0 3.86503 -6.13739 0 -0.406961 0 0 -19.4925 1.234 0.15 0.683575 0 3.21983 -7.20281 0 5.51472 0 0 -12.1055 
2.1 1.987 0.1765 1.16264 0 3.86461 -6.13739 0 -0.416771 0 0 -19.4925 1.234 0.15 0.676372 0 3.22533 -7.20281 0 5.50491 0 0 -12.1055 
2.101 1.987 0.1765 1.1565 0 3.86419 -6.13739 0 -0.426581 0 0 -19.4925 1.234 0.15 0.669169 0 3.23083 -7.20281 0 5.4951 0 0 -12.1055 
2.102 1.987 0.1765 1.15036 0 3.86375 -6.13739 0 -0.436391 0 0 -19.4925 1.234 0.15 0.661967 0 3.23631 -7.20281 0 5.48529 0 0 -12.1055 
2.103 1.987 0.1765 1.14423 0 3.86331 -6.13739 0 -0.446201 0 0 -19.4925 1.234 0.15 0.654764 0 3.24179 -7.20281 0 5.47548 0 0 -12.1055 
2.104 1.987 0.1765 1.13809 0 3.86285 -6.13739 0 -0.456011 0 0 -19.4925 1.234 0.15 0.647561 0 3.24725 -7.20281 0 5.46567 0 0 -12.1055 
2.105 1.987 0.1765 1.13195 0 3.86238 -6.13739 0 -0.465821 0 0 -19.4925 1.234 0.15 0.640358 0 3.25271 -7.20281 0 5.45586 0 0 -12.1055 
2.106 1.987 0.1765 1.12581 0 3.86191 -6.13739 0 -0.475631 0 0 -19.4925 1.234 0.15 0.633155 0 3.25816 -7.20281 0 5.44605 0 0 -12.1055 
2.107 1.987 0.1765 1.11968 0 3.86142 -6.13739 0 -0.485441 0 0 -19.4925 1.234 0.15 0.625952 0 3.26359 -7.20281 0 5.43624 0 0 -12.1055 
2.108 1.987 0.1765 1.11354 0 3.86093 -6.13739 0 -0.495251 0 0 -19.4925 1.234 0.15 0.61875 0 3.26902 -7.20281 0 5.42643 0 0 -12.1055 
2.109 1.987 0.1765 1.1074 0 3.86042 -6.13739 0 -0.505061 0 0 -19.4925 1.234 0.15 0.611547 0 3.27444 -7.20281 0 5.41662 0 0 -12.1055 
2.11 1.987 0.1765 1.10126 0 3.85991 -6.13739 0 -0.514871 0 0 -19.4925 1.234 0.15 0.604344 0 3.27984 -7.20281 0 5.40681 0 0 -12.1055 
2.111 1.987 0.1765 1.09513 0 3.85938 -6.13739 0 -0.524681 0 0 -19.4925 1.234 0.15 0.597141 0 3.28524 -7.20281 0 5.397 0 0 -12.1055 
2.112 1.987 0.1765 1.08899 0 3.85885 -6.13739 0 -0.534491 0 0 -19.4925 1.234 0.15 0.589938 0 3.29063 -7.20281 0 5.38719 0 0 -12.1055 
2.113 1.987 0.1765 1.08285 0 3.8583 -6.13739 0 -0.544301 0 0 -19.4925 1.234 0.15 0.582736 0 3.296 -7.20281 0 5.37738 0 0 -12.1055 
2.114 1.987 0.1765 1.07671 0 3.85775 -6.13739 0 -0.554111 0 0 -19.4925 1.234 0.15 0.575533 0 3.30137 -7.20281 0 5.36757 0 0 -12.1055 
2.115 1.987 0.1765 1.07058 0 3.85719 -6.13739 0 -0.563921 0 0 -19.4925 1.234 0.15 0.56833 0 3.30673 -7.20281 0 5.35776 0 0 -12.1055 
2.116 1.987 0.1765 1.06444 0 3.85661 -6.13739 0 -0.573731 0 0 -19.4925 1.234 0.15 0.561127 0 3.31208 -7.20281 0 5.34795 0 0 -12.1055 
2.117 1.987 0.1765 1.0583 0 3.85603 -6.13739 0 -0.583541 0 0 -19.4925 1.234 0.15 0.553924 0 3.31742 -7.20281 0 5.33814 0 0 -12.1055 
2.118 1.987 0.1765 1.05217 0 3.85544 -6.13739 0 -0.593351 0 0 -19.4925 1.234 0.15 0.546721 0 3.32274 -7.20281 0 5.32833 0 0 -12.1055 
2.119 1.987 0.1765 1.04603 0 3.85483 -6.13739 0 -0.603161 0 0 -19.4925 1.234 0.15 0.539519 0 3.32806 -7.20281 0 5.31852 0 0 -12.1055 
2.12 1.987 0.1765 1.03989 0 3.85422 -6.13739 0 -0.612971 0 0 -19.4925 1.234 0.15 0.532316 0 3.33337 -7.20281 0 5.30871 0 0 -12.1055 
2.121 1.987 0.1765 1.03375 0 3.8536 -6.13739 0 -0.622781 0 0 -19.4925 1.234 0.15 0.525113 0 3.33867 -7.20281 0 5.2989 0 0 -12.1055 
2.122 1.987 0.1765 1.02762 0 3.85296 -6.13739 0 -0.632591 0 0 -19.4925 1.234 0.15 0.51791 0 3.34396 -7.20281 0 5.28909 0 0 -12.1055 
2.123 1.987 0.1765 1.02148 0 3.85232 -6.13739 0 -0.642401 0 0 -19.4925 1.234 0.15 0.510707 0 3.34924 -7.20281 0 5.27928 0 0 -12.1055 
2.124 1.987 0.1765 1.01534 0 3.85167 -6.13739 0 -0.652211 0 0 -19.4925 1.234 0.15 0.503505 0 3.35451 -7.20281 0 5.26947 0 0 -12.1055 
2.125 1.987 0.1765 1.0092 0 3.85101 -6.13739 0 -0.662021 0 0 -19.4925 1.234 0.15 0.496302 0 3.35977 -7.20281 0 5.25966 0 0 -12.1055 
2.126 1.987 0.1765 1.00307 0 3.85034 -6.13739 0 -0.671831 0 0 -19.4925 1.234 0.15 0.489099 0 3.36502 -7.20281 0 5.24985 0 0 -12.1055 
2.127 1.987 0.1765 0.996929 0 3.84965 -6.13739 0 -0.681641 0 0 -19.4925 1.234 0.15 0.481896 0 3.37026 -7.20281 0 5.24004 0 0 -12.1055 
2.128 1.987 0.1765 0.990791 0 3.84896 -6.13739 0 -0.691451 0 0 -19.4925 1.234 0.15 0.474693 0 3.37549 -7.20281 0 5.23023 0 0 -12.1055 
2.129 1.987 0.1765 0.984654 0 3.84826 -6.13739 0 -0.701261 0 0 -19.4925 1.234 0.15 0.467491 0 3.38071 -7.20281 0 5.22042 0 0 -12.1055 
2.13 1.987 0.1765 0.978517 0 3.84755 -6.13739 0 -0.711071 0 0 -19.4925 1.234 0.15 0.460288 0 3.38592 -7.20281 0 5.21061 0 0 -12.1055 
2.131 1.987 0.1765 0.972379 0 3.84683 -6.13739 0 -0.720881 0 0 -19.4925 1.234 0.15 0.453085 0 3.39112 -7.20281 0 5.2008 0 0 -12.1055 
2.132 1.987 0.1765 0.966242 0 3.8461 -6.13739 0 -0.730691 0 0 -19.4925 1.234 0.15 0.445882 0 3.39631 -7.20281 0 5.19099 0 0 -12.1055 
2.133 1.987 0.1765 0.960104 0 3.84536 -6.13739 0 -0.740501 0 0 -19.4925 1.234 0.15 0.438679 0 3.40149 -7.20281 0 5.18118 0 0 -12.1055 
2.134 1.987 0.1765 0.953967 0 3.84461 -6.13739 0 -0.750311 0 0 -19.4925 1.234 0.15 0.431476 0 3.40666 -7.20281 0 5.17137 0 0 -12.1055 
2.135 1.987 0.1765 0.94783 0 3.84385 -6.13739 0 -0.760121 0 0 -19.4925 1.234 0.15 0.424274 0 3.41182 -7.20281 0 5.16156 0 0 -12.1055 
2.136 1.987 0.1765 0.941692 0 3.84308 -6.13739 0 -0.769931 0 0 -19.4925 1.234 0.15 0.417071 0 3.41698 -7.20281 0 5.15175 0 0 -12.1055 
2.137 1.987 0.1765 0.935555 0 3.8423 -6.13739 0 -0.779741 0 0 -19.4925 1.234 0.15 0.409868 0 3.42212 -7.20281 0 5.14194 0 0 -12.1055 
2.138 1.987 0.1765 0.929417 0 3.84151 -6.13739 0 -0.789551 0 0 -19.4925 1.234 0.15 0.402665 0 3.42725 -7.20281 0 5.13213 0 0 -12.1055 
2.139 1.987 0.1765 0.92328 0 3.84071 -6.13739 0 -0.799361 0 0 -19.4925 1.234 0.15 0.395462 0 3.43237 -7.20281 0 5.12232 0 0 -12.1055 
2.14 1.987 0.1765 0.917143 0 3.8399 -6.13739 0 -0.809171 0 0 -19.4925 1.234 0.15 0.38826 0 3.43749 -7.20281 0 5.11251 0 0 -12.1055 
2.141 1.987 0.1765 0.911005 0 3.83908 -6.13739 0 -0.818981 0 0 -19.4925 1.234 0.15 0.381057 0 3.44259 -7.20281 0 5.1027 0 0 -12.1055 
2.142 1.987 0.1765 0.904868 0 3.83825 -6.13739 0 -0.828791 0 0 -19.4925 1.234 0.15 0.373854 0 3.44768 -7.20281 0 5.09289 0 0 -12.1055 
2.143 1.987 0.1765 0.898731 0 3.83741 -6.13739 0 -0.838601 0 0 -19.4925 1.234 0.15 0.366651 0 3.45276 -7.20281 0 5.08308 0 0 -12.1055 
2.144 1.987 0.1765 0.892593 0 3.83656 -6.13739 0 -0.848411 0 0 -19.4925 1.234 0.15 0.359448 0 3.45784 -7.20281 0 5.07327 0 0 -12.1055 
2.145 1.987 0.1765 0.886456 0 3.83571 -6.13739 0 -0.858221 0 0 -19.4925 1.234 0.15 0.352245 0 3.4629 -7.20281 0 5.06346 0 0 -12.1055 
2.146 1.987 0.1765 0.880318 0 3.83484 -6.13739 0 -0.868031 0 0 -19.4925 1.234 0.15 0.345043 0 3.46795 -7.20281 0 5.05365 0 0 -12.1055 
2.147 1.987 0.1765 0.874181 0 3.83396 -6.13739 0 -0.877841 0 0 -19.4925 1.234 0.15 0.33784 0 3.473 -7.20281 0 5.04384 0 0 -12.1055 
2.148 1.987 0.1765 0.868044 0 3.83307 -6.13739 0 -0.887651 0 0 -19.4925 1.234 0.15 0.330637 0 3.47803 -7.20281 0 5.03403 0 0 -12.1055 
2.149 1.987 0.1765 0.861906 0 3.83218 -6.13739 0 -0.897461 0 0 -19.4925 1.234 0.15 0.323434 0 3.48306 -7.20281 0 5.02422 0 0 -12.1055 
2.15 1.987 0.1765 0.855769 0 3.83127 -6.13739 0 -0.907271 0 0 -19.4925 1.234 0.15 0.316231 0 3.48807 -7.20281 0 5.01441 0 0 -12.1055 
2.151 1.987 0.1765 0.849631 0 3.83035 -6.13739 0 -0.917081 0 0 -19.4925 1.234 0.15 0.309029 0 3.49308 -7.20281 0 5.0046 0 0 -12.1055 
2.152 1.987 0.1765 0.843494 0 3.82942 -6.13739 0 -0.926891 0 0 -19.4925 1.234 0.15 0.301826 0 3.49807 -7.20281 0 4.99479 0 0 -12.1055 
2.153 1.987 0.1765 0.837357 0 3.82849 -6.13739 0 -0.936701 0 0 -19.4925 1.234 0.15 0.294623 0 3.50306 -7.20281 0 4.98498 0 0 -12.1055 
2.154 1.987 0.1765 0.831219 0 3.82754 -6.13739 0 -0.946511 0 0 -19.4925 1.234 0.15 0.28742 0 3.50803 -7.20281 0 4.97517 0 0 -12.1055 
2.155 1.987 0.1765 0.825082 0 3.82658 -6.13739 0 -0.956321 0 0 -19.4925 1.234 0.15 0.280217 0 3.513 -7.20281 0 4.96536 0 0 -12.1055 
2.156 1.987 0.1765 0.818944 0 3.82562 -6.13739 0 -0.966131 0 0 -19.4925 1.234 0.15 0.273015 0 3.51795 -7.20281 0 4.95555 0 0 -12.1055 
2.157 1.987 0.1765 0.812807 0 3.82464 -6.13739 0 -0.975941 0 0 -19.4925 1.234 0.15 0.265812 0 3.5229 -7.20281 0 4.94574 0 0 -12.1055 
2.158 1.987 0.1765 0.80667 0 3.82366 -6.13739 0 -0.985751 0 0 -19.4925 1.234 0.15 0.258609 0 3.52783 -7.20281 0 4.93593 0 0 -12.1055 
2.159 1.987 0.1765 0.800532 0 3.82266 -6.13739 0 -0.995561 0 0 -19.4925 1.234 0.15 0.251406 0 3.53276 -7.20281 0 4.92612 0 0 -12.1055 
2.16 1.987 0.1765 0.794395 0 3.82166 -6.13739 0 -1.00537 0 0 -19.4925 1.234 0.15 0.244203 0 3.53768 -7.20281 0 4.91631 0 0 -12.1055 
2.161 1.987 0.1765 0.788258 0 3.82064 -6.13739 0 -1.01518 0 0 -19.4925 1.234 0.15 0.237 0 3.54258 -7.20281 0 4.9065 0 0 -12.1055 
2.162 1.987 0.1765 0.78212 0 3.81962 -6.13739 0 -1.02499 0 0 -19.4925 1.234 0.15 0.229798 0 3.54748 -7.20281 0 4.89669 0 0 -12.1055 
2.163 1.987 0.1765 0.775983 0 3.81858 -6.13739 0 -1.0348 0 0 -19.4925 1.234 0.15 0.222595 0 3.55237 -7.20281 0 4.88688 0 0 -12.1055 
2.164 1.987 0.1765 0.769845 0 3.81754 -6.13739 0 -1.04461 0 0 -19.4925 1.234 0.15 0.215392 0 3.55724 -7.20281 0 4.87707 0 0 -12.1055 
2.165 1.987 0.1765 0.763708 0 3.81648 -6.13739 0 -1.05442 0 0 -19.4925 1.234 0.15 0.208189 0 3.56211 -7.20281 0 4.86726 0 0 -12.1055 
2.166 1.987 0.1765 0.757571 0 3.81542 -6.13739 0 -1.06423 0 0 -19.4925 1.234 0.15 0.200986 0 3.56697 -7.20281 0 4.85745 0 0 -12.1055 
2.167 1.987 0.1765 0.751433 0 3.81434 -6.13739 0 -1.07404 0 0 -19.4925 1.234 0.15 0.193784 0 3.57181 -7.20281 0 4.84764 0 0 -12.1055 
2.168 1.987 0.1765 0.745296 0 3.81326 -6.13739 0 -1.08385 0 0 -19.4925 1.234 0.15 0.186581 0 3.57665 -7.20281 0 4.83783 0 0 -12.1055 
2.169 1.987 0.1765 0.739158 0 3.81217 -6.13739 0 -1.09366 0 0 -19.4925 1.234 0.15 0.179378 0 3.58148 -7.20281 0 4.82802 0 0 -12.1055 
2.17 1.987 0.1765 0.733021 0 3.81106 -6.13739 0 -1.10347 0 0 -19.4925 1.234 0.15 0.172175 0 3.5863 -7.20281 0 4.81821 0 0 -12.1055 
2.171 1.987 0.1765 0.726884 0 3.80995 -6.13739 0 -1.11328 0 0 -19.4925 1.234 0.15 0.164972 0 3.59111 -7.20281 0 4.8084 0 0 -12.1055 
2.172 1.987 0.1765 0.720746 0 3.80883 -6.13739 0 -1.12309 0 0 -19.4925 1.234 0.15 0.157769 0 3.59591 -7.20281 0 4.79859 0 0 -12.1055 
2.173 1.987 0.1765 0.714609 0 3.80769 -6.13739 0 -1.1329 0 0 -19.4925 1.234 0.15 0.150567 0 3.60069 -7.20281 0 4.78878 0 0 -12.1055 
2.174 1.987 0.1765 0.708471 0 3.80655 -6.13739 0 -1.14271 0 0 -19.4925 1.234 0.15 0.143364 0 3.60547 -7.20281 0 4.77897 0 0 -12.1055 
2.175 1.987 0.1765 0.702334 0 3.8054 -6.13739 0 -1.15252 0 0 -19.4925 1.234 0.15 0.136205 0 3.61024 -7.15855 0 4.76916 54.6184 0 -12.1055 
2.176 1.987 0.1765 0.696197 0 3.80424 -6.13739 0 -1.16233 0 0 -19.4925 1.234 0.15 0.129139 0 3.615 -7.06655 0 4.75935 113.537 0 -12.1055 
2.177 1.987 0.1765 0.690059 0 3.80306 -6.13739 0 -1.17214 0 0 -19.4925 1.234 0.15 0.122211 0 3.61975 -6.92741 0 4.74954 171.698 0 -12.1055 
2.178 1.987 0.1765 0.683922 0 3.80188 -6.13739 0 -1.18195 0 0 -19.4925 1.234 0.15 0.115469 0 3.62449 -6.74206 0 4.73973 228.713 0 -12.1055 
2.179 1.987 0.1765 0.677784 0 3.80069 -6.13739 0 -1.19176 0 0 -19.4925 1.234 0.15 0.108958 0 3.62922 -6.51175 0 4.72992 284.204 0 -12.1055 
2.18 1.987 0.1765 0.671647 0 3.79949 -6.13739 0 -1.20157 0 0 -19.4925 1.234 0.15 0.10272 0 3.63394 -6.23801 0 4.72011 337.798 0 -12.1055 
2.181 1.987 0.1765 0.66551 0 3.79828 -6.13739 0 -1.21138 0 0 -19.4925 1.234 0.15 0.0967969 0 3.63865 -5.92266 0 4.7103 389.14 0 -12.1055 
2.182 1.987 0.1765 0.659372 0 3.79706 -6.13739 0 -1.22119 0 0 -19.4925 1.234 0.15 0.0912291 0 3.64335 -5.56781 0 4.70049 437.886 0 -12.1055 
2.183 1.987 0.1765 0.653235 0 3.79582 -6.13739 0 -1.231 0 0 -19.4925 1.234 0.15 0.0860532 0 3.64804 -5.17583 0 4.69068 483.712 0 -12.1055 
2.184 1.987 0.1765 0.647098 0 3.79458 -6.13739 0 -1.24081 0 0 -19.4925 1.234 0.15 0.0813039 0 3.65272 -4.74932 0 4.68087 526.311 0 -12.1055 
2.185 1.987 0.1765 0.64096 0 3.79333 -6.13739 0 -1.25062 0 0 -19.4925 1.234 0.15 0.0770128 0 3.65739 -4.29113 0 4.67106 565.4 0 -12.1055 
2.186 1.987 0.1765 0.634823 0 3.79207 -6.13739 0 -1.26043 0 0 -19.4925 1.234 0.15 0.0732085 0 3.66206 -3.80433 0 4.66125 600.718 0 -12.1055 
2.187 1.987 0.1765 0.628685 0 3.7908 -6.13739 0 -1.27024 0 0 -19.4925 1.234 0.15 0.0699163 0 3.66671 -3.29215 0 4.65144 632.03 0 -12.1055 
2.188 1.987 0.1765 0.622548 0 3.78952 -6.13739 0 -1.28005 0 0 -19.4925 1.234 0.15 0.0671583 0 3.67135 -2.75801 0 4.64163 659.125 0 -12.1055 
2.189 1.987 0.1765 0.616411 0 3.78823 -6.13739 0 -1.28986 0 0 -19.4925 1.234 0.15 0.0649528 0 3.67598 -2.20548 0 4.63182 681.825 0 -12.1055 
2.19 1.987 0.1765 0.610273 0 3.78693 -6.13739 0 -1.29967 0 0 -19.4925 1.234 0.15 0.0633146 0 3.6806 -1.63823 0 4.62201 699.977 0 -12.1055 
2.191 1.987 0.1765 0.604136 0 3.78562 -6.13739 0 -1.30948 0 0 -19.4925 1.234 0.15 0.0622545 0 3.68522 -1.06007 0 4.6122 713.461 0 -12.1055 
2.192 1.987 0.1765 0.597998 0 3.7843 -6.13739 0 -1.31929 0 0 -19.4925 1.234 0.15 0.0617797 0 3.68982 -0.474826 0 4.60239 722.185 0 -12.1055 
2.193 1.987 0.1765 0.591861 0 3.78298 -6.13739 0 -1.3291 0 0 -19.4925 1.234 0.15 0.0618933 0 3.69441 0.11358 0 4.59258 726.093 0 -12.1055 
2.194 1.987 0.1765 0.585724 0 3.78164 -6.13739 0 -1.33891 0 0 -19.4925 1.234 0.15 0.0625945 0 3.69899 0.701229 0 4.58277 725.159 0 -12.1055 
2.195 1.987 0.1765 0.579586 0 3.78029 -6.13739 0 -1.34872 0 0 -19.4925 1.234 0.15 0.0638787 0 3.70357 1.2842 0 4.57296 719.387 0 -12.1055 
2.196 1.987 0.1765 0.573449 0 3.77893 -6.13739 0 -1.35853 0 0 -19.4925 1.234 0.15 0.0657373 0 3.70813 1.85861 0 4.56315 708.818 0 -12.1055 
2.197 1.987 0.1765 0.567311 0 3.77756 -6.13739 0 -1.36834 0 0 -19.4925 1.234 0.15 0.0681579 0 3.71268 2.42062 0 4.55334 693.52 0 -12.1055 
2.198 1.987 0.1765 0.561174 0 3.77618 -6.13739 0 -1.37815 0 0 -19.4925 1.234 0.15 0.0711244 0 3.71723 2.96648 0 4.54353 673.598 0 -12.1055 
2.199 1.987 0.1765 0.555037 0 3.77479 -6.13739 0 -1.38796 0 0 -19.4925 1.234 0.15 0.074617 0 3.72176 3.49256 0 4.53372 649.182 0 -12.1055 
2.2 1.987 0.1765 0.548899 0 3.7734 -6.13739 0 -1.39777 0 0 -19.4925 1.234 0.15 0.0786123 0 3.72628 3.99535 0 4.52391 620.437 0 -12.1055 
2.201 1.987 0.1765 0.542762 0 3.77199 -6.13739 0 -1.40758 0 0 -19.4925 1.234 0.15 0.0830838 0 3.7308 4.47148 0 4.5141 587.553 0 -12.1055 
2.202 1.987 0.1765 0.536624 0 3.77057 -6.13739 0 -1.41739 0 0 -19.4925 1.234 0.15 0.0880016 0 3.7353 4.9178 0 4.50429 550.751 0 -12.1055 
2.203 1.987 0.1765 0.530487 0 3.76914 -6.13739 0 -1.4272 0 0 -19.4925 1.234 0.15 0.0933329 0 3.7398 5.33131 0 4.49448 510.275 0 -12.1055 
2.204 1.987 0.1765 0.52435 0 3.76771 -6.13739 0 -1.43701 0 0 -19.4925 1.234 0.15 0.0990422 0 3.74428 5.70927 0 4.48467 466.396 0 -12.1055 
2.205 1.987 0.1765 0.518212 0 3.76626 -6.13739 0 -1.44682 0 0 -19.4925 1.234 0.15 0.105091 0 3.74876 6.04914 0 4.47486 419.406 0 -12.1055 
2.206 1.987 0.1765 0.512075 0 3.7648 -6.13739 0 -1.45663 0 0 -19.4925 1.234 0.15 0.11144 0 3.75322 6.34867 0 4.46505 369.619 0 -12.1055 
2.207 1.987 0.1765 0.505938 0 3.76334 -6.13739 0 -1.46644 0 0 -19.4925 1.234 0.15 0.118046 0 3.75768 6.60586 0 4.45524 317.367 0 -12.1055 
2.208 1.987 0.1765 0.4998 0 3.76186 -6.13739 0 -1.47625 0 0 -19.4925 1.234 0.15 0.124865 0 3.76212 6.81898 0 4.44543 262.997 0 -12.1055 
2.209 1.987 0.1765 0.493663 0 3.76038 -6.13739 0 -1.48606 0 0 -19.4925 1.234 0.15 0.131851 0 3.76656 6.98663 0 4.43562 206.874 0 -12.1055 
2.21 1.987 0.1765 0.487525 0 3.75888 -6.13739 0 -1.49587 0 0 -19.4925 1.234 0.15 0.138959 0 3.77098 7.10767 0 4.42581 149.371 0 -12.1055 
2.211 1.987 0.1765 0.481388 0 3.75737 -6.13739 0 -1.50568 0 0 -19.4925 1.234 0.15 0.14614 0 3.7754 7.18131 0 4.416 90.8715 0 -12.1055 
2.212 1.987 0.1765 0.475251 0 3.75586 -6.13739 0 -1.51549 0 0 -19.4925 1.234 0.15 0.153347 0 3.77981 7.20705 0 4.40619 31.766 0 -12.1055 
2.213 1.987 0.1765 0.469129 0 3.75433 -6.12208 0 -1.52644 30.4295 0 -21.7562 1.234 0.15 0.16053 0 3.7842 7.18239 0 4.39822 -30.4295 0 -9.84184 
2.214 1.987 0.1765 0.463074 0 3.75279 -6.05422 0 -1.54282 134.835 0 -32.5441 1.234 0.15 0.167603 0 3.7886 7.07313 0 4.39899 -134.835 0 0.946097 
2.215 1.987 0.1765 0.457139 0 3.75122 -5.93552 0 -1.56702 235.856 0 -48.0799 1.234 0.15 0.174485 0 3.79301 6.882 0 4.41234 -235.856 0 16.4819 
2.216 1.987 0.1765 0.45137 0 3.74962 -5.76845 0 -1.60153 331.973 0 -68.5774 1.234 0.15 0.181098 0 3.79746 6.61298 0 4.44231 -331.973 0 36.9794 
2.217 1.987 0.1765 0.445814 0 3.74797 -5.55624 0 -1.6489 421.652 0 -94.1221 1.234 0.15 0.187369 0 3.80195 6.27128 0 4.49298 -421.652 0 62.5241 
2.218 1.987 0.1765 0.440511 0 3.74626 -5.30291 0 -1.71162 503.364 0 -124.624 1.234 0.15 0.193233 0 3.80652 5.86337 0 4.56836 -503.364 0 93.0263 
2.219 1.987 0.1765 0.435498 0 3.74447 -5.01322 0 -1.79202 575.627 0 -159.765 1.234 0.15 0.19863 0 3.81119 5.3969 0 4.67223 -575.627 0 128.167 
2.22 1.987 0.1765 0.430805 0 3.74258 -4.69261 0 -1.89214 637.048 0 -198.94 1.234 0.15 0.20351 0 3.816 4.88065 0 4.80784 -637.048 0 167.342 
2.221 1.987 0.1765 0.426458 0 3.74056 -4.34716 0 -2.01354 686.396 0 -241.217 1.234 0.15 0.207835 0 3.82098 4.32441 0 4.9777 -686.396 0 209.619 
2.222 1.987 0.1765 0.422475 0 3.73841 -3.98346 0 -2.15713 722.677 0 -285.307 1.234 0.15 0.211573 0 3.82616 3.73877 0 5.1833 -722.677 0 253.709 
2.223 1.987 0.1765 0.418866 0 3.73608 -3.60841 0 -2.32299 745.225 0 -329.574 1.234 0.15 0.214708 0 3.83158 3.13486 0 5.42478 -745.225 0 297.976 
2.224 1.987 0.1765 0.415637 0 3.73357 -3.22906 0 -2.51026 753.777 0 -372.098 1.234 0.15 0.217232 0 3.83729 2.52402 0 5.70071 -753.777 0 340.5 
2.225 1.987 0.1765 0.412785 0 3.73086 -2.85234 0 -2.71699 748.534 0 -410.776 1.234 0.15 0.21915 0 3.84329 1.91743 0 6.00798 -748.534 0 379.178 
2.226 1.987 0.1765 0.4103 0 3.72792 -2.48487 0 -2.94018 730.169 0 -443.479 1.234 0.15 0.220475 0 3.84963 1.32572 0 6.34176 -730.169 0 411.881 
2.227 1.987 0.1765 0.408167 0 3.72474 -2.13268 0 -3.17582 699.788 0 -468.213 1.234 0.15 0.221234 0 3.85633 0.758633 0 6.69558 -699.788 0 436.615 
2.228 1.987 0.1765 0.406366 0 3.72132 -1.80111 0 -3.41904 658.846 0 -483.286 1.234 0.15 0.221459 0 3.86339 0.224722 0 7.06162 -658.846 0 451.688 
2.229 1.987 0.1765 0.404872 0 3.71766 -1.4946 0 -3.66435 609.017 0 -487.425 1.234 0.15 0.22119 0 3.87082 -0.268809 0 7.43101 -609.017 0 455.827 
2.23 1.987 0.1765 0.403655 0 3.71375 -1.21677 0 -3.90584 552.065 0 -479.845 1.234 0.15 0.220474 0 3.87862 -0.716187 0 7.79425 -552.065 0 448.247 
2.231 1.987 0.1765 0.402685 0 3.70961 -0.970302 0 -4.13748 489.725 0 -460.256 1.234 0.15 0.219361 0 3.88676 -1.11305 0 8.14163 -489.725 0 428.658 
2.232 1.987 0.1765 0.401927 0 3.70526 -0.757112 0 -4.35329 423.609 0 -428.827 1.234 0.15 0.217904 0 3.89522 -1.45633 0 8.46353 -423.609 0 397.229 
2.233 1.987 0.1765 0.401349 0 3.70071 -0.578372 0 -4.54761 355.157 0 -386.114 1.234 0.15 0.21616 0 3.90397 -1.74414 0 8.75082 -355.157 0 354.516 
2.234 1.987 0.1765 0.400914 0 3.696 -0.434629 0 -4.71519 285.615 0 -332.982 1.234 0.15 0.214185 0 3.91297 -1.97559 0 8.99505 -285.615 0 301.384 
2.235 1.987 0.1765 0.400589 0 3.69115 -0.325903 0 -4.85134 216.039 0 -270.521 1.234 0.15 0.212034 0 3.92216 -2.15066 0 9.18867 -216.039 0 238.923 
2.236 1.987 0.1765 0.400337 0 3.68619 -0.251763 0 -4.95198 147.316 0 -199.979 1.234 0.15 0.209764 0 3.93148 -2.27005 0 9.32512 -147.316 0 168.381 
2.237 1.987 0.1765 0.400125 0 3.68118 -0.211407 0 -5.01373 80.1875 0 -122.703 1.234 0.15 0.207429 0 3.94088 -2.33503 0 9.39895 -80.1875 0 91.105 
2.238 1.987 0.1765 0.399922 0 3.67615 -0.203715 0 -5.03391 15.2838 0 -40.0908 1.234 0.15 0.205082 0 3.95029 -2.34741 0 9.40583 -15.2838 0 8.49279 
2.239 1.987 0.1765 0.399718 0 3.6711 -0.203715 0 -5.04372 0 0 -19.4925 1.234 0.15 0.202734 0 3.95968 -2.34741 0 9.39602 0 0 -12.1055 
2.24 1.987 0.1765 0.399514 0 3.66605 -0.203715 0 -5.05353 0 0 -19.4925 1.234 0.15 0.200387 0 3.96907 -2.34741 0 9.38621 0 0 -12.1055 
2.241 1.987 0.1765 0.399311 0 3.66098 -0.203715 0 -5.06334 0 0 -19.4925 1.234 0.15 0.198039 0 3.97845 -2.34741 0 9.3764 0 0 -12.1055 
2.242 1.987 0.1765 0.399107 0 3.65591 -0.203715 0 -5.07315 0 0 -19.4925 1.234 0.15 0.195692 0 3.98781 -2.34741 0 9.36659 0 0 -12.1055 
2.243 1.987 0.1765 0.398903 0 3.65083 -0.203715 0 -5.08296 0 0 -19.4925 1.234 0.15 0.193344 0 3.99717 -2.34741 0 9.35678 0 0 -12.1055 
2.244 1.987 0.1765 0.398699 0 3.64574 -0.203715 0 -5.09277 0 0 -19.4925 1.234 0.15 0.190997 0 4.00652 -2.34741 0 9.34697 0 0 -12.1055 
2.245 1.987 0.1765 0.398496 0 3.64063 -0.203715 0 -5.10258 0 0 -19.4925 1.234 0.15 0.18865 0 4.01585 -2.34741 0 9.33716 0 0 -12.1055 
2.246 1.987 0.1765 0.398292 0 3.63552 -0.203715 0 -5.11239 0 0 -19.4925 1.234 0.15 0.186302 0 4.02518 -2.34741 0 9.32735 0 0 -12.1055 
2.247 1.987 0.1765 0.398088 0 3.6304 -0.203715 0 -5.1222 0 0 -19.4925 1.234 0.15 0.183955 0 4.0345 -2.34741 0 9.31754 0 0 -12.1055 
2.248 1.987 0.1765 0.397885 0 3.62527 -0.203715 0 -5.13201 0 0 -19.4925 1.234 0.15 0.181607 0 4.04381 -2.34741 0 9.30773 0 0 -12.1055 
2.249 1.987 0.1765 0.397681 0 3.62012 -0.203715 0 -5.14182 0 0 -19.4925 1.234 0.15 0.17926 0 4.0531 -2.34741 0 9.29792 0 0 -12.1055 
2.25 1.987 0.1765 0.397477 0 3.61497 -0.203715 0 -5.15163 0 0 -19.4925 1.234 0.15 0.176913 0 4.06239 -2.34741 0 9.28811 0 0 -12.1055 
2.251 1.987 0.1765 0.397273 0 3.60981 -0.203715 0 -5.16144 0 0 -19.4925 1.234 0.15 0.174565 0 4.07167 -2.34741 0 9.2783 0 0 -12.1055 
2.252 1.987 0.1765 0.39707 0 3.60464 -0.203715 0 -5.17125 0 0 -19.4925 1.234 0.15 0.172218 0 4.08094 -2.34741 0 9.26849 0 0 -12.1055 
2.253 1.987 0.1765 0.396866 0 3.59946 -0.203715 0 -5.18106 0 0 -19.4925 1.234 0.15 0.16987 0 4.0902 -2.34741 0 9.25868 0 0 -12.1055 
2.254 1.987 0.1765 0.396662 0 3.59427 -0.203715 0 -5.19087 0 0 -19.4925 1.234 0.15 0.167523 0 4.09945 -2.34741 0 9.24887 0 0 -12.1055 
2.255 1.987 0.1765 0.396459 0 3.58907 -0.203715 0 -5.20068 0 0 -19.4925 1.234 0.15 0.165175 0 4.10869 -2.34741 0 9.23906 0 0 -12.1055 
2.256 1.987 0.1765 0.396255 0 3.58386 -0.203715 0 -5.21049 0 0 -19.4925 1.234 0.15 0.162828 0 4.11791 -2.34741 0 9.22925 0 0 -12.1055 
2.257 1.987 0.1765 0.396051 0 3.57864 -0.203715 0 -5.2203 0 0 -19.4925 1.234 0.15 0.160481 0 4.12713 -2.34741 0 9.21944 0 0 -12.1055 
2.258 1.987 0.1765 0.395847 0 3.57341 -0.203715 0 -5.23011 0 0 -19.4925 1.234 0.15 0.158133 0 4.13634 -2.34741 0 9.20963 0 0 -12.1055 
2.259 1.987 0.1765 0.395644 0 3.56817 -0.203715 0 -5.23992 0 0 -19.4925 1.234 0.15 0.155786 0 4.14554 -2.34741 0 9.19982 0 0 -12.1055 
2.26 1.987 0.1765 0.39544 0 3.56292 -0.203715 0 -5.24973 0 0 -19.4925 1.234 0.15 0.153438 0 4.15473 -2.34741 0 9.19001 0 0 -12.1055 
2.261 1.987 0.1765 0.395236 0 3.55766 -0.203715 0 -5.25954 0 0 -19.4925 1.234 0.15 0.151091 0 4.16391 -2.34741 0 9.1802 0 0 -12.1055 
2.262 1.987 0.1765 0.395033 0 3.55239 -0.203715 0 -5.26935 0 0 -19.4925 1.234 0.15 0.148744 0 4.17308 -2.34741 0 9.17039 0 0 -12.1055 
2.263 1.987 0.1765 0.394829 0 3.54711 -0.203715 0 -5.27916 0 0 -19.4925 1.234 0.15 0.146405 0 4.18224 -2.33903 0 9.16058 10.3408 0 -12.1055 
2.264 1.987 0.1765 0.394625 0 3.54182 -0.203715 0 -5.28897 0 0 -19.4925 1.234 0.15 0.14409 0 4.1914 -2.31505 0 9.15077 29.5921 0 -12.1055 
2.265 1.987 0.1765 0.394421 0 3.53652 -0.203715 0 -5.29878 0 0 -19.4925 1.234 0.15 0.141814 0 4.20054 -2.27563 0 9.14096 48.646 0 -12.1055 
2.266 1.987 0.1765 0.394218 0 3.53121 -0.203715 0 -5.30859 0 0 -19.4925 1.234 0.15 0.139593 0 4.20967 -2.22103 0 9.13115 67.3755 0 -12.1055 
2.267 1.987 0.1765 0.394014 0 3.52589 -0.203715 0 -5.3184 0 0 -19.4925 1.234 0.15 0.137441 0 4.21879 -2.15162 0 9.12134 85.6556 0 -12.1055 
2.268 1.987 0.1765 0.39381 0 3.52057 -0.203715 0 -5.32821 0 0 -19.4925 1.234 0.15 0.135373 0 4.2279 -2.06785 0 9.11153 103.364 0 -12.1055 
2.269 1.987 0.1765 0.393607 0 3.51523 -0.203715 0 -5.33802 0 0 -19.4925 1.234 0.15 0.133403 0 4.237 -1.9703 0 9.10172 120.384 0 -12.1055 
2.27 1.987 0.1765 0.393403 0 3.50988 -0.203715 0 -5.34783 0 0 -19.4925 1.234 0.15 0.131543 0 4.24609 -1.8596 0 9.09191 136.6 0 -12.1055 
2.271 1.987 0.1765 0.393199 0 3.50452 -0.203715 0 -5.35764 0 0 -19.4925 1.234 0.15 0.129807 0 4.25518 -1.7365 0 9.0821 151.906 0 -12.1055 
2.272 1.987 0.1765 0.392995 0 3.49916 -0.203715 0 -5.36745 0 0 -19.4925 1.234 0.15 0.128205 0 4.26425 -1.60182 0 9.07229 166.198 0 -12.1055 
2.273 1.987 0.1765 0.392792 0 3.49378 -0.203715 0 -5.37726 0 0 -19.4925 1.234 0.15 0.126749 0 4.27331 -1.45645 0 9.06248 179.382 0 -12.1055 
2.274 1.987 0.1765 0.392588 0 3.48839 -0.203715 0 -5.38707 0 0 -19.4925 1.234 0.15 0.125447 0 4.28236 -1.30137 0 9.05267 191.369 0 -12.1055 
2.275 1.987 0.1765 0.392384 0 3.48299 -0.203715 0 -5.39688 0 0 -19.4925 1.234 0.15 0.12431 0 4.29141 -1.13761 0 9.04286 202.08 0 -12.1055 
2.276 1.987 0.1765 0.392181 0 3.47759 -0.203715 0 -5.40669 0 0 -19.4925 1.234 0.15 0.123343 0 4.30044 -0.966266 0 9.03305 211.443 0 -12.1055 
2.277 1.987 0.1765 0.391977 0 3.47217 -0.203715 0 -5.4165 0 0 -19.4925 1.234 0.15 0.122555 0 4.30946 -0.788474 0 9.02324 219.396 0 -12.1055 
2.278 1.987 0.1765 0.391773 0 3.46674 -0.203715 0 -5.42631 0 0 -19.4925 1.234 0.15 0.12195 0 4.31848 -0.605423 0 9.01343 225.885 0 -12.1055 
2.279 1.987 0.1765 0.391569 0 3.46131 -0.203715 0 -5.43612 0 0 -19.4925 1.234 0.15 0.121531 0 4.32748 -0.418334 0 9.00362 230.868 0 -12.1055 
2.28 1.987 0.1765 0.391366 0 3.45586 -0.203715 0 -5.44593 0 0 -19.4925 1.234 0.15 0.121303 0 4.33647 -0.228454 0 8.99381 234.311 0 -12.1055 
2.281 1.987 0.1765 0.391162 0 3.45041 -0.203715 0 -5.45574 0 0 -19.4925 1.234 0.15 0.121266 0 4.34546 -0.0370514 0 8.984 236.191 0 -12.1055 
2.282 1.987 0.1765 0.390958 0 3.44494 -0.203715 0 -5.46555 0 0 -19.4925 1.234 0.15 0.12142 0 4.35443 0.154599 0 8.97419 236.496 0 -12.1055 
2.283 1.987 0.1765 0.390755 0 3.43947 -0.203715 0 -5.47536 0 0 -19.4925 1.234 0.15 0.121766 0 4.3634 0.345218 0 8.96438 235.224 0 -12.1055 
2.284 1.987 0.1765 0.390551 0 3.43398 -0.203715 0 -5.48517 0 0 -19.4925 1.234 0.15 0.122299 0 4.37235 0.533534 0 8.95457 232.383 0 -12.1055 
2.285 1.987 0.1765 0.390347 0 3.42849 -0.203715 0 -5.49498 0 0 -19.4925 1.234 0.15 0.123017 0 4.3813 0.718292 0 8.94476 227.991 0 -12.1055 
2.286 1.987 0.1765 0.390143 0 3.42298 -0.203715 0 -5.50479 0 0 -19.4925 1.234 0.15 0.123916 0 4.39023 0.89826 0 8.93495 222.08 0 -12.1055 
2.287 1.987 0.1765 0.38994 0 3.41747 -0.203715 0 -5.5146 0 0 -19.4925 1.234 0.15 0.124988 0 4.39916 1.07224 0 8.92514 214.686 0 -12.1055 
2.288 1.987 0.1765 0.389736 0 3.41194 -0.203715 0 -5.52441 0 0 -19.4925 1.234 0.15 0.126227 0 4.40807 1.23906 0 8.91533 205.861 0 -12.1055 
2.289 1.987 0.1765 0.389532 0 3.40641 -0.203715 0 -5.53422 0 0 -19.4925 1.234 0.15 0.127625 0 4.41698 1.39762 0 8.90552 195.663 0 -12.1055 
2.29 1.987 0.1765 0.389328 0 3.40086 -0.203715 0 -5.54403 0 0 -19.4925 1.234 0.15 0.129171 0 4.42587 1.54686 0 8.89571 184.16 0 -12.1055 
2.291 1.987 0.1765 0.389125 0 3.39531 -0.203715 0 -5.55384 0 0 -19.4925 1.234 0.15 0.130857 0 4.43476 1.68578 0 8.8859 171.429 0 -12.1055 
2.292 1.987 0.1765 0.388921 0 3.38975 -0.203715 0 -5.56365 0 0 -19.4925 1.234 0.15 0.132671 0 4.44363 1.81346 0 8.87609 157.554 0 -12.1055 
2.293 1.987 0.1765 0.388717 0 3.38417 -0.203715 0 -5.57346 0 0 -19.4925 1.234 0.15 0.1346 0 4.4525 1.92904 0 8.86628 142.629 0 -12.1055 
2.294 1.987 0.1765 0.388514 0 3.37859 -0.203715 0 -5.58327 0 0 -19.4925 1.234 0.15 0.136631 0 4.46136 2.03176 0 8.85647 126.752 0 -12.1055 
2.295 1.987 0.1765 0.38831 0 3.373 -0.203715 0 -5.59308 0 0 -19.4925 1.234 0.15 0.138752 0 4.4702 2.12092 0 8.84666 110.029 0 -12.1055 
2.296 1.987 0.1765 0.388106 0 3.36739 -0.203715 0 -5.60289 0 0 -19.4925 1.234 0.15 0.140948 0 4.47904 2.19594 0 8.83685 92.5733 0 -12.1055 
2.297 1.987 0.1765 0.387902 0 3.36178 -0.203715 0 -5.6127 0 0 -19.4925 1.234 0.15 0.143205 0 4.48787 2.25631 0 8.82704 74.4998 0 -12.1055 
2.298 1.987 0.1765 0.387699 0 3.35616 -0.203715 0 -5.62251 0 0 -19.4925 1.234 0.15 0.145506 0 4.49668 2.30164 0 8.81723 55.9293 0 -12.1055 
2.299 1.987 0.1765 0.387495 0 3.35053 -0.203715 0 -5.63232 0 0 -19.4925 1.234 0.15 0.147838 0 4.50549 2.33161 0 8.80742 36.9857 0 -12.1055 
2.3 1.987 0.1765 0.387291 0 3.34488 -0.203715 0 -5.64213 0 0 -19.4925 1.234 0.15 0.150184 0 4.51429 2.34603 0 8.79761 17.7955 0 -12.1055 
2.301 1.987 0.1765 0.387088 0 3.33923 -0.203715 0 -5.65194 0 0 -19.4925 1.234 0.15 0.15253 0 4.52308 2.34603 0 8.7878 0 0 -12.1055 
2.302 1.987 0.1765 0.386884 0 3.33357 -0.203715 0 -5.66175 0 0 -19.4925 1.234 0.15 0.154876 0 4.53186 2.34603 0 8.77799 0 0 -12.1055 
2.303 1.987 0.1765 0.38668 0 3.3279 -0.203715 0 -5.67156 0 0 -19.4925 1.234 0.15 0.157222 0 4.54062 2.34603 0 8.76818 0 0 -12.1055 
2.304 1.987 0.1765 0.386476 0 3.32222 -0.203715 0 -5.68137 0 0 -19.4925 1.234 0.15 0.159568 0 4.54938 2.34603 0 8.75837 0 0 -12.1055 
2.305 1.987 0.1765 0.386273 0 3.31653 -0.203715 0 -5.69118 0 0 -19.4925 1.234 0.15 0.161914 0 4.55813 2.34603 0 8.74856 0 0 -12.1055 
2.306 1.987 0.1765 0.386069 0 3.31083 -0.203715 0 -5.70099 0 0 -19.4925 1.234 0.15 0.16426 0 4.56687 2.34603 0 8.73875 0 0 -12.1055 
2.307 1.987 0.1765 0.385865 0 3.30511 -0.203715 0 -5.7108 0 0 -19.4925 1.234 0.15 0.166606 0 4.5756 2.34603 0 8.72894 0 0 -12.1055 
2.308 1.987 0.1765 0.385662 0 3.29939 -0.203715 0 -5.72061 0 0 -19.4925 1.234 0.15 0.168952 0 4.58432 2.34603 0 8.71913 0 0 -12.1055 
2.309 1.987 0.1765 0.385458 0 3.29366 -0.203715 0 -5.73042 0 0 -19.4925 1.234 0.15 0.171298 0 4.59303 2.34603 0 8.70932 0 0 -12.1055 
2.31 1.987 0.1765 0.385254 0 3.28792 -0.203715 0 -5.74023 0 0 -19.4925 1.234 0.15 0.173644 0 4.60173 2.34603 0 8.69951 0 0 -12.1055 
2.311 1.987 0.1765 0.38505 0 3.28217 -0.203715 0 -5.75004 0 0 -19.4925 1.234 0.15 0.17599 0 4.61042 2.34603 0 8.6897 0 0 -12.1055 
2.312 1.987 0.1765 0.384847 0 3.27641 -0.203715 0 -5.75985 0 0 -19.4925 1.234 0.15 0.178336 0 4.6191 2.34603 0 8.67989 0 0 -12.1055 
2.313 1.987 0.1765 0.384643 0 3.27064 -0.203715 0 -5.76966 0 0 -19.4925 1.234 0.15 0.180682 0 4.62777 2.34603 0 8.67008 0 0 -12.1055 
2.314 1.987 0.1765 0.384439 0 3.26486 -0.203715 0 -5.77947 0 0 -19.4925 1.234 0.15 0.183028 0 4.63643 2.34603 0 8.66027 0 0 -12.1055 
2.315 1.987 0.1765 0.384236 0 3.25907 -0.203715 0 -5.78928 0 0 -19.4925 1.234 0.15 0.185374 0 4.64508 2.34603 0 8.65046 0 0 -12.1055 
2.316 1.987 0.1765 0.384032 0 3.25328 -0.203715 0 -5.79909 0 0 -19.4925 1.234 0.15 0.18772 0 4.65372 2.34603 0 8.64065 0 0 -12.1055 
2.317 1.987 0.1765 0.383828 0 3.24747 -0.203715 0 -5.8089 0 0 -19.4925 1.234 0.15 0.190066 0 4.66235 2.34603 0 8.63084 0 0 -12.1055 
2.318 1.987 0.1765 0.383624 0 3.24165 -0.203715 0 -5.81871 0 0 -19.4925 1.234 0.15 0.192412 0 4.67097 2.34603 0 8.62103 0 0 -12.1055 
2.319 1.987 0.1765 0.383421 0 3.23582 -0.203715 0 -5.82852 0 0 -19.4925 1.234 0.15 0.194758 0 4.67958 2.34603 0 8.61122 0 0 -12.1055 
2.32 1.987 0.1765 0.383217 0 3.22998 -0.203715 0 -5.83833 0 0 -19.4925 1.234 0.15 0.197104 0 4.68818 2.34603 0 8.60141 0 0 -12.1055 
2.321 1.987 0.1765 0.383013 0 3.22413 -0.203715 0 -5.84814 0 0 -19.4925 1.234 0.15 0.19945 0 4.69677 2.34603 0 8.5916 0 0 -12.1055 
2.322 1.987 0.1765 0.38281 0 3.21828 -0.203715 0 -5.85795 0 0 -19.4925 1.234 0.15 0.201797 0 4.70536 2.34603 0 8.58179 0 0 -12.1055 
2.323 1.987 0.1765 0.382606 0 3.21241 -0.203715 0 -5.86776 0 0 -19.4925 1.234 0.15 0.204143 0 4.71393 2.34603 0 8.57198 0 0 -12.1055 
2.324 1.987 0.1765 0.382402 0 3.20653 -0.203715 0 -5.87757 0 0 -19.4925 1.234 0.15 0.206489 0 4.72249 2.34603 0 8.56217 0 0 -12.1055 
2.325 1.987 0.1765 0.382198 0 3.20064 -0.203715 0 -5.88738 0 0 -19.4925 1.234 0.15 0.208835 0 4.73104 2.34603 0 8.55236 0 0 -12.1055 
2.326 1.987 0.1765 0.381995 0 3.19475 -0.203715 0 -5.89719 0 0 -19.4925 1.234 0.15 0.211181 0 4.73958 2.34603 0 8.54255 0 0 -12.1055 
2.327 1.987 0.1765 0.381791 0 3.18884 -0.203715 0 -5.907 0 0 -19.4925 1.234 0.15 0.213527 0 4.74812 2.34603 0 8.53274 0 0 -12.1055 
2.328 1.987 0.1765 0.381587 0 3.18292 -0.203715 0 -5.91681 0 0 -19.4925 1.234 0.15 0.215873 0 4.75664 2.34603 0 8.52293 0 0 -12.1055 
2.329 1.987 0.1765 0.381384 0 3.17699 -0.203715 0 -5.92662 0 0 -19.4925 1.234 0.15 0.218219 0 4.76515 2.34603 0 8.51312 0 0 -12.1055 
2.33 1.987 0.1765 0.38118 0 3.17106 -0.203715 0 -5.93643 0 0 -19.4925 1.234 0.15 0.220565 0 4.77366 2.34603 0 8.50331 0 0 -12.1055 
2.331 1.987 0.1765 0.380976 0 3.16511 -0.203715 0 -5.94624 0 0 -19.4925 1.234 0.15 0.222911 0 4.78215 2.34603 0 8.4935 0 0 -12.1055 
2.332 1.987 0.1765 0.380772 0 3.15916 -0.203715 0 -5.95605 0 0 -19.4925 1.234 0.15 0.225257 0 4.79063 2.34603 0 8.48369 0 0 -12.1055 
2.333 1.987 0.1765 0.380569 0 3.15319 -0.203715 0 -5.96586 0 0 -19.4925 1.234 0.15 0.227603 0 4.79911 2.34603 0 8.47388 0 0 -12.1055 
2.334 1.987 0.1765 0.380365 0 3.14721 -0.203715 0 -5.97567 0 0 -19.4925 1.234 0.15 0.229949 0 4.80757 2.34603 0 8.46407 0 0 -12.1055 
2.335 1.987 0.1765 0.380161 0 3.14123 -0.203715 0 -5.98548 0 0 -19.4925 1.234 0.15 0.232295 0 4.81603 2.34603 0 8.45426 0 0 -12.1055 
2.336 1.987 0.1765 0.379958 0 3.13523 -0.203715 0 -5.99529 0 0 -19.4925 1.234 0.15 0.234641 0 4.82447 2.34603 0 8.44445 0 0 -12.1055 
2.337 1.987 0.1765 0.379754 0 3.12923 -0.203715 0 -6.0051 0 0 -19.4925 1.234 0.15 0.236987 0 4.8329 2.34603 0 8.43464 0 0 -12.1055 
2.338 1.987 0.1765 0.37955 0 3.12321 -0.203715 0 -6.01491 0 0 -19.4925 1.234 0.15 0.239333 0 4.84133 2.34603 0 8.42483 0 0 -12.1055 
2.339 1.987 0.1765 0.379346 0 3.11719 -0.203715 0 -6.02472 0 0 -19.4925 1.234 0.15 0.241679 0 4.84974 2.34603 0 8.41502 0 0 -12.1055 
2.34 1.987 0.1765 0.379143 0 3.11115 -0.203715 0 -6.03453 0 0 -19.4925 1.234 0.15 0.244025 0 4.85815 2.34603 0 8.40521 0 0 -12.1055 
2.341 1.987 0.1765 0.378939 0 3.10511 -0.203715 0 -6.04434 0 0 -19.4925 1.234 0.15 0.246371 0 4.86655 2.34603 0 8.3954 0 0 -12.1055 
2.342 1.987 0.1765 0.378735 0 3.09906 -0.203715 0 -6.05415 0 0 -19.4925 1.234 0.15 0.248717 0 4.87493 2.34603 0 8.38559 0 0 -12.1055 
2.343 1.987 0.1765 0.378532 0 3.09299 -0.203715 0 -6.06396 0 0 -19.4925 1.234 0.15 0.251063 0 4.88331 2.34603 0 8.37578 0 0 -12.1055 
2.344 1.987 0.1765 0.378328 0 3.08692 -0.203715 0 -6.07377 0 0 -19.4925 1.234 0.15 0.253409 0 4.89167 2.34603 0 8.36597 0 0 -12.1055 
2.345 1.987 0.1765 0.378124 0 3.08083 -0.203715 0 -6.08358 0 0 -19.4925 1.234 0.15 0.255755 0 4.90003 2.34603 0 8.35616 0 0 -12.1055 
2.346 1.987 0.1765 0.37792 0 3.07474 -0.203715 0 -6.09339 0 0 -19.4925 1.234 0.15 0.258101 0 4.90838 2.34603 0 8.34635 0 0 -12.1055 
2.347 1.987 0.1765 0.377717 0 3.06864 -0.203715 0 -6.1032 0 0 -19.4925 1.234 0.15 0.260447 0 4.91671 2.34603 0 8.33654 0 0 -12.1055 
2.348 1.987 0.1765 0.377513 0 3.06253 -0.203715 0 -6.11301 0 0 -19.4925 1.234 0.15 0.262793 0 4.92504 2.34603 0 8.32673 0 0 -12.1055 
2.349 1.987 0.1765 0.377309 0 3.0564 -0.203715 0 -6.12282 0 0 -19.4925 1.234 0.15 0.265139 0 4.93336 2.34603 0 8.31692 0 0 -12.1055 
2.35 1.987 0.1765 0.377106 0 3.05027 -0.203715 0 -6.13263 0 0 -19.4925 1.234 0.15 0.267485 0 4.94166 2.34603 0 8.30711 0 0 -12.1055 
2.351 1.987 0.1765 0.376902 0 3.04413 -0.203715 0 -6.14244 0 0 -19.4925 1.234 0.15 0.269831 0 4.94996 2.34603 0 8.2973 0 0 -12.1055 
2.352 1.987 0.1765 0.376698 0 3.03798 -0.203715 0 -6.15225 0 0 -19.4925 1.234 0.15 0.272177 0 4.95825 2.34603 0 8.28749 0 0 -12.1055 
2.353 1.987 0.1765 0.376494 0 3.03181 -0.203715 0 -6.16206 0 0 -19.4925 1.234 0.15 0.274523 0 4.96653 2.34603 0 8.27768 0 0 -12.1055 
2.354 1.987 0.1765 0.376291 0 3.02564 -0.203715 0 -6.17187 0 0 -19.4925 1.234 0.15 0.276869 0 4.97479 2.34603 0 8.26787 0 0 -12.1055 
2.355 1.987 0.1765 0.376087 0 3.01946 -0.203715 0 -6.18168 0 0 -19.4925 1.234 0.15 0.279216 0 4.98305 2.34603 0 8.25806 0 0 -12.1055 
2.356 1.987 0.1765 0.375883 0 3.01327 -0.203715 0 -6.19149 0 0 -19.4925 1.234 0.15 0.281562 0 4.9913 2.34603 0 8.24825 0 0 -12.1055 
2.357 1.987 0.1765 0.37568 0 3.00707 -0.203715 0 -6.2013 0 0 -19.4925 1.234 0.15 0.283908 0 4.99954 2.34603 0 8.23844 0 0 -12.1055 
2.358 1.987 0.1765 0.375476 0 3.00086 -0.203715 0 -6.21111 0 0 -19.4925 1.234 0.15 0.286254 0 5.00777 2.34603 0 8.22863 0 0 -12.1055 
2.359 1.987 0.1765 0.375272 0 2.99463 -0.203715 0 -6.22092 0 0 -19.4925 1.234 0.15 0.2886 0 5.01599 2.34603 0 8.21882 0 0 -12.1055 
2.36 1.987 0.1765 0.375068 0 2.9884 -0.203715 0 -6.23073 0 0 -19.4925 1.234 0.15 0.290946 0 5.02419 2.34603 0 8.20901 0 0 -12.1055 
2.361 1.987 0.1765 0.374865 0 2.98216 -0.203715 0 -6.24054 0 0 -19.4925 1.234 0.15 0.293292 0 5.03239 2.34603 0 8.1992 0 0 -12.1055 
2.362 1.987 0.1765 0.374661 0 2.97591 -0.203715 0 -6.25035 0 0 -19.4925 1.234 0.15 0.295638 0 5.04058 2.34603 0 8.18939 0 0 -12.1055 
2.363 1.987 0.1765 0.374457 0 2.96965 -0.203715 0 -6.26016 0 0 -19.4925 1.234 0.15 0.297984 0 5.04876 2.34603 0 8.17958 0 0 -12.1055 
2.364 1.987 0.1765 0.374254 0 2.96338 -0.203715 0 -6.26997 0 0 -19.4925 1.234 0.15 0.30033 0 5.05693 2.34603 0 8.16977 0 0 -12.1055 
2.365 1.987 0.1765 0.37405 0 2.9571 -0.203715 0 -6.27978 0 0 -19.4925 1.234 0.15 0.302676 0 5.06509 2.34603 0 8.15996 0 0 -12.1055 
2.366 1.987 0.1765 0.373846 0 2.95081 -0.203715 0 -6.28959 0 0 -19.4925 1.234 0.15 0.305022 0 5.07324 2.34603 0 8.15015 0 0 -12.1055 
2.367 1.987 0.1765 0.373642 0 2.94451 -0.203715 0 -6.2994 0 0 -19.4925 1.234 0.15 0.307368 0 5.08138 2.34603 0 8.14034 0 0 -12.1055 
2.368 1.987 0.1765 0.373439 0 2.9382 -0.203715 0 -6.30921 0 0 -19.4925 1.234 0.15 0.309714 0 5.08951 2.34603 0 8.13053 0 0 -12.1055 
2.369 1.987 0.1765 0.373235 0 2.93189 -0.203715 0 -6.31902 0 0 -19.4925 1.234 0.15 0.31206 0 5.09763 2.34603 0 8.12072 0 0 -12.1055 
2.37 1.987 0.1765 0.373031 0 2.92556 -0.203715 0 -6.32883 0 0 -19.4925 1.234 0.15 0.314406 0 5.10574 2.34603 0 8.11091 0 0 -12.1055 
2.371 1.987 0.1765 0.372828 0 2.91922 -0.203715 0 -6.33864 0 0 -19.4925 1.234 0.15 0.316752 0 5.11385 2.34603 0 8.1011 0 0 -12.1055 
2.372 1.987 0.1765 0.372624 0 2.91287 -0.203715 0 -6.34845 0 0 -19.4925 1.234 0.15 0.319098 0 5.12194 2.34603 0 8.09129 0 0 -12.1055 
2.373 1.987 0.1765 0.37242 0 2.90651 -0.203715 0 -6.35826 0 0 -19.4925 1.234 0.15 0.321444 0 5.13002 2.34603 0 8.08148 0 0 -12.1055 
2.374 1.987 0.1765 0.372216 0 2.90014 -0.203715 0 -6.36807 0 0 -19.4925 1.234 0.15 0.32379 0 5.13809 2.34603 0 8.07167 0 0 -12.1055 
2.375 1.987 0.1765 0.372013 0 2.89377 -0.203715 0 -6.37788 0 0 -19.4925 1.234 0.15 0.326136 0 5.14615 2.34603 0 8.06186 0 0 -12.1055 
2.376 1.987 0.1765 0.371809 0 2.88738 -0.203715 0 -6.38769 0 0 -19.4925 1.234 0.15 0.328482 0 5.1542 2.34603 0 8.05205 0 0 -12.1055 
2.377 1.987 0.1765 0.371605 0 2.88098 -0.203715 0 -6.3975 0 0 -19.4925 1.234 0.15 0.330828 0 5.16225 2.34603 0 8.04224 0 0 -12.1055 
2.378 1.987 0.1765 0.371402 0 2.87457 -0.203715 0 -6.40731 0 0 -19.4925 1.234 0.15 0.333174 0 5.17028 2.34603 0 8.03243 0 0 -12.1055 
2.379 1.987 0.1765 0.371198 0 2.86816 -0.203715 0 -6.41712 0 0 -19.4925 1.234 0.15 0.33552 0 5.1783 2.34603 0 8.02262 0 0 -12.1055 
2.38 1.987 0.1765 0.370994 0 2.86173 -0.203715 0 -6.42693 0 0 -19.4925 1.234 0.15 0.337866 0 5.18631 2.34603 0 8.01281 0 0 -12.1055 
2.381 1.987 0.1765 0.37079 0 2.85529 -0.203715 0 -6.43674 0 0 -19.4925 1.234 0.15 0.340212 0 5.19432 2.34603 0 8.003 0 0 -12.1055 
2.382 1.987 0.1765 0.370587 0 2.84885 -0.203715 0 -6.44655 0 0 -19.4925 1.234 0.15 0.342558 0 5.20231 2.34603 0 7.99319 0 0 -12.1055 
2.383 1.987 0.1765 0.370383 0 2.84239 -0.203715 0 -6.45636 0 0 -19.4925 1.234 0.15 0.344904 0 5.21029 2.34603 0 7.98338 0 0 -12.1055 
2.384 1.987 0.1765 0.370179 0 2.83592 -0.203715 0 -6.46617 0 0 -19.4925 1.234 0.15 0.34725 0 5.21827 2.34603 0 7.97357 0 0 -12.1055 
2.385 1.987 0.1765 0.369976 0 2.82945 -0.203715 0 -6.47598 0 0 -19.4925 1.234 0.15 0.349596 0 5.22623 2.34603 0 7.96376 0 0 -12.1055 
2.386 1.987 0.1765 0.369772 0 2.82296 -0.203715 0 -6.48579 0 0 -19.4925 1.234 0.15 0.351942 0 5.23419 2.34603 0 7.95395 0 0 -12.1055 
2.387 1.987 0.1765 0.369568 0 2.81647 -0.203715 0 -6.4956 0 0 -19.4925 1.234 0.15 0.354288 0 5.24213 2.34603 0 7.94414 0 0 -12.1055 
2.388 1.987 0.1765 0.369364 0 2.80996 -0.203715 0 -6.50541 0 0 -19.4925 1.234 0.15 0.356634 0 5.25006 2.34603 0 7.93433 0 0 -12.1055 
2.389 1.987 0.1765 0.369161 0 2.80345 -0.203715 0 -6.51522 0 0 -19.4925 1.234 0.15 0.358981 0 5.25799 2.34603 0 7.92452 0 0 -12.1055 
2.39 1.987 0.1765 0.368957 0 2.79692 -0.203715 0 -6.52503 0 0 -19.4925 1.234 0.15 0.361327 0 5.2659 2.34603 0 7.91471 0 0 -12.1055 
2.391 1.987 0.1765 0.368753 0 2.79039 -0.203715 0 -6.53484 0 0 -19.4925 1.234 0.15 0.363673 0 5.27381 2.34603 0 7.9049 0 0 -12.1055 
2.392 1.987 0.1765 0.36855 0 2.78384 -0.203715 0 -6.54465 0 0 -19.4925 1.234 0.15 0.366019 0 5.2817 2.34603 0 7.89509 0 0 -12.1055 
2.393 1.987 0.1765 0.368346 0 2.77729 -0.203715 0 -6.55446 0 0 -19.4925 1.234 0.15 0.368365 0 5.28959 2.34603 0 7.88528 0 0 -12.1055 
2.394 1.987 0.1765 0.368142 0 2.77072 -0.203715 0 -6.56427 0 0 -19.4925 1.234 0.15 0.370711 0 5.29746 2.34603 0 7.87547 0 0 -12.1055 
2.395 1.987 0.1765 0.367938 0 2.76415 -0.203715 0 -6.57408 0 0 -19.4925 1.234 0.15 0.373057 0 5.30533 2.34603 0 7.86566 0 0 -12.1055 
2.396 1.987 0.1765 0.367735 0 2.75756 -0.203715 0 -6.58389 0 0 -19.4925 1.234 0.15 0.375403 0 5.31319 2.34603 0 7.85585 0 0 -12.1055 
2.397 1.987 0.1765 0.367531 0 2.75097 -0.203715 0 -6.5937 0 0 -19.4925 1.234 0.15 0.377749 0 5.32103 2.34603 0 7.84604 0 0 -12.1055 
2.398 1.987 0.1765 0.367327 0 2.74437 -0.203715 0 -6.60351 0 0 -19.4925 1.234 0.15 0.380095 0 5.32887 2.34603 0 7.83623 0 0 -12.1055 
2.399 1.987 0.1765 0.367124 0 2.73775 -0.203715 0 -6.61332 0 0 -19.4925 1.234 0.15 0.382441 0 5.33669 2.34603 0 7.82642 0 0 -12.1055 
2.4 1.987 0.1765 0.36692 0 2.73113 -0.203715 0 -6.62313 0 0 -19.4925 1.234 0.15 0.384787 0 5.34451 2.34603 0 7.81661 0 0 -12.1055 
2.401 1.987 0.1765 0.366716 0 2.7245 -0.203715 0 -6.63294 0 0 -19.4925 1.234 0.15 0.387133 0 5.35232 2.34603 0 7.8068 0 0 -12.1055 
2.402 1.987 0.1765 0.366512 0 2.71785 -0.203715 0 -6.64275 0 0 -19.4925 1.234 0.15 0.389479 0 5.36011 2.34603 0 7.79699 0 0 -12.1055 
2.403 1.987 0.1765 0.366309 0 2.7112 -0.203715 0 -6.65256 0 0 -19.4925 1.234 0.15 0.391825 0 5.3679 2.34603 0 7.78718 0 0 -12.1055 
2.404 1.987 0.1765 0.366105 0 2.70454 -0.203715 0 -6.66237 0 0 -19.4925 1.234 0.15 0.394171 0 5.37568 2.34603 0 7.77737 0 0 -12.1055 
2.405 1.987 0.1765 0.365901 0 2.69787 -0.203715 0 -6.67218 0 0 -19.4925 1.234 0.15 0.396517 0 5.38345 2.34603 0 7.76756 0 0 -12.1055 
2.406 1.987 0.1765 0.365698 0 2.69119 -0.203715 0 -6.68199 0 0 -19.4925 1.234 0.15 0.398863 0 5.3912 2.34603 0 7.75775 0 0 -12.1055 
2.407 1.987 0.1765 0.365494 0 2.68449 -0.203715 0 -6.6918 0 0 -19.4925 1.234 0.15 0.401209 0 5.39895 2.34603 0 7.74794 0 0 -12.1055 
2.408 1.987 0.1765 0.36529 0 2.67779 -0.203715 0 -6.70161 0 0 -19.4925 1.234 0.15 0.403555 0 5.40669 2.34603 0 7.73813 0 0 -12.1055 
2.409 1.987 0.1765 0.365086 0 2.67108 -0.203715 0 -6.71142 0 0 -19.4925 1.234 0.15 0.405901 0 5.41442 2.34603 0 7.72832 0 0 -12.1055 
2.41 1.987 0.1765 0.364883 0 2.66436 -0.203715 0 -6.72123 0 0 -19.4925 1.234 0.15 0.408247 0 5.42214 2.34603 0 7.71851 0 0 -12.1055 
2.411 1.987 0.1765 0.364679 0 2.65763 -0.203715 0 -6.73104 0 0 -19.4925 1.234 0.15 0.410593 0 5.42985 2.34603 0 7.7087 0 0 -12.1055 
2.412 1.987 0.1765 0.364475 0 2.65089 -0.203715 0 -6.74085 0 0 -19.4925 1.234 0.15 0.412939 0 5.43754 2.34603 0 7.69889 0 0 -12.1055 
2.413 1.987 0.1765 0.364271 0 2.64414 -0.203715 0 -6.75066 0 0 -19.4925 1.234 0.15 0.415285 0 5.44523 2.34603 0 7.68908 0 0 -12.1055 
2.414 1.987 0.1765 0.364068 0 2.63738 -0.203715 0 -6.76047 0 0 -19.4925 1.234 0.15 0.417631 0 5.45291 2.34603 0 7.67927 0 0 -12.1055 
2.415 1.987 0.1765 0.363864 0 2.63061 -0.203715 0 -6.77028 0 0 -19.4925 1.234 0.15 0.419977 0 5.46058 2.34603 0 7.66946 0 0 -12.1055 
2.416 1.987 0.1765 0.36366 0 2.62383 -0.203715 0 -6.78009 0 0 -19.4925 1.234 0.15 0.422323 0 5.46824 2.34603 0 7.65965 0 0 -12.1055 
2.417 1.987 0.1765 0.363457 0 2.61704 -0.203715 0 -6.7899 0 0 -19.4925 1.234 0.15 0.424669 0 5.47589 2.34603 0 7.64984 0 0 -12.1055 
2.418 1.987 0.1765 0.363253 0 2.61024 -0.203715 0 -6.79971 0 0 -19.4925 1.234 0.15 0.427015 0 5.48353 2.34603 0 7.64003 0 0 -12.1055 
2.419 1.987 0.1765 0.363049 0 2.60343 -0.203715 0 -6.80952 0 0 -19.4925 1.234 0.15 0.429361 0 5.49116 2.34603 0 7.63022 0 0 -12.1055 
2.42 1.987 0.1765 0.362845 0 2.59661 -0.203715 0 -6.81933 0 0 -19.4925 1.234 0.15 0.431707 0 5.49878 2.34603 0 7.62041 0 0 -12.1055 
2.421 1.987 0.1765 0.362642 0 2.58978 -0.203715 0 -6.82914 0 0 -19.4925 1.234 0.15 0.434053 0 5.50639 2.34603 0 7.6106 0 0 -12.1055 
2.422 1.987 0.1765 0.362438 0 2.58294 -0.203715 0 -6.83895 0 0 -19.4925 1.234 0.15 0.4364 0 5.51399 2.34603 0 7.60079 0 0 -12.1055 
2.423 1.987 0.1765 0.362234 0 2.57609 -0.203715 0 -6.84876 0 0 -19.4925 1.234 0.15 0.438746 0 5.52158 2.34603 0 7.59098 0 0 -12.1055 
2.424 1.987 0.1765 0.362031 0 2.56923 -0.203715 0 -6.85857 0 0 -19.4925 1.234 0.15 0.441092 0 5.52917 2.34603 0 7.58117 0 0 -12.1055 
2.425 1.987 0.1765 0.361827 0 2.56236 -0.203715 0 -6.86838 0 0 -19.4925 1.234 0.15 0.443438 0 5.53674 2.34603 0 7.57136 0 0 -12.1055 
2.426 1.987 0.1765 0.361623 0 2.55549 -0.203715 0 -6.87819 0 0 -19.4925 1.234 0.15 0.445784 0 5.5443 2.34603 0 7.56155 0 0 -12.1055 
2.427 1.987 0.1765 0.361419 0 2.5486 -0.203715 0 -6.888 0 0 -19.4925 1.234 0.15 0.44813 0 5.55185 2.34603 0 7.55174 0 0 -12.1055 
2.428 1.987 0.1765 0.361216 0 2.5417 -0.203715 0 -6.89781 0 0 -19.4925 1.234 0.15 0.450476 0 5.55939 2.34603 0 7.54193 0 0 -12.1055 
2.429 1.987 0.1765 0.361012 0 2.53479 -0.203715 0 -6.90762 0 0 -19.4925 1.234 0.15 0.452822 0 5.56692 2.34603 0 7.53212 0 0 -12.1055 
2.43 1.987 0.1765 0.360808 0 2.52787 -0.203715 0 -6.91743 0 0 -19.4925 1.234 0.15 0.455168 0 5.57445 2.34603 0 7.52231 0 0 -12.1055 
2.431 1.987 0.1765 0.360605 0 2.52095 -0.203715 0 -6.92724 0 0 -19.4925 1.234 0.15 0.457514 0 5.58196 2.34603 0 7.5125 0 0 -12.1055 
2.432 1.987 0.1765 0.360401 0 2.51401 -0.203715 0 -6.93705 0 0 -19.4925 1.234 0.15 0.45986 0 5.58946 2.34603 0 7.50269 0 0 -12.1055 
2.433 1.987 0.1765 0.360197 0 2.50706 -0.203715 0 -6.94686 0 0 -19.4925 1.234 0.15 0.462206 0 5.59696 2.34603 0 7.49288 0 0 -12.1055 
2.434 1.987 0.1765 0.359993 0 2.50011 -0.203715 0 -6.95667 0 0 -19.4925 1.234 0.15 0.464552 0 5.60444 2.34603 0 7.48307 0 0 -12.1055 
2.435 1.987 0.1765 0.35979 0 2.49314 -0.203715 0 -6.96648 0 0 -19.4925 1.234 0.15 0.466898 0 5.61191 2.34603 0 7.47326 0 0 -12.1055 
2.436 1.987 0.1765 0.359586 0 2.48616 -0.203715 0 -6.97629 0 0 -19.4925 1.234 0.15 0.469244 0 5.61937 2.34603 0 7.46345 0 0 -12.1055 
2.437 1.987 0.1765 0.359382 0 2.47918 -0.203715 0 -6.9861 0 0 -19.4925 1.234 0.15 0.47159 0 5.62683 2.34603 0 7.45364 0 0 -12.1055 
2.438 1.987 0.1765 0.359179 0 2.47218 -0.203715 0 -6.99591 0 0 -19.4925 1.234 0.15 0.473936 0 5.63427 2.34603 0 7.44383 0 0 -12.1055 
2.439 1.987 0.1765 0.358975 0 2.46518 -0.203715 0 -7.00572 0 0 -19.4925 1.234 0.15 0.476282 0 5.64171 2.34603 0 7.43402 0 0 -12.1055 
2.44 1.987 0.1765 0.358771 0 2.45816 -0.203715 0 -7.01553 0 0 -19.4925 1.234 0.15 0.478628 0 5.64913 2.34603 0 7.42421 0 0 -12.1055 
2.441 1.987 0.1765 0.358567 0 2.45114 -0.203715 0 -7.02534 0 0 -19.4925 1.234 0.15 0.480974 0 5.65655 2.34603 0 7.4144 0 0 -12.1055 
2.442 1.987 0.1765 0.358364 0 2.4441 -0.203715 0 -7.03515 0 0 -19.4925 1.234 0.15 0.48332 0 5.66395 2.34603 0 7.40459 0 0 -12.1055 
2.443 1.987 0.1765 0.35816 0 2.43706 -0.203715 0 -7.04496 0 0 -19.4925 1.234 0.15 0.485666 0 5.67134 2.34603 0 7.39478 0 0 -12.1055 
2.444 1.987 0.1765 0.357956 0 2.43 -0.203715 0 -7.05477 0 0 -19.4925 1.234 0.15 0.488012 0 5.67873 2.34603 0 7.38497 0 0 -12.1055 
2.445 1.987 0.1765 0.357753 0 2.42294 -0.203715 0 -7.06458 0 0 -19.4925 1.234 0.15 0.490358 0 5.6861 2.34603 0 7.37516 0 0 -12.1055 
2.446 1.987 0.1765 0.357549 0 2.41586 -0.203715 0 -7.07439 0 0 -19.4925 1.234 0.15 0.492704 0 5.69347 2.34603 0 7.36535 0 0 -12.1055 
2.447 1.987 0.1765 0.357345 0 2.40878 -0.203715 0 -7.0842 0 0 -19.4925 1.234 0.15 0.49505 0 5.70083 2.34603 0 7.35554 0 0 -12.1055 
2.448 1.987 0.1765 0.357141 0 2.40168 -0.203715 0 -7.09401 0 0 -19.4925 1.234 0.15 0.497396 0 5.70817 2.34603 0 7.34573 0 0 -12.1055 
2.449 1.987 0.1765 0.356938 0 2.39458 -0.203715 0 -7.10382 0 0 -19.4925 1.234 0.15 0.499742 0 5.71551 2.34603 0 7.33592 0 0 -12.1055 
2.45 1.987 0.1765 0.356734 0 2.38747 -0.203715 0 -7.11363 0 0 -19.4925 1.234 0.15 0.502088 0 5.72283 2.34603 0 7.32611 0 0 -12.1055 
2.451 1.987 0.1765 0.35653 0 2.38034 -0.203715 0 -7.12344 0 0 -19.4925 1.234 0.15 0.504434 0 5.73015 2.34603 0 7.3163 0 0 -12.1055 
2.452 1.987 0.1765 0.356327 0 2.37321 -0.203715 0 -7.13325 0 0 -19.4925 1.234 0.15 0.50678 0 5.73746 2.34603 0 7.30649 0 0 -12.1055 
2.453 1.987 0.1765 0.356123 0 2.36607 -0.203715 0 -7.14306 0 0 -19.4925 1.234 0.15 0.509126 0 5.74475 2.34603 0 7.29668 0 0 -12.1055 
2.454 1.987 0.1765 0.355919 0 2.35891 -0.203715 0 -7.15287 0 0 -19.4925 1.234 0.15 0.511472 0 5.75204 2.34603 0 7.28687 0 0 -12.1055 
2.455 1.987 0.1765 0.355715 0 2.35175 -0.203715 0 -7.16268 0 0 -19.4925 1.234 0.15 0.513818 0 5.75932 2.34603 0 7.27706 0 0 -12.1055 
2.456 1.987 0.1765 0.355512 0 2.34458 -0.203715 0 -7.17249 0 0 -19.4925 1.234 0.15 0.516165 0 5.76658 2.34603 0 7.26725 0 0 -12.1055 
2.457 1.987 0.1765 0.355308 0 2.3374 -0.203715 0 -7.1823 0 0 -19.4925 1.234 0.15 0.518511 0 5.77384 2.34603 0 7.25744 0 0 -12.1055 
2.458 1.987 0.1765 0.355104 0 2.3302 -0.203715 0 -7.19211 0 0 -19.4925 1.234 0.15 0.520857 0 5.78109 2.34603 0 7.24763 0 0 -12.1055 
2.459 1.987 0.1765 0.354901 0 2.323 -0.203715 0 -7.20192 0 0 -19.4925 1.234 0.15 0.523203 0 5.78833 2.34603 0 7.23782 0 0 -12.1055 
2.46 1.987 0.1765 0.354697 0 2.31579 -0.203715 0 -7.21173 0 0 -19.4925 1.234 0.15 0.525549 0 5.79555 2.34603 0 7.22801 0 0 -12.1055 
2.461 1.987 0.1765 0.354493 0 2.30857 -0.203715 0 -7.22154 0 0 -19.4925 1.234 0.15 0.527895 0 5.80277 2.34603 0 7.2182 0 0 -12.1055 
2.462 1.987 0.1765 0.354289 0 2.30134 -0.203715 0 -7.23135 0 0 -19.4925 1.234 0.15 0.530241 0 5.80998 2.34603 0 7.20839 0 0 -12.1055 
2.463 1.987 0.1765 0.354086 0 2.2941 -0.203715 0 -7.24116 0 0 -19.4925 1.234 0.15 0.532587 0 5.81718 2.34603 0 7.19858 0 0 -12.1055 
2.464 1.987 0.1765 0.353882 0 2.28685 -0.203715 0 -7.25097 0 0 -19.4925 1.234 0.15 0.534933 0 5.82437 2.34603 0 7.18877 0 0 -12.1055 
2.465 1.987 0.1765 0.353678 0 2.27958 -0.203715 0 -7.26078 0 0 -19.4925 1.234 0.15 0.537279 0 5.83155 2.34603 0 7.17896 0 0 -12.1055 
2.466 1.987 0.1765 0.353475 0 2.27231 -0.203715 0 -7.27059 0 0 -19.4925 1.234 0.15 0.539625 0 5.83872 2.34603 0 7.16915 0 0 -12.1055 
2.467 1.987 0.1765 0.353271 0 2.26503 -0.203715 0 -7.2804 0 0 -19.4925 1.234 0.15 0.541971 0 5.84588 2.34603 0 7.15934 0 0 -12.1055 
2.468 1.987 0.1765 0.353067 0 2.25774 -0.203715 0 -7.29021 0 0 -19.4925 1.234 0.15 0.544317 0 5.85303 2.34603 0 7.14953 0 0 -12.1055 
2.469 1.987 0.1765 0.352863 0 2.25044 -0.203715 0 -7.30002 0 0 -19.4925 1.234 0.15 0.546663 0 5.86017 2.34603 0 7.13972 0 0 -12.1055 
2.47 1.987 0.1765 0.35266 0 2.24313 -0.203715 0 -7.30983 0 0 -19.4925 1.234 0.15 0.549009 0 5.8673 2.34603 0 7.12991 0 0 -12.1055 
2.471 1.987 0.1765 0.352456 0 2.23581 -0.203715 0 -7.31964 0 0 -19.4925 1.234 0.15 0.551355 0 5.87442 2.34603 0 7.1201 0 0 -12.1055 
2.472 1.987 0.1765 0.352252 0 2.22848 -0.203715 0 -7.32945 0 0 -19.4925 1.234 0.15 0.553701 0 5.88153 2.34603 0 7.11029 0 0 -12.1055 
2.473 1.987 0.1765 0.352049 0 2.22114 -0.203715 0 -7.33926 0 0 -19.4925 1.234 0.15 0.556047 0 5.88863 2.34603 0 7.10048 0 0 -12.1055 
2.474 1.987 0.1765 0.351845 0 2.2138 -0.203715 0 -7.34907 0 0 -19.4925 1.234 0.15 0.558393 0 5.89572 2.34603 0 7.09067 0 0 -12.1055 
2.475 1.987 0.1765 0.351641 0 2.20644 -0.203715 0 -7.35888 0 0 -19.4925 1.234 0.15 0.560739 0 5.9028 2.34603 0 7.08086 0 0 -12.1055 
2.476 1.987 0.1765 0.351437 0 2.19907 -0.203715 0 -7.36869 0 0 -19.4925 1.234 0.15 0.563085 0 5.90987 2.34603 0 7.07105 0 0 -12.1055 
2.477 1.987 0.1765 0.351234 0 2.19169 -0.203715 0 -7.3785 0 0 -19.4925 1.234 0.15 0.565431 0 5.91693 2.34603 0 7.06124 0 0 -12.1055 
2.478 1.987 0.1765 0.35103 0 2.1843 -0.203715 0 -7.38831 0 0 -19.4925 1.234 0.15 0.567777 0 5.92398 2.34603 0 7.05143 0 0 -12.1055 
2.479 1.987 0.1765 0.350826 0 2.1769 -0.203715 0 -7.39812 0 0 -19.4925 1.234 0.15 0.570123 0 5.93102 2.34603 0 7.04162 0 0 -12.1055 
2.48 1.987 0.1765 0.350623 0 2.1695 -0.203715 0 -7.40793 0 0 -19.4925 1.234 0.15 0.572469 0 5.93805 2.34603 0 7.03181 0 0 -12.1055 
2.481 1.987 0.1765 0.350419 0 2.16208 -0.203715 0 -7.41774 0 0 -19.4925 1.234 0.15 0.574815 0 5.94508 2.34603 0 7.022 0 0 -12.1055 
2.482 1.987 0.1765 0.350215 0 2.15465 -0.203715 0 -7.42755 0 0 -19.4925 1.234 0.15 0.577161 0 5.95209 2.34603 0 7.01219 0 0 -12.1055 
2.483 1.987 0.1765 0.350011 0 2.14721 -0.203715 0 -7.43736 0 0 -19.4925 1.234 0.15 0.579507 0 5.95909 2.34603 0 7.00238 0 0 -12.1055 
2.484 1.987 0.1765 0.349808 0 2.13977 -0.203715 0 -7.44717 0 0 -19.4925 1.234 0.15 0.581853 0 5.96608 2.34603 0 6.99257 0 0 -12.1055 
2.485 1.987 0.1765 0.349604 0 2.13231 -0.203715 0 -7.45698 0 0 -19.4925 1.234 0.15 0.584199 0 5.97307 2.34603 0 6.98276 0 0 -12.1055 
2.486 1.987 0.1765 0.3494 0 2.12484 -0.203715 0 -7.46679 0 0 -19.4925 1.234 0.15 0.586545 0 5.98004 2.34603 0 6.97295 0 0 -12.1055 
2.487 1.987 0.1765 0.349197 0 2.11737 -0.203715 0 -7.4766 0 0 -19.4925 1.234 0.15 0.588891 0 5.987 2.34603 0 6.96314 0 0 -12.1055 
2.488 1.987 0.1765 0.348993 0 2.10988 -0.203715 0 -7.48641 0 0 -19.4925 1.234 0.15 0.591237 0 5.99396 2.34603 0 6.95333 0 0 -12.1055 
2.489 1.987 0.1765 0.348789 0 2.10238 -0.203715 0 -7.49622 0 0 -19.4925 1.234 0.15 0.593584 0 6.0009 2.34603 0 6.94352 0 0 -12.1055 
2.49 1.987 0.1765 0.348585 0 2.09488 -0.203715 0 -7.50603 0 0 -19.4925 1.234 0.15 0.59593 0 6.00783 2.34603 0 6.93371 0 0 -12.1055 
2.491 1.987 0.1765 0.348382 0 2.08736 -0.203715 0 -7.51584 0 0 -19.4925 1.234 0.15 0.598276 0 6.01476 2.34603 0 6.9239 0 0 -12.1055 
2.492 1.987 0.1765 0.348178 0 2.07984 -0.203715 0 -7.52565 0 0 -19.4925 1.234 0.15 0.600622 0 6.02167 2.34603 0 6.91409 0 0 -12.1055 
2.493 1.987 0.1765 0.347974 0 2.0723 -0.203715 0 -7.53546 0 0 -19.4925 1.234 0.15 0.602968 0 6.02858 2.34603 0 6.90428 0 0 -12.1055 
2.494 1.987 0.1765 0.347771 0 2.06475 -0.203715 0 -7.54527 0 0 -19.4925 1.234 0.15 0.605314 0 6.03547 2.34603 0 6.89447 0 0 -12.1055 
2.495 1.987 0.1765 0.347567 0 2.0572 -0.203715 0 -7.55508 0 0 -19.4925 1.234 0.15 0.60766 0 6.04235 2.34603 0 6.88466 0 0 -12.1055 
2.496 1.987 0.1765 0.347363 0 2.04963 -0.203715 0 -7.56489 0 0 -19.4925 1.234 0.15 0.610006 0 6.04923 2.34603 0 6.87485 0 0 -12.1055 
2.497 1.987 0.1765 0.347159 0 2.04206 -0.203715 0 -7.5747 0 0 -19.4925 1.234 0.15 0.612352 0 6.05609 2.34603 0 6.86504 0 0 -12.1055 
2.498 1.987 0.1765 0.346956 0 2.03448 -0.203715 0 -7.58451 0 0 -19.4925 1.234 0.15 0.614698 0 6.06295 2.34603 0 6.85523 0 0 -12.1055 
2.499 1.987 0.1765 0.346752 0 2.02688 -0.203715 0 -7.59432 0 0 -19.4925 1.234 0.15 0.617044 0 6.0698 2.34603 0 6.84542 0 0 -12.1055 
2.5 1.987 0.1765 0.346548 0 2.01928 -0.203715 0 -7.60413 0 0 -19.4925 1.234 0.15 0.61939 0 6.07663 2.34603 0 6.83561 0 0 -12.1055 
2.501 1.987 0.1765 0.346345 0 2.01166 -0.203715 0 -7.61394 0 0 -19.4925 1.234 0.15 0.621736 0 6.08346 2.34603 0 6.8258 0 0 -12.1055 
2.502 1.987 0.1765 0.346141 0 2.00404 -0.203715 0 -7.62375 0 0 -19.4925 1.234 0.15 0.624082 0 6.09027 2.34603 0 6.81599 0 0 -12.1055 
2.503 1.987 0.1765 0.345937 0 1.99641 -0.203715 0 -7.63356 0 0 -19.4925 1.234 0.15 0.626428 0 6.09708 2.34603 0 6.80618 0 0 -12.1055 
2.504 1.987 0.1765 0.345733 0 1.98876 -0.203715 0 -7.64337 0 0 -19.4925 1.234 0.15 0.628774 0 6.10388 2.34603 0 6.79637 0 0 -12.1055 
2.505 1.987 0.1765 0.34553 0 1.98111 -0.203715 0 -7.65318 0 0 -19.4925 1.234 0.15 0.63112 0 6.11066 2.34603 0 6.78656 0 0 -12.1055 
2.506 1.987 0.1765 0.345326 0 1.97345 -0.203715 0 -7.66299 0 0 -19.4925 1.234 0.15 0.633466 0 6.11744 2.34603 0 6.77675 0 0 -12.1055 
2.507 1.987 0.1765 0.345122 0 1.96577 -0.203715 0 -7.6728 0 0 -19.4925 1.234 0.15 0.635812 0 6.12421 2.34603 0 6.76694 0 0 -12.1055 
2.508 1.987 0.1765 0.344919 0 1.95809 -0.203715 0 -7.68261 0 0 -19.4925 1.234 0.15 0.638158 0 6.13096 2.34603 0 6.75713 0 0 -12.1055 
2.509 1.987 0.1765 0.344715 0 1.9504 -0.203715 0 -7.69242 0 0 -19.4925 1.234 0.15 0.640504 0 6.13771 2.34603 0 6.74732 0 0 -12.1055 
2.51 1.987 0.1765 0.344511 0 1.9427 -0.203715 0 -7.70223 0 0 -19.4925 1.234 0.15 0.64285 0 6.14445 2.34603 0 6.73751 0 0 -12.1055 
2.511 1.987 0.1765 0.344307 0 1.93498 -0.203715 0 -7.71204 0 0 -19.4925 1.234 0.15 0.645196 0 6.15118 2.34603 0 6.7277 0 0 -12.1055 
2.512 1.987 0.1765 0.344104 0 1.92726 -0.203715 0 -7.72185 0 0 -19.4925 1.234 0.15 0.647542 0 6.15789 2.34603 0 6.71789 0 0 -12.1055 
2.513 1.987 0.1765 0.3439 0 1.91953 -0.203715 0 -7.73166 0 0 -19.4925 1.234 0.15 0.649888 0 6.1646 2.34603 0 6.70808 0 0 -12.1055 
2.514 1.987 0.1765 0.343696 0 1.91179 -0.203715 0 -7.74147 0 0 -19.4925 1.234 0.15 0.652234 0 6.1713 2.34603 0 6.69827 0 0 -12.1055 
2.515 1.987 0.1765 0.343493 0 1.90404 -0.203715 0 -7.75128 0 0 -19.4925 1.234 0.15 0.65458 0 6.17799 2.34603 0 6.68846 0 0 -12.1055 
2.516 1.987 0.1765 0.343289 0 1.89628 -0.203715 0 -7.76109 0 0 -19.4925 1.234 0.15 0.656926 0 6.18467 2.34603 0 6.67865 0 0 -12.1055 
2.517 1.987 0.1765 0.343085 0 1.88851 -0.203715 0 -7.7709 0 0 -19.4925 1.234 0.15 0.659272 0 6.19134 2.34603 0 6.66884 0 0 -12.1055 
2.518 1.987 0.1765 0.342881 0 1.88072 -0.203715 0 -7.78071 0 0 -19.4925 1.234 0.15 0.661618 0 6.19799 2.34603 0 6.65903 0 0 -12.1055 
2.519 1.987 0.1765 0.342678 0 1.87293 -0.203715 0 -7.79052 0 0 -19.4925 1.234 0.15 0.663964 0 6.20464 2.34603 0 6.64922 0 0 -12.1055 
2.52 1.987 0.1765 0.342474 0 1.86513 -0.203715 0 -7.80033 0 0 -19.4925 1.234 0.15 0.66631 0 6.21128 2.34603 0 6.63941 0 0 -12.1055 
2.521 1.987 0.1765 0.34227 0 1.85732 -0.203715 0 -7.81014 0 0 -19.4925 1.234 0.15 0.668656 0 6.21791 2.34603 0 6.6296 0 0 -12.1055 
2.522 1.987 0.1765 0.342067 0 1.8495 -0.203715 0 -7.81995 0 0 -19.4925 1.234 0.15 0.671002 0 6.22453 2.34603 0 6.61979 0 0 -12.1055 
2.523 1.987 0.1765 0.341863 0 1.84167 -0.203715 0 -7.82976 0 0 -19.4925 1.234 0.15 0.673349 0 6.23114 2.34603 0 6.60998 0 0 -12.1055 
2.524 1.987 0.1765 0.341659 0 1.83383 -0.203715 0 -7.83957 0 0 -19.4925 1.234 0.15 0.675695 0 6.23774 2.34603 0 6.60017 0 0 -12.1055 
2.525 1.987 0.1765 0.341455 0 1.82599 -0.203715 0 -7.84938 0 0 -19.4925 1.234 0.15 0.678041 0 6.24433 2.34603 0 6.59036 0 0 -12.1055 
2.526 1.987 0.1765 0.341252 0 1.81813 -0.203715 0 -7.85919 0 0 -19.4925 1.234 0.15 0.680387 0 6.25091 2.34603 0 6.58055 0 0 -12.1055 
2.527 1.987 0.1765 0.341048 0 1.81026 -0.203715 0 -7.869 0 0 -19.4925 1.234 0.15 0.682733 0 6.25748 2.34603 0 6.57074 0 0 -12.1055 
2.528 1.987 0.1765 0.340844 0 1.80238 -0.203715 0 -7.87881 0 0 -19.4925 1.234 0.15 0.685079 0 6.26405 2.34603 0 6.56093 0 0 -12.1055 
2.529 1.987 0.1765 0.340641 0 1.79449 -0.203715 0 -7.88862 0 0 -19.4925 1.234 0.15 0.687425 0 6.2706 2.34603 0 6.55112 0 0 -12.1055 
2.53 1.987 0.1765 0.340437 0 1.78659 -0.203715 0 -7.89843 0 0 -19.4925 1.234 0.15 0.689771 0 6.27714 2.34603 0 6.54131 0 0 -12.1055 
2.531 1.987 0.1765 0.340233 0 1.77868 -0.203715 0 -7.90824 0 0 -19.4925 1.234 0.15 0.692117 0 6.28367 2.34603 0 6.5315 0 0 -12.1055 
2.532 1.987 0.1765 0.340029 0 1.77076 -0.203715 0 -7.91805 0 0 -19.4925 1.234 0.15 0.694463 0 6.29019 2.34603 0 6.52169 0 0 -12.1055 
2.533 1.987 0.1765 0.339826 0 1.76284 -0.203715 0 -7.92786 0 0 -19.4925 1.234 0.15 0.696809 0 6.2967 2.34603 0 6.51188 0 0 -12.1055 
2.534 1.987 0.1765 0.339622 0 1.7549 -0.203715 0 -7.93767 0 0 -19.4925 1.234 0.15 0.699155 0 6.30321 2.34603 0 6.50207 0 0 -12.1055 
2.535 1.987 0.1765 0.339418 0 1.74695 -0.203715 0 -7.94748 0 0 -19.4925 1.234 0.15 0.701501 0 6.3097 2.34603 0 6.49226 0 0 -12.1055 
2.536 1.987 0.1765 0.339215 0 1.73899 -0.203715 0 -7.95729 0 0 -19.4925 1.234 0.15 0.703847 0 6.31618 2.34603 0 6.48245 0 0 -12.1055 
2.537 1.987 0.1765 0.339011 0 1.73103 -0.203715 0 -7.9671 0 0 -19.4925 1.234 0.15 0.706193 0 6.32265 2.34603 0 6.47264 0 0 -12.1055 
2.538 1.987 0.1765 0.338807 0 1.72305 -0.203715 0 -7.97691 0 0 -19.4925 1.234 0.15 0.708539 0 6.32912 2.34603 0 6.46283 0 0 -12.1055 
2.539 1.987 0.1765 0.338603 0 1.71506 -0.203715 0 -7.98672 0 0 -19.4925 1.234 0.15 0.710885 0 6.33557 2.34603 0 6.45302 0 0 -12.1055 
2.54 1.987 0.1765 0.3384 0 1.70707 -0.203715 0 -7.99653 0 0 -19.4925 1.234 0.15 0.713231 0 6.34201 2.34603 0 6.44321 0 0 -12.1055 
2.541 1.987 0.1765 0.338196 0 1.69906 -0.203715 0 -8.00634 0 0 -19.4925 1.234 0.15 0.715577 0 6.34844 2.34603 0 6.4334 0 0 -12.1055 
2.542 1.987 0.1765 0.337992 0 1.69104 -0.203715 0 -8.01615 0 0 -19.4925 1.234 0.15 0.717923 0 6.35487 2.34603 0 6.42359 0 0 -12.1055 
2.543 1.987 0.1765 0.337788 0 1.68302 -0.203715 0 -8.02596 0 0 -19.4925 1.234 0.15 0.720269 0 6.36128 2.34603 0 6.41378 0 0 -12.1055 
2.544 1.987 0.1765 0.337585 0 1.67498 -0.203715 0 -8.03577 0 0 -19.4925 1.234 0.15 0.722615 0 6.36769 2.34603 0 6.40397 0 0 -12.1055 
2.545 1.987 0.1765 0.337381 0 1.66694 -0.203715 0 -8.04558 0 0 -19.4925 1.234 0.15 0.724961 0 6.37408 2.34603 0 6.39416 0 0 -12.1055 
2.546 1.987 0.1765 0.337177 0 1.65888 -0.203715 0 -8.05539 0 0 -19.4925 1.234 0.15 0.727307 0 6.38046 2.34603 0 6.38435 0 0 -12.1055 
2.547 1.987 0.1765 0.336974 0 1.65082 -0.203715 0 -8.0652 0 0 -19.4925 1.234 0.15 0.729653 0 6.38684 2.34603 0 6.37454 0 0 -12.1055 
2.548 1.987 0.1765 0.33677 0 1.64274 -0.203715 0 -8.07501 0 0 -19.4925 1.234 0.15 0.731999 0 6.3932 2.34603 0 6.36473 0 0 -12.1055 
2.549 1.987 0.1765 0.336566 0 1.63466 -0.203715 0 -8.08482 0 0 -19.4925 1.234 0.15 0.734345 0 6.39956 2.34603 0 6.35492 0 0 -12.1055 
2.55 1.987 0.1765 0.336362 0 1.62656 -0.203715 0 -8.09463 0 0 -19.4925 1.234 0.15 0.736691 0 6.4059 2.34603 0 6.34511 0 0 -12.1055 
2.551 1.987 0.1765 0.336159 0 1.61846 -0.203715 0 -8.10444 0 0 -19.4925 1.234 0.15 0.739037 0 6.41224 2.34603 0 6.3353 0 0 -12.1055 
2.552 1.987 0.1765 0.335955 0 1.61034 -0.203715 0 -8.11425 0 0 -19.4925 1.234 0.15 0.741383 0 6.41856 2.34603 0 6.32549 0 0 -12.1055 
2.553 1.987 0.1765 0.335751 0 1.60222 -0.203715 0 -8.12406 0 0 -19.4925 1.234 0.15 0.743729 0 6.42488 2.34603 0 6.31568 0 0 -12.1055 
2.554 1.987 0.1765 0.335548 0 1.59409 -0.203715 0 -8.13387 0 0 -19.4925 1.234 0.15 0.746075 0 6.43119 2.34603 0 6.30587 0 0 -12.1055 
2.555 1.987 0.1765 0.335344 0 1.58594 -0.203715 0 -8.14368 0 0 -19.4925 1.234 0.15 0.748421 0 6.43748 2.34603 0 6.29606 0 0 -12.1055 
2.556 1.987 0.1765 0.33514 0 1.57779 -0.203715 0 -8.15349 0 0 -19.4925 1.234 0.15 0.750768 0 6.44377 2.34603 0 6.28625 0 0 -12.1055 
2.557 1.987 0.1765 0.334936 0 1.56963 -0.203715 0 -8.1633 0 0 -19.4925 1.234 0.15 0.753114 0 6.45005 2.34603 0 6.27644 0 0 -12.1055 
2.558 1.987 0.1765 0.334733 0 1.56145 -0.203715 0 -8.17311 0 0 -19.4925 1.234 0.15 0.75546 0 6.45631 2.34603 0 6.26663 0 0 -12.1055 
2.559 1.987 0.1765 0.334529 0 1.55327 -0.203715 0 -8.18292 0 0 -19.4925 1.234 0.15 0.757806 0 6.46257 2.34603 0 6.25682 0 0 -12.1055 
2.56 1.987 0.1765 0.334325 0 1.54508 -0.203715 0 -8.19273 0 0 -19.4925 1.234 0.15 0.760152 0 6.46882 2.34603 0 6.24701 0 0 -12.1055 
2.561 1.987 0.1765 0.334122 0 1.53687 -0.203715 0 -8.20254 0 0 -19.4925 1.234 0.15 0.762498 0 6.47505 2.34603 0 6.2372 0 0 -12.1055 
2.562 1.987 0.1765 0.333918 0 1.52866 -0.203715 0 -8.21235 0 0 -19.4925 1.234 0.15 0.764844 0 6.48128 2.34603 0 6.22739 0 0 -12.1055 
2.563 1.987 0.1765 0.333714 0 1.52044 -0.203715 0 -8.22216 0 0 -19.4925 1.234 0.15 0.76719 0 6.4875 2.34603 0 6.21758 0 0 -12.1055 
2.564 1.987 0.1765 0.33351 0 1.51221 -0.203715 0 -8.23197 0 0 -19.4925 1.234 0.15 0.769536 0 6.49371 2.34603 0 6.20777 0 0 -12.1055 
2.565 1.987 0.1765 0.333307 0 1.50397 -0.203715 0 -8.24178 0 0 -19.4925 1.234 0.15 0.771882 0 6.4999 2.34603 0 6.19796 0 0 -12.1055 
2.566 1.987 0.1765 0.333103 0 1.49571 -0.203715 0 -8.25159 0 0 -19.4925 1.234 0.15 0.774228 0 6.50609 2.34603 0 6.18815 0 0 -12.1055 
2.567 1.987 0.1765 0.332899 0 1.48745 -0.203715 0 -8.2614 0 0 -19.4925 1.234 0.15 0.776574 0 6.51227 2.34603 0 6.17834 0 0 -12.1055 
2.568 1.987 0.1765 0.332696 0 1.47918 -0.203715 0 -8.27121 0 0 -19.4925 1.234 0.15 0.77892 0 6.51844 2.34603 0 6.16853 0 0 -12.1055 
2.569 1.987 0.1765 0.332492 0 1.4709 -0.203715 0 -8.28102 0 0 -19.4925 1.234 0.15 0.781266 0 6.5246 2.34603 0 6.15872 0 0 -12.1055 
2.57 1.987 0.1765 0.332288 0 1.46261 -0.203715 0 -8.29083 0 0 -19.4925 1.234 0.15 0.783612 0 6.53075 2.34603 0 6.14891 0 0 -12.1055 
2.571 1.987 0.1765 0.332084 0 1.45431 -0.203715 0 -8.30064 0 0 -19.4925 1.234 0.15 0.785958 0 6.53689 2.34603 0 6.1391 0 0 -12.1055 
2.572 1.987 0.1765 0.331881 0 1.446 -0.203715 0 -8.31045 0 0 -19.4925 1.234 0.15 0.788304 0 6.54301 2.34603 0 6.12929 0 0 -12.1055 
2.573 1.987 0.1765 0.331677 0 1.43768 -0.203715 0 -8.32026 0 0 -19.4925 1.234 0.15 0.79065 0 6.54913 2.34603 0 6.11948 0 0 -12.1055 
2.574 1.987 0.1765 0.331473 0 1.42935 -0.203715 0 -8.33007 0 0 -19.4925 1.234 0.15 0.792996 0 6.55524 2.34603 0 6.10967 0 0 -12.1055 
2.575 1.987 0.1765 0.33127 0 1.42101 -0.203715 0 -8.33988 0 0 -19.4925 1.234 0.15 0.795342 0 6.56134 2.34603 0 6.09986 0 0 -12.1055 
2.576 1.987 0.1765 0.331066 0 1.41266 -0.203715 0 -8.34969 0 0 -19.4925 1.234 0.15 0.797688 0 6.56743 2.34603 0 6.09005 0 0 -12.1055 
2.577 1.987 0.1765 0.330862 0 1.4043 -0.203715 0 -8.3595 0 0 -19.4925 1.234 0.15 0.800034 0 6.57351 2.34603 0 6.08024 0 0 -12.1055 
2.578 1.987 0.1765 0.330658 0 1.39593 -0.203715 0 -8.36931 0 0 -19.4925 1.234 0.15 0.80238 0 6.57958 2.34603 0 6.07043 0 0 -12.1055 
2.579 1.987 0.1765 0.330455 0 1.38755 -0.203715 0 -8.37912 0 0 -19.4925 1.234 0.15 0.804726 0 6.58564 2.34603 0 6.06062 0 0 -12.1055 
2.58 1.987 0.1765 0.330251 0 1.37916 -0.203715 0 -8.38893 0 0 -19.4925 1.234 0.15 0.807072 0 6.5917 2.34603 0 6.05081 0 0 -12.1055 
2.581 1.987 0.1765 0.330047 0 1.37076 -0.203715 0 -8.39874 0 0 -19.4925 1.234 0.15 0.809418 0 6.59774 2.34603 0 6.041 0 0 -12.1055 
2.582 1.987 0.1765 0.329844 0 1.36235 -0.203715 0 -8.40855 0 0 -19.4925 1.234 0.15 0.811764 0 6.60377 2.34603 0 6.03119 0 0 -12.1055 
2.583 1.987 0.1765 0.32964 0 1.35394 -0.203715 0 -8.41836 0 0 -19.4925 1.234 0.15 0.81411 0 6.60979 2.34603 0 6.02138 0 0 -12.1055 
2.584 1.987 0.1765 0.329436 0 1.34551 -0.203715 0 -8.42817 0 0 -19.4925 1.234 0.15 0.816456 0 6.6158 2.34603 0 6.01157 0 0 -12.1055 
2.585 1.987 0.1765 0.329232 0 1.33707 -0.203715 0 -8.43798 0 0 -19.4925 1.234 0.15 0.818802 0 6.6218 2.34603 0 6.00176 0 0 -12.1055 
2.586 1.987 0.1765 0.329029 0 1.32862 -0.203715 0 -8.44779 0 0 -19.4925 1.234 0.15 0.821148 0 6.62779 2.34603 0 5.99195 0 0 -12.1055 
2.587 1.987 0.1765 0.328825 0 1.32016 -0.203715 0 -8.4576 0 0 -19.4925 1.234 0.15 0.823494 0 6.63378 2.34603 0 5.98214 0 0 -12.1055 
2.588 1.987 0.1765 0.328621 0 1.3117 -0.203715 0 -8.46741 0 0 -19.4925 1.234 0.15 0.82584 0 6.63975 2.34603 0 5.97233 0 0 -12.1055 
2.589 1.987 0.1765 0.328418 0 1.30322 -0.203715 0 -8.47722 0 0 -19.4925 1.234 0.15 0.828186 0 6.64571 2.34603 0 5.96252 0 0 -12.1055 
2.59 1.987 0.1765 0.328214 0 1.29473 -0.203715 0 -8.48703 0 0 -19.4925 1.234 0.15 0.830533 0 6.65166 2.34603 0 5.95271 0 0 -12.1055 
2.591 1.987 0.1765 0.32801 0 1.28624 -0.203715 0 -8.49684 0 0 -19.4925 1.234 0.15 0.832879 0 6.65761 2.34603 0 5.9429 0 0 -12.1055 
2.592 1.987 0.1765 0.327806 0 1.27773 -0.203715 0 -8.50665 0 0 -19.4925 1.234 0.15 0.835225 0 6.66354 2.34603 0 5.93309 0 0 -12.1055 
2.593 1.987 0.1765 0.327603 0 1.26921 -0.203715 0 -8.51646 0 0 -19.4925 1.234 0.15 0.837571 0 6.66946 2.34603 0 5.92328 0 0 -12.1055 
2.594 1.987 0.1765 0.327399 0 1.26069 -0.203715 0 -8.52627 0 0 -19.4925 1.234 0.15 0.839917 0 6.67538 2.34603 0 5.91347 0 0 -12.1055 
2.595 1.987 0.1765 0.327195 0 1.25215 -0.203715 0 -8.53608 0 0 -19.4925 1.234 0.15 0.842263 0 6.68128 2.34603 0 5.90366 0 0 -12.1055 
2.596 1.987 0.1765 0.326992 0 1.2436 -0.203715 0 -8.54589 0 0 -19.4925 1.234 0.15 0.844609 0 6.68717 2.34603 0 5.89385 0 0 -12.1055 
2.597 1.987 0.1765 0.326788 0 1.23505 -0.203715 0 -8.5557 0 0 -19.4925 1.234 0.15 0.846955 0 6.69306 2.34603 0 5.88404 0 0 -12.1055 
2.598 1.987 0.1765 0.326584 0 1.22648 -0.203715 0 -8.56551 0 0 -19.4925 1.234 0.15 0.849301 0 6.69893 2.34603 0 5.87423 0 0 -12.1055 
2.599 1.987 0.1765 0.32638 0 1.21791 -0.203715 0 -8.57532 0 0 -19.4925 1.234 0.15 0.851647 0 6.7048 2.34603 0 5.86442 0 0 -12.1055 
2.6 1.987 0.1765 0.326177 0 1.20932 -0.203715 0 -8.58513 0 0 -19.4925 1.234 0.15 0.853993 0 6.71065 2.34603 0 5.85461 0 0 -12.1055 
2.601 1.987 0.1765 0.325973 0 1.20073 -0.203715 0 -8.59494 0 0 -19.4925 1.234 0.15 0.856339 0 6.7165 2.34603 0 5.8448 0 0 -12.1055 
2.602 1.987 0.1765 0.325769 0 1.19212 -0.203715 0 -8.60475 0 0 -19.4925 1.234 0.15 0.858685 0 6.72233 2.34603 0 5.83499 0 0 -12.1055 
2.603 1.987 0.1765 0.325566 0 1.18351 -0.203715 0 -8.61456 0 0 -19.4925 1.234 0.15 0.861031 0 6.72816 2.34603 0 5.82518 0 0 -12.1055 
2.604 1.987 0.1765 0.325362 0 1.17488 -0.203715 0 -8.62437 0 0 -19.4925 1.234 0.15 0.863377 0 6.73397 2.34603 0 5.81537 0 0 -12.1055 
2.605 1.987 0.1765 0.325158 0 1.16625 -0.203715 0 -8.63418 0 0 -19.4925 1.234 0.15 0.865723 0 6.73978 2.34603 0 5.80556 0 0 -12.1055 
2.606 1.987 0.1765 0.324954 0 1.15761 -0.203715 0 -8.64399 0 0 -19.4925 1.234 0.15 0.868069 0 6.74557 2.34603 0 5.79575 0 0 -12.1055 
2.607 1.987 0.1765 0.324751 0 1.14895 -0.203715 0 -8.6538 0 0 -19.4925 1.234 0.15 0.870415 0 6.75136 2.34603 0 5.78594 0 0 -12.1055 
2.608 1.987 0.1765 0.324547 0 1.14029 -0.203715 0 -8.66361 0 0 -19.4925 1.234 0.15 0.872761 0 6.75714 2.34603 0 5.77613 0 0 -12.1055 
2.609 1.987 0.1765 0.324343 0 1.13162 -0.203715 0 -8.67342 0 0 -19.4925 1.234 0.15 0.875107 0 6.7629 2.34603 0 5.76632 0 0 -12.1055 
2.61 1.987 0.1765 0.32414 0 1.12293 -0.203715 0 -8.68323 0 0 -19.4925 1.234 0.15 0.877453 0 6.76866 2.34603 0 5.75651 0 0 -12.1055 
2.611 1.987 0.1765 0.323936 0 1.11424 -0.203715 0 -8.69304 0 0 -19.4925 1.234 0.15 0.879799 0 6.77441 2.34603 0 5.7467 0 0 -12.1055 
2.612 1.987 0.1765 0.323732 0 1.10554 -0.203715 0 -8.70285 0 0 -19.4925 1.234 0.15 0.882145 0 6.78014 2.34603 0 5.73689 0 0 -12.1055 
2.613 1.987 0.1765 0.323528 0 1.09682 -0.203715 0 -8.71266 0 0 -19.4925 1.234 0.15 0.884491 0 6.78587 2.34603 0 5.72708 0 0 -12.1055 
2.614 1.987 0.1765 0.323325 0 1.0881 -0.203715 0 -8.72247 0 0 -19.4925 1.234 0.15 0.886837 0 6.79159 2.34603 0 5.71727 0 0 -12.1055 
2.615 1.987 0.1765 0.323121 0 1.07937 -0.203715 0 -8.73228 0 0 -19.4925 1.234 0.15 0.889183 0 6.79729 2.34603 0 5.70746 0 0 -12.1055 
2.616 1.987 0.1765 0.322917 0 1.07063 -0.203715 0 -8.74209 0 0 -19.4925 1.234 0.15 0.891529 0 6.80299 2.34603 0 5.69765 0 0 -12.1055 
2.617 1.987 0.1765 0.322714 0 1.06187 -0.203715 0 -8.7519 0 0 -19.4925 1.234 0.15 0.893875 0 6.80868 2.34603 0 5.68784 0 0 -12.1055 
2.618 1.987 0.1765 0.32251 0 1.05311 -0.203715 0 -8.76171 0 0 -19.4925 1.234 0.15 0.896221 0 6.81436 2.34603 0 5.67803 0 0 -12.1055 
2.619 1.987 0.1765 0.322306 0 1.04434 -0.203715 0 -8.77152 0 0 -19.4925 1.234 0.15 0.898567 0 6.82003 2.34603 0 5.66822 0 0 -12.1055 
2.62 1.987 0.1765 0.322102 0 1.03556 -0.203715 0 -8.78133 0 0 -19.4925 1.234 0.15 0.900913 0 6.82568 2.34603 0 5.65841 0 0 -12.1055 
2.621 1.987 0.1765 0.321899 0 1.02677 -0.203715 0 -8.79114 0 0 -19.4925 1.234 0.15 0.903259 0 6.83133 2.34603 0 5.6486 0 0 -12.1055 
2.622 1.987 0.1765 0.321695 0 1.01797 -0.203715 0 -8.80095 0 0 -19.4925 1.234 0.15 0.905605 0 6.83697 2.34603 0 5.63879 0 0 -12.1055 
2.623 1.987 0.1765 0.321491 0 1.00916 -0.203715 0 -8.81076 0 0 -19.4925 1.234 0.15 0.907952 0 6.8426 2.34603 0 5.62898 0 0 -12.1055 
2.624 1.987 0.1765 0.321288 0 1.00034 -0.203715 0 -8.82057 0 0 -19.4925 1.234 0.15 0.910298 0 6.84822 2.34603 0 5.61917 0 0 -12.1055 
2.625 1.987 0.1765 0.321084 0 0.991507 -0.203715 0 -8.83038 0 0 -19.4925 1.234 0.15 0.912644 0 6.85383 2.34603 0 5.60936 0 0 -12.1055 
2.626 1.987 0.1765 0.32088 0 0.982666 -0.203715 0 -8.84019 0 0 -19.4925 1.234 0.15 0.91499 0 6.85943 2.34603 0 5.59955 0 0 -12.1055 
2.627 1.987 0.1765 0.320676 0 0.973816 -0.203715 0 -8.85 0 0 -19.4925 1.234 0.15 0.917336 0 6.86502 2.34603 0 5.58974 0 0 -12.1055 
2.628 1.987 0.1765 0.320473 0 0.964957 -0.203715 0 -8.85981 0 0 -19.4925 1.234 0.15 0.919682 0 6.8706 2.34603 0 5.57993 0 0 -12.1055 
2.629 1.987 0.1765 0.320269 0 0.956087 -0.203715 0 -8.86962 0 0 -19.4925 1.234 0.15 0.922028 0 6.87617 2.34603 0 5.57012 0 0 -12.1055 
2.63 1.987 0.1765 0.320065 0 0.947208 -0.203715 0 -8.87943 0 0 -19.4925 1.234 0.15 0.924374 0 6.88173 2.34603 0 5.56031 0 0 -12.1055 
2.631 1.987 0.1765 0.319862 0 0.938318 -0.203715 0 -8.88924 0 0 -19.4925 1.234 0.15 0.92672 0 6.88728 2.34603 0 5.5505 0 0 -12.1055 
2.632 1.987 0.1765 0.319658 0 0.929419 -0.203715 0 -8.89905 0 0 -19.4925 1.234 0.15 0.929066 0 6.89282 2.34603 0 5.54069 0 0 -12.1055 
2.633 1.987 0.1765 0.319454 0 0.92051 -0.203715 0 -8.90886 0 0 -19.4925 1.234 0.15 0.931412 0 6.89835 2.34603 0 5.53088 0 0 -12.1055 
2.634 1.987 0.1765 0.31925 0 0.911592 -0.203715 0 -8.91867 0 0 -19.4925 1.234 0.15 0.933758 0 6.90387 2.34603 0 5.52107 0 0 -12.1055 
2.635 1.987 0.1765 0.319047 0 0.902663 -0.203715 0 -8.92848 0 0 -19.4925 1.234 0.15 0.936104 0 6.90938 2.34603 0 5.51126 0 0 -12.1055 
2.636 1.987 0.1765 0.318843 0 0.893725 -0.203715 0 -8.93829 0 0 -19.4925 1.234 0.15 0.93845 0 6.91488 2.34603 0 5.50145 0 0 -12.1055 
2.637 1.987 0.1765 0.318639 0 0.884777 -0.203715 0 -8.9481 0 0 -19.4925 1.234 0.15 0.940796 0 6.92038 2.34603 0 5.49164 0 0 -12.1055 
2.638 1.987 0.1765 0.318436 0 0.875819 -0.203715 0 -8.95791 0 0 -19.4925 1.234 0.15 0.943142 0 6.92586 2.34603 0 5.48183 0 0 -12.1055 
2.639 1.987 0.1765 0.318232 0 0.866851 -0.203715 0 -8.96772 0 0 -19.4925 1.234 0.15 0.945488 0 6.93133 2.34603 0 5.47202 0 0 -12.1055 
2.64 1.987 0.1765 0.318028 0 0.857874 -0.203715 0 -8.97753 0 0 -19.4925 1.234 0.15 0.947834 0 6.93679 2.34603 0 5.46221 0 0 -12.1055 
2.641 1.987 0.1765 0.317824 0 0.848886 -0.203715 0 -8.98734 0 0 -19.4925 1.234 0.15 0.95018 0 6.94224 2.34603 0 5.4524 0 0 -12.1055 
2.642 1.987 0.1765 0.317621 0 0.839889 -0.203715 0 -8.99715 0 0 -19.4925 1.234 0.15 0.952526 0 6.94769 2.34603 0 5.44259 0 0 -12.1055 
2.643 1.987 0.1765 0.317417 0 0.830882 -0.203715 0 -9.00696 0 0 -19.4925 1.234 0.15 0.954872 0 6.95312 2.34603 0 5.43278 0 0 -12.1055 
2.644 1.987 0.1765 0.317213 0 0.821865 -0.203715 0 -9.01677 0 0 -19.4925 1.234 0.15 0.957218 0 6.95854 2.34603 0 5.42297 0 0 -12.1055 
2.645 1.987 0.1765 0.31701 0 0.812839 -0.203715 0 -9.02658 0 0 -19.4925 1.234 0.15 0.959564 0 6.96396 2.34603 0 5.41316 0 0 -12.1055 
2.646 1.987 0.1765 0.316806 0 0.803802 -0.203715 0 -9.03639 0 0 -19.4925 1.234 0.15 0.96191 0 6.96936 2.34603 0 5.40335 0 0 -12.1055 
2.647 1.987 0.1765 0.316602 0 0.794756 -0.203715 0 -9.0462 0 0 -19.4925 1.234 0.15 0.964256 0 6.97475 2.34603 0 5.39354 0 0 -12.1055 
2.648 1.987 0.1765 0.316398 0 0.7857 -0.203715 0 -9.05601 0 0 -19.4925 1.234 0.15 0.966602 0 6.98014 2.34603 0 5.38373 0 0 -12.1055 
2.649 1.987 0.1765 0.316195 0 0.776634 -0.203715 0 -9.06582 0 0 -19.4925 1.234 0.15 0.968948 0 6.98551 2.34603 0 5.37392 0 0 -12.1055 
2.65 1.987 0.1765 0.315991 0 0.767559 -0.203715 0 -9.07563 0 0 -19.4925 1.234 0.15 0.971294 0 6.99087 2.34603 0 5.36411 0 0 -12.1055 
2.651 1.987 0.1765 0.315787 0 0.758473 -0.203715 0 -9.08544 0 0 -19.4925 1.234 0.15 0.97364 0 6.99623 2.34603 0 5.3543 0 0 -12.1055 
2.652 1.987 0.1765 0.315584 0 0.749378 -0.203715 0 -9.09525 0 0 -19.4925 1.234 0.15 0.975986 0 7.00157 2.34603 0 5.34449 0 0 -12.1055 
2.653 1.987 0.1765 0.31538 0 0.740273 -0.203715 0 -9.10506 0 0 -19.4925 1.234 0.15 0.978332 0 7.00691 2.34603 0 5.33468 0 0 -12.1055 
2.654 1.987 0.1765 0.315176 0 0.731158 -0.203715 0 -9.11487 0 0 -19.4925 1.234 0.15 0.980678 0 7.01223 2.34603 0 5.32487 0 0 -12.1055 
2.655 1.987 0.1765 0.314972 0 0.722034 -0.203715 0 -9.12468 0 0 -19.4925 1.234 0.15 0.983024 0 7.01755 2.34603 0 5.31506 0 0 -12.1055 
2.656 1.987 0.1765 0.314769 0 0.712899 -0.203715 0 -9.13449 0 0 -19.4925 1.234 0.15 0.98537 0 7.02285 2.34603 0 5.30525 0 0 -12.1055 
2.657 1.987 0.1765 0.314565 0 0.703755 -0.203715 0 -9.1443 0 0 -19.4925 1.234 0.15 0.987717 0 7.02815 2.34603 0 5.29544 0 0 -12.1055 
2.658 1.987 0.1765 0.314361 0 0.694601 -0.203715 0 -9.15411 0 0 -19.4925 1.234 0.15 0.990063 0 7.03343 2.34603 0 5.28563 0 0 -12.1055 
2.659 1.987 0.1765 0.314158 0 0.685437 -0.203715 0 -9.16392 0 0 -19.4925 1.234 0.15 0.992409 0 7.03871 2.34603 0 5.27582 0 0 -12.1055 
2.66 1.987 0.1765 0.313954 0 0.676263 -0.203715 0 -9.17373 0 0 -19.4925 1.234 0.15 0.994755 0 7.04398 2.34603 0 5.26601 0 0 -12.1055 
2.661 1.987 0.1765 0.31375 0 0.667079 -0.203715 0 -9.18354 0 0 -19.4925 1.234 0.15 0.997101 0 7.04923 2.34603 0 5.2562 0 0 -12.1055 
2.662 1.987 0.1765 0.313546 0 0.657886 -0.203715 0 -9.19335 0 0 -19.4925 1.234 0.15 0.999447 0 7.05448 2.34603 0 5.24639 0 0 -12.1055 
2.663 1.987 0.1765 0.313343 0 0.648683 -0.203715 0 -9.20316 0 0 -19.4925 1.234 0.15 1.00179 0 7.05972 2.34603 0 5.23658 0 0 -12.1055 
2.664 1.987 0.1765 0.313139 0 0.63947 -0.203715 0 -9.21297 0 0 -19.4925 1.234 0.15 1.00414 0 7.06494 2.34603 0 5.22677 0 0 -12.1055 
2.665 1.987 0.1765 0.312935 0 0.630247 -0.203715 0 -9.22278 0 0 -19.4925 1.234 0.15 1.00648 0 7.07016 2.34603 0 5.21696 0 0 -12.1055 
2.666 1.987 0.1765 0.312731 0 0.621015 -0.203715 0 -9.23259 0 0 -19.4925 1.234 0.15 1.00883 0 7.07537 2.34603 0 5.20715 0 0 -12.1055 
2.667 1.987 0.1765 0.312528 0 0.611772 -0.203715 0 -9.2424 0 0 -19.4925 1.234 0.15 1.01118 0 7.08056 2.34603 0 5.19734 0 0 -12.1055 
2.668 1.987 0.1765 0.312324 0 0.60252 -0.203715 0 -9.25221 0 0 -19.4925 1.234 0.15 1.01352 0 7.08575 2.34603 0 5.18753 0 0 -12.1055 
2.669 1.987 0.1765 0.31212 0 0.593258 -0.203715 0 -9.26202 0 0 -19.4925 1.234 0.15 1.01587 0 7.09093 2.34603 0 5.17772 0 0 -12.1055 
2.67 1.987 0.1765 0.311917 0 0.583986 -0.203715 0 -9.27183 0 0 -19.4925 1.234 0.15 1.01821 0 7.0961 2.34603 0 5.16791 0 0 -12.1055 
2.671 1.987 0.1765 0.311713 0 0.574704 -0.203715 0 -9.28164 0 0 -19.4925 1.234 0.15 1.02056 0 7.10125 2.34603 0 5.1581 0 0 -12.1055 
2.672 1.987 0.1765 0.311509 0 0.565413 -0.203715 0 -9.29145 0 0 -19.4925 1.234 0.15 1.02291 0 7.1064 2.34603 0 5.14829 0 0 -12.1055 
2.673 1.987 0.1765 0.311305 0 0.556112 -0.203715 0 -9.30126 0 0 -19.4925 1.234 0.15 1.02525 0 7.11154 2.34603 0 5.13848 0 0 -12.1055 
2.674 1.987 0.1765 0.311102 0 0.546801 -0.203715 0 -9.31107 0 0 -19.4925 1.234 0.15 1.0276 0 7.11667 2.34603 0 5.12867 0 0 -12.1055 
2.675 1.987 0.1765 0.310898 0 0.53748 -0.203715 0 -9.32088 0 0 -19.4925 1.234 0.15 1.02995 0 7.12179 2.34603 0 5.11886 0 0 -12.1055 
2.676 1.987 0.1765 0.310694 0 0.528149 -0.203715 0 -9.33069 0 0 -19.4925 1.234 0.15 1.03229 0 7.1269 2.34603 0 5.10905 0 0 -12.1055 
2.677 1.987 0.1765 0.310491 0 0.518809 -0.203715 0 -9.3405 0 0 -19.4925 1.234 0.15 1.03464 0 7.132 2.34603 0 5.09924 0 0 -12.1055 
2.678 1.987 0.1765 0.310287 0 0.509458 -0.203715 0 -9.35031 0 0 -19.4925 1.234 0.15 1.03698 0 7.13709 2.34603 0 5.08943 0 0 -12.1055 
2.679 1.987 0.1765 0.310083 0 0.500098 -0.203715 0 -9.36012 0 0 -19.4925 1.234 0.15 1.03933 0 7.14217 2.34603 0 5.07962 0 0 -12.1055 
2.68 1.987 0.1765 0.309879 0 0.490728 -0.203715 0 -9.36993 0 0 -19.4925 1.234 0.15 1.04168 0 7.14724 2.34603 0 5.06981 0 0 -12.1055 
2.681 1.987 0.1765 0.309676 0 0.481348 -0.203715 0 -9.37974 0 0 -19.4925 1.234 0.15 1.04402 0 7.1523 2.34603 0 5.06 0 0 -12.1055 
2.682 1.987 0.1765 0.309472 0 0.471959 -0.203715 0 -9.38955 0 0 -19.4925 1.234 0.15 1.04637 0 7.15735 2.34603 0 5.05019 0 0 -12.1055 
2.683 1.987 0.1765 0.309268 0 0.46256 -0.203715 0 -9.39936 0 0 -19.4925 1.234 0.15 1.04871 0 7.16239 2.34603 0 5.04038 0 0 -12.1055 
2.684 1.987 0.1765 0.309065 0 0.45315 -0.203715 0 -9.40917 0 0 -19.4925 1.234 0.15 1.05106 0 7.16742 2.34603 0 5.03057 0 0 -12.1055 
2.685 1.987 0.1765 0.308861 0 0.443731 -0.203715 0 -9.41898 0 0 -19.4925 1.234 0.15 1.05341 0 7.17244 2.34603 0 5.02076 0 0 -12.1055 
2.686 1.987 0.1765 0.308657 0 0.434303 -0.203715 0 -9.42879 0 0 -19.4925 1.234 0.15 1.05575 0 7.17745 2.34603 0 5.01095 0 0 -12.1055 
2.687 1.987 0.1765 0.308453 0 0.424864 -0.203715 0 -9.4386 0 0 -19.4925 1.234 0.15 1.0581 0 7.18245 2.34603 0 5.00114 0 0 -12.1055 
2.688 1.987 0.1765 0.30825 0 0.415416 -0.203715 0 -9.44841 0 0 -19.4925 1.234 0.15 1.06044 0 7.18744 2.34603 0 4.99133 0 0 -12.1055 
2.689 1.987 0.1765 0.308046 0 0.405957 -0.203715 0 -9.45822 0 0 -19.4925 1.234 0.15 1.06279 0 7.19242 2.34603 0 4.98152 0 0 -12.1055 
2.69 1.987 0.1765 0.307842 0 0.396489 -0.203715 0 -9.46803 0 0 -19.4925 1.234 0.15 1.06514 0 7.1974 2.34603 0 4.97171 0 0 -12.1055 
2.691 1.987 0.1765 0.307639 0 0.387012 -0.203715 0 -9.47784 0 0 -19.4925 1.234 0.15 1.06748 0 7.20236 2.34603 0 4.9619 0 0 -12.1055 
2.692 1.987 0.1765 0.307435 0 0.377524 -0.203715 0 -9.48765 0 0 -19.4925 1.234 0.15 1.06983 0 7.20731 2.34603 0 4.95209 0 0 -12.1055 
2.693 1.987 0.1765 0.307231 0 0.368026 -0.203715 0 -9.49746 0 0 -19.4925 1.234 0.15 1.07217 0 7.21225 2.34603 0 4.94228 0 0 -12.1055 
2.694 1.987 0.1765 0.307027 0 0.358519 -0.203715 0 -9.50727 0 0 -19.4925 1.234 0.15 1.07452 0 7.21718 2.34603 0 4.93247 0 0 -12.1055 
2.695 1.987 0.1765 0.306824 0 0.349002 -0.203715 0 -9.51708 0 0 -19.4925 1.234 0.15 1.07687 0 7.22211 2.34603 0 4.92266 0 0 -12.1055 
2.696 1.987 0.1765 0.30662 0 0.339475 -0.203715 0 -9.52689 0 0 -19.4925 1.234 0.15 1.07921 0 7.22702 2.34603 0 4.91285 0 0 -12.1055 
2.697 1.987 0.1765 0.306416 0 0.329938 -0.203715 0 -9.5367 0 0 -19.4925 1.234 0.15 1.08156 0 7.23192 2.34603 0 4.90304 0 0 -12.1055 
2.698 1.987 0.1765 0.306213 0 0.320392 -0.203715 0 -9.54651 0 0 -19.4925 1.234 0.15 1.0839 0 7.23682 2.34603 0 4.89323 0 0 -12.1055 
2.699 1.987 0.1765 0.306009 0 0.310836 -0.203715 0 -9.55632 0 0 -19.4925 1.234 0.15 1.08625 0 7.2417 2.34603 0 4.88342 0 0 -12.1055 
2.7 1.987 0.1765 0.305805 0 0.301269 -0.203715 0 -9.56613 0 0 -19.4925 1.234 0.15 1.0886 0 7.24657 2.34603 0 4.87361 0 0 -12.1055 
2.701 1.987 0.1765 0.305601 0 0.291694 -0.203715 0 -9.57594 0 0 -19.4925 1.234 0.15 1.09094 0 7.25144 2.34603 0 4.8638 0 0 -12.1055 
2.702 1.987 0.1765 0.305398 0 0.282108 -0.203715 0 -9.58575 0 0 -19.4925 1.234 0.15 1.09329 0 7.25629 2.34603 0 4.85399 0 0 -12.1055 
2.703 1.987 0.1765 0.305194 0 0.272512 -0.203715 0 -9.59556 0 0 -19.4925 1.234 0.15 1.09563 0 7.26113 2.34603 0 4.84418 0 0 -12.1055 
2.704 1.987 0.1765 0.30499 0 0.262907 -0.203715 0 -9.60537 0 0 -19.4925 1.234 0.15 1.09798 0 7.26597 2.34603 0 4.83437 0 0 -12.1055 
2.705 1.987 0.1765 0.304787 0 0.253292 -0.203715 0 -9.61518 0 0 -19.4925 1.234 0.15 1.10033 0 7.27079 2.34603 0 4.82456 0 0 -12.1055 
2.706 1.987 0.1765 0.304583 0 0.243667 -0.203715 0 -9.62499 0 0 -19.4925 1.234 0.15 1.10267 0 7.27561 2.34603 0 4.81475 0 0 -12.1055 
2.707 1.987 0.1765 0.304379 0 0.234032 -0.203715 0 -9.6348 0 0 -19.4925 1.234 0.15 1.10502 0 7.28041 2.34603 0 4.80494 0 0 -12.1055 
2.708 1.987 0.1765 0.304175 0 0.224387 -0.203715 0 -9.64461 0 0 -19.4925 1.234 0.15 1.10736 0 7.28521 2.34603 0 4.79513 0 0 -12.1055 
2.709 1.987 0.1765 0.303972 0 0.214733 -0.203715 0 -9.65442 0 0 -19.4925 1.234 0.15 1.10971 0 7.28999 2.34603 0 4.78532 0 0 -12.1055 
2.71 1.987 0.1765 0.303768 0 0.205069 -0.203715 0 -9.66423 0 0 -19.4925 1.234 0.15 1.11206 0 7.29477 2.34603 0 4.77551 0 0 -12.1055 
2.711 1.987 0.1765 0.303564 0 0.195395 -0.203715 0 -9.67404 0 0 -19.4925 1.234 0.15 1.1144 0 7.29953 2.34603 0 4.7657 0 0 -12.1055 
2.712 1.987 0.1765 0.303361 0 0.185711 -0.203715 0 -9.68385 0 0 -19.4925 1.234 0.15 1.11675 0 7.30429 2.34603 0 4.75589 0 0 -12.1055 
2.713 1.987 0.1765 0.303157 0 0.176017 -0.203715 0 -9.69366 0 0 -19.4925 1.234 0.15 1.11909 0 7.30904 2.34603 0 4.74608 0 0 -12.1055 
2.714 1.987 0.1765 0.302953 0 0.166316 -0.203715 0 -9.70147 0 0 -15.5178 1.234 0.15 1.12144 0 7.31377 2.34603 0 4.73627 0 0 -12.1055 
2.715 1.987 0.1765 0.302749 0 0.156647 -0.203715 0 -9.6691 0 0 64.3297 1.234 0.15 1.12379 0 7.3185 2.34603 0 4.72646 0 0 -12.1055 
2.716 1.987 0.1765 0.302546 0 0.14705 -0.203715 0 -9.59667 0 0 143.911 1.234 0.15 1.12613 0 7.32322 2.34603 0 4.71665 0 0 -12.1055 
2.717 1.987 0.1765 0.302342 0 0.137565 -0.203715 0 -9.48449 0 0 222.896 1.234 0.15 1.12848 0 7.32792 2.34603 0 4.70684 0 0 -12.1055 
2.718 1.987 0.1765 0.302138 0 0.128232 -0.203715 0 -9.33303 0 0 300.957 1.234 0.15 1.13082 0 7.33262 2.34603 0 4.69703 0 0 -12.1055 
2.719 1.987 0.1765 0.301935 0 0.119089 -0.203715 0 -9.14291 0 0 377.773 1.234 0.15 1.13317 0 7.33731 2.34603 0 4.68722 0 0 -12.1055 
2.72 1.987 0.1765 0.301731 0 0.110175 -0.203715 0 -8.91491 0 0 453.023 1.234 0.15 1.13552 0 7.34198 2.34603 0 4.67741 0 0 -12.1055 
2.721 1.987 0.1765 0.301527 0 0.101525 -0.203715 0 -8.64999 0 0 526.397 1.234 0.15 1.13786 0 7.34665 2.34603 0 4.6676 0 0 -12.1055 
2.722 1.987 0.1765 0.301323 0 0.0931753 -0.203715 0 -8.34924 0 0 597.59 1.234 0.15 1.14021 0 7.35131 2.34603 0 4.65779 0 0 -12.1055 
2.723 1.987 0.1765 0.30112 0 0.0851614 -0.203715 0 -8.01391 0 0 666.308 1.234 0.15 1.14255 0 7.35596 2.34603 0 4.64798 0 0 -12.1055 
2.724 1.987 0.1765 0.300916 0 0.077516 -0.203715 0 -7.64538 0 0 732.266 1.234 0.15 1.1449 0 7.3606 2.34603 0 4.63817 0 0 -12.1055 
2.725 1.987 0.1765 0.300712 0 0.0702708 -0.203715 0 -7.24518 0 0 795.191 1.234 0.15 1.14725 0 7.36522 2.34603 0 4.62836 0 0 -12.1055 
2.726 1.987 0.1765 0.300509 0 0.0634558 -0.203715 0 -6.81498 0 0 854.822 1.234 0.15 1.14959 0 7.36984 2.34603 0 4.61855 0 0 -12.1055 
2.727 1.987 0.1765 0.300305 0 0.0570993 -0.203715 0 -6.35654 0 0 910.913 1.234 0.15 1.15194 0 7.37445 2.34603 0 4.60874 0 0 -12.1055 
2.728 1.987 0.1765 0.300101 0 0.0512275 -0.203715 0 -5.87177 0 0 963.23 1.234 0.15 1.15428 0 7.37905 2.34603 0 4.59893 0 0 -12.1055 
2.729 1.987 0.1765 0.299897 0 0.0458648 -0.203715 0 -5.36269 0 0 1011.56 1.234 0.15 1.15663 0 7.38364 2.34603 0 4.58912 0 0 -12.1055 
2.73 1.987 0.1765 0.299694 0 0.0410334 -0.203715 0 -4.83139 0 0 1055.69 1.234 0.15 1.15898 0 7.38822 2.34603 0 4.57931 0 0 -12.1055 
2.731 1.987 0.1765 0.29949 0 0.0367534 -0.203715 0 -4.28007 0 0 1095.46 1.234 0.15 1.16132 0 7.39279 2.34603 0 4.5695 0 0 -12.1055 
2.732 1.987 0.1765 0.299286 0 0.0330423 -0.203715 0 -3.71103 0 0 1130.69 1.234 0.15 1.16367 0 7.39735 2.34603 0 4.55969 0 0 -12.1055 
2.733 1.987 0.1765 0.299083 0 0.0299157 -0.203715 0 -3.12662 0 0 1161.23 1.234 0.15 1.16601 0 7.4019 2.34603 0 4.54988 0 0 -12.1055 
2.734 1.987 0.1765 0.298879 0 0.0273865 -0.203715 0 -2.52925 0 0 1186.96 1.234 0.15 1.16836 0 7.40644 2.34603 0 4.54007 0 0 -12.1055 
2.735 1.987 0.1765 0.298675 0 0.025465 -0.203715 0 -1.92141 0 0 1207.78 1.234 0.15 1.17071 0 7.41097 2.34603 0 4.53026 0 0 -12.1055 
2.736 1.987 0.1765 0.298471 0 0.0241594 -0.203715 0 -1.30561 0 0 1223.59 1.234 0.15 1.17305 0 7.41549 2.34603 0 4.52045 0 0 -12.1055 
2.737 1.987 0.1765 0.298268 0 0.023475 -0.203715 0 -0.684404 0 0 1234.34 1.234 0.15 1.1754 0 7.42 2.34603 0 4.51064 0 0 -12.1055 
2.738 1.987 0.1765 0.298064 0 0.0234147 -0.203715 0 -0.0603612 0 0 1239.97 1.234 0.15 1.17774 0 7.4245 2.34603 0 4.50083 0 0 -12.1055 
2.739 1.987 0.1765 0.29786 0 0.0239786 -0.203715 0 0.563932 0 0 1240.47 1.234 0.15 1.18009 0 7.42899 2.34603 0 4.49102 0 0 -12.1055 
2.74 1.987 0.1765 0.297657 0 0.0251645 -0.203715 0 1.18589 0 0 1235.83 1.234 0.15 1.18244 0 7.43347 2.34603 0 4.48121 0 0 -12.1055 
2.741 1.987 0.1765 0.297453 0 0.0269674 -0.203715 0 1.80293 0 0 1226.07 1.234 0.15 1.18478 0 7.43794 2.34603 0 4.4714 0 0 -12.1055 
2.742 1.987 0.1765 0.297249 0 0.0293799 -0.203715 0 2.41251 0 0 1211.23 1.234 0.15 1.18713 0 7.44241 2.34603 0 4.46159 0 0 -12.1055 
2.743 1.987 0.1765 0.297045 0 0.032392 -0.203715 0 3.01209 0 0 1191.37 1.234 0.15 1.18948 0 7.44686 2.34603 0 4.45178 0 0 -12.1055 
2.744 1.987 0.1765 0.296842 0 0.0359912 -0.203715 0 3.5992 0 0 1166.58 1.234 0.15 1.19182 0 7.4513 2.34603 0 4.44197 0 0 -12.1055 
2.745 1.987 0.1765 0.296638 0 0.0401626 -0.203715 0 4.1714 0 0 1136.96 1.234 0.15 1.19417 0 7.45573 2.34603 0 4.43216 0 0 -12.1055 
2.746 1.987 0.1765 0.296434 0 0.0448889 -0.203715 0 4.72632 0 0 1102.63 1.234 0.15 1.19651 0 7.46015 2.34603 0 4.42235 0 0 -12.1055 
2.747 1.987 0.1765 0.296231 0 0.0501506 -0.203715 0 5.26166 0 0 1063.73 1.234 0.15 1.19886 0 7.46457 2.34603 0 4.41254 0 0 -12.1055 
2.748 1.987 0.1765 0.296027 0 0.0559258 -0.203715 0 5.77521 0 0 1020.42 1.234 0.15 1.20121 0 7.46897 2.34603 0 4.40273 0 0 -12.1055 
2.749 1.987 0.1765 0.295823 0 0.0621907 -0.203715 0 6.26484 0 0 972.888 1.234 0.15 1.20355 0 7.47336 2.34603 0 4.39292 0 0 -12.1055 
2.75 1.987 0.1765 0.295619 0 0.0689192 -0.203715 0 6.72851 0 0 921.326 1.234 0.15 1.2059 0 7.47775 2.34603 0 4.38311 0 0 -12.1055 
2.751 1.987 0.1765 0.295416 0 0.0760835 -0.203715 0 7.16432 0 0 865.947 1.234 0.15 1.20824 0 7.48212 2.34603 0 4.3733 0 0 -12.1055 
2.752 1.987 0.1765 0.295212 0 0.0836539 -0.203715 0 7.57045 0 0 806.981 1.234 0.15 1.21059 0 7.48648 2.34603 0 4.36349 0 0 -12.1055 
2.753 1.987 0.1765 0.295008 0 0.0915992 -0.203715 0 7.94522 0 0 744.673 1.234 0.15 1.21294 0 7.49084 2.34603 0 4.35368 0 0 -12.1055 
2.754 1.987 0.1765 0.294805 0 0.0998863 -0.203715 0 8.28709 0 0 679.28 1.234 0.15 1.21528 0 7.49518 2.34603 0 4.34387 0 0 -12.1055 
2.755 1.987 0.1765 0.294601 0 0.108481 -0.203715 0 8.59462 0 0 611.074 1.234 0.15 1.21763 0 7.49951 2.34603 0 4.33406 0 0 -12.1055 
2.756 1.987 0.1765 0.294397 0 0.117347 -0.203715 0 8.86656 0 0 540.336 1.234 0.15 1.21997 0 7.50384 2.34603 0 4.32425 0 0 -12.1055 
2.757 1.987 0.1765 0.294193 0 0.126449 -0.203715 0 9.10177 0 0 467.36 1.234 0.15 1.22232 0 7.50815 2.34603 0 4.31444 0 0 -12.1055 
2.758 1.987 0.1765 0.29399 0 0.135748 -0.203715 0 9.29927 0 0 392.449 1.234 0.15 1.22467 0 7.51246 2.34603 0 4.30463 0 0 -12.1055 
2.759 1.987 0.1765 0.293786 0 0.145207 -0.203715 0 9.45826 0 0 315.911 1.234 0.15 1.22701 0 7.51675 2.34603 0 4.29482 0 0 -12.1055 
2.76 1.987 0.1765 0.293582 0 0.154785 -0.203715 0 9.57808 0 0 238.065 1.234 0.15 1.22936 0 7.52104 2.34603 0 4.28501 0 0 -12.1055 
2.761 1.987 0.1765 0.293379 0 0.164443 -0.203715 0 9.65821 0 0 159.233 1.234 0.15 1.2317 0 7.52531 2.34603 0 4.2752 0 0 -12.1055 
2.762 1.987 0.1765 0.293175 0 0.174141 -0.203715 0 9.69834 0 0 79.742 1.234 0.15 1.23405 0 7.52958 2.34603 0 4.26539 0 0 -12.1055 
2.763 1.987 0.1765 0.292971 0 0.18384 -0.203715 0 9.6983 0 0 -0.0798419 1.234 0.15 1.2364 0 7.53383 2.34603 0 4.25558 0 0 -12.1055 
2.764 1.987 0.1765 0.292767 0 0.193528 -0.203715 0 9.68849 0 0 -19.4925 1.234 0.15 1.23874 0 7.53808 2.34603 0 4.24577 0 0 -12.1055 
2.765 1.987 0.1765 0.292564 0 0.203207 -0.203715 0 9.67868 0 0 -19.4925 1.234 0.15 1.24109 0 7.54231 2.34603 0 4.23596 0 0 -12.1055 
2.766 1.987 0.1765 0.29236 0 0.212876 -0.203715 0 9.66887 0 0 -19.4925 1.234 0.15 1.24343 0 7.54654 2.34603 0 4.22615 0 0 -12.1055 
2.767 1.987 0.1765 0.292156 0 0.222535 -0.203715 0 9.65906 0 0 -19.4925 1.234 0.15 1.24578 0 7.55076 2.34603 0 4.21634 0 0 -12.1055 
2.768 1.987 0.1765 0.291953 0 0.232184 -0.203715 0 9.64925 0 0 -19.4925 1.234 0.15 1.24813 0 7.55496 2.34603 0 4.20653 0 0 -12.1055 
2.769 1.987 0.1765 0.291749 0 0.241823 -0.203715 0 9.63944 0 0 -19.4925 1.234 0.15 1.25047 0 7.55916 2.34603 0 4.19672 0 0 -12.1055 
2.77 1.987 0.1765 0.291545 0 0.251453 -0.203715 0 9.62963 0 0 -19.4925 1.234 0.15 1.25282 0 7.56335 2.34603 0 4.18691 0 0 -12.1055 
2.771 1.987 0.1765 0.291341 0 0.261073 -0.203715 0 9.61982 0 0 -19.4925 1.234 0.15 1.25516 0 7.56752 2.34603 0 4.1771 0 0 -12.1055 
2.772 1.987 0.1765 0.291138 0 0.270683 -0.203715 0 9.61001 0 0 -19.4925 1.234 0.15 1.25751 0 7.57169 2.34603 0 4.16729 0 0 -12.1055 
2.773 1.987 0.1765 0.290934 0 0.280283 -0.203715 0 9.6002 0 0 -19.4925 1.234 0.15 1.25986 0 7.57585 2.34603 0 4.15748 0 0 -12.1055 
2.774 1.987 0.1765 0.29073 0 0.289874 -0.203715 0 9.59039 0 0 -19.4925 1.234 0.15 1.2622 0 7.58 2.34603 0 4.14767 0 0 -12.1055 
2.775 1.987 0.1765 0.290527 0 0.299454 -0.203715 0 9.58058 0 0 -19.4925 1.234 0.15 1.26455 0 7.58414 2.34603 0 4.13786 0 0 -12.1055 
2.776 1.987 0.1765 0.290323 0 0.309025 -0.203715 0 9.57077 0 0 -19.4925 1.234 0.15 1.26689 0 7.58826 2.34603 0 4.12805 0 0 -12.1055 
2.777 1.987 0.1765 0.290119 0 0.318586 -0.203715 0 9.56096 0 0 -19.4925 1.234 0.15 1.26924 0 7.59238 2.34603 0 4.11824 0 0 -12.1055 
2.778 1.987 0.1765 0.289915 0 0.328137 -0.203715 0 9.55115 0 0 -19.4925 1.234 0.15 1.27159 0 7.59649 2.34603 0 4.10843 0 0 -12.1055 
2.779 1.987 0.1765 0.289712 0 0.337678 -0.203715 0 9.54134 0 0 -19.4925 1.234 0.15 1.27393 0 7.60059 2.34603 0 4.09862 0 0 -12.1055 
2.78 1.987 0.1765 0.289508 0 0.34721 -0.203715 0 9.53153 0 0 -19.4925 1.234 0.15 1.27628 0 7.60468 2.34603 0 4.08881 0 0 -12.1055 
2.781 1.987 0.1765 0.289304 0 0.356732 -0.203715 0 9.52172 0 0 -19.4925 1.234 0.15 1.27862 0 7.60876 2.34603 0 4.079 0 0 -12.1055 
2.782 1.987 0.1765 0.289101 0 0.366244 -0.203715 0 9.51191 0 0 -19.4925 1.234 0.15 1.28097 0 7.61283 2.34603 0 4.06919 0 0 -12.1055 
2.783 1.987 0.1765 0.288897 0 0.375746 -0.203715 0 9.5021 0 0 -19.4925 1.234 0.15 1.28332 0 7.61688 2.34603 0 4.05938 0 0 -12.1055 
2.784 1.987 0.1765 0.288693 0 0.385238 -0.203715 0 9.49229 0 0 -19.4925 1.234 0.15 1.28566 0 7.62093 2.34603 0 4.04957 0 0 -12.1055 
2.785 1.987 0.1765 0.288489 0 0.39472 -0.203715 0 9.48248 0 0 -19.4925 1.234 0.15 1.28801 0 7.62497 2.34603 0 4.03976 0 0 -12.1055 
2.786 1.987 0.1765 0.288286 0 0.404193 -0.203715 0 9.47267 0 0 -19.4925 1.234 0.15 1.29035 0 7.629 2.34603 0 4.02995 0 0 -12.1055 
2.787 1.987 0.1765 0.288082 0 0.413656 -0.203715 0 9.46286 0 0 -19.4925 1.234 0.15 1.2927 0 7.63302 2.34603 0 4.02014 0 0 -12.1055 
2.788 1.987 0.1765 0.287878 0 0.423109 -0.203715 0 9.45305 0 0 -19.4925 1.234 0.15 1.29505 0 7.63703 2.34603 0 4.01033 0 0 -12.1055 
2.789 1.987 0.1765 0.287675 0 0.432552 -0.203715 0 9.44324 0 0 -19.4925 1.234 0.15 1.29739 0 7.64104 2.34603 0 4.00052 0 0 -12.1055 
2.79 1.987 0.1765 0.287471 0 0.441986 -0.203715 0 9.43343 0 0 -19.4925 1.234 0.15 1.29974 0 7.64503 2.34603 0 3.99071 0 0 -12.1055 
2.791 1.987 0.1765 0.287267 0 0.451409 -0.203715 0 9.42362 0 0 -19.4925 1.234 0.15 1.30208 0 7.64901 2.34603 0 3.9809 0 0 -12.1055 
2.792 1.987 0.1765 0.287063 0 0.460823 -0.203715 0 9.41381 0 0 -19.4925 1.234 0.15 1.30443 0 7.65298 2.34603 0 3.97109 0 0 -12.1055 
2.793 1.987 0.1765 0.28686 0 0.470227 -0.203715 0 9.404 0 0 -19.4925 1.234 0.15 1.30678 0 7.65694 2.34603 0 3.96128 0 0 -12.1055 
2.794 1.987 0.1765 0.286656 0 0.479621 -0.203715 0 9.39419 0 0 -19.4925 1.234 0.15 1.30912 0 7.66089 2.34603 0 3.95147 0 0 -12.1055 
2.795 1.987 0.1765 0.286452 0 0.489006 -0.203715 0 9.38438 0 0 -19.4925 1.234 0.15 1.31147 0 7.66483 2.34603 0 3.94166 0 0 -12.1055 
2.796 1.987 0.1765 0.286248 0 0.49838 -0.203715 0 9.37457 0 0 -19.4925 1.234 0.15 1.31381 0 7.66876 2.34603 0 3.93185 0 0 -12.1055 
2.797 1.987 0.1765 0.286045 0 0.507745 -0.203715 0 9.36476 0 0 -19.4925 1.234 0.15 1.31616 0 7.67269 2.34603 0 3.92204 0 0 -12.1055 
2.798 1.987 0.1765 0.285841 0 0.5171 -0.203715 0 9.35495 0 0 -19.4925 1.234 0.15 1.31851 0 7.6766 2.34603 0 3.91223 0 0 -12.1055 
2.799 1.987 0.1765 0.285637 0 0.526445 -0.203715 0 9.34514 0 0 -19.4925 1.234 0.15 1.32085 0 7.6805 2.34603 0 3.90242 0 0 -12.1055 
2.8 1.987 0.1765 0.285434 0 0.535781 -0.203715 0 9.33533 0 0 -19.4925 1.234 0.15 1.3232 0 7.68439 2.34603 0 3.89261 0 0 -12.1055 
2.801 1.987 0.1765 0.28523 0 0.545106 -0.203715 0 9.32552 0 0 -19.4925 1.234 0.15 1.32554 0 7.68828 2.34603 0 3.8828 0 0 -12.1055 
2.802 1.987 0.1765 0.285026 0 0.554422 -0.203715 0 9.31571 0 0 -19.4925 1.234 0.15 1.32789 0 7.69215 2.34603 0 3.87299 0 0 -12.1055 
2.803 1.987 0.1765 0.284822 0 0.563728 -0.203715 0 9.3059 0 0 -19.4925 1.234 0.15 1.33024 0 7.69601 2.34603 0 3.86318 0 0 -12.1055 
2.804 1.987 0.1765 0.284619 0 0.573024 -0.203715 0 9.29609 0 0 -19.4925 1.234 0.15 1.33258 0 7.69987 2.34603 0 3.85337 0 0 -12.1055 
2.805 1.987 0.1765 0.284415 0 0.58231 -0.203715 0 9.28628 0 0 -19.4925 1.234 0.15 1.33493 0 7.70371 2.34603 0 3.84356 0 0 -12.1055 
2.806 1.987 0.1765 0.284211 0 0.591586 -0.203715 0 9.27647 0 0 -19.4925 1.234 0.15 1.33727 0 7.70754 2.34603 0 3.83375 0 0 -12.1055 
2.807 1.987 0.1765 0.284008 0 0.600853 -0.203715 0 9.26666 0 0 -19.4925 1.234 0.15 1.33962 0 7.71137 2.34603 0 3.82394 0 0 -12.1055 
2.808 1.987 0.1765 0.283804 0 0.61011 -0.203715 0 9.25685 0 0 -19.4925 1.234 0.15 1.34197 0 7.71518 2.34603 0 3.81413 0 0 -12.1055 
2.809 1.987 0.1765 0.2836 0 0.619357 -0.203715 0 9.24704 0 0 -19.4925 1.234 0.15 1.34431 0 7.71899 2.34603 0 3.80432 0 0 -12.1055 
2.81 1.987 0.1765 0.283396 0 0.628594 -0.203715 0 9.23723 0 0 -19.4925 1.234 0.15 1.34666 0 7.72278 2.34603 0 3.79451 0 0 -12.1055 
2.811 1.987 0.1765 0.283193 0 0.637822 -0.203715 0 9.22742 0 0 -19.4925 1.234 0.15 1.34901 0 7.72656 2.34603 0 3.7847 0 0 -12.1055 
2.812 1.987 0.1765 0.282989 0 0.647039 -0.203715 0 9.21761 0 0 -19.4925 1.234 0.15 1.35135 0 7.73034 2.34603 0 3.77489 0 0 -12.1055 
2.813 1.987 0.1765 0.282785 0 0.656247 -0.203715 0 9.2078 0 0 -19.4925 1.234 0.15 1.3537 0 7.7341 2.34603 0 3.76508 0 0 -12.1055 
2.814 1.987 0.1765 0.282582 0 0.665445 -0.203715 0 9.19799 0 0 -19.4925 1.234 0.15 1.35604 0 7.73786 2.34603 0 3.75527 0 0 -12.1055 
2.815 1.987 0.1765 0.282378 0 0.674633 -0.203715 0 9.18818 0 0 -19.4925 1.234 0.15 1.35839 0 7.74161 2.34603 0 3.74546 0 0 -12.1055 
2.816 1.987 0.1765 0.282174 0 0.683812 -0.203715 0 9.17837 0 0 -19.4925 1.234 0.15 1.36074 0 7.74534 2.34603 0 3.73565 0 0 -12.1055 
2.817 1.987 0.1765 0.28197 0 0.69298 -0.203715 0 9.16856 0 0 -19.4925 1.234 0.15 1.36308 0 7.74907 2.34603 0 3.72584 0 0 -12.1055 
2.818 1.987 0.1765 0.281767 0 0.702139 -0.203715 0 9.15875 0 0 -19.4925 1.234 0.15 1.36543 0 7.75278 2.34603 0 3.71603 0 0 -12.1055 
2.819 1.987 0.1765 0.281563 0 0.711288 -0.203715 0 9.14894 0 0 -19.4925 1.234 0.15 1.36777 0 7.75649 2.34603 0 3.70622 0 0 -12.1055 
2.82 1.987 0.1765 0.281359 0 0.720427 -0.203715 0 9.13913 0 0 -19.4925 1.234 0.15 1.37012 0 7.76019 2.34603 0 3.69641 0 0 -12.1055 
2.821 1.987 0.1765 0.281156 0 0.729556 -0.203715 0 9.12932 0 0 -19.4925 1.234 0.15 1.37247 0 7.76387 2.34603 0 3.6866 0 0 -12.1055 
2.822 1.987 0.1765 0.280952 0 0.738676 -0.203715 0 9.11951 0 0 -19.4925 1.234 0.15 1.37481 0 7.76755 2.34603 0 3.67679 0 0 -12.1055 
2.823 1.987 0.1765 0.280748 0 0.747786 -0.203715 0 9.1097 0 0 -19.4925 1.234 0.15 1.37716 0 7.77122 2.34603 0 3.66698 0 0 -12.1055 
2.824 1.987 0.1765 0.280544 0 0.756886 -0.203715 0 9.09989 0 0 -19.4925 1.234 0.15 1.3795 0 7.77487 2.34603 0 3.65717 0 0 -12.1055 
2.825 1.987 0.1765 0.280341 0 0.765976 -0.203715 0 9.09008 0 0 -19.4925 1.234 0.15 1.38185 0 7.77852 2.34603 0 3.64736 0 0 -12.1055 
2.826 1.987 0.1765 0.280137 0 0.775056 -0.203715 0 9.08027 0 0 -19.4925 1.234 0.15 1.3842 0 7.78216 2.34603 0 3.63755 0 0 -12.1055 
2.827 1.987 0.1765 0.279933 0 0.784126 -0.203715 0 9.07046 0 0 -19.4925 1.234 0.15 1.38654 0 7.78579 2.34603 0 3.62774 0 0 -12.1055 
2.828 1.987 0.1765 0.27973 0 0.793187 -0.203715 0 9.06065 0 0 -19.4925 1.234 0.15 1.38889 0 7.7894 2.34603 0 3.61793 0 0 -12.1055 
2.829 1.987 0.1765 0.279526 0 0.802238 -0.203715 0 9.05084 0 0 -19.4925 1.234 0.15 1.39123 0 7.79301 2.34603 0 3.60812 0 0 -12.1055 
2.83 1.987 0.1765 0.279322 0 0.811279 -0.203715 0 9.04103 0 0 -19.4925 1.234 0.15 1.39358 0 7.79661 2.34603 0 3.59831 0 0 -12.1055 
2.831 1.987 0.1765 0.279118 0 0.82031 -0.203715 0 9.03122 0 0 -19.4925 1.234 0.15 1.39593 0 7.8002 2.34603 0 3.5885 0 0 -12.1055 
2.832 1.987 0.1765 0.278915 0 0.829332 -0.203715 0 9.02141 0 0 -19.4925 1.234 0.15 1.39827 0 7.80378 2.34603 0 3.57869 0 0 -12.1055 
2.833 1.987 0.1765 0.278711 0 0.838343 -0.203715 0 9.0116 0 0 -19.4925 1.234 0.15 1.40062 0 7.80735 2.34603 0 3.56888 0 0 -12.1055 
2.834 1.987 0.1765 0.278507 0 0.847345 -0.203715 0 9.00179 0 0 -19.4925 1.234 0.15 1.40296 0 7.81091 2.34603 0 3.55907 0 0 -12.1055 
2.835 1.987 0.1765 0.278304 0 0.856337 -0.203715 0 8.99198 0 0 -19.4925 1.234 0.15 1.40531 0 7.81445 2.34603 0 3.54926 0 0 -12.1055 
2.836 1.987 0.1765 0.2781 0 0.865319 -0.203715 0 8.98217 0 0 -19.4925 1.234 0.15 1.40766 0 7.81799 2.34603 0 3.53945 0 0 -12.1055 
2.837 1.987 0.1765 0.277896 0 0.874291 -0.203715 0 8.97236 0 0 -19.4925 1.234 0.15 1.41 0 7.82152 2.34603 0 3.52964 0 0 -12.1055 
2.838 1.987 0.1765 0.277692 0 0.883254 -0.203715 0 8.96255 0 0 -19.4925 1.234 0.15 1.41235 0 7.82504 2.34603 0 3.51983 0 0 -12.1055 
2.839 1.987 0.1765 0.277489 0 0.892207 -0.203715 0 8.95274 0 0 -19.4925 1.234 0.15 1.41469 0 7.82855 2.34603 0 3.51002 0 0 -12.1055 
2.84 1.987 0.1765 0.277285 0 0.90115 -0.203715 0 8.94293 0 0 -19.4925 1.234 0.15 1.41704 0 7.83205 2.34603 0 3.50021 0 0 -12.1055 
2.841 1.987 0.1765 0.277081 0 0.910083 -0.203715 0 8.93312 0 0 -19.4925 1.234 0.15 1.41939 0 7.83554 2.34603 0 3.4904 0 0 -12.1055 
2.842 1.987 0.1765 0.276878 0 0.919006 -0.203715 0 8.92331 0 0 -19.4925 1.234 0.15 1.42173 0 7.83902 2.34603 0 3.48059 0 0 -12.1055 
2.843 1.987 0.1765 0.276674 0 0.92792 -0.203715 0 8.9135 0 0 -19.4925 1.234 0.15 1.42408 0 7.8425 2.34603 0 3.47078 0 0 -12.1055 
2.844 1.987 0.1765 0.27647 0 0.936823 -0.203715 0 8.90369 0 0 -19.4925 1.234 0.15 1.42642 0 7.84596 2.34603 0 3.46097 0 0 -12.1055 
2.845 1.987 0.1765 0.276266 0 0.945717 -0.203715 0 8.89388 0 0 -19.4925 1.234 0.15 1.42877 0 7.84941 2.34603 0 3.45116 0 0 -12.1055 
2.846 1.987 0.1765 0.276063 0 0.954601 -0.203715 0 8.88407 0 0 -19.4925 1.234 0.15 1.43112 0 7.85285 2.34603 0 3.44135 0 0 -12.1055 
2.847 1.987 0.1765 0.275859 0 0.963476 -0.203715 0 8.87426 0 0 -19.4925 1.234 0.15 1.43346 0 7.85628 2.34603 0 3.43154 0 0 -12.1055 
2.848 1.987 0.1765 0.275655 0 0.97234 -0.203715 0 8.86445 0 0 -19.4925 1.234 0.15 1.43581 0 7.8597 2.34603 0 3.42173 0 0 -12.1055 
2.849 1.987 0.1765 0.275452 0 0.981195 -0.203715 0 8.85464 0 0 -19.4925 1.234 0.15 1.43815 0 7.86311 2.34603 0 3.41192 0 0 -12.1055 
2.85 1.987 0.1765 0.275248 0 0.990039 -0.203715 0 8.84483 0 0 -19.4925 1.234 0.15 1.4405 0 7.86652 2.34603 0 3.40211 0 0 -12.1055 
2.851 1.987 0.1765 0.275044 0 0.998874 -0.203715 0 8.83502 0 0 -19.4925 1.234 0.15 1.44285 0 7.86991 2.34603 0 3.3923 0 0 -12.1055 
2.852 1.987 0.1765 0.27484 0 1.0077 -0.203715 0 8.82521 0 0 -19.4925 1.234 0.15 1.44519 0 7.87329 2.34603 0 3.38249 0 0 -12.1055 
2.853 1.987 0.1765 0.274637 0 1.01652 -0.203715 0 8.8154 0 0 -19.4925 1.234 0.15 1.44754 0 7.87666 2.34603 0 3.37268 0 0 -12.1055 
2.854 1.987 0.1765 0.274433 0 1.02532 -0.203715 0 8.80559 0 0 -19.4925 1.234 0.15 1.44988 0 7.88003 2.34603 0 3.36287 0 0 -12.1055 
2.855 1.987 0.1765 0.274229 0 1.03412 -0.203715 0 8.79578 0 0 -19.4925 1.234 0.15 1.45223 0 7.88338 2.34603 0 3.35306 0 0 -12.1055 
2.856 1.987 0.1765 0.274026 0 1.0429 -0.203715 0 8.78597 0 0 -19.4925 1.234 0.15 1.45458 0 7.88672 2.34603 0 3.34325 0 0 -12.1055 
2.857 1.987 0.1765 0.273822 0 1.05168 -0.203715 0 8.77616 0 0 -19.4925 1.234 0.15 1.45692 0 7.89006 2.34603 0 3.33344 0 0 -12.1055 
2.858 1.987 0.1765 0.273618 0 1.06044 -0.203715 0 8.76635 0 0 -19.4925 1.234 0.15 1.45927 0 7.89338 2.34603 0 3.32363 0 0 -12.1055 
2.859 1.987 0.1765 0.273414 0 1.0692 -0.203715 0 8.75654 0 0 -19.4925 1.234 0.15 1.46161 0 7.89669 2.34603 0 3.31382 0 0 -12.1055 
2.86 1.987 0.1765 0.273211 0 1.07795 -0.203715 0 8.74673 0 0 -19.4925 1.234 0.15 1.46396 0 7.9 2.34603 0 3.30401 0 0 -12.1055 
2.861 1.987 0.1765 0.273007 0 1.08669 -0.203715 0 8.73692 0 0 -19.4925 1.234 0.15 1.46631 0 7.90329 2.34603 0 3.2942 0 0 -12.1055 
2.862 1.987 0.1765 0.272803 0 1.09541 -0.203715 0 8.72711 0 0 -19.4925 1.234 0.15 1.46865 0 7.90658 2.34603 0 3.28439 0 0 -12.1055 
2.863 1.987 0.1765 0.2726 0 1.10413 -0.203715 0 8.7173 0 0 -19.4925 1.234 0.15 1.471 0 7.90985 2.34603 0 3.27458 0 0 -12.1055 
2.864 1.987 0.1765 0.272396 0 1.11284 -0.203715 0 8.70749 0 0 -19.4925 1.234 0.15 1.47334 0 7.91312 2.34603 0 3.26477 0 0 -12.1055 
2.865 1.987 0.1765 0.272192 0 1.12153 -0.203715 0 8.69768 0 0 -19.4925 1.234 0.15 1.47569 0 7.91637 2.34603 0 3.25496 0 0 -12.1055 
2.866 1.987 0.1765 0.271988 0 1.13022 -0.203715 0 8.68787 0 0 -19.4925 1.234 0.15 1.47804 0 7.91962 2.34603 0 3.24515 0 0 -12.1055 
2.867 1.987 0.1765 0.271785 0 1.1389 -0.203715 0 8.67806 0 0 -19.4925 1.234 0.15 1.48038 0 7.92285 2.34603 0 3.23534 0 0 -12.1055 
2.868 1.987 0.1765 0.271581 0 1.14757 -0.203715 0 8.66825 0 0 -19.4925 1.234 0.15 1.48273 0 7.92608 2.34603 0 3.22553 0 0 -12.1055 
2.869 1.987 0.1765 0.271377 0 1.15623 -0.203715 0 8.65844 0 0 -19.4925 1.234 0.15 1.48507 0 7.92929 2.34603 0 3.21572 0 0 -12.1055 
2.87 1.987 0.1765 0.271174 0 1.16488 -0.203715 0 8.64863 0 0 -19.4925 1.234 0.15 1.48742 0 7.9325 2.34603 0 3.20591 0 0 -12.1055 
2.871 1.987 0.1765 0.27097 0 1.17351 -0.203715 0 8.63882 0 0 -19.4925 1.234 0.15 1.48977 0 7.93569 2.34603 0 3.1961 0 0 -12.1055 
2.872 1.987 0.1765 0.270766 0 1.18214 -0.203715 0 8.62901 0 0 -19.4925 1.234 0.15 1.49211 0 7.93888 2.34603 0 3.18629 0 0 -12.1055 
2.873 1.987 0.1765 0.270562 0 1.19076 -0.203715 0 8.6192 0 0 -19.4925 1.234 0.15 1.49446 0 7.94206 2.34603 0 3.17648 0 0 -12.1055 
2.874 1.987 0.1765 0.270359 0 1.19937 -0.203715 0 8.60939 0 0 -19.4925 1.234 0.15 1.4968 0 7.94522 2.34603 0 3.16667 0 0 -12.1055 
2.875 1.987 0.1765 0.270155 0 1.20797 -0.203715 0 8.59958 0 0 -19.4925 1.234 0.15 1.49915 0 7.94838 2.34603 0 3.15686 0 0 -12.1055 
2.876 1.987 0.1765 0.269951 0 1.21656 -0.203715 0 8.58977 0 0 -19.4925 1.234 0.15 1.5015 0 7.95153 2.34603 0 3.14705 0 0 -12.1055 
2.877 1.987 0.1765 0.269748 0 1.22514 -0.203715 0 8.57996 0 0 -19.4925 1.234 0.15 1.50384 0 7.95467 2.34603 0 3.13724 0 0 -12.1055 
2.878 1.987 0.1765 0.269544 0 1.23371 -0.203715 0 8.57015 0 0 -19.4925 1.234 0.15 1.50619 0 7.95779 2.34603 0 3.12743 0 0 -12.1055 
2.879 1.987 0.1765 0.26934 0 1.24227 -0.203715 0 8.56034 0 0 -19.4925 1.234 0.15 1.50854 0 7.96091 2.34603 0 3.11762 0 0 -12.1055 
2.88 1.987 0.1765 0.269136 0 1.25082 -0.203715 0 8.55053 0 0 -19.4925 1.234 0.15 1.51088 0 7.96402 2.34603 0 3.10781 0 0 -12.1055 
2.881 1.987 0.1765 0.268933 0 1.25936 -0.203715 0 8.54072 0 0 -19.4925 1.234 0.15 1.51323 0 7.96712 2.34603 0 3.098 0 0 -12.1055 
2.882 1.987 0.1765 0.268729 0 1.26789 -0.203715 0 8.53091 0 0 -19.4925 1.234 0.15 1.51557 0 7.9702 2.34603 0 3.08819 0 0 -12.1055 
2.883 1.987 0.1765 0.268525 0 1.27642 -0.203715 0 8.5211 0 0 -19.4925 1.234 0.15 1.51792 0 7.97328 2.34603 0 3.07838 0 0 -12.1055 
2.884 1.987 0.1765 0.268322 0 1.28493 -0.203715 0 8.51129 0 0 -19.4925 1.234 0.15 1.52027 0 7.97635 2.34603 0 3.06857 0 0 -12.1055 
2.885 1.987 0.1765 0.268118 0 1.29343 -0.203715 0 8.50148 0 0 -19.4925 1.234 0.15 1.52261 0 7.97941 2.34603 0 3.05876 0 0 -12.1055 
2.886 1.987 0.1765 0.267914 0 1.30192 -0.203715 0 8.49167 0 0 -19.4925 1.234 0.15 1.52496 0 7.98246 2.34603 0 3.04895 0 0 -12.1055 
2.887 1.987 0.1765 0.26771 0 1.3104 -0.203715 0 8.48186 0 0 -19.4925 1.234 0.15 1.5273 0 7.9855 2.34603 0 3.03914 0 0 -12.1055 
2.888 1.987 0.1765 0.267507 0 1.31887 -0.203715 0 8.47205 0 0 -19.4925 1.234 0.15 1.52965 0 7.98853 2.34603 0 3.02933 0 0 -12.1055 
2.889 1.987 0.1765 0.267303 0 1.32734 -0.203715 0 8.46224 0 0 -19.4925 1.234 0.15 1.532 0 7.99155 2.34603 0 3.01952 0 0 -12.1055 
2.89 1.987 0.1765 0.267099 0 1.33579 -0.203715 0 8.45243 0 0 -19.4925 1.234 0.15 1.53434 0 7.99456 2.34603 0 3.00971 0 0 -12.1055 
2.891 1.987 0.1765 0.266896 0 1.34423 -0.203715 0 8.44262 0 0 -19.4925 1.234 0.15 1.53669 0 7.99756 2.34603 0 2.9999 0 0 -12.1055 
2.892 1.987 0.1765 0.266692 0 1.35266 -0.203715 0 8.43281 0 0 -19.4925 1.234 0.15 1.53903 0 8.00055 2.34603 0 2.99009 0 0 -12.1055 
2.893 1.987 0.1765 0.266488 0 1.36109 -0.203715 0 8.423 0 0 -19.4925 1.234 0.15 1.54138 0 8.00353 2.34603 0 2.98028 0 0 -12.1055 
2.894 1.987 0.1765 0.266284 0 1.3695 -0.203715 0 8.41319 0 0 -19.4925 1.234 0.15 1.54373 0 8.0065 2.34603 0 2.97047 0 0 -12.1055 
2.895 1.987 0.1765 0.266081 0 1.3779 -0.203715 0 8.40338 0 0 -19.4925 1.234 0.15 1.54607 0 8.00946 2.34603 0 2.96066 0 0 -12.1055 
2.896 1.987 0.1765 0.265877 0 1.3863 -0.203715 0 8.39357 0 0 -19.4925 1.234 0.15 1.54842 0 8.01241 2.34603 0 2.95085 0 0 -12.1055 
2.897 1.987 0.1765 0.265673 0 1.39468 -0.203715 0 8.38376 0 0 -19.4925 1.234 0.15 1.55076 0 8.01535 2.34603 0 2.94104 0 0 -12.1055 
2.898 1.987 0.1765 0.26547 0 1.40305 -0.203715 0 8.37395 0 0 -19.4925 1.234 0.15 1.55311 0 8.01828 2.34603 0 2.93123 0 0 -12.1055 
2.899 1.987 0.1765 0.265266 0 1.41142 -0.203715 0 8.36414 0 0 -19.4925 1.234 0.15 1.55546 0 8.0212 2.34603 0 2.92142 0 0 -12.1055 
2.9 1.987 0.1765 0.265062 0 1.41977 -0.203715 0 8.35433 0 0 -19.4925 1.234 0.15 1.5578 0 8.02411 2.34603 0 2.91161 0 0 -12.1055 
2.901 1.987 0.1765 0.264858 0 1.42812 -0.203715 0 8.34452 0 0 -19.4925 1.234 0.15 1.56015 0 8.02702 2.34603 0 2.9018 0 0 -12.1055 
2.902 1.987 0.1765 0.264655 0 1.43645 -0.203715 0 8.33471 0 0 -19.4925 1.234 0.15 1.56249 0 8.02991 2.34603 0 2.89199 0 0 -12.1055 
2.903 1.987 0.1765 0.264451 0 1.44478 -0.203715 0 8.3249 0 0 -19.4925 1.234 0.15 1.56484 0 8.03279 2.34603 0 2.88218 0 0 -12.1055 
2.904 1.987 0.1765 0.264247 0 1.45309 -0.203715 0 8.31509 0 0 -19.4925 1.234 0.15 1.56719 0 8.03566 2.34603 0 2.87237 0 0 -12.1055 
2.905 1.987 0.1765 0.264044 0 1.4614 -0.203715 0 8.30528 0 0 -19.4925 1.234 0.15 1.56953 0 8.03853 2.34603 0 2.86256 0 0 -12.1055 
2.906 1.987 0.1765 0.26384 0 1.46969 -0.203715 0 8.29547 0 0 -19.4925 1.234 0.15 1.57188 0 8.04138 2.34603 0 2.85275 0 0 -12.1055 
2.907 1.987 0.1765 0.263636 0 1.47798 -0.203715 0 8.28566 0 0 -19.4925 1.234 0.15 1.57422 0 8.04422 2.34603 0 2.84294 0 0 -12.1055 
2.908 1.987 0.1765 0.263432 0 1.48625 -0.203715 0 8.27585 0 0 -19.4925 1.234 0.15 1.57657 0 8.04705 2.34603 0 2.83313 0 0 -12.1055 
2.909 1.987 0.1765 0.263229 0 1.49452 -0.203715 0 8.26604 0 0 -19.4925 1.234 0.15 1.57892 0 8.04988 2.34603 0 2.82332 0 0 -12.1055 
2.91 1.987 0.1765 0.263025 0 1.50278 -0.203715 0 8.25623 0 0 -19.4925 1.234 0.15 1.58126 0 8.05269 2.34603 0 2.81351 0 0 -12.1055 
2.911 1.987 0.1765 0.262821 0 1.51102 -0.203715 0 8.24642 0 0 -19.4925 1.234 0.15 1.58361 0 8.05549 2.34603 0 2.8037 0 0 -12.1055 
2.912 1.987 0.1765 0.262618 0 1.51926 -0.203715 0 8.23661 0 0 -19.4925 1.234 0.15 1.58595 0 8.05829 2.34603 0 2.79389 0 0 -12.1055 
2.913 1.987 0.1765 0.262414 0 1.52749 -0.203715 0 8.2268 0 0 -19.4925 1.234 0.15 1.5883 0 8.06107 2.34603 0 2.78408 0 0 -12.1055 
2.914 1.987 0.1765 0.26221 0 1.5357 -0.203715 0 8.21699 0 0 -19.4925 1.234 0.15 1.59065 0 8.06385 2.34603 0 2.77427 0 0 -12.1055 
2.915 1.987 0.1765 0.262006 0 1.54391 -0.203715 0 8.20718 0 0 -19.4925 1.234 0.15 1.59299 0 8.06661 2.34603 0 2.76446 0 0 -12.1055 
2.916 1.987 0.1765 0.261803 0 1.55211 -0.203715 0 8.19737 0 0 -19.4925 1.234 0.15 1.59534 0 8.06937 2.34603 0 2.75465 0 0 -12.1055 
2.917 1.987 0.1765 0.261599 0 1.5603 -0.203715 0 8.18756 0 0 -19.4925 1.234 0.15 1.59768 0 8.07211 2.34603 0 2.74484 0 0 -12.1055 
2.918 1.987 0.1765 0.261395 0 1.56847 -0.203715 0 8.17775 0 0 -19.4925 1.234 0.15 1.60003 0 8.07485 2.34603 0 2.73503 0 0 -12.1055 
2.919 1.987 0.1765 0.261192 0 1.57664 -0.203715 0 8.16794 0 0 -19.4925 1.234 0.15 1.60238 0 8.07757 2.34603 0 2.72522 0 0 -12.1055 
2.92 1.987 0.1765 0.260988 0 1.5848 -0.203715 0 8.15813 0 0 -19.4925 1.234 0.15 1.60472 0 8.08029 2.34603 0 2.71541 0 0 -12.1055 
2.921 1.987 0.1765 0.260784 0 1.59295 -0.203715 0 8.14832 0 0 -19.4925 1.234 0.15 1.60707 0 8.08299 2.34603 0 2.7056 0 0 -12.1055 
2.922 1.987 0.1765 0.26058 0 1.60109 -0.203715 0 8.13851 0 0 -19.4925 1.234 0.15 1.60941 0 8.08569 2.34603 0 2.69579 0 0 -12.1055 
2.923 1.987 0.1765 0.260377 0 1.60922 -0.203715 0 8.1287 0 0 -19.4925 1.234 0.15 1.61176 0 8.08837 2.34603 0 2.68598 0 0 -12.1055 
2.924 1.987 0.1765 0.260173 0 1.61733 -0.203715 0 8.11889 0 0 -19.4925 1.234 0.15 1.61411 0 8.09105 2.34603 0 2.67617 0 0 -12.1055 
2.925 1.987 0.1765 0.259969 0 1.62544 -0.203715 0 8.10908 0 0 -19.4925 1.234 0.15 1.61645 0 8.09372 2.34603 0 2.66636 0 0 -12.1055 
2.926 1.987 0.1765 0.259765 0 1.63354 -0.203715 0 8.09927 0 0 -19.4925 1.234 0.15 1.6188 0 8.09637 2.34603 0 2.65655 0 0 -12.1055 
2.927 1.987 0.1765 0.259562 0 1.64163 -0.203715 0 8.08946 0 0 -19.4925 1.234 0.15 1.62114 0 8.09902 2.34603 0 2.64674 0 0 -12.1055 
2.928 1.987 0.1765 0.259358 0 1.64971 -0.203715 0 8.07965 0 0 -19.4925 1.234 0.15 1.62349 0 8.10166 2.34603 0 2.63693 0 0 -12.1055 
2.929 1.987 0.1765 0.259154 0 1.65778 -0.203715 0 8.06984 0 0 -19.4925 1.234 0.15 1.62584 0 8.10428 2.34603 0 2.62712 0 0 -12.1055 
2.93 1.987 0.1765 0.258951 0 1.66584 -0.203715 0 8.06003 0 0 -19.4925 1.234 0.15 1.62818 0 8.1069 2.34603 0 2.61731 0 0 -12.1055 
2.931 1.987 0.1765 0.258747 0 1.67389 -0.203715 0 8.05022 0 0 -19.4925 1.234 0.15 1.63053 0 8.10951 2.34603 0 2.6075 0 0 -12.1055 
2.932 1.987 0.1765 0.258543 0 1.68193 -0.203715 0 8.04041 0 0 -19.4925 1.234 0.15 1.63287 0 8.11211 2.34603 0 2.59769 0 0 -12.1055 
2.933 1.987 0.1765 0.258339 0 1.68996 -0.203715 0 8.0306 0 0 -19.4925 1.234 0.15 1.63522 0 8.11469 2.34603 0 2.58788 0 0 -12.1055 
2.934 1.987 0.1765 0.258136 0 1.69798 -0.203715 0 8.02079 0 0 -19.4925 1.234 0.15 1.63757 0 8.11727 2.34603 0 2.57807 0 0 -12.1055 
2.935 1.987 0.1765 0.257932 0 1.70599 -0.203715 0 8.01098 0 0 -19.4925 1.234 0.15 1.63991 0 8.11984 2.34603 0 2.56826 0 0 -12.1055 
2.936 1.987 0.1765 0.257728 0 1.714 -0.203715 0 8.00117 0 0 -19.4925 1.234 0.15 1.64226 0 8.1224 2.34603 0 2.55845 0 0 -12.1055 
2.937 1.987 0.1765 0.257525 0 1.72199 -0.203715 0 7.99136 0 0 -19.4925 1.234 0.15 1.6446 0 8.12495 2.34603 0 2.54864 0 0 -12.1055 
2.938 1.987 0.1765 0.257321 0 1.72997 -0.203715 0 7.98155 0 0 -19.4925 1.234 0.15 1.64695 0 8.12749 2.34603 0 2.53883 0 0 -12.1055 
2.939 1.987 0.1765 0.257117 0 1.73794 -0.203715 0 7.97174 0 0 -19.4925 1.234 0.15 1.6493 0 8.13002 2.34603 0 2.52902 0 0 -12.1055 
2.94 1.987 0.1765 0.256913 0 1.7459 -0.203715 0 7.96193 0 0 -19.4925 1.234 0.15 1.65164 0 8.13253 2.34603 0 2.51921 0 0 -12.1055 
2.941 1.987 0.1765 0.25671 0 1.75385 -0.203715 0 7.95212 0 0 -19.4925 1.234 0.15 1.65399 0 8.13504 2.34603 0 2.5094 0 0 -12.1055 
2.942 1.987 0.1765 0.256506 0 1.7618 -0.203715 0 7.94231 0 0 -19.4925 1.234 0.15 1.65634 0 8.13754 2.34603 0 2.49959 0 0 -12.1055 
2.943 1.987 0.1765 0.256302 0 1.76973 -0.203715 0 7.9325 0 0 -19.4925 1.234 0.15 1.65868 0 8.14003 2.34603 0 2.48978 0 0 -12.1055 
2.944 1.987 0.1765 0.256099 0 1.77765 -0.203715 0 7.92269 0 0 -19.4925 1.234 0.15 1.66103 0 8.14251 2.34603 0 2.47997 0 0 -12.1055 
2.945 1.987 0.1765 0.255895 0 1.78557 -0.203715 0 7.91288 0 0 -19.4925 1.234 0.15 1.66337 0 8.14498 2.34603 0 2.47016 0 0 -12.1055 
2.946 1.987 0.1765 0.255691 0 1.79347 -0.203715 0 7.90307 0 0 -19.4925 1.234 0.15 1.66572 0 8.14744 2.34603 0 2.46035 0 0 -12.1055 
2.947 1.987 0.1765 0.255487 0 1.80136 -0.203715 0 7.89326 0 0 -19.4925 1.234 0.15 1.66807 0 8.14989 2.34603 0 2.45054 0 0 -12.1055 
2.948 1.987 0.1765 0.255284 0 1.80924 -0.203715 0 7.88345 0 0 -19.4925 1.234 0.15 1.67041 0 8.15233 2.34603 0 2.44073 0 0 -12.1055 
2.949 1.987 0.1765 0.25508 0 1.81712 -0.203715 0 7.87364 0 0 -19.4925 1.234 0.15 1.67276 0 8.15477 2.34603 0 2.43092 0 0 -12.1055 
2.95 1.987 0.1765 0.254876 0 1.82498 -0.203715 0 7.86383 0 0 -19.4925 1.234 0.15 1.6751 0 8.15719 2.34603 0 2.42111 0 0 -12.1055 
2.951 1.987 0.1765 0.254673 0 1.83284 -0.203715 0 7.85402 0 0 -19.4925 1.234 0.15 1.67745 0 8.1596 2.34603 0 2.4113 0 0 -12.1055 
2.952 1.987 0.1765 0.254469 0 1.84068 -0.203715 0 7.84421 0 0 -19.4925 1.234 0.15 1.6798 0 8.162 2.34603 0 2.40149 0 0 -12.1055 
2.953 1.987 0.1765 0.254265 0 1.84852 -0.203715 0 7.8344 0 0 -19.4925 1.234 0.15 1.68214 0 8.16439 2.34603 0 2.39168 0 0 -12.1055 
2.954 1.987 0.1765 0.254061 0 1.85634 -0.203715 0 7.82459 0 0 -19.4925 1.234 0.15 1.68449 0 8.16677 2.34603 0 2.38187 0 0 -12.1055 
2.955 1.987 0.1765 0.253858 0 1.86415 -0.203715 0 7.81478 0 0 -19.4925 1.234 0.15 1.68683 0 8.16915 2.34603 0 2.37206 0 0 -12.1055 
2.956 1.987 0.1765 0.253654 0 1.87196 -0.203715 0 7.80497 0 0 -19.4925 1.234 0.15 1.68918 0 8.17151 2.34603 0 2.36225 0 0 -12.1055 
2.957 1.987 0.1765 0.25345 0 1.87975 -0.203715 0 7.79516 0 0 -19.4925 1.234 0.15 1.69153 0 8.17386 2.34603 0 2.35244 0 0 -12.1055 
2.958 1.987 0.1765 0.253247 0 1.88754 -0.203715 0 7.78535 0 0 -19.4925 1.234 0.15 1.69387 0 8.1762 2.34603 0 2.34263 0 0 -12.1055 
2.959 1.987 0.1765 0.253043 0 1.89532 -0.203715 0 7.77554 0 0 -19.4925 1.234 0.15 1.69622 0 8.17854 2.34603 0 2.33282 0 0 -12.1055 
2.96 1.987 0.1765 0.252839 0 1.90308 -0.203715 0 7.76573 0 0 -19.4925 1.234 0.15 1.69856 0 8.18086 2.34603 0 2.32301 0 0 -12.1055 
2.961 1.987 0.1765 0.252635 0 1.91084 -0.203715 0 7.75592 0 0 -19.4925 1.234 0.15 1.70091 0 8.18317 2.34603 0 2.3132 0 0 -12.1055 
2.962 1.987 0.1765 0.252432 0 1.91858 -0.203715 0 7.74611 0 0 -19.4925 1.234 0.15 1.70326 0 8.18548 2.34603 0 2.30339 0 0 -12.1055 
2.963 1.987 0.1765 0.252228 0 1.92632 -0.203715 0 7.7363 0 0 -19.4925 1.234 0.15 1.7056 0 8.18777 2.34603 0 2.29358 0 0 -12.1055 
2.964 1.987 0.1765 0.252024 0 1.93405 -0.203715 0 7.72649 0 0 -19.4925 1.234 0.15 1.70795 0 8.19005 2.34603 0 2.28377 0 0 -12.1055 
2.965 1.987 0.1765 0.251821 0 1.94176 -0.203715 0 7.71668 0 0 -19.4925 1.234 0.15 1.71029 0 8.19233 2.34603 0 2.27396 0 0 -12.1055 
2.966 1.987 0.1765 0.251617 0 1.94947 -0.203715 0 7.70687 0 0 -19.4925 1.234 0.15 1.71264 0 8.19459 2.34603 0 2.26415 0 0 -12.1055 
2.967 1.987 0.1765 0.251413 0 1.95717 -0.203715 0 7.69706 0 0 -19.4925 1.234 0.15 1.71499 0 8.19684 2.34603 0 2.25434 0 0 -12.1055 
2.968 1.987 0.1765 0.251209 0 1.96485 -0.203715 0 7.68725 0 0 -19.4925 1.234 0.15 1.71733 0 8.19909 2.34603 0 2.24453 0 0 -12.1055 
2.969 1.987 0.1765 0.251006 0 1.97253 -0.203715 0 7.67744 0 0 -19.4925 1.234 0.15 1.71968 0 8.20132 2.34603 0 2.23472 0 0 -12.1055 
2.97 1.987 0.1765 0.250802 0 1.9802 -0.203715 0 7.66763 0 0 -19.4925 1.234 0.15 1.72202 0 8.20355 2.34603 0 2.22491 0 0 -12.1055 
2.971 1.987 0.1765 0.250598 0 1.98786 -0.203715 0 7.65782 0 0 -19.4925 1.234 0.15 1.72437 0 8.20576 2.34603 0 2.2151 0 0 -12.1055 
2.972 1.987 0.1765 0.250395 0 1.9955 -0.203715 0 7.64801 0 0 -19.4925 1.234 0.15 1.72672 0 8.20797 2.34603 0 2.20529 0 0 -12.1055 
2.973 1.987 0.1765 0.250191 0 2.00314 -0.203715 0 7.6382 0 0 -19.4925 1.234 0.15 1.72906 0 8.21016 2.34603 0 2.19548 0 0 -12.1055 
2.974 1.987 0.1765 0.249987 0 2.01077 -0.203715 0 7.62839 0 0 -19.4925 1.234 0.15 1.73141 0 8.21235 2.34603 0 2.18567 0 0 -12.1055 
2.975 1.987 0.1765 0.249783 0 2.01839 -0.203715 0 7.61858 0 0 -19.4925 1.234 0.15 1.73375 0 8.21453 2.34603 0 2.17586 0 0 -12.1055 
2.976 1.987 0.1765 0.24958 0 2.026 -0.203715 0 7.60877 0 0 -19.4925 1.234 0.15 1.7361 0 8.21669 2.34603 0 2.16605 0 0 -12.1055 
2.977 1.987 0.1765 0.249376 0 2.0336 -0.203715 0 7.59896 0 0 -19.4925 1.234 0.15 1.73845 0 8.21885 2.34603 0 2.15624 0 0 -12.1055 
2.978 1.987 0.1765 0.249172 0 2.04119 -0.203715 0 7.58915 0 0 -19.4925 1.234 0.15 1.74079 0 8.221 2.34603 0 2.14643 0 0 -12.1055 
2.979 1.987 0.1765 0.248969 0 2.04877 -0.203715 0 7.57934 0 0 -19.4925 1.234 0.15 1.74314 0 8.22313 2.34603 0 2.13662 0 0 -12.1055 
2.98 1.987 0.1765 0.248765 0 2.05634 -0.203715 0 7.56953 0 0 -19.4925 1.234 0.15 1.74548 0 8.22526 2.34603 0 2.12681 0 0 -12.1055 
2.981 1.987 0.1765 0.248561 0 2.0639 -0.203715 0 7.55972 0 0 -19.4925 1.234 0.15 1.74783 0 8.22738 2.34603 0 2.117 0 0 -12.1055 
2.982 1.987 0.1765 0.248357 0 2.07145 -0.203715 0 7.54991 0 0 -19.4925 1.234 0.15 1.75018 0 8.22948 2.34603 0 2.10719 0 0 -12.1055 
2.983 1.987 0.1765 0.248154 0 2.07899 -0.203715 0 7.5401 0 0 -19.4925 1.234 0.15 1.75252 0 8.23158 2.34603 0 2.09738 0 0 -12.1055 
2.984 1.987 0.1765 0.24795 0 2.08652 -0.203715 0 7.53029 0 0 -19.4925 1.234 0.15 1.75487 0 8.23367 2.34603 0 2.08757 0 0 -12.1055 
2.985 1.987 0.1765 0.247746 0 2.09404 -0.203715 0 7.52048 0 0 -19.4925 1.234 0.15 1.75721 0 8.23575 2.34603 0 2.07776 0 0 -12.1055 
2.986 1.987 0.1765 0.247543 0 2.10155 -0.203715 0 7.51067 0 0 -19.4925 1.234 0.15 1.75956 0 8.23781 2.34603 0 2.06795 0 0 -12.1055 
2.987 1.987 0.1765 0.247339 0 2.10905 -0.203715 0 7.50086 0 0 -19.4925 1.234 0.15 1.76191 0 8.23987 2.34603 0 2.05814 0 0 -12.1055 
2.988 1.987 0.1765 0.247135 0 2.11654 -0.203715 0 7.49105 0 0 -19.4925 1.234 0.15 1.76425 0 8.24192 2.34603 0 2.04833 0 0 -12.1055 
2.989 1.987 0.1765 0.246931 0 2.12402 -0.203715 0 7.48124 0 0 -19.4925 1.234 0.15 1.7666 0 8.24396 2.34603 0 2.03852 0 0 -12.1055 
2.99 1.987 0.1765 0.246728 0 2.13149 -0.203715 0 7.47143 0 0 -19.4925 1.234 0.15 1.76894 0 8.24599 2.34603 0 2.02871 0 0 -12.1055 
2.991 1.987 0.1765 0.246524 0 2.13895 -0.203715 0 7.46162 0 0 -19.4925 1.234 0.15 1.77129 0 8.24801 2.34603 0 2.0189 0 0 -12.1055 
2.992 1.987 0.1765 0.24632 0 2.14641 -0.203715 0 7.45181 0 0 -19.4925 1.234 0.15 1.77364 0 8.25002 2.34603 0 2.00909 0 0 -12.1055 
2.993 1.987 0.1765 0.246117 0 2.15385 -0.203715 0 7.442 0 0 -19.4925 1.234 0.15 1.77598 0 8.25201 2.34603 0 1.99928 0 0 -12.1055 
2.994 1.987 0.1765 0.245913 0 2.16128 -0.203715 0 7.43219 0 0 -19.4925 1.234 0.15 1.77833 0 8.254 2.34603 0 1.98947 0 0 -12.1055 
2.995 1.987 0.1765 0.245709 0 2.1687 -0.203715 0 7.42238 0 0 -19.4925 1.234 0.15 1.78067 0 8.25598 2.34603 0 1.97966 0 0 -12.1055 
2.996 1.987 0.1765 0.245505 0 2.17611 -0.203715 0 7.41257 0 0 -19.4925 1.234 0.15 1.78302 0 8.25795 2.34603 0 1.96985 0 0 -12.1055 
2.997 1.987 0.1765 0.245302 0 2.18352 -0.203715 0 7.40276 0 0 -19.4925 1.234 0.15 1.78537 0 8.25991 2.34603 0 1.96004 0 0 -12.1055 
2.998 1.987 0.1765 0.245098 0 2.19091 -0.203715 0 7.39295 0 0 -19.4925 1.234 0.15 1.78771 0 8.26186 2.34603 0 1.95023 0 0 -12.1055 
2.999 1.987 0.1765 0.244894 0 2.19829 -0.203715 0 7.38314 0 0 -19.4925 1.234 0.15 1.79006 0 8.2638 2.34603 0 1.94042 0 0 -12.1055 
3 1.987 0.1765 0.244691 0 2.20567 -0.203715 0 7.37333 0 0 -19.4925 1.234 0.15 1.7924 0 8.26573 2.34603 0 1.93061 0 0 -12.1055 
3.001 1.987 0.1765 0.244487 0 2.21303 -0.203715 0 7.36352 0 0 -19.4925 1.234 0.15 1.79475 0 8.26766 2.34603 0 1.9208 0 0 -12.1055 
3.002 1.987 0.1765 0.244283 0 2.22038 -0.203715 0 7.35371 0 0 -19.4925 1.234 0.15 1.7971 0 8.26957 2.34603 0 1.91099 0 0 -12.1055 
3.003 1.987 0.1765 0.244079 0 2.22773 -0.203715 0 7.3439 0 0 -19.4925 1.234 0.15 1.79944 0 8.27147 2.34603 0 1.90118 0 0 -12.1055 
3.004 1.987 0.1765 0.243876 0 2.23506 -0.203715 0 7.33409 0 0 -19.4925 1.234 0.15 1.80179 0 8.27336 2.34603 0 1.89137 0 0 -12.1055 
3.005 1.987 0.1765 0.243672 0 2.24239 -0.203715 0 7.32428 0 0 -19.4925 1.234 0.15 1.80413 0 8.27524 2.34603 0 1.88156 0 0 -12.1055 
3.006 1.987 0.1765 0.243468 0 2.2497 -0.203715 0 7.31447 0 0 -19.4925 1.234 0.15 1.80648 0 8.27711 2.34603 0 1.87175 0 0 -12.1055 
3.007 1.987 0.1765 0.243265 0 2.25701 -0.203715 0 7.30466 0 0 -19.4925 1.234 0.15 1.80883 0 8.27897 2.34603 0 1.86194 0 0 -12.1055 
3.008 1.987 0.1765 0.243061 0 2.2643 -0.203715 0 7.29485 0 0 -19.4925 1.234 0.15 1.81117 0 8.28083 2.34603 0 1.85213 0 0 -12.1055 
3.009 1.987 0.1765 0.242857 0 2.27158 -0.203715 0 7.28504 0 0 -19.4925 1.234 0.15 1.81352 0 8.28267 2.34603 0 1.84232 0 0 -12.1055 
3.01 1.987 0.1765 0.242653 0 2.27886 -0.203715 0 7.27523 0 0 -19.4925 1.234 0.15 1.81587 0 8.2845 2.34603 0 1.83251 0 0 -12.1055 
3.011 1.987 0.1765 0.24245 0 2.28613 -0.203715 0 7.26542 0 0 -19.4925 1.234 0.15 1.81821 0 8.28632 2.34603 0 1.8227 0 0 -12.1055 
3.012 1.987 0.1765 0.242246 0 2.29338 -0.203715 0 7.25561 0 0 -19.4925 1.234 0.15 1.82056 0 8.28814 2.34603 0 1.81289 0 0 -12.1055 
3.013 1.987 0.1765 0.242042 0 2.30063 -0.203715 0 7.2458 0 0 -19.4925 1.234 0.15 1.8229 0 8.28994 2.34603 0 1.80308 0 0 -12.1055 
3.014 1.987 0.1765 0.241839 0 2.30786 -0.203715 0 7.23599 0 0 -19.4925 1.234 0.15 1.82525 0 8.29173 2.34603 0 1.79327 0 0 -12.1055 
3.015 1.987 0.1765 0.241635 0 2.31509 -0.203715 0 7.22618 0 0 -19.4925 1.234 0.15 1.8276 0 8.29352 2.34603 0 1.78346 0 0 -12.1055 
3.016 1.987 0.1765 0.241431 0 2.32231 -0.203715 0 7.21637 0 0 -19.4925 1.234 0.15 1.82994 0 8.29529 2.34603 0 1.77365 0 0 -12.1055 
3.017 1.987 0.1765 0.241227 0 2.32951 -0.203715 0 7.20656 0 0 -19.4925 1.234 0.15 1.83229 0 8.29705 2.34603 0 1.76384 0 0 -12.1055 
3.018 1.987 0.1765 0.241024 0 2.33671 -0.203715 0 7.19675 0 0 -19.4925 1.234 0.15 1.83463 0 8.29881 2.34603 0 1.75403 0 0 -12.1055 
3.019 1.987 0.1765 0.24082 0 2.3439 -0.203715 0 7.18694 0 0 -19.4925 1.234 0.15 1.83698 0 8.30055 2.34603 0 1.74422 0 0 -12.1055 
3.02 1.987 0.1765 0.240616 0 2.35107 -0.203715 0 7.17713 0 0 -19.4925 1.234 0.15 1.83933 0 8.30229 2.34603 0 1.73441 0 0 -12.1055 
3.021 1.987 0.1765 0.240413 0 2.35824 -0.203715 0 7.16732 0 0 -19.4925 1.234 0.15 1.84167 0 8.30401 2.34603 0 1.7246 0 0 -12.1055 
3.022 1.987 0.1765 0.240209 0 2.3654 -0.203715 0 7.15751 0 0 -19.4925 1.234 0.15 1.84402 0 8.30573 2.34603 0 1.71479 0 0 -12.1055 
3.023 1.987 0.1765 0.240005 0 2.37255 -0.203715 0 7.1477 0 0 -19.4925 1.234 0.15 1.84636 0 8.30743 2.34603 0 1.70498 0 0 -12.1055 
3.024 1.987 0.1765 0.239801 0 2.37968 -0.203715 0 7.13789 0 0 -19.4925 1.234 0.15 1.84871 0 8.30913 2.34603 0 1.69517 0 0 -12.1055 
3.025 1.987 0.1765 0.239598 0 2.38681 -0.203715 0 7.12808 0 0 -19.4925 1.234 0.15 1.85106 0 8.31081 2.34603 0 1.68536 0 0 -12.1055 
3.026 1.987 0.1765 0.239394 0 2.39393 -0.203715 0 7.11827 0 0 -19.4925 1.234 0.15 1.8534 0 8.31249 2.34603 0 1.67555 0 0 -12.1055 
3.027 1.987 0.1765 0.23919 0 2.40104 -0.203715 0 7.10846 0 0 -19.4925 1.234 0.15 1.85575 0 8.31415 2.34603 0 1.66574 0 0 -12.1055 
3.028 1.987 0.1765 0.238987 0 2.40814 -0.203715 0 7.09865 0 0 -19.4925 1.234 0.15 1.85809 0 8.31581 2.34603 0 1.65593 0 0 -12.1055 
3.029 1.987 0.1765 0.238783 0 2.41523 -0.203715 0 7.08884 0 0 -19.4925 1.234 0.15 1.86044 0 8.31746 2.34603 0 1.64612 0 0 -12.1055 
3.03 1.987 0.1765 0.238579 0 2.4223 -0.203715 0 7.07903 0 0 -19.4925 1.234 0.15 1.86279 0 8.31909 2.34603 0 1.63631 0 0 -12.1055 
3.031 1.987 0.1765 0.238375 0 2.42937 -0.203715 0 7.06922 0 0 -19.4925 1.234 0.15 1.86513 0 8.32072 2.34603 0 1.6265 0 0 -12.1055 
3.032 1.987 0.1765 0.238172 0 2.43643 -0.203715 0 7.05941 0 0 -19.4925 1.234 0.15 1.86748 0 8.32233 2.34603 0 1.61669 0 0 -12.1055 
3.033 1.987 0.1765 0.237968 0 2.44348 -0.203715 0 7.0496 0 0 -19.4925 1.234 0.15 1.86982 0 8.32394 2.34603 0 1.60688 0 0 -12.1055 
3.034 1.987 0.1765 0.237764 0 2.45052 -0.203715 0 7.03979 0 0 -19.4925 1.234 0.15 1.87217 0 8.32554 2.34603 0 1.59707 0 0 -12.1055 
3.035 1.987 0.1765 0.237561 0 2.45755 -0.203715 0 7.02998 0 0 -19.4925 1.234 0.15 1.87452 0 8.32713 2.34603 0 1.58726 0 0 -12.1055 
3.036 1.987 0.1765 0.237357 0 2.46457 -0.203715 0 7.02017 0 0 -19.4925 1.234 0.15 1.87686 0 8.3287 2.34603 0 1.57745 0 0 -12.1055 
3.037 1.987 0.1765 0.237153 0 2.47158 -0.203715 0 7.01036 0 0 -19.4925 1.234 0.15 1.87921 0 8.33027 2.34603 0 1.56764 0 0 -12.1055 
3.038 1.987 0.1765 0.236949 0 2.47858 -0.203715 0 7.00055 0 0 -19.4925 1.234 0.15 1.88155 0 8.33183 2.34603 0 1.55783 0 0 -12.1055 
3.039 1.987 0.1765 0.236746 0 2.48557 -0.203715 0 6.99074 0 0 -19.4925 1.234 0.15 1.8839 0 8.33338 2.34603 0 1.54802 0 0 -12.1055 
3.04 1.987 0.1765 0.236542 0 2.49256 -0.203715 0 6.98093 0 0 -19.4925 1.234 0.15 1.88625 0 8.33492 2.34603 0 1.53821 0 0 -12.1055 
3.041 1.987 0.1765 0.236338 0 2.49953 -0.203715 0 6.97112 0 0 -19.4925 1.234 0.15 1.88859 0 8.33644 2.34603 0 1.5284 0 0 -12.1055 
3.042 1.987 0.1765 0.236135 0 2.50649 -0.203715 0 6.96131 0 0 -19.4925 1.234 0.15 1.89094 0 8.33796 2.34603 0 1.51859 0 0 -12.1055 
3.043 1.987 0.1765 0.235931 0 2.51344 -0.203715 0 6.9515 0 0 -19.4925 1.234 0.15 1.89328 0 8.33947 2.34603 0 1.50878 0 0 -12.1055 
3.044 1.987 0.1765 0.235727 0 2.52038 -0.203715 0 6.94169 0 0 -19.4925 1.234 0.15 1.89563 0 8.34097 2.34603 0 1.49897 0 0 -12.1055 
3.045 1.987 0.1765 0.235523 0 2.52731 -0.203715 0 6.93188 0 0 -19.4925 1.234 0.15 1.89798 0 8.34246 2.34603 0 1.48916 0 0 -12.1055 
3.046 1.987 0.1765 0.23532 0 2.53424 -0.203715 0 6.92207 0 0 -19.4925 1.234 0.15 1.90032 0 8.34394 2.34603 0 1.47935 0 0 -12.1055 
3.047 1.987 0.1765 0.235116 0 2.54115 -0.203715 0 6.91226 0 0 -19.4925 1.234 0.15 1.90267 0 8.34541 2.34603 0 1.46954 0 0 -12.1055 
3.048 1.987 0.1765 0.234912 0 2.54805 -0.203715 0 6.90245 0 0 -19.4925 1.234 0.15 1.90501 0 8.34687 2.34603 0 1.45973 0 0 -12.1055 
3.049 1.987 0.1765 0.234708 0 2.55494 -0.203715 0 6.89264 0 0 -19.4925 1.234 0.15 1.90736 0 8.34832 2.34603 0 1.44992 0 0 -12.1055 
3.05 1.987 0.1765 0.234505 0 2.56183 -0.203715 0 6.88283 0 0 -19.4925 1.234 0.15 1.90971 0 8.34976 2.34603 0 1.44011 0 0 -12.1055 
3.051 1.987 0.1765 0.234301 0 2.5687 -0.203715 0 6.87302 0 0 -19.4925 1.234 0.15 1.91205 0 8.35119 2.34603 0 1.4303 0 0 -12.1055 
3.052 1.987 0.1765 0.234097 0 2.57556 -0.203715 0 6.86321 0 0 -19.4925 1.234 0.15 1.9144 0 8.35261 2.34603 0 1.42049 0 0 -12.1055 
3.053 1.987 0.1765 0.233894 0 2.58241 -0.203715 0 6.8534 0 0 -19.4925 1.234 0.15 1.91674 0 8.35402 2.34603 0 1.41068 0 0 -12.1055 
3.054 1.987 0.1765 0.23369 0 2.58926 -0.203715 0 6.84359 0 0 -19.4925 1.234 0.15 1.91909 0 8.35542 2.34603 0 1.40087 0 0 -12.1055 
3.055 1.987 0.1765 0.233486 0 2.59609 -0.203715 0 6.83378 0 0 -19.4925 1.234 0.15 1.92144 0 8.35681 2.34603 0 1.39106 0 0 -12.1055 
3.056 1.987 0.1765 0.233282 0 2.60292 -0.203715 0 6.82397 0 0 -19.4925 1.234 0.15 1.92378 0 8.35819 2.34603 0 1.38125 0 0 -12.1055 
3.057 1.987 0.1765 0.233079 0 2.60973 -0.203715 0 6.81416 0 0 -19.4925 1.234 0.15 1.92613 0 8.35956 2.34603 0 1.37144 0 0 -12.1055 
3.058 1.987 0.1765 0.232875 0 2.61653 -0.203715 0 6.80435 0 0 -19.4925 1.234 0.15 1.92847 0 8.36093 2.34603 0 1.36163 0 0 -12.1055 
3.059 1.987 0.1765 0.232671 0 2.62333 -0.203715 0 6.79454 0 0 -19.4925 1.234 0.15 1.93082 0 8.36228 2.34603 0 1.35182 0 0 -12.1055 
3.06 1.987 0.1765 0.232468 0 2.63011 -0.203715 0 6.78473 0 0 -19.4925 1.234 0.15 1.93317 0 8.36362 2.34603 0 1.34201 0 0 -12.1055 
3.061 1.987 0.1765 0.232264 0 2.63689 -0.203715 0 6.77492 0 0 -19.4925 1.234 0.15 1.93551 0 8.36495 2.34603 0 1.3322 0 0 -12.1055 
3.062 1.987 0.1765 0.23206 0 2.64365 -0.203715 0 6.76511 0 0 -19.4925 1.234 0.15 1.93786 0 8.36627 2.34603 0 1.32239 0 0 -12.1055 
3.063 1.987 0.1765 0.231856 0 2.65041 -0.203715 0 6.7553 0 0 -19.4925 1.234 0.15 1.9402 0 8.36759 2.34603 0 1.31258 0 0 -12.1055 
3.064 1.987 0.1765 0.231653 0 2.65715 -0.203715 0 6.74549 0 0 -19.4925 1.234 0.15 1.94255 0 8.36889 2.34603 0 1.30277 0 0 -12.1055 
3.065 1.987 0.1765 0.231449 0 2.66389 -0.203715 0 6.73568 0 0 -19.4925 1.234 0.15 1.9449 0 8.37018 2.34603 0 1.29296 0 0 -12.1055 
3.066 1.987 0.1765 0.231245 0 2.67062 -0.203715 0 6.72587 0 0 -19.4925 1.234 0.15 1.94724 0 8.37147 2.34603 0 1.28315 0 0 -12.1055 
3.067 1.987 0.1765 0.231042 0 2.67733 -0.203715 0 6.71606 0 0 -19.4925 1.234 0.15 1.94959 0 8.37274 2.34603 0 1.27334 0 0 -12.1055 
3.068 1.987 0.1765 0.230838 0 2.68404 -0.203715 0 6.70625 0 0 -19.4925 1.234 0.15 1.95193 0 8.374 2.34603 0 1.26353 0 0 -12.1055 
3.069 1.987 0.1765 0.230634 0 2.69074 -0.203715 0 6.69644 0 0 -19.4925 1.234 0.15 1.95428 0 8.37526 2.34603 0 1.25372 0 0 -12.1055 
3.07 1.987 0.1765 0.23043 0 2.69742 -0.203715 0 6.68663 0 0 -19.4925 1.234 0.15 1.95663 0 8.3765 2.34603 0 1.24391 0 0 -12.1055 
3.071 1.987 0.1765 0.230227 0 2.7041 -0.203715 0 6.67682 0 0 -19.4925 1.234 0.15 1.95897 0 8.37773 2.34603 0 1.2341 0 0 -12.1055 
3.072 1.987 0.1765 0.230023 0 2.71077 -0.203715 0 6.66701 0 0 -19.4925 1.234 0.15 1.96132 0 8.37896 2.34603 0 1.22429 0 0 -12.1055 
3.073 1.987 0.1765 0.229819 0 2.71742 -0.203715 0 6.6572 0 0 -19.4925 1.234 0.15 1.96366 0 8.38017 2.34603 0 1.21448 0 0 -12.1055 
3.074 1.987 0.1765 0.229616 0 2.72407 -0.203715 0 6.64739 0 0 -19.4925 1.234 0.15 1.96601 0 8.38138 2.34603 0 1.20467 0 0 -12.1055 
3.075 1.987 0.1765 0.229412 0 2.73071 -0.203715 0 6.63758 0 0 -19.4925 1.234 0.15 1.96836 0 8.38257 2.34603 0 1.19486 0 0 -12.1055 
3.076 1.987 0.1765 0.229208 0 2.73734 -0.203715 0 6.62777 0 0 -19.4925 1.234 0.15 1.9707 0 8.38376 2.34603 0 1.18505 0 0 -12.1055 
3.077 1.987 0.1765 0.229004 0 2.74395 -0.203715 0 6.61796 0 0 -19.4925 1.234 0.15 1.97305 0 8.38493 2.34603 0 1.17524 0 0 -12.1055 
3.078 1.987 0.1765 0.228801 0 2.75056 -0.203715 0 6.60815 0 0 -19.4925 1.234 0.15 1.9754 0 8.3861 2.34603 0 1.16543 0 0 -12.1055 
3.079 1.987 0.1765 0.228597 0 2.75716 -0.203715 0 6.59834 0 0 -19.4925 1.234 0.15 1.97774 0 8.38725 2.34603 0 1.15562 0 0 -12.1055 
3.08 1.987 0.1765 0.228393 0 2.76375 -0.203715 0 6.58853 0 0 -19.4925 1.234 0.15 1.98009 0 8.3884 2.34603 0 1.14581 0 0 -12.1055 
3.081 1.987 0.1765 0.22819 0 2.77033 -0.203715 0 6.57872 0 0 -19.4925 1.234 0.15 1.98243 0 8.38954 2.34603 0 1.136 0 0 -12.1055 
3.082 1.987 0.1765 0.227986 0 2.7769 -0.203715 0 6.56891 0 0 -19.4925 1.234 0.15 1.98478 0 8.39066 2.34603 0 1.12619 0 0 -12.1055 
3.083 1.987 0.1765 0.227782 0 2.78346 -0.203715 0 6.5591 0 0 -19.4925 1.234 0.15 1.98713 0 8.39178 2.34603 0 1.11638 0 0 -12.1055 
3.084 1.987 0.1765 0.227578 0 2.79 -0.203715 0 6.54929 0 0 -19.4925 1.234 0.15 1.98947 0 8.39288 2.34603 0 1.10657 0 0 -12.1055 
3.085 1.987 0.1765 0.227375 0 2.79654 -0.203715 0 6.53948 0 0 -19.4925 1.234 0.15 1.99182 0 8.39398 2.34603 0 1.09676 0 0 -12.1055 
3.086 1.987 0.1765 0.227171 0 2.80307 -0.203715 0 6.52967 0 0 -19.4925 1.234 0.15 1.99416 0 8.39507 2.34603 0 1.08695 0 0 -12.1055 
3.087 1.987 0.1765 0.226967 0 2.80959 -0.203715 0 6.51986 0 0 -19.4925 1.234 0.15 1.99651 0 8.39615 2.34603 0 1.07714 0 0 -12.1055 
3.088 1.987 0.1765 0.226764 0 2.8161 -0.203715 0 6.51005 0 0 -19.4925 1.234 0.15 1.99886 0 8.39721 2.34603 0 1.06733 0 0 -12.1055 
3.089 1.987 0.1765 0.22656 0 2.8226 -0.203715 0 6.50024 0 0 -19.4925 1.234 0.15 2.0012 0 8.39827 2.34603 0 1.05752 0 0 -12.1055 
3.09 1.987 0.1765 0.226356 0 2.82909 -0.203715 0 6.49043 0 0 -19.4925 1.234 0.15 2.00355 0 8.39932 2.34603 0 1.04771 0 0 -12.1055 
3.091 1.987 0.1765 0.226152 0 2.83558 -0.203715 0 6.48062 0 0 -19.4925 1.234 0.15 2.00589 0 8.40036 2.34603 0 1.0379 0 0 -12.1055 
3.092 1.987 0.1765 0.225949 0 2.84205 -0.203715 0 6.47081 0 0 -19.4925 1.234 0.15 2.00824 0 8.40138 2.34603 0 1.02809 0 0 -12.1055 
3.093 1.987 0.1765 0.225745 0 2.84851 -0.203715 0 6.461 0 0 -19.4925 1.234 0.15 2.01059 0 8.4024 2.34603 0 1.01828 0 0 -12.1055 
3.094 1.987 0.1765 0.225541 0 2.85496 -0.203715 0 6.45119 0 0 -19.4925 1.234 0.15 2.01293 0 8.40341 2.34603 0 1.00847 0 0 -12.1055 
3.095 1.987 0.1765 0.225338 0 2.8614 -0.203715 0 6.44138 0 0 -19.4925 1.234 0.15 2.01528 0 8.40441 2.34603 0 0.998662 0 0 -12.1055 
3.096 1.987 0.1765 0.225134 0 2.86783 -0.203715 0 6.43157 0 0 -19.4925 1.234 0.15 2.01762 0 8.4054 2.34603 0 0.988852 0 0 -12.1055 
3.097 1.987 0.1765 0.22493 0 2.87425 -0.203715 0 6.42176 0 0 -19.4925 1.234 0.15 2.01997 0 8.40638 2.34603 0 0.979042 0 0 -12.1055 
3.098 1.987 0.1765 0.224726 0 2.88066 -0.203715 0 6.41195 0 0 -19.4925 1.234 0.15 2.02232 0 8.40735 2.34603 0 0.969232 0 0 -12.1055 
3.099 1.987 0.1765 0.224523 0 2.88707 -0.203715 0 6.40214 0 0 -19.4925 1.234 0.15 2.02466 0 8.40831 2.34603 0 0.959422 0 0 -12.1055 
3.1 1.987 0.1765 0.224319 0 2.89346 -0.203715 0 6.39233 0 0 -19.4925 1.234 0.15 2.02701 0 8.40926 2.34603 0 0.949612 0 0 -12.1055 
3.101 1.987 0.1765 0.224115 0 2.89984 -0.203715 0 6.38252 0 0 -19.4925 1.234 0.15 2.02935 0 8.4102 2.34603 0 0.939802 0 0 -12.1055 
3.102 1.987 0.1765 0.223912 0 2.90621 -0.203715 0 6.37271 0 0 -19.4925 1.234 0.15 2.0317 0 8.41113 2.34603 0 0.929992 0 0 -12.1055 
3.103 1.987 0.1765 0.223708 0 2.91258 -0.203715 0 6.3629 0 0 -19.4925 1.234 0.15 2.03405 0 8.41205 2.34603 0 0.920182 0 0 -12.1055 
3.104 1.987 0.1765 0.223504 0 2.91893 -0.203715 0 6.35309 0 0 -19.4925 1.234 0.15 2.03639 0 8.41296 2.34603 0 0.910372 0 0 -12.1055 
3.105 1.987 0.1765 0.2233 0 2.92527 -0.203715 0 6.34328 0 0 -19.4925 1.234 0.15 2.03874 0 8.41386 2.34603 0 0.900562 0 0 -12.1055 
3.106 1.987 0.1765 0.223097 0 2.93161 -0.203715 0 6.33347 0 0 -19.4925 1.234 0.15 2.04108 0 8.41475 2.34603 0 0.890752 0 0 -12.1055 
3.107 1.987 0.1765 0.222893 0 2.93793 -0.203715 0 6.32366 0 0 -19.4925 1.234 0.15 2.04343 0 8.41563 2.34603 0 0.880942 0 0 -12.1055 
3.108 1.987 0.1765 0.222689 0 2.94424 -0.203715 0 6.31385 0 0 -19.4925 1.234 0.15 2.04578 0 8.4165 2.34603 0 0.871132 0 0 -12.1055 
3.109 1.987 0.1765 0.222486 0 2.95055 -0.203715 0 6.30404 0 0 -19.4925 1.234 0.15 2.04812 0 8.41736 2.34603 0 0.861322 0 0 -12.1055 
3.11 1.987 0.1765 0.222282 0 2.95684 -0.203715 0 6.29423 0 0 -19.4925 1.234 0.15 2.05047 0 8.41821 2.34603 0 0.851512 0 0 -12.1055 
3.111 1.987 0.1765 0.222078 0 2.96313 -0.203715 0 6.28442 0 0 -19.4925 1.234 0.15 2.05281 0 8.41905 2.34603 0 0.841702 0 0 -12.1055 
3.112 1.987 0.1765 0.221874 0 2.9694 -0.203715 0 6.27461 0 0 -19.4925 1.234 0.15 2.05516 0 8.41989 2.34603 0 0.831892 0 0 -12.1055 
3.113 1.987 0.1765 0.221671 0 2.97567 -0.203715 0 6.2648 0 0 -19.4925 1.234 0.15 2.05751 0 8.42071 2.34603 0 0.822082 0 0 -12.1055 
3.114 1.987 0.1765 0.221467 0 2.98192 -0.203715 0 6.25499 0 0 -19.4925 1.234 0.15 2.05985 0 8.42152 2.34603 0 0.812272 0 0 -12.1055 
3.115 1.987 0.1765 0.221263 0 2.98817 -0.203715 0 6.24518 0 0 -19.4925 1.234 0.15 2.0622 0 8.42232 2.34603 0 0.802462 0 0 -12.1055 
3.116 1.987 0.1765 0.22106 0 2.9944 -0.203715 0 6.23537 0 0 -19.4925 1.234 0.15 2.06454 0 8.42312 2.34603 0 0.792652 0 0 -12.1055 
3.117 1.987 0.1765 0.220856 0 3.00063 -0.203715 0 6.22556 0 0 -19.4925 1.234 0.15 2.06689 0 8.4239 2.34603 0 0.782842 0 0 -12.1055 
3.118 1.987 0.1765 0.220652 0 3.00684 -0.203715 0 6.21575 0 0 -19.4925 1.234 0.15 2.06924 0 8.42467 2.34603 0 0.773032 0 0 -12.1055 
3.119 1.987 0.1765 0.220448 0 3.01305 -0.203715 0 6.20594 0 0 -19.4925 1.234 0.15 2.07158 0 8.42543 2.34603 0 0.763222 0 0 -12.1055 
3.12 1.987 0.1765 0.220245 0 3.01925 -0.203715 0 6.19613 0 0 -19.4925 1.234 0.15 2.07393 0 8.42619 2.34603 0 0.753412 0 0 -12.1055 
3.121 1.987 0.1765 0.220041 0 3.02543 -0.203715 0 6.18632 0 0 -19.4925 1.234 0.15 2.07627 0 8.42693 2.34603 0 0.743602 0 0 -12.1055 
3.122 1.987 0.1765 0.219837 0 3.03161 -0.203715 0 6.17651 0 0 -19.4925 1.234 0.15 2.07862 0 8.42767 2.34603 0 0.733792 0 0 -12.1055 
3.123 1.987 0.1765 0.219634 0 3.03778 -0.203715 0 6.1667 0 0 -19.4925 1.234 0.15 2.08097 0 8.42839 2.34603 0 0.723982 0 0 -12.1055 
3.124 1.987 0.1765 0.21943 0 3.04393 -0.203715 0 6.15689 0 0 -19.4925 1.234 0.15 2.08331 0 8.4291 2.34603 0 0.714172 0 0 -12.1055 
3.125 1.987 0.1765 0.219226 0 3.05008 -0.203715 0 6.14708 0 0 -19.4925 1.234 0.15 2.08566 0 8.42981 2.34603 0 0.704362 0 0 -12.1055 
3.126 1.987 0.1765 0.219022 0 3.05622 -0.203715 0 6.13727 0 0 -19.4925 1.234 0.15 2.088 0 8.4305 2.34603 0 0.694552 0 0 -12.1055 
3.127 1.987 0.1765 0.218819 0 3.06234 -0.203715 0 6.12746 0 0 -19.4925 1.234 0.15 2.09035 0 8.43119 2.34603 0 0.684742 0 0 -12.1055 
3.128 1.987 0.1765 0.218615 0 3.06846 -0.203715 0 6.11765 0 0 -19.4925 1.234 0.15 2.0927 0 8.43186 2.34603 0 0.674932 0 0 -12.1055 
3.129 1.987 0.1765 0.218411 0 3.07457 -0.203715 0 6.10784 0 0 -19.4925 1.234 0.15 2.09504 0 8.43253 2.34603 0 0.665122 0 0 -12.1055 
3.13 1.987 0.1765 0.218208 0 3.08067 -0.203715 0 6.09803 0 0 -19.4925 1.234 0.15 2.09739 0 8.43318 2.34603 0 0.655312 0 0 -12.1055 
3.131 1.987 0.1765 0.218004 0 3.08676 -0.203715 0 6.08822 0 0 -19.4925 1.234 0.15 2.09973 0 8.43383 2.34603 0 0.645502 0 0 -12.1055 
3.132 1.987 0.1765 0.2178 0 3.09283 -0.203715 0 6.07841 0 0 -19.4925 1.234 0.15 2.10208 0 8.43446 2.34603 0 0.635692 0 0 -12.1055 
3.133 1.987 0.1765 0.217596 0 3.0989 -0.203715 0 6.0686 0 0 -19.4925 1.234 0.15 2.10443 0 8.43509 2.34603 0 0.625882 0 0 -12.1055 
3.134 1.987 0.1765 0.217393 0 3.10496 -0.203715 0 6.05879 0 0 -19.4925 1.234 0.15 2.10677 0 8.43571 2.34603 0 0.616072 0 0 -12.1055 
3.135 1.987 0.1765 0.217189 0 3.11101 -0.203715 0 6.04898 0 0 -19.4925 1.234 0.15 2.10912 0 8.43631 2.34603 0 0.606262 0 0 -12.1055 
3.136 1.987 0.1765 0.216985 0 3.11705 -0.203715 0 6.03917 0 0 -19.4925 1.234 0.15 2.11146 0 8.43691 2.34603 0 0.596452 0 0 -12.1055 
3.137 1.987 0.1765 0.216782 0 3.12308 -0.203715 0 6.02936 0 0 -19.4925 1.234 0.15 2.11381 0 8.43749 2.34603 0 0.586642 0 0 -12.1055 
3.138 1.987 0.1765 0.216578 0 3.1291 -0.203715 0 6.01955 0 0 -19.4925 1.234 0.15 2.11616 0 8.43807 2.34603 0 0.576832 0 0 -12.1055 
3.139 1.987 0.1765 0.216374 0 3.13511 -0.203715 0 6.00974 0 0 -19.4925 1.234 0.15 2.1185 0 8.43864 2.34603 0 0.567022 0 0 -12.1055 
3.14 1.987 0.1765 0.21617 0 3.14111 -0.203715 0 5.99993 0 0 -19.4925 1.234 0.15 2.12085 0 8.4392 2.34603 0 0.557212 0 0 -12.1055 
3.141 1.987 0.1765 0.215967 0 3.1471 -0.203715 0 5.99012 0 0 -19.4925 1.234 0.15 2.12319 0 8.43974 2.34603 0 0.547402 0 0 -12.1055 
3.142 1.987 0.1765 0.215763 0 3.15308 -0.203715 0 5.98031 0 0 -19.4925 1.234 0.15 2.12554 0 8.44028 2.34603 0 0.537592 0 0 -12.1055 
3.143 1.987 0.1765 0.215559 0 3.15905 -0.203715 0 5.9705 0 0 -19.4925 1.234 0.15 2.12789 0 8.44081 2.34603 0 0.527782 0 0 -12.1055 
3.144 1.987 0.1765 0.215356 0 3.16501 -0.203715 0 5.96069 0 0 -19.4925 1.234 0.15 2.13023 0 8.44133 2.34603 0 0.517972 0 0 -12.1055 
3.145 1.987 0.1765 0.215152 0 3.17096 -0.203715 0 5.95088 0 0 -19.4925 1.234 0.15 2.13258 0 8.44183 2.34603 0 0.508162 0 0 -12.1055 
3.146 1.987 0.1765 0.214948 0 3.1769 -0.203715 0 5.94107 0 0 -19.4925 1.234 0.15 2.13493 0 8.44233 2.34603 0 0.498352 0 0 -12.1055 
3.147 1.987 0.1765 0.214744 0 3.18283 -0.203715 0 5.93126 0 0 -19.4925 1.234 0.15 2.13727 0 8.44282 2.34603 0 0.488542 0 0 -12.1055 
3.148 1.987 0.1765 0.214541 0 3.18875 -0.203715 0 5.92145 0 0 -19.4925 1.234 0.15 2.13962 0 8.4433 2.34603 0 0.478732 0 0 -12.1055 
3.149 1.987 0.1765 0.214337 0 3.19467 -0.203715 0 5.91164 0 0 -19.4925 1.234 0.15 2.14196 0 8.44377 2.34603 0 0.468922 0 0 -12.1055 
3.15 1.987 0.1765 0.214133 0 3.20057 -0.203715 0 5.90183 0 0 -19.4925 1.234 0.15 2.14431 0 8.44423 2.34603 0 0.459112 0 0 -12.1055 
3.151 1.987 0.1765 0.21393 0 3.20646 -0.203715 0 5.89202 0 0 -19.4925 1.234 0.15 2.14666 0 8.44468 2.34603 0 0.449302 0 0 -12.1055 
3.152 1.987 0.1765 0.213726 0 3.21234 -0.203715 0 5.88221 0 0 -19.4925 1.234 0.15 2.149 0 8.44512 2.34603 0 0.439492 0 0 -12.1055 
3.153 1.987 0.1765 0.213522 0 3.21821 -0.203715 0 5.8724 0 0 -19.4925 1.234 0.15 2.15135 0 8.44555 2.34603 0 0.429682 0 0 -12.1055 
3.154 1.987 0.1765 0.213318 0 3.22408 -0.203715 0 5.86259 0 0 -19.4925 1.234 0.15 2.15369 0 8.44597 2.34603 0 0.419872 0 0 -12.1055 
3.155 1.987 0.1765 0.213115 0 3.22993 -0.203715 0 5.85278 0 0 -19.4925 1.234 0.15 2.15604 0 8.44638 2.34603 0 0.410062 0 0 -12.1055 
3.156 1.987 0.1765 0.212911 0 3.23577 -0.203715 0 5.84297 0 0 -19.4925 1.234 0.15 2.15839 0 8.44678 2.34603 0 0.400252 0 0 -12.1055 
3.157 1.987 0.1765 0.212707 0 3.24161 -0.203715 0 5.83316 0 0 -19.4925 1.234 0.15 2.16073 0 8.44717 2.34603 0 0.390442 0 0 -12.1055 
3.158 1.987 0.1765 0.212504 0 3.24743 -0.203715 0 5.82335 0 0 -19.4925 1.234 0.15 2.16308 0 8.44755 2.34603 0 0.380632 0 0 -12.1055 
3.159 1.987 0.1765 0.2123 0 3.25324 -0.203715 0 5.81354 0 0 -19.4925 1.234 0.15 2.16542 0 8.44792 2.34603 0 0.370822 0 0 -12.1055 
3.16 1.987 0.1765 0.212096 0 3.25905 -0.203715 0 5.80373 0 0 -19.4925 1.234 0.15 2.16777 0 8.44828 2.34603 0 0.361012 0 0 -12.1055 
3.161 1.987 0.1765 0.211892 0 3.26484 -0.203715 0 5.79392 0 0 -19.4925 1.234 0.15 2.17012 0 8.44863 2.34603 0 0.351202 0 0 -12.1055 
3.162 1.987 0.1765 0.211689 0 3.27063 -0.203715 0 5.78411 0 0 -19.4925 1.234 0.15 2.17246 0 8.44897 2.34603 0 0.341392 0 0 -12.1055 
3.163 1.987 0.1765 0.211485 0 3.2764 -0.203715 0 5.7743 0 0 -19.4925 1.234 0.15 2.17481 0 8.4493 2.34603 0 0.331582 0 0 -12.1055 
3.164 1.987 0.1765 0.211281 0 3.28216 -0.203715 0 5.76449 0 0 -19.4925 1.234 0.15 2.17715 0 8.44963 2.34603 0 0.321772 0 0 -12.1055 
3.165 1.987 0.1765 0.211078 0 3.28792 -0.203715 0 5.75468 0 0 -19.4925 1.234 0.15 2.1795 0 8.44994 2.34603 0 0.311962 0 0 -12.1055 
3.166 1.987 0.1765 0.210874 0 3.29366 -0.203715 0 5.74487 0 0 -19.4925 1.234 0.15 2.18185 0 8.45024 2.34603 0 0.302152 0 0 -12.1055 
3.167 1.987 0.1765 0.21067 0 3.2994 -0.203715 0 5.73506 0 0 -19.4925 1.234 0.15 2.18419 0 8.45053 2.34603 0 0.292342 0 0 -12.1055 
3.168 1.987 0.1765 0.210466 0 3.30512 -0.203715 0 5.72525 0 0 -19.4925 1.234 0.15 2.18654 0 8.45081 2.34603 0 0.282532 0 0 -12.1055 
3.169 1.987 0.1765 0.210263 0 3.31084 -0.203715 0 5.71544 0 0 -19.4925 1.234 0.15 2.18888 0 8.45109 2.34603 0 0.272722 0 0 -12.1055 
3.17 1.987 0.1765 0.210059 0 3.31654 -0.203715 0 5.70563 0 0 -19.4925 1.234 0.15 2.19123 0 8.45135 2.34603 0 0.262912 0 0 -12.1055 
3.171 1.987 0.1765 0.209855 0 3.32224 -0.203715 0 5.69582 0 0 -19.4925 1.234 0.15 2.19358 0 8.4516 2.34603 0 0.253102 0 0 -12.1055 
3.172 1.987 0.1765 0.209652 0 3.32793 -0.203715 0 5.68601 0 0 -19.4925 1.234 0.15 2.19592 0 8.45185 2.34603 0 0.243292 0 0 -12.1055 
3.173 1.987 0.1765 0.209448 0 3.3336 -0.203715 0 5.6762 0 0 -19.4925 1.234 0.15 2.19827 0 8.45208 2.34603 0 0.233482 0 0 -12.1055 
3.174 1.987 0.1765 0.209244 0 3.33927 -0.203715 0 5.66639 0 0 -19.4925 1.234 0.15 2.20061 0 8.4523 2.34603 0 0.223672 0 0 -12.1055 
3.175 1.987 0.1765 0.20904 0 3.34493 -0.203715 0 5.65658 0 0 -19.4925 1.234 0.15 2.20296 0 8.45252 2.34603 0 0.213862 0 0 -12.1055 
3.176 1.987 0.1765 0.208837 0 3.35057 -0.203715 0 5.64677 0 0 -19.4925 1.234 0.15 2.20531 0 8.45272 2.34603 0 0.204052 0 0 -12.1055 
3.177 1.987 0.1765 0.208633 0 3.35621 -0.203715 0 5.63696 0 0 -19.4925 1.234 0.15 2.20765 0 8.45292 2.34603 0 0.194242 0 0 -12.1055 
3.178 1.987 0.1765 0.208429 0 3.36184 -0.203715 0 5.62715 0 0 -19.4925 1.234 0.15 2.21 0 8.4531 2.34603 0 0.184432 0 0 -12.1055 
3.179 1.987 0.1765 0.208225 0 3.36745 -0.203715 0 5.61734 0 0 -19.4925 1.234 0.15 2.21234 0 8.45328 2.34603 0 0.174622 0 0 -12.1055 
3.18 1.987 0.1765 0.208022 0 3.37306 -0.203715 0 5.60753 0 0 -19.4925 1.234 0.15 2.21469 0 8.45344 2.34603 0 0.164812 0 0 -12.1055 
3.181 1.987 0.1765 0.207818 0 3.37866 -0.203715 0 5.59772 0 0 -19.4925 1.234 0.15 2.21704 0 8.4536 2.34603 0 0.155002 0 0 -12.1055 
3.182 1.987 0.1765 0.207614 0 3.38425 -0.203715 0 5.58791 0 0 -19.4925 1.234 0.15 2.21938 0 8.45374 2.34603 0 0.145192 0 0 -12.1055 
3.183 1.987 0.1765 0.207411 0 3.38983 -0.203715 0 5.5781 0 0 -19.4925 1.234 0.15 2.22173 0 8.45388 2.34603 0 0.135382 0 0 -12.1055 
3.184 1.987 0.1765 0.207207 0 3.39539 -0.203715 0 5.56829 0 0 -19.4925 1.234 0.15 2.22407 0 8.454 2.34603 0 0.125572 0 0 -12.1055 
3.185 1.987 0.1765 0.207003 0 3.40095 -0.203715 0 5.55848 0 0 -19.4925 1.234 0.15 2.22642 0 8.45412 2.34603 0 0.115762 0 0 -12.1055 
3.186 1.987 0.1765 0.206799 0 3.4065 -0.203715 0 5.54867 0 0 -19.4925 1.234 0.15 2.22877 0 8.45422 2.34603 0 0.105952 0 0 -12.1055 
3.187 1.987 0.1765 0.206596 0 3.41204 -0.203715 0 5.53886 0 0 -19.4925 1.234 0.15 2.23111 0 8.45432 2.34603 0 0.0961424 0 0 -12.1055 
3.188 1.987 0.1765 0.206392 0 3.41757 -0.203715 0 5.52905 0 0 -19.4925 1.234 0.15 2.23346 0 8.45441 2.34603 0 0.0863324 0 0 -12.1055 
3.189 1.987 0.1765 0.206188 0 3.42309 -0.203715 0 5.51924 0 0 -19.4925 1.234 0.15 2.2358 0 8.45448 2.34603 0 0.0765224 0 0 -12.1055 
3.19 1.987 0.1765 0.205985 0 3.4286 -0.203715 0 5.50943 0 0 -19.4925 1.234 0.15 2.23815 0 8.45455 2.34603 0 0.0667124 0 0 -12.1055 
3.191 1.987 0.1765 0.205781 0 3.4341 -0.203715 0 5.49962 0 0 -19.4925 1.234 0.15 2.2405 0 8.45461 2.34603 0 0.0569024 0 0 -12.1055 
3.192 1.987 0.1765 0.205577 0 3.43959 -0.203715 0 5.48981 0 0 -19.4925 1.234 0.15 2.24284 0 8.45465 2.34603 0 0.0470924 0 0 -12.1055 
3.193 1.987 0.1765 0.205373 0 3.44507 -0.203715 0 5.48 0 0 -19.4925 1.234 0.15 2.24519 0 8.45469 2.34603 0 0.0372824 0 0 -12.1055 
3.194 1.987 0.1765 0.20517 0 3.45054 -0.203715 0 5.47019 0 0 -19.4925 1.234 0.15 2.24753 0 8.45472 2.34603 0 0.0274724 0 0 -12.1055 
3.195 1.987 0.1765 0.204966 0 3.456 -0.203715 0 5.46038 0 0 -19.4925 1.234 0.15 2.24988 0 8.45474 2.34603 0 0.0176624 0 0 -12.1055 
3.196 1.987 0.1765 0.204762 0 3.46145 -0.203715 0 5.45057 0 0 -19.4925 1.234 0.15 2.25223 0 8.45474 2.34603 0 0.00785238 0 0 -12.1055 
3.197 1.987 0.1765 0.204559 0 3.46689 -0.203715 0 5.44076 0 0 -19.4925 1.234 0.15 2.25457 0 8.45474 2.34603 0 -0.00195762 0 0 -12.1055 
3.198 1.987 0.1765 0.204355 0 3.47232 -0.203715 0 5.43095 0 0 -19.4925 1.234 0.15 2.25692 0 8.45473 2.34603 0 -0.0117676 0 0 -12.1055 
3.199 1.987 0.1765 0.204151 0 3.47774 -0.203715 0 5.42114 0 0 -19.4925 1.234 0.15 2.25926 0 8.45471 2.34603 0 -0.0215776 0 0 -12.1055 
3.2 1.987 0.1765 0.203947 0 3.48315 -0.203715 0 5.41133 0 0 -19.4925 1.234 0.15 2.26161 0 8.45468 2.34603 0 -0.0313876 0 0 -12.1055 
3.201 1.987 0.1765 0.203744 0 3.48855 -0.203715 0 5.40152 0 0 -19.4925 1.234 0.15 2.26396 0 8.45464 2.34603 0 -0.0411976 0 0 -12.1055 
3.202 1.987 0.1765 0.20354 0 3.49395 -0.203715 0 5.39171 0 0 -19.4925 1.234 0.15 2.2663 0 8.45458 2.34603 0 -0.0510076 0 0 -12.1055 
3.203 1.987 0.1765 0.203336 0 3.49933 -0.203715 0 5.3819 0 0 -19.4925 1.234 0.15 2.26865 0 8.45452 2.34603 0 -0.0608176 0 0 -12.1055 
3.204 1.987 0.1765 0.203133 0 3.5047 -0.203715 0 5.37209 0 0 -19.4925 1.234 0.15 2.27099 0 8.45445 2.34603 0 -0.0706276 0 0 -12.1055 
3.205 1.987 0.1765 0.202929 0 3.51006 -0.203715 0 5.36228 0 0 -19.4925 1.234 0.15 2.27334 0 8.45437 2.34603 0 -0.0804376 0 0 -12.1055 
3.206 1.987 0.1765 0.202725 0 3.51541 -0.203715 0 5.35247 0 0 -19.4925 1.234 0.15 2.27569 0 8.45428 2.34603 0 -0.0902476 0 0 -12.1055 
3.207 1.987 0.1765 0.202521 0 3.52076 -0.203715 0 5.34266 0 0 -19.4925 1.234 0.15 2.27803 0 8.45418 2.34603 0 -0.100058 0 0 -12.1055 
3.208 1.987 0.1765 0.202318 0 3.52609 -0.203715 0 5.33285 0 0 -19.4925 1.234 0.15 2.28038 0 8.45407 2.34603 0 -0.109868 0 0 -12.1055 
3.209 1.987 0.1765 0.202114 0 3.53141 -0.203715 0 5.32304 0 0 -19.4925 1.234 0.15 2.28272 0 8.45395 2.34603 0 -0.119678 0 0 -12.1055 
3.21 1.987 0.1765 0.20191 0 3.53673 -0.203715 0 5.31323 0 0 -19.4925 1.234 0.15 2.28507 0 8.45382 2.34603 0 -0.129488 0 0 -12.1055 
3.211 1.987 0.1765 0.201707 0 3.54203 -0.203715 0 5.30342 0 0 -19.4925 1.234 0.15 2.28742 0 8.45368 2.34603 0 -0.139298 0 0 -12.1055 
3.212 1.987 0.1765 0.201503 0 3.54732 -0.203715 0 5.29361 0 0 -19.4925 1.234 0.15 2.28976 0 8.45353 2.34603 0 -0.149108 0 0 -12.1055 
3.213 1.987 0.1765 0.201299 0 3.55261 -0.203715 0 5.2838 0 0 -19.4925 1.234 0.15 2.29211 0 8.45338 2.34603 0 -0.158918 0 0 -12.1055 
3.214 1.987 0.1765 0.201095 0 3.55788 -0.203715 0 5.27399 0 0 -19.4925 1.234 0.15 2.29446 0 8.45321 2.34603 0 -0.168728 0 0 -12.1055 
3.215 1.987 0.1765 0.200892 0 3.56315 -0.203715 0 5.26418 0 0 -19.4925 1.234 0.15 2.2968 0 8.45303 2.34603 0 -0.178538 0 0 -12.1055 
3.216 1.987 0.1765 0.200688 0 3.5684 -0.203715 0 5.25437 0 0 -19.4925 1.234 0.15 2.29915 0 8.45284 2.34603 0 -0.188348 0 0 -12.1055 
3.217 1.987 0.1765 0.200484 0 3.57364 -0.203715 0 5.24456 0 0 -19.4925 1.234 0.15 2.30149 0 8.45264 2.34603 0 -0.198158 0 0 -12.1055 
3.218 1.987 0.1765 0.200281 0 3.57888 -0.203715 0 5.23475 0 0 -19.4925 1.234 0.15 2.30384 0 8.45243 2.34603 0 -0.207968 0 0 -12.1055 
3.219 1.987 0.1765 0.200077 0 3.5841 -0.203715 0 5.22494 0 0 -19.4925 1.234 0.15 2.30619 0 8.45222 2.34603 0 -0.217778 0 0 -12.1055 
3.22 1.987 0.1765 0.199873 0 3.58932 -0.203715 0 5.21513 0 0 -19.4925 1.234 0.15 2.30853 0 8.45199 2.34603 0 -0.227588 0 0 -12.1055 
3.221 1.987 0.1765 0.199669 0 3.59452 -0.203715 0 5.20532 0 0 -19.4925 1.234 0.15 2.31088 0 8.45175 2.34603 0 -0.237398 0 0 -12.1055 
3.222 1.987 0.1765 0.199466 0 3.59972 -0.203715 0 5.19551 0 0 -19.4925 1.234 0.15 2.31322 0 8.4515 2.34603 0 -0.247208 0 0 -12.1055 
3.223 1.987 0.1765 0.199262 0 3.60491 -0.203715 0 5.1857 0 0 -19.4925 1.234 0.15 2.31557 0 8.45125 2.34603 0 -0.257018 0 0 -12.1055 
3.224 1.987 0.1765 0.199058 0 3.61008 -0.203715 0 5.17589 0 0 -19.4925 1.234 0.15 2.31792 0 8.45098 2.34603 0 -0.266828 0 0 -12.1055 
3.225 1.987 0.1765 0.198855 0 3.61525 -0.203715 0 5.16608 0 0 -19.4925 1.234 0.15 2.32026 0 8.4507 2.34603 0 -0.276638 0 0 -12.1055 
3.226 1.987 0.1765 0.198651 0 3.6204 -0.203715 0 5.15627 0 0 -19.4925 1.234 0.15 2.32261 0 8.45042 2.34603 0 -0.286448 0 0 -12.1055 
3.227 1.987 0.1765 0.198447 0 3.62555 -0.203715 0 5.14646 0 0 -19.4925 1.234 0.15 2.32495 0 8.45012 2.34603 0 -0.296258 0 0 -12.1055 
3.228 1.987 0.1765 0.198243 0 3.63069 -0.203715 0 5.13665 0 0 -19.4925 1.234 0.15 2.3273 0 8.44981 2.34603 0 -0.306068 0 0 -12.1055 
3.229 1.987 0.1765 0.19804 0 3.63581 -0.203715 0 5.12684 0 0 -19.4925 1.234 0.15 2.32965 0 8.4495 2.34603 0 -0.315878 0 0 -12.1055 
3.23 1.987 0.1765 0.197836 0 3.64093 -0.203715 0 5.11703 0 0 -19.4925 1.234 0.15 2.33199 0 8.44917 2.34603 0 -0.325688 0 0 -12.1055 
3.231 1.987 0.1765 0.197632 0 3.64604 -0.203715 0 5.10722 0 0 -19.4925 1.234 0.15 2.33434 0 8.44884 2.34603 0 -0.335498 0 0 -12.1055 
3.232 1.987 0.1765 0.197429 0 3.65114 -0.203715 0 5.09741 0 0 -19.4925 1.234 0.15 2.33668 0 8.44849 2.34603 0 -0.345308 0 0 -12.1055 
3.233 1.987 0.1765 0.197225 0 3.65622 -0.203715 0 5.0876 0 0 -19.4925 1.234 0.15 2.33903 0 8.44814 2.34603 0 -0.355118 0 0 -12.1055 
3.234 1.987 0.1765 0.197021 0 3.6613 -0.203715 0 5.07779 0 0 -19.4925 1.234 0.15 2.34138 0 8.44777 2.34603 0 -0.364928 0 0 -12.1055 
3.235 1.987 0.1765 0.196817 0 3.66637 -0.203715 0 5.06798 0 0 -19.4925 1.234 0.15 2.34372 0 8.4474 2.34603 0 -0.374738 0 0 -12.1055 
3.236 1.987 0.1765 0.196614 0 3.67143 -0.203715 0 5.05817 0 0 -19.4925 1.234 0.15 2.34607 0 8.44701 2.34603 0 -0.384548 0 0 -12.1055 
3.237 1.987 0.1765 0.19641 0 3.67648 -0.203715 0 5.04836 0 0 -19.4925 1.234 0.15 2.34841 0 8.44662 2.34603 0 -0.394358 0 0 -12.1055 
3.238 1.987 0.1765 0.196206 0 3.68151 -0.203715 0 5.03855 0 0 -19.4925 1.234 0.15 2.35076 0 8.44621 2.34603 0 -0.404168 0 0 -12.1055 
3.239 1.987 0.1765 0.196003 0 3.68654 -0.203715 0 5.02874 0 0 -19.4925 1.234 0.15 2.35311 0 8.4458 2.34603 0 -0.413978 0 0 -12.1055 
3.24 1.987 0.1765 0.195799 0 3.69156 -0.203715 0 5.01893 0 0 -19.4925 1.234 0.15 2.35545 0 8.44538 2.34603 0 -0.423788 0 0 -12.1055 
3.241 1.987 0.1765 0.195595 0 3.69657 -0.203715 0 5.00912 0 0 -19.4925 1.234 0.15 2.3578 0 8.44494 2.34603 0 -0.433598 0 0 -12.1055 
3.242 1.987 0.1765 0.195391 0 3.70157 -0.203715 0 4.99931 0 0 -19.4925 1.234 0.15 2.36014 0 8.4445 2.34603 0 -0.443408 0 0 -12.1055 
3.243 1.987 0.1765 0.195188 0 3.70656 -0.203715 0 4.9895 0 0 -19.4925 1.234 0.15 2.36249 0 8.44405 2.34603 0 -0.453218 0 0 -12.1055 
3.244 1.987 0.1765 0.194984 0 3.71154 -0.203715 0 4.97969 0 0 -19.4925 1.234 0.15 2.36484 0 8.44358 2.34603 0 -0.463028 0 0 -12.1055 
3.245 1.987 0.1765 0.19478 0 3.71651 -0.203715 0 4.96988 0 0 -19.4925 1.234 0.15 2.36718 0 8.44311 2.34603 0 -0.472838 0 0 -12.1055 
3.246 1.987 0.1765 0.194577 0 3.72147 -0.203715 0 4.96007 0 0 -19.4925 1.234 0.15 2.36953 0 8.44263 2.34603 0 -0.482648 0 0 -12.1055 
3.247 1.987 0.1765 0.194373 0 3.72642 -0.203715 0 4.95026 0 0 -19.4925 1.234 0.15 2.37187 0 8.44214 2.34603 0 -0.492458 0 0 -12.1055 
3.248 1.987 0.1765 0.194169 0 3.73136 -0.203715 0 4.94045 0 0 -19.4925 1.234 0.15 2.37422 0 8.44163 2.34603 0 -0.502268 0 0 -12.1055 
3.249 1.987 0.1765 0.193965 0 3.73629 -0.203715 0 4.93064 0 0 -19.4925 1.234 0.15 2.37657 0 8.44112 2.34603 0 -0.512078 0 0 -12.1055 
3.25 1.987 0.1765 0.193762 0 3.74121 -0.203715 0 4.92083 0 0 -19.4925 1.234 0.15 2.37891 0 8.4406 2.34603 0 -0.521888 0 0 -12.1055 
3.251 1.987 0.1765 0.193558 0 3.74612 -0.203715 0 4.91102 0 0 -19.4925 1.234 0.15 2.38126 0 8.44007 2.34603 0 -0.531698 0 0 -12.1055 
3.252 1.987 0.1765 0.193354 0 3.75102 -0.203715 0 4.90121 0 0 -19.4925 1.234 0.15 2.3836 0 8.43953 2.34603 0 -0.541508 0 0 -12.1055 
3.253 1.987 0.1765 0.193151 0 3.75591 -0.203715 0 4.8914 0 0 -19.4925 1.234 0.15 2.38595 0 8.43897 2.34603 0 -0.551318 0 0 -12.1055 
3.254 1.987 0.1765 0.192947 0 3.7608 -0.203715 0 4.88159 0 0 -19.4925 1.234 0.15 2.3883 0 8.43841 2.34603 0 -0.561128 0 0 -12.1055 
3.255 1.987 0.1765 0.192743 0 3.76567 -0.203715 0 4.87178 0 0 -19.4925 1.234 0.15 2.39064 0 8.43784 2.34603 0 -0.570938 0 0 -12.1055 
3.256 1.987 0.1765 0.192539 0 3.77053 -0.203715 0 4.86197 0 0 -19.4925 1.234 0.15 2.39299 0 8.43726 2.34603 0 -0.580748 0 0 -12.1055 
3.257 1.987 0.1765 0.192336 0 3.77538 -0.203715 0 4.85216 0 0 -19.4925 1.234 0.15 2.39533 0 8.43667 2.34603 0 -0.590558 0 0 -12.1055 
3.258 1.987 0.1765 0.192132 0 3.78022 -0.203715 0 4.84235 0 0 -19.4925 1.234 0.15 2.39768 0 8.43607 2.34603 0 -0.600368 0 0 -12.1055 
3.259 1.987 0.1765 0.191928 0 3.78506 -0.203715 0 4.83254 0 0 -19.4925 1.234 0.15 2.40003 0 8.43546 2.34603 0 -0.610178 0 0 -12.1055 
3.26 1.987 0.1765 0.191725 0 3.78988 -0.203715 0 4.82273 0 0 -19.4925 1.234 0.15 2.40237 0 8.43484 2.34603 0 -0.619988 0 0 -12.1055 
3.261 1.987 0.1765 0.191521 0 3.79469 -0.203715 0 4.81292 0 0 -19.4925 1.234 0.15 2.40472 0 8.43421 2.34603 0 -0.629798 0 0 -12.1055 
3.262 1.987 0.1765 0.191317 0 3.7995 -0.203715 0 4.80311 0 0 -19.4925 1.234 0.15 2.40706 0 8.43357 2.34603 0 -0.639608 0 0 -12.1055 
3.263 1.987 0.1765 0.191113 0 3.80429 -0.203715 0 4.7933 0 0 -19.4925 1.234 0.15 2.40941 0 8.43292 2.34603 0 -0.649418 0 0 -12.1055 
3.264 1.987 0.1765 0.19091 0 3.80907 -0.203715 0 4.78349 0 0 -19.4925 1.234 0.15 2.41176 0 8.43226 2.34603 0 -0.659228 0 0 -12.1055 
3.265 1.987 0.1765 0.190706 0 3.81385 -0.203715 0 4.77368 0 0 -19.4925 1.234 0.15 2.4141 0 8.43159 2.34603 0 -0.669038 0 0 -12.1055 
3.266 1.987 0.1765 0.190502 0 3.81861 -0.203715 0 4.76387 0 0 -19.4925 1.234 0.15 2.41645 0 8.43091 2.34603 0 -0.678848 0 0 -12.1055 
3.267 1.987 0.1765 0.190299 0 3.82336 -0.203715 0 4.75406 0 0 -19.4925 1.234 0.15 2.41879 0 8.43023 2.34603 0 -0.688658 0 0 -12.1055 
3.268 1.987 0.1765 0.190095 0 3.82811 -0.203715 0 4.74425 0 0 -19.4925 1.234 0.15 2.42114 0 8.42953 2.34603 0 -0.698468 0 0 -12.1055 
3.269 1.987 0.1765 0.189891 0 3.83284 -0.203715 0 4.73444 0 0 -19.4925 1.234 0.15 2.42349 0 8.42882 2.34603 0 -0.708278 0 0 -12.1055 
3.27 1.987 0.1765 0.189687 0 3.83757 -0.203715 0 4.72463 0 0 -19.4925 1.234 0.15 2.42583 0 8.4281 2.34603 0 -0.718088 0 0 -12.1055 
3.271 1.987 0.1765 0.189484 0 3.84228 -0.203715 0 4.71482 0 0 -19.4925 1.234 0.15 2.42818 0 8.42737 2.34603 0 -0.727898 0 0 -12.1055 
3.272 1.987 0.1765 0.18928 0 3.84699 -0.203715 0 4.70501 0 0 -19.4925 1.234 0.15 2.43052 0 8.42664 2.34603 0 -0.737708 0 0 -12.1055 
3.273 1.987 0.1765 0.189076 0 3.85168 -0.203715 0 4.6952 0 0 -19.4925 1.234 0.15 2.43287 0 8.42589 2.34603 0 -0.747518 0 0 -12.1055 
3.274 1.987 0.1765 0.188873 0 3.85637 -0.203715 0 4.68539 0 0 -19.4925 1.234 0.15 2.43522 0 8.42513 2.34603 0 -0.757328 0 0 -12.1055 
3.275 1.987 0.1765 0.188669 0 3.86104 -0.203715 0 4.67558 0 0 -19.4925 1.234 0.15 2.43756 0 8.42436 2.34603 0 -0.767138 0 0 -12.1055 
3.276 1.987 0.1765 0.188465 0 3.86571 -0.203715 0 4.66577 0 0 -19.4925 1.234 0.15 2.43991 0 8.42359 2.34603 0 -0.776948 0 0 -12.1055 
3.277 1.987 0.1765 0.188261 0 3.87037 -0.203715 0 4.65596 0 0 -19.4925 1.234 0.15 2.44226 0 8.4228 2.34603 0 -0.786758 0 0 -12.1055 
3.278 1.987 0.1765 0.188058 0 3.87501 -0.203715 0 4.64615 0 0 -19.4925 1.234 0.15 2.4446 0 8.422 2.34603 0 -0.796568 0 0 -12.1055 
3.279 1.987 0.1765 0.187854 0 3.87965 -0.203715 0 4.63634 0 0 -19.4925 1.234 0.15 2.44695 0 8.4212 2.34603 0 -0.806378 0 0 -12.1055 
3.28 1.987 0.1765 0.18765 0 3.88427 -0.203715 0 4.62653 0 0 -19.4925 1.234 0.15 2.44929 0 8.42038 2.34603 0 -0.816188 0 0 -12.1055 
3.281 1.987 0.1765 0.187447 0 3.88889 -0.203715 0 4.61672 0 0 -19.4925 1.234 0.15 2.45164 0 8.41955 2.34603 0 -0.825998 0 0 -12.1055 
3.282 1.987 0.1765 0.187243 0 3.8935 -0.203715 0 4.60691 0 0 -19.4925 1.234 0.15 2.45399 0 8.41872 2.34603 0 -0.835808 0 0 -12.1055 
3.283 1.987 0.1765 0.187039 0 3.8981 -0.203715 0 4.5971 0 0 -19.4925 1.234 0.15 2.45633 0 8.41787 2.34603 0 -0.845618 0 0 -12.1055 
3.284 1.987 0.1765 0.186835 0 3.90268 -0.203715 0 4.58729 0 0 -19.4925 1.234 0.15 2.45868 0 8.41702 2.34603 0 -0.855428 0 0 -12.1055 
3.285 1.987 0.1765 0.186632 0 3.90726 -0.203715 0 4.57748 0 0 -19.4925 1.234 0.15 2.46102 0 8.41615 2.34603 0 -0.865238 0 0 -12.1055 
3.286 1.987 0.1765 0.186428 0 3.91183 -0.203715 0 4.56767 0 0 -19.4925 1.234 0.15 2.46337 0 8.41528 2.34603 0 -0.875048 0 0 -12.1055 
3.287 1.987 0.1765 0.186224 0 3.91639 -0.203715 0 4.55786 0 0 -19.4925 1.234 0.15 2.46572 0 8.41439 2.34603 0 -0.884858 0 0 -12.1055 
3.288 1.987 0.1765 0.186021 0 3.92093 -0.203715 0 4.54805 0 0 -19.4925 1.234 0.15 2.46806 0 8.4135 2.34603 0 -0.894668 0 0 -12.1055 
3.289 1.987 0.1765 0.185817 0 3.92547 -0.203715 0 4.53824 0 0 -19.4925 1.234 0.15 2.47041 0 8.41259 2.34603 0 -0.904478 0 0 -12.1055 
3.29 1.987 0.1765 0.185613 0 3.93 -0.203715 0 4.52843 0 0 -19.4925 1.234 0.15 2.47275 0 8.41168 2.34603 0 -0.914288 0 0 -12.1055 
3.291 1.987 0.1765 0.185409 0 3.93452 -0.203715 0 4.51862 0 0 -19.4925 1.234 0.15 2.4751 0 8.41076 2.34603 0 -0.924098 0 0 -12.1055 
3.292 1.987 0.1765 0.185206 0 3.93903 -0.203715 0 4.50881 0 0 -19.4925 1.234 0.15 2.47745 0 8.40982 2.34603 0 -0.933908 0 0 -12.1055 
3.293 1.987 0.1765 0.185002 0 3.94353 -0.203715 0 4.499 0 0 -19.4925 1.234 0.15 2.47979 0 8.40888 2.34603 0 -0.943718 0 0 -12.1055 
3.294 1.987 0.1765 0.184798 0 3.94802 -0.203715 0 4.48919 0 0 -19.4925 1.234 0.15 2.48214 0 8.40792 2.34603 0 -0.953528 0 0 -12.1055 
3.295 1.987 0.1765 0.184595 0 3.9525 -0.203715 0 4.47938 0 0 -19.4925 1.234 0.15 2.48448 0 8.40696 2.34603 0 -0.963338 0 0 -12.1055 
3.296 1.987 0.1765 0.184391 0 3.95696 -0.203715 0 4.46957 0 0 -19.4925 1.234 0.15 2.48683 0 8.40599 2.34603 0 -0.973148 0 0 -12.1055 
3.297 1.987 0.1765 0.184187 0 3.96142 -0.203715 0 4.45976 0 0 -19.4925 1.234 0.15 2.48918 0 8.405 2.34603 0 -0.982958 0 0 -12.1055 
3.298 1.987 0.1765 0.183983 0 3.96587 -0.203715 0 4.44995 0 0 -19.4925 1.234 0.15 2.49152 0 8.40401 2.34603 0 -0.992768 0 0 -12.1055 
3.299 1.987 0.1765 0.18378 0 3.97031 -0.203715 0 4.44014 0 0 -19.4925 1.234 0.15 2.49387 0 8.40301 2.34603 0 -1.00258 0 0 -12.1055 
3.3 1.987 0.1765 0.183576 0 3.97475 -0.203715 0 4.43033 0 0 -19.4925 1.234 0.15 2.49621 0 8.402 2.34603 0 -1.01239 0 0 -12.1055 
3.301 1.987 0.1765 0.183372 0 3.97917 -0.203715 0 4.42052 0 0 -19.4925 1.234 0.15 2.49856 0 8.40097 2.34603 0 -1.0222 0 0 -12.1055 
3.302 1.987 0.1765 0.183168 0 3.98358 -0.203715 0 4.41071 0 0 -19.4925 1.234 0.15 2.50091 0 8.39994 2.34603 0 -1.03201 0 0 -12.1055 
3.303 1.987 0.1765 0.182965 0 3.98798 -0.203715 0 4.4009 0 0 -19.4925 1.234 0.15 2.50325 0 8.3989 2.34603 0 -1.04182 0 0 -12.1055 
3.304 1.987 0.1765 0.182761 0 3.99237 -0.203715 0 4.39109 0 0 -19.4925 1.234 0.15 2.5056 0 8.39785 2.34603 0 -1.05163 0 0 -12.1055 
3.305 1.987 0.1765 0.182557 0 3.99675 -0.203715 0 4.38128 0 0 -19.4925 1.234 0.15 2.50794 0 8.39679 2.34603 0 -1.06144 0 0 -12.1055 
3.306 1.987 0.1765 0.182354 0 4.00112 -0.203715 0 4.37147 0 0 -19.4925 1.234 0.15 2.51029 0 8.39572 2.34603 0 -1.07125 0 0 -12.1055 
3.307 1.987 0.1765 0.18215 0 4.00548 -0.203715 0 4.36166 0 0 -19.4925 1.234 0.15 2.51264 0 8.39464 2.34603 0 -1.08106 0 0 -12.1055 
3.308 1.987 0.1765 0.181946 0 4.00983 -0.203715 0 4.35185 0 0 -19.4925 1.234 0.15 2.51498 0 8.39354 2.34603 0 -1.09087 0 0 -12.1055 
3.309 1.987 0.1765 0.181742 0 4.01418 -0.203715 0 4.34204 0 0 -19.4925 1.234 0.15 2.51733 0 8.39244 2.34603 0 -1.10068 0 0 -12.1055 
3.31 1.987 0.1765 0.181539 0 4.01851 -0.203715 0 4.33223 0 0 -19.4925 1.234 0.15 2.51967 0 8.39133 2.34603 0 -1.11049 0 0 -12.1055 
3.311 1.987 0.1765 0.181335 0 4.02283 -0.203715 0 4.32242 0 0 -19.4925 1.234 0.15 2.52202 0 8.39021 2.34603 0 -1.1203 0 0 -12.1055 
3.312 1.987 0.1765 0.181131 0 4.02714 -0.203715 0 4.31261 0 0 -19.4925 1.234 0.15 2.52437 0 8.38908 2.34603 0 -1.13011 0 0 -12.1055 
3.313 1.987 0.1765 0.180928 0 4.03145 -0.203715 0 4.3028 0 0 -19.4925 1.234 0.15 2.52671 0 8.38794 2.34603 0 -1.13992 0 0 -12.1055 
3.314 1.987 0.1765 0.180724 0 4.03574 -0.203715 0 4.29299 0 0 -19.4925 1.234 0.15 2.52906 0 8.38679 2.34603 0 -1.14973 0 0 -12.1055 
3.315 1.987 0.1765 0.18052 0 4.04002 -0.203715 0 4.28318 0 0 -19.4925 1.234 0.15 2.5314 0 8.38563 2.34603 0 -1.15954 0 0 -12.1055 
3.316 1.987 0.1765 0.180316 0 4.0443 -0.203715 0 4.27337 0 0 -19.4925 1.234 0.15 2.53375 0 8.38446 2.34603 0 -1.16935 0 0 -12.1055 
3.317 1.987 0.1765 0.180113 0 4.04856 -0.203715 0 4.26356 0 0 -19.4925 1.234 0.15 2.5361 0 8.38329 2.34603 0 -1.17916 0 0 -12.1055 
3.318 1.987 0.1765 0.179909 0 4.05281 -0.203715 0 4.25375 0 0 -19.4925 1.234 0.15 2.53844 0 8.3821 2.34603 0 -1.18897 0 0 -12.1055 
3.319 1.987 0.1765 0.179705 0 4.05706 -0.203715 0 4.24394 0 0 -19.4925 1.234 0.15 2.54079 0 8.3809 2.34603 0 -1.19878 0 0 -12.1055 
3.32 1.987 0.1765 0.179502 0 4.06129 -0.203715 0 4.23413 0 0 -19.4925 1.234 0.15 2.54313 0 8.37969 2.34603 0 -1.20859 0 0 -12.1055 
3.321 1.987 0.1765 0.179298 0 4.06552 -0.203715 0 4.22432 0 0 -19.4925 1.234 0.15 2.54548 0 8.37847 2.34603 0 -1.2184 0 0 -12.1055 
3.322 1.987 0.1765 0.179094 0 4.06973 -0.203715 0 4.21451 0 0 -19.4925 1.234 0.15 2.54783 0 8.37724 2.34603 0 -1.22821 0 0 -12.1055 
3.323 1.987 0.1765 0.17889 0 4.07394 -0.203715 0 4.2047 0 0 -19.4925 1.234 0.15 2.55017 0 8.376 2.34603 0 -1.23802 0 0 -12.1055 
3.324 1.987 0.1765 0.178687 0 4.07813 -0.203715 0 4.19489 0 0 -19.4925 1.234 0.15 2.55252 0 8.37476 2.34603 0 -1.24783 0 0 -12.1055 
3.325 1.987 0.1765 0.178483 0 4.08232 -0.203715 0 4.18508 0 0 -19.4925 1.234 0.15 2.55486 0 8.3735 2.34603 0 -1.25764 0 0 -12.1055 
3.326 1.987 0.1765 0.178279 0 4.08649 -0.203715 0 4.17527 0 0 -19.4925 1.234 0.15 2.55721 0 8.37223 2.34603 0 -1.26745 0 0 -12.1055 
3.327 1.987 0.1765 0.178076 0 4.09066 -0.203715 0 4.16546 0 0 -19.4925 1.234 0.15 2.55956 0 8.37095 2.34603 0 -1.27726 0 0 -12.1055 
3.328 1.987 0.1765 0.177872 0 4.09481 -0.203715 0 4.15565 0 0 -19.4925 1.234 0.15 2.5619 0 8.36967 2.34603 0 -1.28707 0 0 -12.1055 
3.329 1.987 0.1765 0.177668 0 4.09896 -0.203715 0 4.14584 0 0 -19.4925 1.234 0.15 2.56425 0 8.36837 2.34603 0 -1.29688 0 0 -12.1055 
3.33 1.987 0.1765 0.177464 0 4.10309 -0.203715 0 4.13603 0 0 -19.4925 1.234 0.15 2.56659 0 8.36706 2.34603 0 -1.30669 0 0 -12.1055 
3.331 1.987 0.1765 0.177261 0 4.10722 -0.203715 0 4.12622 0 0 -19.4925 1.234 0.15 2.56894 0 8.36575 2.34603 0 -1.3165 0 0 -12.1055 
3.332 1.987 0.1765 0.177057 0 4.11134 -0.203715 0 4.11641 0 0 -19.4925 1.234 0.15 2.57129 0 8.36442 2.34603 0 -1.32631 0 0 -12.1055 
3.333 1.987 0.1765 0.176853 0 4.11544 -0.203715 0 4.1066 0 0 -19.4925 1.234 0.15 2.57363 0 8.36308 2.34603 0 -1.33612 0 0 -12.1055 
3.334 1.987 0.1765 0.17665 0 4.11954 -0.203715 0 4.09679 0 0 -19.4925 1.234 0.15 2.57598 0 8.36174 2.34603 0 -1.34593 0 0 -12.1055 
3.335 1.987 0.1765 0.176446 0 4.12363 -0.203715 0 4.08698 0 0 -19.4925 1.234 0.15 2.57832 0 8.36038 2.34603 0 -1.35574 0 0 -12.1055 
3.336 1.987 0.1765 0.176242 0 4.1277 -0.203491 0 4.07717 0.445359 0 -19.4925 1.234 0.15 2.58067 0 8.35902 2.34603 0 -1.36555 0 0 -12.1055 
3.337 1.987 0.1765 0.17604 0 4.13177 -0.202424 0 4.06736 2.12019 0 -19.4925 1.234 0.15 2.58302 0 8.35764 2.34603 0 -1.37536 0 0 -12.1055 
3.338 1.987 0.1765 0.175839 0 4.13583 -0.200519 0 4.05755 3.78623 0 -19.4925 1.234 0.15 2.58536 0 8.35626 2.34603 0 -1.38517 0 0 -12.1055 
3.339 1.987 0.1765 0.175642 0 4.13988 -0.197783 0 4.04774 5.43659 0 -19.4925 1.234 0.15 2.58771 0 8.35486 2.34603 0 -1.39498 0 0 -12.1055 
3.34 1.987 0.1765 0.175447 0 4.14391 -0.194227 0 4.03793 7.06443 0 -19.4925 1.234 0.15 2.59005 0 8.35346 2.34603 0 -1.40479 0 0 -12.1055 
3.341 1.987 0.1765 0.175258 0 4.14794 -0.189867 0 4.02812 8.66301 0 -19.4925 1.234 0.15 2.5924 0 8.35204 2.34603 0 -1.4146 0 0 -12.1055 
3.342 1.987 0.1765 0.175073 0 4.15196 -0.184721 0 4.01831 10.2257 0 -19.4925 1.234 0.15 2.59475 0 8.35062 2.34603 0 -1.42441 0 0 -12.1055 
3.343 1.987 0.1765 0.174894 0 4.15597 -0.17881 0 4.0085 11.746 0 -19.4925 1.234 0.15 2.59709 0 8.34918 2.34603 0 -1.43422 0 0 -12.1055 
3.344 1.987 0.1765 0.174722 0 4.15997 -0.172158 0 3.99869 13.2177 0 -19.4925 1.234 0.15 2.59944 0 8.34774 2.34603 0 -1.44403 0 0 -12.1055 
3.345 1.987 0.1765 0.174557 0 4.16396 -0.164792 0 3.98888 14.6347 0 -19.4925 1.234 0.15 2.60179 0 8.34629 2.34603 0 -1.45384 0 0 -12.1055 
3.346 1.987 0.1765 0.1744 0 4.16794 -0.156745 0 3.97907 15.991 0 -19.4925 1.234 0.15 2.60413 0 8.34482 2.34603 0 -1.46365 0 0 -12.1055 
3.347 1.987 0.1765 0.174252 0 4.17191 -0.148048 0 3.96926 17.2811 0 -19.4925 1.234 0.15 2.60648 0 8.34335 2.34603 0 -1.47346 0 0 -12.1055 
3.348 1.987 0.1765 0.174114 0 4.17586 -0.138737 0 3.95945 18.4996 0 -19.4925 1.234 0.15 2.60882 0 8.34187 2.34603 0 -1.48327 0 0 -12.1055 
3.349 1.987 0.1765 0.173985 0 4.17981 -0.128852 0 3.94964 19.6414 0 -19.4925 1.234 0.15 2.61117 0 8.34037 2.34603 0 -1.49308 0 0 -12.1055 
3.35 1.987 0.1765 0.173866 0 4.18375 -0.118434 0 3.93983 20.7019 0 -19.4925 1.234 0.15 2.61352 0 8.33887 2.34603 0 -1.50289 0 0 -12.1055 
3.351 1.987 0.1765 0.173759 0 4.18768 -0.107524 0 3.93002 21.6767 0 -19.4925 1.234 0.15 2.61586 0 8.33736 2.34603 0 -1.5127 0 0 -12.1055 
3.352 1.987 0.1765 0.173663 0 4.1916 -0.0961697 0 3.92021 22.5617 0 -19.4925 1.234 0.15 2.61821 0 8.33583 2.34603 0 -1.52251 0 0 -12.1055 
3.353 1.987 0.1765 0.173578 0 4.19551 -0.0844167 0 3.9104 23.3532 0 -19.4925 1.234 0.15 2.62055 0 8.3343 2.34603 0 -1.53232 0 0 -12.1055 
3.354 1.987 0.1765 0.173506 0 4.19942 -0.072314 0 3.90059 24.048 0 -19.4925 1.234 0.15 2.6229 0 8.33276 2.34603 0 -1.54213 0 0 -12.1055 
3.355 1.987 0.1765 0.173446 0 4.20331 -0.0599118 0 3.89078 24.6432 0 -19.4925 1.234 0.15 2.62525 0 8.33121 2.34603 0 -1.55194 0 0 -12.1055 
3.356 1.987 0.1765 0.173399 0 4.20719 -0.0472615 0 3.88097 25.1363 0 -19.4925 1.234 0.15 2.62759 0 8.32965 2.34603 0 -1.56175 0 0 -12.1055 
3.357 1.987 0.1765 0.173364 0 4.21106 -0.0344153 0 3.87116 25.5253 0 -19.4925 1.234 0.15 2.62994 0 8.32808 2.34603 0 -1.57156 0 0 -12.1055 
3.358 1.987 0.1765 0.173343 0 4.21492 -0.0214266 0 3.86135 25.8085 0 -19.4925 1.234 0.15 2.63228 0 8.32649 2.34603 0 -1.58137 0 0 -12.1055 
3.359 1.987 0.1765 0.173334 0 4.21877 -0.00834921 0 3.85154 25.9849 0 -19.4925 1.234 0.15 2.63463 0 8.3249 2.34603 0 -1.59118 0 0 -12.1055 
3.36 1.987 0.1765 0.173339 0 4.22261 0.00476281 0 3.84173 26.0536 0 -19.4925 1.234 0.15 2.63698 0 8.3233 2.34603 0 -1.60099 0 0 -12.1055 
3.361 1.987 0.1765 0.173357 0 4.22644 0.0178551 0 3.83192 26.0144 0 -19.4925 1.234 0.15 2.63932 0 8.32169 2.34603 0 -1.6108 0 0 -12.1055 
3.362 1.987 0.1765 0.173388 0 4.23027 0.0308734 0 3.82211 25.8674 0 -19.4925 1.234 0.15 2.64167 0 8.32007 2.34603 0 -1.62061 0 0 -12.1055 
3.363 1.987 0.1765 0.173432 0 4.23408 0.0437639 0 3.8123 25.6133 0 -19.4925 1.234 0.15 2.64401 0 8.31844 2.34603 0 -1.63042 0 0 -12.1055 
3.364 1.987 0.1765 0.173488 0 4.23788 0.056473 0 3.80249 25.2531 0 -19.4925 1.234 0.15 2.64636 0 8.3168 2.34603 0 -1.64023 0 0 -12.1055 
3.365 1.987 0.1765 0.173557 0 4.24167 0.0689483 0 3.79268 24.7883 0 -19.4925 1.234 0.15 2.64871 0 8.31515 2.34603 0 -1.65004 0 0 -12.1055 
3.366 1.987 0.1765 0.173638 0 4.24546 0.081138 0 3.78287 24.2208 0 -19.4925 1.234 0.15 2.65105 0 8.31349 2.34603 0 -1.65985 0 0 -12.1055 
3.367 1.987 0.1765 0.173731 0 4.24923 0.0929915 0 3.77306 23.553 0 -19.4925 1.234 0.15 2.6534 0 8.31182 2.34603 0 -1.66966 0 0 -12.1055 
3.368 1.987 0.1765 0.173836 0 4.25299 0.10446 0 3.76325 22.7877 0 -19.4925 1.234 0.15 2.65574 0 8.31014 2.34603 0 -1.67947 0 0 -12.1055 
3.369 1.987 0.1765 0.173951 0 4.25675 0.115496 0 3.75344 21.9279 0 -19.4925 1.234 0.15 2.65809 0 8.30845 2.34603 0 -1.68928 0 0 -12.1055 
3.37 1.987 0.1765 0.174077 0 4.26049 0.126053 0 3.74363 20.9774 0 -19.4925 1.234 0.15 2.66044 0 8.30675 2.34603 0 -1.69909 0 0 -12.1055 
3.371 1.987 0.1765 0.174213 0 4.26422 0.136088 0 3.73382 19.9399 0 -19.4925 1.234 0.15 2.66278 0 8.30504 2.34603 0 -1.7089 0 0 -12.1055 
3.372 1.987 0.1765 0.174359 0 4.26795 0.14556 0 3.72401 18.8198 0 -19.4925 1.234 0.15 2.66513 0 8.30332 2.34603 0 -1.71871 0 0 -12.1055 
3.373 1.987 0.1765 0.174513 0 4.27166 0.154428 0 3.7142 17.6218 0 -19.4925 1.234 0.15 2.66747 0 8.3016 2.34603 0 -1.72852 0 0 -12.1055 
3.374 1.987 0.1765 0.174676 0 4.27537 0.162657 0 3.70439 16.3508 0 -19.4925 1.234 0.15 2.66982 0 8.29986 2.34603 0 -1.73833 0 0 -12.1055 
3.375 1.987 0.1765 0.174846 0 4.27906 0.170212 0 3.69458 15.012 0 -19.4925 1.234 0.15 2.67217 0 8.29811 2.34603 0 -1.74814 0 0 -12.1055 
3.376 1.987 0.1765 0.175023 0 4.28275 0.177062 0 3.68477 13.6111 0 -19.4925 1.234 0.15 2.67451 0 8.29635 2.34603 0 -1.75795 0 0 -12.1055 
3.377 1.987 0.1765 0.175206 0 4.28642 0.183179 0 3.67496 12.1538 0 -19.4925 1.234 0.15 2.67686 0 8.29458 2.34603 0 -1.76776 0 0 -12.1055 
3.378 1.987 0.1765 0.175395 0 4.29009 0.188537 0 3.66515 10.6462 0 -19.4925 1.234 0.15 2.6792 0 8.29281 2.34603 0 -1.77757 0 0 -12.1055 
3.379 1.987 0.1765 0.175588 0 4.29374 0.193114 0 3.65534 9.09442 0 -19.4925 1.234 0.15 2.68155 0 8.29102 2.34603 0 -1.78738 0 0 -12.1055 
3.38 1.987 0.1765 0.175785 0 4.29739 0.196891 0 3.64553 7.50501 0 -19.4925 1.234 0.15 2.6839 0 8.28922 2.34603 0 -1.79719 0 0 -12.1055 
3.381 1.987 0.1765 0.175985 0 4.30102 0.199852 0 3.63572 5.8845 0 -19.4925 1.234 0.15 2.68624 0 8.28741 2.34603 0 -1.807 0 0 -12.1055 
3.382 1.987 0.1765 0.176187 0 4.30465 0.201986 0 3.62591 4.23963 0 -19.4925 1.234 0.15 2.68859 0 8.2856 2.34603 0 -1.81681 0 0 -12.1055 
3.383 1.987 0.1765 0.17639 0 4.30827 0.203283 0 3.6161 2.57719 0 -19.4925 1.234 0.15 2.69093 0 8.28377 2.34603 0 -1.82662 0 0 -12.1055 
3.384 1.987 0.1765 0.176594 0 4.31187 0.203738 0 3.60629 0.904081 0 -19.4925 1.234 0.15 2.69328 0 8.28193 2.34603 0 -1.83643 0 0 -12.1055 
3.385 1.987 0.1765 0.176798 0 4.31547 0.203738 0 3.59648 0 0 -19.4925 1.234 0.15 2.69563 0 8.28009 2.34603 0 -1.84624 0 0 -12.1055 
3.386 1.987 0.1765 0.177001 0 4.31905 0.203738 0 3.58667 0 0 -19.4925 1.234 0.15 2.69797 0 8.27823 2.34603 0 -1.85605 0 0 -12.1055 
3.387 1.987 0.1765 0.177205 0 4.32263 0.203738 0 3.57686 0 0 -19.4925 1.234 0.15 2.70032 0 8.27637 2.34603 0 -1.86586 0 0 -12.1055 
3.388 1.987 0.1765 0.177409 0 4.3262 0.203738 0 3.56705 0 0 -19.4925 1.234 0.15 2.70266 0 8.27449 2.34603 0 -1.87567 0 0 -12.1055 
3.389 1.987 0.1765 0.177613 0 4.32976 0.203738 0 3.55724 0 0 -19.4925 1.234 0.15 2.70501 0 8.27261 2.34603 0 -1.88548 0 0 -12.1055 
3.39 1.987 0.1765 0.177816 0 4.3333 0.203738 0 3.54743 0 0 -19.4925 1.234 0.15 2.70736 0 8.27071 2.34603 0 -1.89529 0 0 -12.1055 
3.391 1.987 0.1765 0.17802 0 4.33684 0.203738 0 3.53762 0 0 -19.4925 1.234 0.15 2.7097 0 8.26881 2.34603 0 -1.9051 0 0 -12.1055 
3.392 1.987 0.1765 0.178224 0 4.34037 0.203738 0 3.52781 0 0 -19.4925 1.234 0.15 2.71205 0 8.26689 2.34603 0 -1.91491 0 0 -12.1055 
3.393 1.987 0.1765 0.178428 0 4.34389 0.203738 0 3.518 0 0 -19.4925 1.234 0.15 2.71439 0 8.26497 2.34603 0 -1.92472 0 0 -12.1055 
3.394 1.987 0.1765 0.178631 0 4.34739 0.203738 0 3.50819 0 0 -19.4925 1.234 0.15 2.71674 0 8.26303 2.34603 0 -1.93453 0 0 -12.1055 
3.395 1.987 0.1765 0.178835 0 4.35089 0.203738 0 3.49838 0 0 -19.4925 1.234 0.15 2.71909 0 8.26109 2.34603 0 -1.94434 0 0 -12.1055 
3.396 1.987 0.1765 0.179039 0 4.35438 0.203738 0 3.48857 0 0 -19.4925 1.234 0.15 2.72143 0 8.25913 2.34603 0 -1.95415 0 0 -12.1055 
3.397 1.987 0.1765 0.179242 0 4.35786 0.203738 0 3.47876 0 0 -19.4925 1.234 0.15 2.72378 0 8.25717 2.34603 0 -1.96396 0 0 -12.1055 
3.398 1.987 0.1765 0.179446 0 4.36133 0.203738 0 3.46895 0 0 -19.4925 1.234 0.15 2.72612 0 8.25519 2.34603 0 -1.97377 0 0 -12.1055 
3.399 1.987 0.1765 0.17965 0 4.36479 0.203738 0 3.45914 0 0 -19.4925 1.234 0.15 2.72847 0 8.25321 2.34603 0 -1.98358 0 0 -12.1055 
3.4 1.987 0.1765 0.179854 0 4.36824 0.203738 0 3.44933 0 0 -19.4925 1.234 0.15 2.73082 0 8.25122 2.34603 0 -1.99339 0 0 -12.1055 
3.401 1.987 0.1765 0.180057 0 4.37168 0.203738 0 3.43952 0 0 -19.4925 1.234 0.15 2.73316 0 8.24921 2.34603 0 -2.0032 0 0 -12.1055 
3.402 1.987 0.1765 0.180261 0 4.37511 0.203738 0 3.42971 0 0 -19.4925 1.234 0.15 2.73551 0 8.2472 2.34603 0 -2.01301 0 0 -12.1055 
3.403 1.987 0.1765 0.180465 0 4.37853 0.203738 0 3.4199 0 0 -19.4925 1.234 0.15 2.73785 0 8.24518 2.34603 0 -2.02282 0 0 -12.1055 
3.404 1.987 0.1765 0.180669 0 4.38194 0.203738 0 3.41009 0 0 -19.4925 1.234 0.15 2.7402 0 8.24315 2.34603 0 -2.03263 0 0 -12.1055 
3.405 1.987 0.1765 0.180872 0 4.38534 0.203738 0 3.40028 0 0 -19.4925 1.234 0.15 2.74255 0 8.2411 2.34603 0 -2.04244 0 0 -12.1055 
3.406 1.987 0.1765 0.181076 0 4.38873 0.203738 0 3.39047 0 0 -19.4925 1.234 0.15 2.74489 0 8.23905 2.34603 0 -2.05225 0 0 -12.1055 
3.407 1.987 0.1765 0.18128 0 4.39211 0.203738 0 3.38066 0 0 -19.4925 1.234 0.15 2.74724 0 8.23699 2.34603 0 -2.06206 0 0 -12.1055 
3.408 1.987 0.1765 0.181484 0 4.39548 0.203738 0 3.37085 0 0 -19.4925 1.234 0.15 2.74958 0 8.23492 2.34603 0 -2.07187 0 0 -12.1055 
3.409 1.987 0.1765 0.181687 0 4.39884 0.203738 0 3.36104 0 0 -19.4925 1.234 0.15 2.75193 0 8.23284 2.34603 0 -2.08168 0 0 -12.1055 
3.41 1.987 0.1765 0.181891 0 4.40219 0.203738 0 3.35123 0 0 -19.4925 1.234 0.15 2.75428 0 8.23074 2.34603 0 -2.09149 0 0 -12.1055 
3.411 1.987 0.1765 0.182095 0 4.40553 0.203738 0 3.34142 0 0 -19.4925 1.234 0.15 2.75662 0 8.22864 2.34603 0 -2.1013 0 0 -12.1055 
3.412 1.987 0.1765 0.182299 0 4.40886 0.203738 0 3.33161 0 0 -19.4925 1.234 0.15 2.75897 0 8.22653 2.34603 0 -2.11111 0 0 -12.1055 
3.413 1.987 0.1765 0.182502 0 4.41219 0.203738 0 3.3218 0 0 -19.4925 1.234 0.15 2.76132 0 8.22441 2.34603 0 -2.12092 0 0 -12.1055 
3.414 1.987 0.1765 0.182706 0 4.4155 0.203738 0 3.31199 0 0 -19.4925 1.234 0.15 2.76366 0 8.22228 2.34603 0 -2.13073 0 0 -12.1055 
3.415 1.987 0.1765 0.18291 0 4.4188 0.203738 0 3.30218 0 0 -19.4925 1.234 0.15 2.76601 0 8.22014 2.34603 0 -2.14054 0 0 -12.1055 
3.416 1.987 0.1765 0.183114 0 4.42209 0.203738 0 3.29237 0 0 -19.4925 1.234 0.15 2.76835 0 8.21799 2.34603 0 -2.15035 0 0 -12.1055 
3.417 1.987 0.1765 0.183317 0 4.42538 0.203738 0 3.28256 0 0 -19.4925 1.234 0.15 2.7707 0 8.21583 2.34603 0 -2.16016 0 0 -12.1055 
3.418 1.987 0.1765 0.183521 0 4.42865 0.203738 0 3.27275 0 0 -19.4925 1.234 0.15 2.77305 0 8.21366 2.34603 0 -2.16997 0 0 -12.1055 
3.419 1.987 0.1765 0.183725 0 4.43191 0.203738 0 3.26294 0 0 -19.4925 1.234 0.15 2.77539 0 8.21148 2.34603 0 -2.17978 0 0 -12.1055 
3.42 1.987 0.1765 0.183928 0 4.43516 0.203738 0 3.25313 0 0 -19.4925 1.234 0.15 2.77774 0 8.20929 2.34603 0 -2.18959 0 0 -12.1055 
3.421 1.987 0.1765 0.184132 0 4.43841 0.203738 0 3.24332 0 0 -19.4925 1.234 0.15 2.78008 0 8.20709 2.34603 0 -2.1994 0 0 -12.1055 
3.422 1.987 0.1765 0.184336 0 4.44164 0.203738 0 3.23351 0 0 -19.4925 1.234 0.15 2.78243 0 8.20488 2.34603 0 -2.20921 0 0 -12.1055 
3.423 1.987 0.1765 0.18454 0 4.44487 0.203738 0 3.2237 0 0 -19.4925 1.234 0.15 2.78478 0 8.20266 2.34603 0 -2.21902 0 0 -12.1055 
3.424 1.987 0.1765 0.184743 0 4.44808 0.203738 0 3.21389 0 0 -19.4925 1.234 0.15 2.78712 0 8.20043 2.34603 0 -2.22883 0 0 -12.1055 
3.425 1.987 0.1765 0.184947 0 4.45128 0.203738 0 3.20408 0 0 -19.4925 1.234 0.15 2.78947 0 8.19819 2.34603 0 -2.23864 0 0 -12.1055 
3.426 1.987 0.1765 0.185151 0 4.45448 0.203738 0 3.19427 0 0 -19.4925 1.234 0.15 2.79181 0 8.19595 2.34603 0 -2.24845 0 0 -12.1055 
3.427 1.987 0.1765 0.185355 0 4.45766 0.203738 0 3.18446 0 0 -19.4925 1.234 0.15 2.79416 0 8.19369 2.34603 0 -2.25826 0 0 -12.1055 
3.428 1.987 0.1765 0.185558 0 4.46084 0.203738 0 3.17465 0 0 -19.4925 1.234 0.15 2.79651 0 8.19142 2.34603 0 -2.26807 0 0 -12.1055 
3.429 1.987 0.1765 0.185762 0 4.464 0.203738 0 3.16484 0 0 -19.4925 1.234 0.15 2.79885 0 8.18914 2.34603 0 -2.27788 0 0 -12.1055 
3.43 1.987 0.1765 0.185966 0 4.46716 0.203738 0 3.15503 0 0 -19.4925 1.234 0.15 2.8012 0 8.18685 2.34603 0 -2.28769 0 0 -12.1055 
3.431 1.987 0.1765 0.18617 0 4.4703 0.203738 0 3.14522 0 0 -19.4925 1.234 0.15 2.80354 0 8.18456 2.34603 0 -2.2975 0 0 -12.1055 
3.432 1.987 0.1765 0.186373 0 4.47344 0.203738 0 3.13541 0 0 -19.4925 1.234 0.15 2.80589 0 8.18225 2.34603 0 -2.30731 0 0 -12.1055 
3.433 1.987 0.1765 0.186577 0 4.47656 0.203738 0 3.1256 0 0 -19.4925 1.234 0.15 2.80824 0 8.17993 2.34603 0 -2.31712 0 0 -12.1055 
3.434 1.987 0.1765 0.186781 0 4.47968 0.203738 0 3.11579 0 0 -19.4925 1.234 0.15 2.81058 0 8.17761 2.34603 0 -2.32693 0 0 -12.1055 
3.435 1.987 0.1765 0.186985 0 4.48278 0.203738 0 3.10598 0 0 -19.4925 1.234 0.15 2.81293 0 8.17527 2.34603 0 -2.33674 0 0 -12.1055 
3.436 1.987 0.1765 0.187188 0 4.48588 0.203738 0 3.09617 0 0 -19.4925 1.234 0.15 2.81527 0 8.17292 2.34603 0 -2.34655 0 0 -12.1055 
3.437 1.987 0.1765 0.187392 0 4.48897 0.203738 0 3.08636 0 0 -19.4925 1.234 0.15 2.81762 0 8.17057 2.34603 0 -2.35636 0 0 -12.1055 
3.438 1.987 0.1765 0.187596 0 4.49204 0.203738 0 3.07655 0 0 -19.4925 1.234 0.15 2.81997 0 8.1682 2.34603 0 -2.36617 0 0 -12.1055 
3.439 1.987 0.1765 0.187799 0 4.49511 0.203738 0 3.06674 0 0 -19.4925 1.234 0.15 2.82231 0 8.16582 2.34603 0 -2.37598 0 0 -12.1055 
3.44 1.987 0.1765 0.188003 0 4.49817 0.203738 0 3.05693 0 0 -19.4925 1.234 0.15 2.82466 0 8.16344 2.34603 0 -2.38579 0 0 -12.1055 
3.441 1.987 0.1765 0.188207 0 4.50121 0.203738 0 3.04712 0 0 -19.4925 1.234 0.15 2.827 0 8.16104 2.34603 0 -2.3956 0 0 -12.1055 
3.442 1.987 0.1765 0.188411 0 4.50425 0.203738 0 3.03731 0 0 -19.4925 1.234 0.15 2.82935 0 8.15864 2.34603 0 -2.40541 0 0 -12.1055 
3.443 1.987 0.1765 0.188614 0 4.50728 0.203738 0 3.0275 0 0 -19.4925 1.234 0.15 2.8317 0 8.15622 2.34603 0 -2.41522 0 0 -12.1055 
3.444 1.987 0.1765 0.188818 0 4.5103 0.203738 0 3.01769 0 0 -19.4925 1.234 0.15 2.83404 0 8.1538 2.34603 0 -2.42503 0 0 -12.1055 
3.445 1.987 0.1765 0.189022 0 4.5133 0.203738 0 3.00788 0 0 -19.4925 1.234 0.15 2.83639 0 8.15136 2.34603 0 -2.43484 0 0 -12.1055 
3.446 1.987 0.1765 0.189226 0 4.5163 0.203738 0 2.99807 0 0 -19.4925 1.234 0.15 2.83873 0 8.14892 2.34603 0 -2.44465 0 0 -12.1055 
3.447 1.987 0.1765 0.189429 0 4.51929 0.203738 0 2.98826 0 0 -19.4925 1.234 0.15 2.84108 0 8.14646 2.34603 0 -2.45446 0 0 -12.1055 
3.448 1.987 0.1765 0.189633 0 4.52227 0.203738 0 2.97845 0 0 -19.4925 1.234 0.15 2.84343 0 8.144 2.34603 0 -2.46427 0 0 -12.1055 
3.449 1.987 0.1765 0.189837 0 4.52524 0.203738 0 2.96864 0 0 -19.4925 1.234 0.15 2.84577 0 8.14152 2.34603 0 -2.47408 0 0 -12.1055 
3.45 1.987 0.1765 0.190041 0 4.5282 0.203738 0 2.95883 0 0 -19.4925 1.234 0.15 2.84812 0 8.13904 2.34603 0 -2.48389 0 0 -12.1055 
3.451 1.987 0.1765 0.190244 0 4.53115 0.203738 0 2.94902 0 0 -19.4925 1.234 0.15 2.85046 0 8.13655 2.34603 0 -2.4937 0 0 -12.1055 
3.452 1.987 0.1765 0.190448 0 4.53409 0.203738 0 2.93921 0 0 -19.4925 1.234 0.15 2.85281 0 8.13404 2.34603 0 -2.50351 0 0 -12.1055 
3.453 1.987 0.1765 0.190652 0 4.53701 0.203738 0 2.9294 0 0 -19.4925 1.234 0.15 2.85516 0 8.13153 2.34603 0 -2.51332 0 0 -12.1055 
3.454 1.987 0.1765 0.190856 0 4.53993 0.203738 0 2.91959 0 0 -19.4925 1.234 0.15 2.8575 0 8.12901 2.34603 0 -2.52313 0 0 -12.1055 
3.455 1.987 0.1765 0.191059 0 4.54284 0.203738 0 2.90978 0 0 -19.4925 1.234 0.15 2.85985 0 8.12647 2.34603 0 -2.53294 0 0 -12.1055 
3.456 1.987 0.1765 0.191263 0 4.54574 0.203738 0 2.89997 0 0 -19.4925 1.234 0.15 2.86219 0 8.12393 2.34603 0 -2.54275 0 0 -12.1055 
3.457 1.987 0.1765 0.191467 0 4.54863 0.203738 0 2.89016 0 0 -19.4925 1.234 0.15 2.86454 0 8.12138 2.34603 0 -2.55256 0 0 -12.1055 
3.458 1.987 0.1765 0.191671 0 4.55151 0.203738 0 2.88035 0 0 -19.4925 1.234 0.15 2.86689 0 8.11882 2.34603 0 -2.56237 0 0 -12.1055 
3.459 1.987 0.1765 0.191874 0 4.55439 0.203738 0 2.87054 0 0 -19.4925 1.234 0.15 2.86923 0 8.11624 2.34603 0 -2.57218 0 0 -12.1055 
3.46 1.987 0.1765 0.192078 0 4.55725 0.203738 0 2.86073 0 0 -19.4925 1.234 0.15 2.87158 0 8.11366 2.34603 0 -2.58199 0 0 -12.1055 
3.461 1.987 0.1765 0.192282 0 4.5601 0.203738 0 2.85092 0 0 -19.4925 1.234 0.15 2.87392 0 8.11107 2.34603 0 -2.5918 0 0 -12.1055 
3.462 1.987 0.1765 0.192485 0 4.56294 0.203738 0 2.84111 0 0 -19.4925 1.234 0.15 2.87627 0 8.10847 2.34603 0 -2.60161 0 0 -12.1055 
3.463 1.987 0.1765 0.192689 0 4.56577 0.203738 0 2.8313 0 0 -19.4925 1.234 0.15 2.87862 0 8.10586 2.34603 0 -2.61142 0 0 -12.1055 
3.464 1.987 0.1765 0.192893 0 4.56859 0.203738 0 2.82149 0 0 -19.4925 1.234 0.15 2.88096 0 8.10324 2.34603 0 -2.62123 0 0 -12.1055 
3.465 1.987 0.1765 0.193097 0 4.5714 0.203738 0 2.81168 0 0 -19.4925 1.234 0.15 2.88331 0 8.10061 2.34603 0 -2.63104 0 0 -12.1055 
3.466 1.987 0.1765 0.1933 0 4.5742 0.203738 0 2.80187 0 0 -19.4925 1.234 0.15 2.88565 0 8.09796 2.34603 0 -2.64085 0 0 -12.1055 
3.467 1.987 0.1765 0.193504 0 4.577 0.203738 0 2.79206 0 0 -19.4925 1.234 0.15 2.888 0 8.09531 2.34603 0 -2.65066 0 0 -12.1055 
3.468 1.987 0.1765 0.193708 0 4.57978 0.203738 0 2.78225 0 0 -19.4925 1.234 0.15 2.89035 0 8.09265 2.34603 0 -2.66047 0 0 -12.1055 
3.469 1.987 0.1765 0.193912 0 4.58255 0.203738 0 2.77244 0 0 -19.4925 1.234 0.15 2.89269 0 8.08998 2.34603 0 -2.67028 0 0 -12.1055 
3.47 1.987 0.1765 0.194115 0 4.58531 0.203738 0 2.76263 0 0 -19.4925 1.234 0.15 2.89504 0 8.0873 2.34603 0 -2.68009 0 0 -12.1055 
3.471 1.987 0.1765 0.194319 0 4.58807 0.203738 0 2.75282 0 0 -19.4925 1.234 0.15 2.89738 0 8.08461 2.34603 0 -2.6899 0 0 -12.1055 
3.472 1.987 0.1765 0.194523 0 4.59081 0.203738 0 2.74301 0 0 -19.4925 1.234 0.15 2.89973 0 8.08191 2.34603 0 -2.69971 0 0 -12.1055 
3.473 1.987 0.1765 0.194727 0 4.59354 0.203738 0 2.7332 0 0 -19.4925 1.234 0.15 2.90208 0 8.0792 2.34603 0 -2.70952 0 0 -12.1055 
3.474 1.987 0.1765 0.19493 0 4.59627 0.203738 0 2.72339 0 0 -19.4925 1.234 0.15 2.90442 0 8.07648 2.34603 0 -2.71933 0 0 -12.1055 
3.475 1.987 0.1765 0.195134 0 4.59898 0.203738 0 2.71358 0 0 -19.4925 1.234 0.15 2.90677 0 8.07376 2.34603 0 -2.72914 0 0 -12.1055 
3.476 1.987 0.1765 0.195338 0 4.60168 0.203738 0 2.70377 0 0 -19.4925 1.234 0.15 2.90911 0 8.07102 2.34603 0 -2.73895 0 0 -12.1055 
3.477 1.987 0.1765 0.195542 0 4.60438 0.203738 0 2.69396 0 0 -19.4925 1.234 0.15 2.91146 0 8.06827 2.34603 0 -2.74876 0 0 -12.1055 
3.478 1.987 0.1765 0.195745 0 4.60706 0.203738 0 2.68415 0 0 -19.4925 1.234 0.15 2.91381 0 8.06551 2.34603 0 -2.75857 0 0 -12.1055 
3.479 1.987 0.1765 0.195949 0 4.60974 0.203738 0 2.67434 0 0 -19.4925 1.234 0.15 2.91615 0 8.06274 2.34603 0 -2.76838 0 0 -12.1055 
3.48 1.987 0.1765 0.196153 0 4.6124 0.203738 0 2.66453 0 0 -19.4925 1.234 0.15 2.9185 0 8.05996 2.34603 0 -2.77819 0 0 -12.1055 
3.481 1.987 0.1765 0.196356 0 4.61506 0.203738 0 2.65472 0 0 -19.4925 1.234 0.15 2.92085 0 8.05717 2.34603 0 -2.788 0 0 -12.1055 
3.482 1.987 0.1765 0.19656 0 4.6177 0.203738 0 2.64491 0 0 -19.4925 1.234 0.15 2.92319 0 8.05438 2.34603 0 -2.79781 0 0 -12.1055 
3.483 1.987 0.1765 0.196764 0 4.62034 0.203738 0 2.6351 0 0 -19.4925 1.234 0.15 2.92554 0 8.05157 2.34603 0 -2.80762 0 0 -12.1055 
3.484 1.987 0.1765 0.196968 0 4.62296 0.203738 0 2.62529 0 0 -19.4925 1.234 0.15 2.92788 0 8.04875 2.34603 0 -2.81743 0 0 -12.1055 
3.485 1.987 0.1765 0.197171 0 4.62558 0.203738 0 2.61548 0 0 -19.4925 1.234 0.15 2.93023 0 8.04592 2.34603 0 -2.82724 0 0 -12.1055 
3.486 1.987 0.1765 0.197375 0 4.62818 0.203738 0 2.60567 0 0 -19.4925 1.234 0.15 2.93258 0 8.04309 2.34603 0 -2.83705 0 0 -12.1055 
3.487 1.987 0.1765 0.197579 0 4.63078 0.203738 0 2.59586 0 0 -19.4925 1.234 0.15 2.93492 0 8.04024 2.34603 0 -2.84686 0 0 -12.1055 
3.488 1.987 0.1765 0.197783 0 4.63336 0.203738 0 2.58605 0 0 -19.4925 1.234 0.15 2.93727 0 8.03738 2.34603 0 -2.85667 0 0 -12.1055 
3.489 1.987 0.1765 0.197986 0 4.63594 0.203738 0 2.57624 0 0 -19.4925 1.234 0.15 2.93961 0 8.03452 2.34603 0 -2.86648 0 0 -12.1055 
3.49 1.987 0.1765 0.19819 0 4.63851 0.203738 0 2.56643 0 0 -19.4925 1.234 0.15 2.94196 0 8.03164 2.34603 0 -2.87629 0 0 -12.1055 
3.491 1.987 0.1765 0.198394 0 4.64106 0.203738 0 2.55662 0 0 -19.4925 1.234 0.15 2.94431 0 8.02875 2.34603 0 -2.8861 0 0 -12.1055 
3.492 1.987 0.1765 0.198598 0 4.64361 0.203738 0 2.54681 0 0 -19.4925 1.234 0.15 2.94665 0 8.02586 2.34603 0 -2.89591 0 0 -12.1055 
3.493 1.987 0.1765 0.198801 0 4.64615 0.203738 0 2.537 0 0 -19.4925 1.234 0.15 2.949 0 8.02295 2.34603 0 -2.90572 0 0 -12.1055 
3.494 1.987 0.1765 0.199005 0 4.64867 0.203738 0 2.52719 0 0 -19.4925 1.234 0.15 2.95134 0 8.02004 2.34603 0 -2.91553 0 0 -12.1055 
3.495 1.987 0.1765 0.199209 0 4.65119 0.203738 0 2.51738 0 0 -19.4925 1.234 0.15 2.95369 0 8.01711 2.34603 0 -2.92534 0 0 -12.1055 
3.496 1.987 0.1765 0.199413 0 4.6537 0.203738 0 2.50757 0 0 -19.4925 1.234 0.15 2.95604 0 8.01418 2.34603 0 -2.93515 0 0 -12.1055 
3.497 1.987 0.1765 0.199616 0 4.6562 0.203738 0 2.49776 0 0 -19.4925 1.234 0.15 2.95838 0 8.01123 2.34603 0 -2.94496 0 0 -12.1055 
3.498 1.987 0.1765 0.19982 0 4.65868 0.203738 0 2.48795 0 0 -19.4925 1.234 0.15 2.96073 0 8.00828 2.34603 0 -2.95477 0 0 -12.1055 
3.499 1.987 0.1765 0.200024 0 4.66116 0.203738 0 2.47814 0 0 -19.4925 1.234 0.15 2.96307 0 8.00531 2.34603 0 -2.96458 0 0 -12.1055 
3.5 1.987 0.1765 0.200227 0 4.66363 0.203738 0 2.46833 0 0 -19.4925 1.234 0.15 2.96542 0 8.00234 2.34603 0 -2.97439 0 0 -12.1055 
3.501 1.987 0.1765 0.200431 0 4.66609 0.203738 0 2.45852 0 0 -19.4925 1.234 0.15 2.96777 0 7.99935 2.34603 0 -2.9842 0 0 -12.1055 
3.502 1.987 0.1765 0.200635 0 4.66854 0.203738 0 2.44871 0 0 -19.4925 1.234 0.15 2.97011 0 7.99636 2.34603 0 -2.99401 0 0 -12.1055 
3.503 1.987 0.1765 0.200839 0 4.67098 0.203738 0 2.4389 0 0 -19.4925 1.234 0.15 2.97246 0 7.99336 2.34603 0 -3.00382 0 0 -12.1055 
3.504 1.987 0.1765 0.201042 0 4.67341 0.203738 0 2.42909 0 0 -19.4925 1.234 0.15 2.9748 0 7.99034 2.34603 0 -3.01363 0 0 -12.1055 
3.505 1.987 0.1765 0.201246 0 4.67583 0.203738 0 2.41928 0 0 -19.4925 1.234 0.15 2.97715 0 7.98732 2.34603 0 -3.02344 0 0 -12.1055 
3.506 1.987 0.1765 0.20145 0 4.67824 0.203738 0 2.40947 0 0 -19.4925 1.234 0.15 2.9795 0 7.98429 2.34603 0 -3.03325 0 0 -12.1055 
3.507 1.987 0.1765 0.201654 0 4.68063 0.203738 0 2.39966 0 0 -19.4925 1.234 0.15 2.98184 0 7.98124 2.34603 0 -3.04306 0 0 -12.1055 
3.508 1.987 0.1765 0.201857 0 4.68302 0.203738 0 2.38985 0 0 -19.4925 1.234 0.15 2.98419 0 7.97819 2.34603 0 -3.05287 0 0 -12.1055 
3.509 1.987 0.1765 0.202061 0 4.6854 0.203738 0 2.38004 0 0 -19.4925 1.234 0.15 2.98653 0 7.97513 2.34603 0 -3.06268 0 0 -12.1055 
3.51 1.987 0.1765 0.202265 0 4.68777 0.203738 0 2.37023 0 0 -19.4925 1.234 0.15 2.98888 0 7.97206 2.34603 0 -3.07249 0 0 -12.1055 
3.511 1.987 0.1765 0.202469 0 4.69014 0.203738 0 2.36042 0 0 -19.4925 1.234 0.15 2.99123 0 7.96897 2.34603 0 -3.0823 0 0 -12.1055 
3.512 1.987 0.1765 0.202672 0 4.69249 0.203738 0 2.35061 0 0 -19.4925 1.234 0.15 2.99357 0 7.96588 2.34603 0 -3.09211 0 0 -12.1055 
3.513 1.987 0.1765 0.202876 0 4.69483 0.203738 0 2.3408 0 0 -19.4925 1.234 0.15 2.99592 0 7.96278 2.34603 0 -3.10192 0 0 -12.1055 
3.514 1.987 0.1765 0.20308 0 4.69716 0.203738 0 2.33099 0 0 -19.4925 1.234 0.15 2.99826 0 7.95967 2.34603 0 -3.11173 0 0 -12.1055 
3.515 1.987 0.1765 0.203284 0 4.69948 0.203738 0 2.32118 0 0 -19.4925 1.234 0.15 3.00061 0 7.95655 2.34603 0 -3.12154 0 0 -12.1055 
3.516 1.987 0.1765 0.203487 0 4.70179 0.203738 0 2.31137 0 0 -19.4925 1.234 0.15 3.00296 0 7.95341 2.34603 0 -3.13135 0 0 -12.1055 
3.517 1.987 0.1765 0.203691 0 4.70409 0.203738 0 2.30156 0 0 -19.4925 1.234 0.15 3.0053 0 7.95027 2.34603 0 -3.14116 0 0 -12.1055 
3.518 1.987 0.1765 0.203895 0 4.70638 0.203738 0 2.29175 0 0 -19.4925 1.234 0.15 3.00765 0 7.94712 2.34603 0 -3.15097 0 0 -12.1055 
3.519 1.987 0.1765 0.204099 0 4.70867 0.203738 0 2.28194 0 0 -19.4925 1.234 0.15 3.00999 0 7.94396 2.34603 0 -3.16078 0 0 -12.1055 
3.52 1.987 0.1765 0.204302 0 4.71094 0.203738 0 2.27213 0 0 -19.4925 1.234 0.15 3.01234 0 7.94079 2.34603 0 -3.17059 0 0 -12.1055 
3.521 1.987 0.1765 0.204506 0 4.7132 0.203738 0 2.26232 0 0 -19.4925 1.234 0.15 3.01469 0 7.93761 2.34603 0 -3.1804 0 0 -12.1055 
3.522 1.987 0.1765 0.20471 0 4.71545 0.203738 0 2.25251 0 0 -19.4925 1.234 0.15 3.01703 0 7.93442 2.34603 0 -3.19021 0 0 -12.1055 
3.523 1.987 0.1765 0.204913 0 4.7177 0.203738 0 2.2427 0 0 -19.4925 1.234 0.15 3.01938 0 7.93122 2.34603 0 -3.20002 0 0 -12.1055 
3.524 1.987 0.1765 0.205117 0 4.71993 0.203738 0 2.23289 0 0 -19.4925 1.234 0.15 3.02172 0 7.92801 2.34603 0 -3.20983 0 0 -12.1055 
3.525 1.987 0.1765 0.205321 0 4.72215 0.203738 0 2.22308 0 0 -19.4925 1.234 0.15 3.02407 0 7.92479 2.34603 0 -3.21964 0 0 -12.1055 
3.526 1.987 0.1765 0.205525 0 4.72436 0.203738 0 2.21327 0 0 -19.4925 1.234 0.15 3.02642 0 7.92156 2.34603 0 -3.22945 0 0 -12.1055 
3.527 1.987 0.1765 0.205728 0 4.72657 0.203738 0 2.20346 0 0 -19.4925 1.234 0.15 3.02876 0 7.91832 2.34603 0 -3.23926 0 0 -12.1055 
3.528 1.987 0.1765 0.205932 0 4.72876 0.203738 0 2.19365 0 0 -19.4925 1.234 0.15 3.03111 0 7.91507 2.34603 0 -3.24907 0 0 -12.1055 
3.529 1.987 0.1765 0.206136 0 4.73095 0.203738 0 2.18384 0 0 -19.4925 1.234 0.15 3.03345 0 7.91181 2.34603 0 -3.25888 0 0 -12.1055 
3.53 1.987 0.1765 0.20634 0 4.73312 0.203738 0 2.17403 0 0 -19.4925 1.234 0.15 3.0358 0 7.90855 2.34603 0 -3.26869 0 0 -12.1055 
3.531 1.987 0.1765 0.206543 0 4.73528 0.203738 0 2.16422 0 0 -19.4925 1.234 0.15 3.03815 0 7.90527 2.34603 0 -3.2785 0 0 -12.1055 
3.532 1.987 0.1765 0.206747 0 4.73744 0.203738 0 2.15441 0 0 -19.4925 1.234 0.15 3.04049 0 7.90198 2.34603 0 -3.28831 0 0 -12.1055 
3.533 1.987 0.1765 0.206951 0 4.73958 0.203738 0 2.1446 0 0 -19.4925 1.234 0.15 3.04284 0 7.89868 2.34603 0 -3.29812 0 0 -12.1055 
3.534 1.987 0.1765 0.207155 0 4.74172 0.203738 0 2.13479 0 0 -19.4925 1.234 0.15 3.04518 0 7.89537 2.34603 0 -3.30793 0 0 -12.1055 
3.535 1.987 0.1765 0.207358 0 4.74384 0.203738 0 2.12498 0 0 -19.4925 1.234 0.15 3.04753 0 7.89205 2.34603 0 -3.31774 0 0 -12.1055 
3.536 1.987 0.1765 0.207562 0 4.74596 0.203738 0 2.11517 0 0 -19.4925 1.234 0.15 3.04988 0 7.88873 2.34603 0 -3.32755 0 0 -12.1055 
3.537 1.987 0.1765 0.207766 0 4.74806 0.203738 0 2.10536 0 0 -19.4925 1.234 0.15 3.05222 0 7.88539 2.34603 0 -3.33736 0 0 -12.1055 
3.538 1.987 0.1765 0.20797 0 4.75016 0.203738 0 2.09555 0 0 -19.4925 1.234 0.15 3.05457 0 7.88204 2.34603 0 -3.34717 0 0 -12.1055 
3.539 1.987 0.1765 0.208173 0 4.75224 0.203738 0 2.08574 0 0 -19.4925 1.234 0.15 3.05691 0 7.87869 2.34603 0 -3.35698 0 0 -12.1055 
3.54 1.987 0.1765 0.208377 0 4.75432 0.203738 0 2.07593 0 0 -19.4925 1.234 0.15 3.05926 0 7.87532 2.34603 0 -3.36679 0 0 -12.1055 
3.541 1.987 0.1765 0.208581 0 4.75639 0.203738 0 2.06612 0 0 -19.4925 1.234 0.15 3.06161 0 7.87194 2.34603 0 -3.3766 0 0 -12.1055 
3.542 1.987 0.1765 0.208784 0 4.75844 0.203738 0 2.05631 0 0 -19.4925 1.234 0.15 3.06395 0 7.86856 2.34603 0 -3.38641 0 0 -12.1055 
3.543 1.987 0.1765 0.208988 0 4.76049 0.203738 0 2.0465 0 0 -19.4925 1.234 0.15 3.0663 0 7.86516 2.34603 0 -3.39622 0 0 -12.1055 
3.544 1.987 0.1765 0.209192 0 4.76253 0.203738 0 2.03669 0 0 -19.4925 1.234 0.15 3.06864 0 7.86175 2.34603 0 -3.40603 0 0 -12.1055 
3.545 1.987 0.1765 0.209396 0 4.76455 0.203738 0 2.02688 0 0 -19.4925 1.234 0.15 3.07099 0 7.85834 2.34603 0 -3.41584 0 0 -12.1055 
3.546 1.987 0.1765 0.209599 0 4.76657 0.203738 0 2.01707 0 0 -19.4925 1.234 0.15 3.07334 0 7.85491 2.34603 0 -3.42565 0 0 -12.1055 
3.547 1.987 0.1765 0.209803 0 4.76858 0.203738 0 2.00726 0 0 -19.4925 1.234 0.15 3.07568 0 7.85148 2.34603 0 -3.43546 0 0 -12.1055 
3.548 1.987 0.1765 0.210007 0 4.77057 0.203738 0 1.99745 0 0 -19.4925 1.234 0.15 3.07803 0 7.84803 2.34603 0 -3.44527 0 0 -12.1055 
3.549 1.987 0.1765 0.210211 0 4.77256 0.203738 0 1.98764 0 0 -19.4925 1.234 0.15 3.08038 0 7.84458 2.34603 0 -3.45508 0 0 -12.1055 
3.55 1.987 0.1765 0.210414 0 4.77454 0.203738 0 1.97783 0 0 -19.4925 1.234 0.15 3.08272 0 7.84111 2.34603 0 -3.46489 0 0 -12.1055 
3.551 1.987 0.1765 0.210618 0 4.77651 0.203738 0 1.96802 0 0 -19.4925 1.234 0.15 3.08507 0 7.83764 2.34603 0 -3.4747 0 0 -12.1055 
3.552 1.987 0.1765 0.210822 0 4.77847 0.203738 0 1.95821 0 0 -19.4925 1.234 0.15 3.08741 0 7.83415 2.34603 0 -3.48451 0 0 -12.1055 
3.553 1.987 0.1765 0.211026 0 4.78041 0.203738 0 1.9484 0 0 -19.4925 1.234 0.15 3.08976 0 7.83066 2.34603 0 -3.49432 0 0 -12.1055 
3.554 1.987 0.1765 0.211229 0 4.78235 0.203738 0 1.93859 0 0 -19.4925 1.234 0.15 3.09211 0 7.82715 2.34603 0 -3.50413 0 0 -12.1055 
3.555 1.987 0.1765 0.211433 0 4.78428 0.203738 0 1.92878 0 0 -19.4925 1.234 0.15 3.09445 0 7.82364 2.34603 0 -3.51394 0 0 -12.1055 
3.556 1.987 0.1765 0.211637 0 4.7862 0.203738 0 1.91897 0 0 -19.4925 1.234 0.15 3.0968 0 7.82012 2.34603 0 -3.52375 0 0 -12.1055 
3.557 1.987 0.1765 0.211841 0 4.78811 0.203738 0 1.90916 0 0 -19.4925 1.234 0.15 3.09914 0 7.81658 2.34603 0 -3.53356 0 0 -12.1055 
3.558 1.987 0.1765 0.212044 0 4.79001 0.203738 0 1.89935 0 0 -19.4925 1.234 0.15 3.10149 0 7.81304 2.34603 0 -3.54337 0 0 -12.1055 
3.559 1.987 0.1765 0.212248 0 4.7919 0.203738 0 1.88954 0 0 -19.4925 1.234 0.15 3.10384 0 7.80949 2.34603 0 -3.55318 0 0 -12.1055 
3.56 1.987 0.1765 0.212452 0 4.79378 0.203738 0 1.87973 0 0 -19.4925 1.234 0.15 3.10618 0 7.80592 2.34603 0 -3.56299 0 0 -12.1055 
3.561 1.987 0.1765 0.212656 0 4.79565 0.203738 0 1.86992 0 0 -19.4925 1.234 0.15 3.10853 0 7.80235 2.34603 0 -3.5728 0 0 -12.1055 
3.562 1.987 0.1765 0.212859 0 4.79751 0.203738 0 1.86011 0 0 -19.4925 1.234 0.15 3.11087 0 7.79877 2.34603 0 -3.58261 0 0 -12.1055 
3.563 1.987 0.1765 0.213063 0 4.79936 0.203738 0 1.8503 0 0 -19.4925 1.234 0.15 3.11322 0 7.79518 2.34603 0 -3.59242 0 0 -12.1055 
3.564 1.987 0.1765 0.213267 0 4.8012 0.203738 0 1.84049 0 0 -19.4925 1.234 0.15 3.11557 0 7.79157 2.34603 0 -3.60223 0 0 -12.1055 
3.565 1.987 0.1765 0.21347 0 4.80303 0.203738 0 1.83068 0 0 -19.4925 1.234 0.15 3.11791 0 7.78796 2.34603 0 -3.61204 0 0 -12.1055 
3.566 1.987 0.1765 0.213674 0 4.80485 0.203738 0 1.82087 0 0 -19.4925 1.234 0.15 3.12026 0 7.78434 2.34603 0 -3.62185 0 0 -12.1055 
3.567 1.987 0.1765 0.213878 0 4.80666 0.203738 0 1.81106 0 0 -19.4925 1.234 0.15 3.1226 0 7.78071 2.34603 0 -3.63166 0 0 -12.1055 
3.568 1.987 0.1765 0.214082 0 4.80846 0.203738 0 1.80125 0 0 -19.4925 1.234 0.15 3.12495 0 7.77707 2.34603 0 -3.64147 0 0 -12.1055 
3.569 1.987 0.1765 0.214285 0 4.81025 0.203738 0 1.79144 0 0 -19.4925 1.234 0.15 3.1273 0 7.77341 2.34603 0 -3.65128 0 0 -12.1055 
3.57 1.987 0.1765 0.214489 0 4.81204 0.203738 0 1.78163 0 0 -19.4925 1.234 0.15 3.12964 0 7.76975 2.34603 0 -3.66109 0 0 -12.1055 
3.571 1.987 0.1765 0.214693 0 4.81381 0.203738 0 1.77182 0 0 -19.4925 1.234 0.15 3.13199 0 7.76608 2.34603 0 -3.6709 0 0 -12.1055 
3.572 1.987 0.1765 0.214897 0 4.81557 0.203738 0 1.76201 0 0 -19.4925 1.234 0.15 3.13433 0 7.7624 2.34603 0 -3.68071 0 0 -12.1055 
3.573 1.987 0.1765 0.2151 0 4.81732 0.203738 0 1.7522 0 0 -19.4925 1.234 0.15 3.13668 0 7.75871 2.34603 0 -3.69052 0 0 -12.1055 
3.574 1.987 0.1765 0.215304 0 4.81907 0.203738 0 1.74239 0 0 -19.4925 1.234 0.15 3.13903 0 7.75501 2.34603 0 -3.70033 0 0 -12.1055 
3.575 1.987 0.1765 0.215508 0 4.8208 0.203738 0 1.73258 0 0 -19.4925 1.234 0.15 3.14137 0 7.7513 2.34603 0 -3.71014 0 0 -12.1055 
3.576 1.987 0.1765 0.215712 0 4.82252 0.203738 0 1.72277 0 0 -19.4925 1.234 0.15 3.14372 0 7.74758 2.34603 0 -3.71995 0 0 -12.1055 
3.577 1.987 0.1765 0.215915 0 4.82423 0.203738 0 1.71296 0 0 -19.4925 1.234 0.15 3.14606 0 7.74385 2.34603 0 -3.72976 0 0 -12.1055 
3.578 1.987 0.1765 0.216119 0 4.82594 0.203738 0 1.70315 0 0 -19.4925 1.234 0.15 3.14841 0 7.74011 2.34603 0 -3.73957 0 0 -12.1055 
3.579 1.987 0.1765 0.216323 0 4.82763 0.203738 0 1.69334 0 0 -19.4925 1.234 0.15 3.15076 0 7.73636 2.34603 0 -3.74938 0 0 -12.1055 
3.58 1.987 0.1765 0.216527 0 4.82931 0.203738 0 1.68353 0 0 -19.4925 1.234 0.15 3.1531 0 7.7326 2.34603 0 -3.75919 0 0 -12.1055 
3.581 1.987 0.1765 0.21673 0 4.83099 0.203738 0 1.67372 0 0 -19.4925 1.234 0.15 3.15545 0 7.72883 2.34603 0 -3.769 0 0 -12.1055 
3.582 1.987 0.1765 0.216934 0 4.83265 0.203738 0 1.66391 0 0 -19.4925 1.234 0.15 3.15779 0 7.72506 2.34603 0 -3.77881 0 0 -12.1055 
3.583 1.987 0.1765 0.217138 0 4.83431 0.203738 0 1.6541 0 0 -19.4925 1.234 0.15 3.16014 0 7.72127 2.34603 0 -3.78862 0 0 -12.1055 
3.584 1.987 0.1765 0.217341 0 4.83595 0.203738 0 1.64429 0 0 -19.4925 1.234 0.15 3.16249 0 7.71747 2.34603 0 -3.79843 0 0 -12.1055 
3.585 1.987 0.1765 0.217545 0 4.83758 0.203738 0 1.63448 0 0 -19.4925 1.234 0.15 3.16483 0 7.71366 2.34603 0 -3.80824 0 0 -12.1055 
3.586 1.987 0.1765 0.217749 0 4.83921 0.203738 0 1.62467 0 0 -19.4925 1.234 0.15 3.16718 0 7.70984 2.34603 0 -3.81805 0 0 -12.1055 
3.587 1.987 0.1765 0.217953 0 4.84082 0.203738 0 1.61486 0 0 -19.4925 1.234 0.15 3.16952 0 7.70601 2.34603 0 -3.82786 0 0 -12.1055 
3.588 1.987 0.1765 0.218156 0 4.84243 0.203738 0 1.60505 0 0 -19.4925 1.234 0.15 3.17187 0 7.70218 2.34603 0 -3.83767 0 0 -12.1055 
3.589 1.987 0.1765 0.21836 0 4.84402 0.203738 0 1.59524 0 0 -19.4925 1.234 0.15 3.17422 0 7.69833 2.34603 0 -3.84748 0 0 -12.1055 
3.59 1.987 0.1765 0.218564 0 4.84561 0.203738 0 1.58543 0 0 -19.4925 1.234 0.15 3.17656 0 7.69447 2.34603 0 -3.85729 0 0 -12.1055 
3.591 1.987 0.1765 0.218768 0 4.84718 0.203738 0 1.57562 0 0 -19.4925 1.234 0.15 3.17891 0 7.6906 2.34603 0 -3.8671 0 0 -12.1055 
3.592 1.987 0.1765 0.218971 0 4.84875 0.203738 0 1.56581 0 0 -19.4925 1.234 0.15 3.18125 0 7.68673 2.34603 0 -3.87691 0 0 -12.1055 
3.593 1.987 0.1765 0.219175 0 4.85031 0.203738 0 1.556 0 0 -19.4925 1.234 0.15 3.1836 0 7.68284 2.34603 0 -3.88672 0 0 -12.1055 
3.594 1.987 0.1765 0.219379 0 4.85185 0.203738 0 1.54619 0 0 -19.4925 1.234 0.15 3.18595 0 7.67894 2.34603 0 -3.89653 0 0 -12.1055 
3.595 1.987 0.1765 0.219583 0 4.85339 0.203738 0 1.53638 0 0 -19.4925 1.234 0.15 3.18829 0 7.67504 2.34603 0 -3.90634 0 0 -12.1055 
3.596 1.987 0.1765 0.219786 0 4.85492 0.203738 0 1.52657 0 0 -19.4925 1.234 0.15 3.19064 0 7.67112 2.34603 0 -3.91615 0 0 -12.1055 
3.597 1.987 0.1765 0.21999 0 4.85643 0.203738 0 1.51676 0 0 -19.4925 1.234 0.15 3.19298 0 7.6672 2.34603 0 -3.92596 0 0 -12.1055 
3.598 1.987 0.1765 0.220194 0 4.85794 0.203738 0 1.50695 0 0 -19.4925 1.234 0.15 3.19533 0 7.66326 2.34603 0 -3.93577 0 0 -12.1055 
3.599 1.987 0.1765 0.220398 0 4.85944 0.203738 0 1.49714 0 0 -19.4925 1.234 0.15 3.19768 0 7.65931 2.34603 0 -3.94558 0 0 -12.1055 
3.6 1.987 0.1765 0.220601 0 4.86092 0.203738 0 1.48733 0 0 -19.4925 1.234 0.15 3.20002 0 7.65536 2.34603 0 -3.95539 0 0 -12.1055 
3.601 1.987 0.1765 0.220805 0 4.8624 0.203738 0 1.47752 0 0 -19.4925 1.234 0.15 3.20237 0 7.65139 2.34603 0 -3.9652 0 0 -12.1055 
3.602 1.987 0.1765 0.221009 0 4.86387 0.203738 0 1.46771 0 0 -19.4925 1.234 0.15 3.20471 0 7.64742 2.34603 0 -3.97501 0 0 -12.1055 
3.603 1.987 0.1765 0.221213 0 4.86533 0.203738 0 1.4579 0 0 -19.4925 1.234 0.15 3.20706 0 7.64343 2.34603 0 -3.98482 0 0 -12.1055 
3.604 1.987 0.1765 0.221416 0 4.86678 0.203738 0 1.44809 0 0 -19.4925 1.234 0.15 3.20941 0 7.63944 2.34603 0 -3.99463 0 0 -12.1055 
3.605 1.987 0.1765 0.22162 0 4.86821 0.203738 0 1.43828 0 0 -19.4925 1.234 0.15 3.21175 0 7.63544 2.34603 0 -4.00444 0 0 -12.1055 
3.606 1.987 0.1765 0.221824 0 4.86964 0.203738 0 1.42847 0 0 -19.4925 1.234 0.15 3.2141 0 7.63142 2.34603 0 -4.01425 0 0 -12.1055 
3.607 1.987 0.1765 0.222027 0 4.87106 0.203738 0 1.41866 0 0 -19.4925 1.234 0.15 3.21644 0 7.6274 2.34603 0 -4.02406 0 0 -12.1055 
3.608 1.987 0.1765 0.222231 0 4.87247 0.203738 0 1.40885 0 0 -19.4925 1.234 0.15 3.21879 0 7.62336 2.34603 0 -4.03387 0 0 -12.1055 
3.609 1.987 0.1765 0.222435 0 4.87387 0.203738 0 1.39904 0 0 -19.4925 1.234 0.15 3.22114 0 7.61932 2.34603 0 -4.04368 0 0 -12.1055 
3.61 1.987 0.1765 0.222639 0 4.87526 0.203738 0 1.38923 0 0 -19.4925 1.234 0.15 3.22348 0 7.61527 2.34603 0 -4.05349 0 0 -12.1055 
3.611 1.987 0.1765 0.222842 0 4.87664 0.203738 0 1.37942 0 0 -19.4925 1.234 0.15 3.22583 0 7.6112 2.34603 0 -4.0633 0 0 -12.1055 
3.612 1.987 0.1765 0.223046 0 4.87801 0.203738 0 1.36961 0 0 -19.4925 1.234 0.15 3.22817 0 7.60713 2.34603 0 -4.07311 0 0 -12.1055 
3.613 1.987 0.1765 0.22325 0 4.87937 0.203738 0 1.3598 0 0 -19.4925 1.234 0.15 3.23052 0 7.60305 2.34603 0 -4.08292 0 0 -12.1055 
3.614 1.987 0.1765 0.223454 0 4.88072 0.203738 0 1.34999 0 0 -19.4925 1.234 0.15 3.23287 0 7.59895 2.34603 0 -4.09273 0 0 -12.1055 
3.615 1.987 0.1765 0.223657 0 4.88206 0.203738 0 1.34018 0 0 -19.4925 1.234 0.15 3.23521 0 7.59485 2.34603 0 -4.10254 0 0 -12.1055 
3.616 1.987 0.1765 0.223861 0 4.88339 0.203738 0 1.33037 0 0 -19.4925 1.234 0.15 3.23756 0 7.59074 2.34603 0 -4.11235 0 0 -12.1055 
3.617 1.987 0.1765 0.224065 0 4.88471 0.203738 0 1.32056 0 0 -19.4925 1.234 0.15 3.23991 0 7.58662 2.34603 0 -4.12216 0 0 -12.1055 
3.618 1.987 0.1765 0.224269 0 4.88602 0.203738 0 1.31075 0 0 -19.4925 1.234 0.15 3.24225 0 7.58248 2.34603 0 -4.13197 0 0 -12.1055 
3.619 1.987 0.1765 0.224472 0 4.88732 0.203738 0 1.30094 0 0 -19.4925 1.234 0.15 3.2446 0 7.57834 2.34603 0 -4.14178 0 0 -12.1055 
3.62 1.987 0.1765 0.224676 0 4.88861 0.203738 0 1.29113 0 0 -19.4925 1.234 0.15 3.24694 0 7.57419 2.34603 0 -4.15159 0 0 -12.1055 
3.621 1.987 0.1765 0.22488 0 4.88989 0.203738 0 1.28132 0 0 -19.4925 1.234 0.15 3.24929 0 7.57003 2.34603 0 -4.1614 0 0 -12.1055 
3.622 1.987 0.1765 0.225084 0 4.89116 0.203738 0 1.27151 0 0 -19.4925 1.234 0.15 3.25164 0 7.56586 2.34603 0 -4.17121 0 0 -12.1055 
3.623 1.987 0.1765 0.225287 0 4.89243 0.203738 0 1.2617 0 0 -19.4925 1.234 0.15 3.25398 0 7.56168 2.34603 0 -4.18102 0 0 -12.1055 
3.624 1.987 0.1765 0.225491 0 4.89368 0.203738 0 1.25189 0 0 -19.4925 1.234 0.15 3.25633 0 7.55749 2.34603 0 -4.19083 0 0 -12.1055 
3.625 1.987 0.1765 0.225695 0 4.89492 0.203738 0 1.24208 0 0 -19.4925 1.234 0.15 3.25867 0 7.55329 2.34603 0 -4.20064 0 0 -12.1055 
3.626 1.987 0.1765 0.225898 0 4.89615 0.203738 0 1.23227 0 0 -19.4925 1.234 0.15 3.26102 0 7.54908 2.34603 0 -4.21045 0 0 -12.1055 
3.627 1.987 0.1765 0.226102 0 4.89737 0.203738 0 1.22246 0 0 -19.4925 1.234 0.15 3.26337 0 7.54486 2.34603 0 -4.22026 0 0 -12.1055 
3.628 1.987 0.1765 0.226306 0 4.89859 0.203738 0 1.21265 0 0 -19.4925 1.234 0.15 3.26571 0 7.54063 2.34603 0 -4.23007 0 0 -12.1055 
3.629 1.987 0.1765 0.22651 0 4.89979 0.203738 0 1.20284 0 0 -19.4925 1.234 0.15 3.26806 0 7.53639 2.34603 0 -4.23988 0 0 -12.1055 
3.63 1.987 0.1765 0.226713 0 4.90098 0.203738 0 1.19303 0 0 -19.4925 1.234 0.15 3.2704 0 7.53214 2.34603 0 -4.24969 0 0 -12.1055 
3.631 1.987 0.1765 0.226917 0 4.90217 0.203738 0 1.18322 0 0 -19.4925 1.234 0.15 3.27275 0 7.52788 2.34603 0 -4.2595 0 0 -12.1055 
3.632 1.987 0.1765 0.227121 0 4.90334 0.203738 0 1.17341 0 0 -19.4925 1.234 0.15 3.2751 0 7.52361 2.34603 0 -4.26931 0 0 -12.1055 
3.633 1.987 0.1765 0.227325 0 4.9045 0.203738 0 1.1636 0 0 -19.4925 1.234 0.15 3.27744 0 7.51933 2.34603 0 -4.27912 0 0 -12.1055 
3.634 1.987 0.1765 0.227528 0 4.90566 0.203738 0 1.15379 0 0 -19.4925 1.234 0.15 3.27979 0 7.51504 2.34603 0 -4.28893 0 0 -12.1055 
3.635 1.987 0.1765 0.227732 0 4.9068 0.203738 0 1.14398 0 0 -19.4925 1.234 0.15 3.28213 0 7.51074 2.34603 0 -4.29874 0 0 -12.1055 
3.636 1.987 0.1765 0.227936 0 4.90793 0.203738 0 1.13417 0 0 -19.4925 1.234 0.15 3.28448 0 7.50643 2.34603 0 -4.30855 0 0 -12.1055 
3.637 1.987 0.1765 0.22814 0 4.90906 0.203738 0 1.12436 0 0 -19.4925 1.234 0.15 3.28683 0 7.50211 2.34603 0 -4.31836 0 0 -12.1055 
3.638 1.987 0.1765 0.228343 0 4.91017 0.203738 0 1.11455 0 0 -19.4925 1.234 0.15 3.28917 0 7.49779 2.34603 0 -4.32817 0 0 -12.1055 
3.639 1.987 0.1765 0.228547 0 4.91128 0.203738 0 1.10474 0 0 -19.4925 1.234 0.15 3.29152 0 7.49345 2.34603 0 -4.33798 0 0 -12.1055 
3.64 1.987 0.1765 0.228751 0 4.91237 0.203738 0 1.09493 0 0 -19.4925 1.234 0.15 3.29386 0 7.4891 2.34603 0 -4.34779 0 0 -12.1055 
3.641 1.987 0.1765 0.228955 0 4.91346 0.203738 0 1.08512 0 0 -19.4925 1.234 0.15 3.29621 0 7.48474 2.34603 0 -4.3576 0 0 -12.1055 
3.642 1.987 0.1765 0.229158 0 4.91453 0.203738 0 1.07531 0 0 -19.4925 1.234 0.15 3.29856 0 7.48037 2.34603 0 -4.36741 0 0 -12.1055 
3.643 1.987 0.1765 0.229362 0 4.9156 0.203738 0 1.0655 0 0 -19.4925 1.234 0.15 3.3009 0 7.476 2.34603 0 -4.37722 0 0 -12.1055 
3.644 1.987 0.1765 0.229566 0 4.91665 0.203738 0 1.05569 0 0 -19.4925 1.234 0.15 3.30325 0 7.47161 2.34603 0 -4.38703 0 0 -12.1055 
3.645 1.987 0.1765 0.22977 0 4.9177 0.203738 0 1.04588 0 0 -19.4925 1.234 0.15 3.30559 0 7.46721 2.34603 0 -4.39684 0 0 -12.1055 
3.646 1.987 0.1765 0.229973 0 4.91874 0.203738 0 1.03607 0 0 -19.4925 1.234 0.15 3.30794 0 7.46281 2.34603 0 -4.40665 0 0 -12.1055 
3.647 1.987 0.1765 0.230177 0 4.91976 0.203738 0 1.02626 0 0 -19.4925 1.234 0.15 3.31029 0 7.45839 2.34603 0 -4.41646 0 0 -12.1055 
3.648 1.987 0.1765 0.230381 0 4.92078 0.203738 0 1.01645 0 0 -19.4925 1.234 0.15 3.31263 0 7.45396 2.34603 0 -4.42627 0 0 -12.1055 
3.649 1.987 0.1765 0.230584 0 4.92179 0.203738 0 1.00664 0 0 -19.4925 1.234 0.15 3.31498 0 7.44953 2.34603 0 -4.43608 0 0 -12.1055 
3.65 1.987 0.1765 0.230788 0 4.92278 0.203738 0 0.996834 0 0 -19.4925 1.234 0.15 3.31732 0 7.44508 2.34603 0 -4.44589 0 0 -12.1055 
3.651 1.987 0.1765 0.230992 0 4.92377 0.203738 0 0.987024 0 0 -19.4925 1.234 0.15 3.31967 0 7.44063 2.34603 0 -4.4557 0 0 -12.1055 
3.652 1.987 0.1765 0.231196 0 4.92475 0.203738 0 0.977214 0 0 -19.4925 1.234 0.15 3.32202 0 7.43616 2.34603 0 -4.46551 0 0 -12.1055 
3.653 1.987 0.1765 0.231399 0 4.92571 0.203738 0 0.967404 0 0 -19.4925 1.234 0.15 3.32436 0 7.43169 2.34603 0 -4.47532 0 0 -12.1055 
3.654 1.987 0.1765 0.231603 0 4.92667 0.203738 0 0.957594 0 0 -19.4925 1.234 0.15 3.32671 0 7.4272 2.34603 0 -4.48513 0 0 -12.1055 
3.655 1.987 0.1765 0.231807 0 4.92762 0.203738 0 0.947784 0 0 -19.4925 1.234 0.15 3.32905 0 7.42271 2.34603 0 -4.49494 0 0 -12.1055 
3.656 1.987 0.1765 0.232011 0 4.92856 0.203738 0 0.937974 0 0 -19.4925 1.234 0.15 3.3314 0 7.4182 2.34603 0 -4.50475 0 0 -12.1055 
3.657 1.987 0.1765 0.232214 0 4.92949 0.203738 0 0.928164 0 0 -19.4925 1.234 0.15 3.33375 0 7.41369 2.34603 0 -4.51456 0 0 -12.1055 
3.658 1.987 0.1765 0.232418 0 4.9304 0.203738 0 0.918354 0 0 -19.4925 1.234 0.15 3.33609 0 7.40916 2.34603 0 -4.52437 0 0 -12.1055 
3.659 1.987 0.1765 0.232622 0 4.93131 0.203738 0 0.908544 0 0 -19.4925 1.234 0.15 3.33844 0 7.40463 2.34603 0 -4.53418 0 0 -12.1055 
3.66 1.987 0.1765 0.232826 0 4.93221 0.203738 0 0.898734 0 0 -19.4925 1.234 0.15 3.34078 0 7.40008 2.34603 0 -4.54399 0 0 -12.1055 
3.661 1.987 0.1765 0.233029 0 4.9331 0.203738 0 0.888924 0 0 -19.4925 1.234 0.15 3.34313 0 7.39553 2.34603 0 -4.5538 0 0 -12.1055 
3.662 1.987 0.1765 0.233233 0 4.93398 0.203738 0 0.879114 0 0 -19.4925 1.234 0.15 3.34548 0 7.39097 2.34603 0 -4.56361 0 0 -12.1055 
3.663 1.987 0.1765 0.233437 0 4.93485 0.203738 0 0.869304 0 0 -19.4925 1.234 0.15 3.34782 0 7.38639 2.34603 0 -4.57342 0 0 -12.1055 
3.664 1.987 0.1765 0.233641 0 4.93571 0.203738 0 0.859494 0 0 -19.4925 1.234 0.15 3.35017 0 7.38181 2.34603 0 -4.58323 0 0 -12.1055 
3.665 1.987 0.1765 0.233844 0 4.93656 0.203738 0 0.849684 0 0 -19.4925 1.234 0.15 3.35251 0 7.37722 2.34603 0 -4.59304 0 0 -12.1055 
3.666 1.987 0.1765 0.234048 0 4.9374 0.203738 0 0.839874 0 0 -19.4925 1.234 0.15 3.35486 0 7.37261 2.34603 0 -4.60285 0 0 -12.1055 
3.667 1.987 0.1765 0.234252 0 4.93823 0.203738 0 0.830064 0 0 -19.4925 1.234 0.15 3.35721 0 7.368 2.34603 0 -4.61266 0 0 -12.1055 
3.668 1.987 0.1765 0.234455 0 4.93905 0.203738 0 0.820254 0 0 -19.4925 1.234 0.15 3.35955 0 7.36338 2.34603 0 -4.62247 0 0 -12.1055 
3.669 1.987 0.1765 0.234659 0 4.93986 0.203738 0 0.810444 0 0 -19.4925 1.234 0.15 3.3619 0 7.35875 2.34603 0 -4.63228 0 0 -12.1055 
3.67 1.987 0.1765 0.234863 0 4.94066 0.203738 0 0.800634 0 0 -19.4925 1.234 0.15 3.36424 0 7.3541 2.34603 0 -4.64209 0 0 -12.1055 
3.671 1.987 0.1765 0.235067 0 4.94145 0.203738 0 0.790824 0 0 -19.4925 1.234 0.15 3.36659 0 7.34945 2.34603 0 -4.6519 0 0 -12.1055 
3.672 1.987 0.1765 0.23527 0 4.94223 0.203738 0 0.781014 0 0 -19.4925 1.234 0.15 3.36894 0 7.34479 2.34603 0 -4.66171 0 0 -12.1055 
3.673 1.987 0.1765 0.235474 0 4.943 0.203738 0 0.771204 0 0 -19.4925 1.234 0.15 3.37128 0 7.34012 2.34603 0 -4.67152 0 0 -12.1055 
3.674 1.987 0.1765 0.235678 0 4.94376 0.203738 0 0.761394 0 0 -19.4925 1.234 0.15 3.37363 0 7.33544 2.34603 0 -4.68133 0 0 -12.1055 
3.675 1.987 0.1765 0.235882 0 4.94452 0.203738 0 0.751584 0 0 -19.4925 1.234 0.15 3.37597 0 7.33075 2.34603 0 -4.69114 0 0 -12.1055 
3.676 1.987 0.1765 0.236085 0 4.94526 0.203738 0 0.741774 0 0 -19.4925 1.234 0.15 3.37832 0 7.32605 2.34603 0 -4.70095 0 0 -12.1055 
3.677 1.987 0.1765 0.236289 0 4.94599 0.203738 0 0.731964 0 0 -19.4925 1.234 0.15 3.38067 0 7.32133 2.34603 0 -4.71076 0 0 -12.1055 
3.678 1.987 0.1765 0.236493 0 4.94671 0.203738 0 0.722154 0 0 -19.4925 1.234 0.15 3.38301 0 7.31661 2.34603 0 -4.72057 0 0 -12.1055 
3.679 1.987 0.1765 0.236697 0 4.94742 0.203738 0 0.712344 0 0 -19.4925 1.234 0.15 3.38536 0 7.31188 2.34603 0 -4.73038 0 0 -12.1055 
3.68 1.987 0.1765 0.2369 0 4.94813 0.203738 0 0.702534 0 0 -19.4925 1.234 0.15 3.38771 0 7.30714 2.34603 0 -4.74019 0 0 -12.1055 
3.681 1.987 0.1765 0.237104 0 4.94882 0.203738 0 0.692724 0 0 -19.4925 1.234 0.15 3.39005 0 7.30239 2.34603 0 -4.75 0 0 -12.1055 
3.682 1.987 0.1765 0.237308 0 4.9495 0.203738 0 0.682914 0 0 -19.4925 1.234 0.15 3.3924 0 7.29763 2.34603 0 -4.75981 0 0 -12.1055 
3.683 1.987 0.1765 0.237512 0 4.95018 0.203738 0 0.673104 0 0 -19.4925 1.234 0.15 3.39474 0 7.29286 2.34603 0 -4.76962 0 0 -12.1055 
3.684 1.987 0.1765 0.237715 0 4.95084 0.203738 0 0.663294 0 0 -19.4925 1.234 0.15 3.39709 0 7.28808 2.34603 0 -4.77943 0 0 -12.1055 
3.685 1.987 0.1765 0.237919 0 4.95149 0.203738 0 0.653484 0 0 -19.4925 1.234 0.15 3.39944 0 7.2833 2.34603 0 -4.78924 0 0 -12.1055 
3.686 1.987 0.1765 0.238123 0 4.95214 0.203738 0 0.643674 0 0 -19.4925 1.234 0.15 3.40178 0 7.2785 2.34603 0 -4.79905 0 0 -12.1055 
3.687 1.987 0.1765 0.238326 0 4.95277 0.203738 0 0.633864 0 0 -19.4925 1.234 0.15 3.40413 0 7.27369 2.34603 0 -4.80886 0 0 -12.1055 
3.688 1.987 0.1765 0.23853 0 4.95339 0.203738 0 0.624054 0 0 -19.4925 1.234 0.15 3.40647 0 7.26887 2.34603 0 -4.81867 0 0 -12.1055 
3.689 1.987 0.1765 0.238734 0 4.95401 0.203738 0 0.614244 0 0 -19.4925 1.234 0.15 3.40882 0 7.26404 2.34603 0 -4.82848 0 0 -12.1055 
3.69 1.987 0.1765 0.238938 0 4.95461 0.203738 0 0.604434 0 0 -19.4925 1.234 0.15 3.41117 0 7.2592 2.34603 0 -4.83829 0 0 -12.1055 
3.691 1.987 0.1765 0.239141 0 4.95521 0.203738 0 0.594624 0 0 -19.4925 1.234 0.15 3.41351 0 7.25435 2.34603 0 -4.8481 0 0 -12.1055 
3.692 1.987 0.1765 0.239345 0 4.95579 0.203738 0 0.584814 0 0 -19.4925 1.234 0.15 3.41586 0 7.2495 2.34603 0 -4.85791 0 0 -12.1055 
3.693 1.987 0.1765 0.239549 0 4.95637 0.203738 0 0.575004 0 0 -19.4925 1.234 0.15 3.4182 0 7.24463 2.34603 0 -4.86772 0 0 -12.1055 
3.694 1.987 0.1765 0.239753 0 4.95693 0.203738 0 0.565194 0 0 -19.4925 1.234 0.15 3.42055 0 7.23975 2.34603 0 -4.87753 0 0 -12.1055 
3.695 1.987 0.1765 0.239956 0 4.95749 0.203738 0 0.555384 0 0 -19.4925 1.234 0.15 3.4229 0 7.23486 2.34603 0 -4.88734 0 0 -12.1055 
3.696 1.987 0.1765 0.24016 0 4.95803 0.203738 0 0.545574 0 0 -19.4925 1.234 0.15 3.42524 0 7.22997 2.34603 0 -4.89715 0 0 -12.1055 
3.697 1.987 0.1765 0.240364 0 4.95857 0.203738 0 0.535764 0 0 -19.4925 1.234 0.15 3.42759 0 7.22506 2.34603 0 -4.90696 0 0 -12.1055 
3.698 1.987 0.1765 0.240568 0 4.95909 0.203738 0 0.525954 0 0 -19.4925 1.234 0.15 3.42993 0 7.22014 2.34603 0 -4.91677 0 0 -12.1055 
3.699 1.987 0.1765 0.240771 0 4.95961 0.203738 0 0.516144 0 0 -19.4925 1.234 0.15 3.43228 0 7.21522 2.34603 0 -4.92658 0 0 -12.1055 
3.7 1.987 0.1765 0.240975 0 4.96012 0.203738 0 0.506334 0 0 -19.4925 1.234 0.15 3.43463 0 7.21028 2.34603 0 -4.93639 0 0 -12.1055 
3.701 1.987 0.1765 0.241179 0 4.96061 0.203738 0 0.496524 0 0 -19.4925 1.234 0.15 3.43697 0 7.20533 2.34603 0 -4.9462 0 0 -12.1055 
3.702 1.987 0.1765 0.241383 0 4.9611 0.203738 0 0.486714 0 0 -19.4925 1.234 0.15 3.43932 0 7.20038 2.34603 0 -4.95601 0 0 -12.1055 
3.703 1.987 0.1765 0.241586 0 4.96158 0.203738 0 0.476904 0 0 -19.4925 1.234 0.15 3.44166 0 7.19541 2.34603 0 -4.96582 0 0 -12.1055 
3.704 1.987 0.1765 0.24179 0 4.96204 0.203738 0 0.467094 0 0 -19.4925 1.234 0.15 3.44401 0 7.19044 2.34603 0 -4.97563 0 0 -12.1055 
3.705 1.987 0.1765 0.241994 0 4.9625 0.203738 0 0.457284 0 0 -19.4925 1.234 0.15 3.44636 0 7.18545 2.34603 0 -4.98544 0 0 -12.1055 
3.706 1.987 0.1765 0.242198 0 4.96295 0.203738 0 0.447474 0 0 -19.4925 1.234 0.15 3.4487 0 7.18046 2.34603 0 -4.99525 0 0 -12.1055 
3.707 1.987 0.1765 0.242401 0 4.96339 0.203738 0 0.437664 0 0 -19.4925 1.234 0.15 3.45105 0 7.17545 2.34603 0 -5.00506 0 0 -12.1055 
3.708 1.987 0.1765 0.242605 0 4.96381 0.203738 0 0.427854 0 0 -19.4925 1.234 0.15 3.45339 0 7.17044 2.34603 0 -5.01487 0 0 -12.1055 
3.709 1.987 0.1765 0.242809 0 4.96423 0.203738 0 0.418044 0 0 -19.4925 1.234 0.15 3.45574 0 7.16541 2.34603 0 -5.02468 0 0 -12.1055 
3.71 1.987 0.1765 0.243012 0 4.96464 0.203738 0 0.408234 0 0 -19.4925 1.234 0.15 3.45809 0 7.16038 2.34603 0 -5.03449 0 0 -12.1055 
3.711 1.987 0.1765 0.243216 0 4.96504 0.203738 0 0.398424 0 0 -19.4925 1.234 0.15 3.46043 0 7.15533 2.34603 0 -5.0443 0 0 -12.1055 
3.712 1.987 0.1765 0.24342 0 4.96543 0.203738 0 0.388614 0 0 -19.4925 1.234 0.15 3.46278 0 7.15028 2.34603 0 -5.05411 0 0 -12.1055 
3.713 1.987 0.1765 0.243624 0 4.96581 0.203738 0 0.378804 0 0 -19.4925 1.234 0.15 3.46512 0 7.14521 2.34603 0 -5.06392 0 0 -12.1055 
3.714 1.987 0.1765 0.243827 0 4.96618 0.203738 0 0.368994 0 0 -19.4925 1.234 0.15 3.46747 0 7.14014 2.34603 0 -5.07373 0 0 -12.1055 
3.715 1.987 0.1765 0.244031 0 4.96653 0.203738 0 0.359184 0 0 -19.4925 1.234 0.15 3.46982 0 7.13506 2.34603 0 -5.08354 0 0 -12.1055 
3.716 1.987 0.1765 0.244235 0 4.96688 0.203738 0 0.349374 0 0 -19.4925 1.234 0.15 3.47216 0 7.12996 2.34603 0 -5.09335 0 0 -12.1055 
3.717 1.987 0.1765 0.244439 0 4.96722 0.203738 0 0.339564 0 0 -19.4925 1.234 0.15 3.47451 0 7.12486 2.34603 0 -5.10316 0 0 -12.1055 
3.718 1.987 0.1765 0.244642 0 4.96755 0.203738 0 0.329754 0 0 -19.4925 1.234 0.15 3.47685 0 7.11975 2.34603 0 -5.11297 0 0 -12.1055 
3.719 1.987 0.1765 0.244846 0 4.96787 0.203738 0 0.319944 0 0 -19.4925 1.234 0.15 3.4792 0 7.11462 2.34603 0 -5.12278 0 0 -12.1055 
3.72 1.987 0.1765 0.24505 0 4.96818 0.203738 0 0.310134 0 0 -19.4925 1.234 0.15 3.48155 0 7.10949 2.34603 0 -5.13259 0 0 -12.1055 
3.721 1.987 0.1765 0.245254 0 4.96848 0.203738 0 0.300324 0 0 -19.4925 1.234 0.15 3.48389 0 7.10435 2.34603 0 -5.1424 0 0 -12.1055 
3.722 1.987 0.1765 0.245457 0 4.96877 0.203738 0 0.290514 0 0 -19.4925 1.234 0.15 3.48624 0 7.0992 2.34603 0 -5.15221 0 0 -12.1055 
3.723 1.987 0.1765 0.245661 0 4.96906 0.203738 0 0.280704 0 0 -19.4925 1.234 0.15 3.48858 0 7.09404 2.34603 0 -5.16202 0 0 -12.1055 
3.724 1.987 0.1765 0.245865 0 4.96933 0.203738 0 0.270894 0 0 -19.4925 1.234 0.15 3.49093 0 7.08886 2.34603 0 -5.17183 0 0 -12.1055 
3.725 1.987 0.1765 0.246069 0 4.96959 0.203738 0 0.261084 0 0 -19.4925 1.234 0.15 3.49328 0 7.08368 2.34603 0 -5.18164 0 0 -12.1055 
3.726 1.987 0.1765 0.246272 0 4.96984 0.203738 0 0.251274 0 0 -19.4925 1.234 0.15 3.49562 0 7.07849 2.34603 0 -5.19145 0 0 -12.1055 
3.727 1.987 0.1765 0.246476 0 4.97008 0.203738 0 0.241464 0 0 -19.4925 1.234 0.15 3.49797 0 7.07329 2.34603 0 -5.20126 0 0 -12.1055 
3.728 1.987 0.1765 0.24668 0 4.97031 0.203738 0 0.231654 0 0 -19.4925 1.234 0.15 3.50031 0 7.06808 2.34603 0 -5.21107 0 0 -12.1055 
3.729 1.987 0.1765 0.246883 0 4.97053 0.203738 0 0.221844 0 0 -19.4925 1.234 0.15 3.50266 0 7.06286 2.34603 0 -5.22088 0 0 -12.1055 
3.73 1.987 0.1765 0.247087 0 4.97075 0.203738 0 0.212034 0 0 -19.4925 1.234 0.15 3.50501 0 7.05763 2.34603 0 -5.23069 0 0 -12.1055 
3.731 1.987 0.1765 0.247291 0 4.97095 0.203738 0 0.202224 0 0 -19.4925 1.234 0.15 3.50735 0 7.05239 2.34603 0 -5.2405 0 0 -12.1055 
3.732 1.987 0.1765 0.247495 0 4.97114 0.203738 0 0.192414 0 0 -19.4925 1.234 0.15 3.5097 0 7.04714 2.34603 0 -5.25031 0 0 -12.1055 
3.733 1.987 0.1765 0.247698 0 4.97132 0.203738 0 0.182604 0 0 -19.4925 1.234 0.15 3.51204 0 7.04188 2.34603 0 -5.26012 0 0 -12.1055 
3.734 1.987 0.1765 0.247902 0 4.9715 0.203738 0 0.172794 0 0 -19.4925 1.234 0.15 3.51439 0 7.03661 2.34603 0 -5.26993 0 0 -12.1055 
3.735 1.987 0.1765 0.248106 0 4.97166 0.203738 0 0.162984 0 0 -19.4925 1.234 0.15 3.51674 0 7.03133 2.34603 0 -5.27974 0 0 -12.1055 
3.736 1.987 0.1765 0.24831 0 4.97181 0.203738 0 0.153174 0 0 -19.4925 1.234 0.15 3.51908 0 7.02604 2.34603 0 -5.28955 0 0 -12.1055 
3.737 1.987 0.1765 0.248513 0 4.97195 0.203738 0 0.143364 0 0 -19.4925 1.234 0.15 3.52143 0 7.02074 2.34603 0 -5.29936 0 0 -12.1055 
3.738 1.987 0.1765 0.248717 0 4.97209 0.203738 0 0.133554 0 0 -19.4925 1.234 0.15 3.52377 0 7.01543 2.34603 0 -5.30917 0 0 -12.1055 
3.739 1.987 0.1765 0.248921 0 4.97221 0.203738 0 0.123744 0 0 -19.4925 1.234 0.15 3.52612 0 7.01011 2.34603 0 -5.31898 0 0 -12.1055 
3.74 1.987 0.1765 0.249125 0 4.97233 0.203738 0 0.113934 0 0 -19.4925 1.234 0.15 3.52847 0 7.00478 2.34603 0 -5.32879 0 0 -12.1055 
3.741 1.987 0.1765 0.249328 0 4.97243 0.203738 0 0.104124 0 0 -19.4925 1.234 0.15 3.53081 0 6.99944 2.34603 0 -5.3386 0 0 -12.1055 
3.742 1.987 0.1765 0.249532 0 4.97252 0.203738 0 0.0943144 0 0 -19.4925 1.234 0.15 3.53316 0 6.99409 2.34603 0 -5.34841 0 0 -12.1055 
3.743 1.987 0.1765 0.249736 0 4.97261 0.203738 0 0.0845044 0 0 -19.4925 1.234 0.15 3.5355 0 6.98874 2.34603 0 -5.35822 0 0 -12.1055 
3.744 1.987 0.1765 0.24994 0 4.97268 0.203738 0 0.0746944 0 0 -19.4925 1.234 0.15 3.53785 0 6.98337 2.34603 0 -5.36803 0 0 -12.1055 
3.745 1.987 0.1765 0.250143 0 4.97275 0.203738 0 0.0648844 0 0 -19.4925 1.234 0.15 3.5402 0 6.97799 2.34603 0 -5.37784 0 0 -12.1055 
3.746 1.987 0.1765 0.250347 0 4.9728 0.203738 0 0.0550744 0 0 -19.4925 1.234 0.15 3.54254 0 6.9726 2.34603 0 -5.38765 0 0 -12.1055 
3.747 1.987 0.1765 0.250551 0 4.97285 0.203738 0 0.0452644 0 0 -19.4925 1.234 0.15 3.54489 0 6.9672 2.34603 0 -5.39746 0 0 -12.1055 
3.748 1.987 0.1765 0.250755 0 4.97288 0.203738 0 0.0354544 0 0 -19.4925 1.234 0.15 3.54724 0 6.9618 2.34603 0 -5.40727 0 0 -12.1055 
3.749 1.987 0.1765 0.250958 0 4.97291 0.203738 0 0.0256444 0 0 -19.4925 1.234 0.15 3.54958 0 6.95638 2.34603 0 -5.41708 0 0 -12.1055 
3.75 1.987 0.1765 0.251162 0 4.97293 0.203738 0 0.0158344 0 0 -19.4925 1.234 0.15 3.55193 0 6.95095 2.34603 0 -5.42689 0 0 -12.1055 
3.751 1.987 0.1765 0.251366 0 4.97293 0.203738 0 0.00602438 0 0 -19.4925 1.234 0.15 3.55427 0 6.94552 2.34603 0 -5.4367 0 0 -12.1055 
3.752 1.987 0.1765 0.251569 0 4.97293 0.203738 0 -0.00378562 0 0 -19.4925 1.234 0.15 3.55662 0 6.94007 2.34603 0 -5.44651 0 0 -12.1055 
3.753 1.987 0.1765 0.251773 0 4.97291 0.203738 0 -0.0135956 0 0 -19.4925 1.234 0.15 3.55897 0 6.93461 2.34603 0 -5.45632 0 0 -12.1055 
3.754 1.987 0.1765 0.251977 0 4.97289 0.203738 0 -0.0234056 0 0 -19.4925 1.234 0.15 3.56131 0 6.92915 2.34603 0 -5.46613 0 0 -12.1055 
3.755 1.987 0.1765 0.252181 0 4.97286 0.203738 0 -0.0332156 0 0 -19.4925 1.234 0.15 3.56366 0 6.92367 2.34603 0 -5.47594 0 0 -12.1055 
3.756 1.987 0.1765 0.252384 0 4.97281 0.203738 0 -0.0430256 0 0 -19.4925 1.234 0.15 3.566 0 6.91819 2.34603 0 -5.48575 0 0 -12.1055 
3.757 1.987 0.1765 0.252588 0 4.97276 0.203738 0 -0.0528356 0 0 -19.4925 1.234 0.15 3.56835 0 6.91269 2.34603 0 -5.49556 0 0 -12.1055 
3.758 1.987 0.1765 0.252792 0 4.9727 0.203738 0 -0.0626456 0 0 -19.4925 1.234 0.15 3.5707 0 6.90718 2.34603 0 -5.50537 0 0 -12.1055 
3.759 1.987 0.1765 0.252996 0 4.97263 0.203738 0 -0.0724556 0 0 -19.4925 1.234 0.15 3.57304 0 6.90167 2.34603 0 -5.51518 0 0 -12.1055 
3.76 1.987 0.1765 0.253199 0 4.97254 0.203738 0 -0.0822656 0 0 -19.4925 1.234 0.15 3.57539 0 6.89614 2.34603 0 -5.52499 0 0 -12.1055 
3.761 1.987 0.1765 0.253403 0 4.97245 0.203738 0 -0.0920756 0 0 -19.4925 1.234 0.15 3.57773 0 6.89061 2.34603 0 -5.5348 0 0 -12.1055 
3.762 1.987 0.1765 0.253607 0 4.97235 0.203738 0 -0.101886 0 0 -19.4925 1.234 0.15 3.58008 0 6.88507 2.34603 0 -5.54461 0 0 -12.1055 
3.763 1.987 0.1765 0.253811 0 4.97224 0.203738 0 -0.111696 0 0 -19.4925 1.234 0.15 3.58243 0 6.87951 2.34603 0 -5.55442 0 0 -12.1055 
3.764 1.987 0.1765 0.254014 0 4.97212 0.203738 0 -0.121506 0 0 -19.4925 1.234 0.15 3.58477 0 6.87395 2.34603 0 -5.56423 0 0 -12.1055 
3.765 1.987 0.1765 0.254218 0 4.97199 0.203738 0 -0.131316 0 0 -19.4925 1.234 0.15 3.58712 0 6.86837 2.34603 0 -5.57404 0 0 -12.1055 
3.766 1.987 0.1765 0.254422 0 4.97185 0.203738 0 -0.141126 0 0 -19.4925 1.234 0.15 3.58946 0 6.86279 2.34603 0 -5.58385 0 0 -12.1055 
3.767 1.987 0.1765 0.254626 0 4.97169 0.203738 0 -0.150936 0 0 -19.4925 1.234 0.15 3.59181 0 6.85719 2.34603 0 -5.59366 0 0 -12.1055 
3.768 1.987 0.1765 0.254829 0 4.97153 0.203738 0 -0.160746 0 0 -19.4925 1.234 0.15 3.59416 0 6.85159 2.34603 0 -5.60347 0 0 -12.1055 
3.769 1.987 0.1765 0.255033 0 4.97136 0.203738 0 -0.170556 0 0 -19.4925 1.234 0.15 3.5965 0 6.84598 2.34603 0 -5.61328 0 0 -12.1055 
3.77 1.987 0.1765 0.255237 0 4.97118 0.203738 0 -0.180366 0 0 -19.4925 1.234 0.15 3.59885 0 6.84036 2.34603 0 -5.62309 0 0 -12.1055 
3.771 1.987 0.1765 0.25544 0 4.97099 0.203738 0 -0.190176 0 0 -19.4925 1.234 0.15 3.60119 0 6.83472 2.34603 0 -5.6329 0 0 -12.1055 
3.772 1.987 0.1765 0.255644 0 4.97079 0.203738 0 -0.199986 0 0 -19.4925 1.234 0.15 3.60354 0 6.82908 2.34603 0 -5.64271 0 0 -12.1055 
3.773 1.987 0.1765 0.255848 0 4.97058 0.203738 0 -0.209796 0 0 -19.4925 1.234 0.15 3.60589 0 6.82343 2.34603 0 -5.65252 0 0 -12.1055 
3.774 1.987 0.1765 0.256052 0 4.97036 0.203738 0 -0.219606 0 0 -19.4925 1.234 0.15 3.60823 0 6.81776 2.34603 0 -5.66233 0 0 -12.1055 
3.775 1.987 0.1765 0.256255 0 4.97013 0.203738 0 -0.229416 0 0 -19.4925 1.234 0.15 3.61058 0 6.81209 2.34603 0 -5.67214 0 0 -12.1055 
3.776 1.987 0.1765 0.256459 0 4.96989 0.203738 0 -0.239226 0 0 -19.4925 1.234 0.15 3.61292 0 6.80641 2.34603 0 -5.68195 0 0 -12.1055 
3.777 1.987 0.1765 0.256663 0 4.96965 0.203738 0 -0.249036 0 0 -19.4925 1.234 0.15 3.61527 0 6.80072 2.34603 0 -5.69176 0 0 -12.1055 
3.778 1.987 0.1765 0.256867 0 4.96939 0.203738 0 -0.258846 0 0 -19.4925 1.234 0.15 3.61762 0 6.79502 2.34603 0 -5.70157 0 0 -12.1055 
3.779 1.987 0.1765 0.25707 0 4.96912 0.203738 0 -0.268656 0 0 -19.4925 1.234 0.15 3.61996 0 6.78931 2.34603 0 -5.71138 0 0 -12.1055 
3.78 1.987 0.1765 0.257274 0 4.96884 0.203738 0 -0.278466 0 0 -19.4925 1.234 0.15 3.62231 0 6.78358 2.34603 0 -5.72119 0 0 -12.1055 
3.781 1.987 0.1765 0.257478 0 4.96855 0.203738 0 -0.288276 0 0 -19.4925 1.234 0.15 3.62465 0 6.77785 2.34603 0 -5.731 0 0 -12.1055 
3.782 1.987 0.1765 0.257682 0 4.96825 0.203738 0 -0.298086 0 0 -19.4925 1.234 0.15 3.627 0 6.77211 2.34603 0 -5.74081 0 0 -12.1055 
3.783 1.987 0.1765 0.257885 0 4.96795 0.203738 0 -0.307896 0 0 -19.4925 1.234 0.15 3.62935 0 6.76636 2.34603 0 -5.75062 0 0 -12.1055 
3.784 1.987 0.1765 0.258089 0 4.96763 0.203738 0 -0.317706 0 0 -19.4925 1.234 0.15 3.63169 0 6.7606 2.34603 0 -5.76043 0 0 -12.1055 
3.785 1.987 0.1765 0.258293 0 4.9673 0.203738 0 -0.327516 0 0 -19.4925 1.234 0.15 3.63404 0 6.75483 2.34603 0 -5.77024 0 0 -12.1055 
3.786 1.987 0.1765 0.258497 0 4.96696 0.203738 0 -0.337326 0 0 -19.4925 1.234 0.15 3.63638 0 6.74905 2.34603 0 -5.78005 0 0 -12.1055 
3.787 1.987 0.1765 0.2587 0 4.96662 0.203738 0 -0.347136 0 0 -19.4925 1.234 0.15 3.63873 0 6.74326 2.34603 0 -5.78986 0 0 -12.1055 
3.788 1.987 0.1765 0.258904 0 4.96626 0.203738 0 -0.356946 0 0 -19.4925 1.234 0.15 3.64108 0 6.73746 2.34603 0 -5.79967 0 0 -12.1055 
3.789 1.987 0.1765 0.259108 0 4.96589 0.203738 0 -0.366756 0 0 -19.4925 1.234 0.15 3.64342 0 6.73165 2.34603 0 -5.80948 0 0 -12.1055 
3.79 1.987 0.1765 0.259312 0 4.96552 0.203738 0 -0.376566 0 0 -19.4925 1.234 0.15 3.64577 0 6.72583 2.34603 0 -5.81929 0 0 -12.1055 
3.791 1.987 0.1765 0.259515 0 4.96513 0.203738 0 -0.386376 0 0 -19.4925 1.234 0.15 3.64811 0 6.72 2.34603 0 -5.8291 0 0 -12.1055 
3.792 1.987 0.1765 0.259719 0 4.96473 0.203738 0 -0.396186 0 0 -19.4925 1.234 0.15 3.65046 0 6.71417 2.34603 0 -5.83891 0 0 -12.1055 
3.793 1.987 0.1765 0.259923 0 4.96433 0.203738 0 -0.405996 0 0 -19.4925 1.234 0.15 3.65281 0 6.70832 2.34603 0 -5.84872 0 0 -12.1055 
3.794 1.987 0.1765 0.260126 0 4.96391 0.203738 0 -0.415806 0 0 -19.4925 1.234 0.15 3.65515 0 6.70246 2.34603 0 -5.85853 0 0 -12.1055 
3.795 1.987 0.1765 0.26033 0 4.96349 0.203738 0 -0.425616 0 0 -19.4925 1.234 0.15 3.6575 0 6.69659 2.34603 0 -5.86834 0 0 -12.1055 
3.796 1.987 0.1765 0.260534 0 4.96305 0.203738 0 -0.435426 0 0 -19.4925 1.234 0.15 3.65984 0 6.69071 2.34603 0 -5.87815 0 0 -12.1055 
3.797 1.987 0.1765 0.260738 0 4.9626 0.203738 0 -0.445236 0 0 -19.4925 1.234 0.15 3.66219 0 6.68482 2.34603 0 -5.88796 0 0 -12.1055 
3.798 1.987 0.1765 0.260941 0 4.96215 0.203738 0 -0.455046 0 0 -19.4925 1.234 0.15 3.66454 0 6.67893 2.34603 0 -5.89777 0 0 -12.1055 
3.799 1.987 0.1765 0.261145 0 4.96168 0.203738 0 -0.464856 0 0 -19.4925 1.234 0.15 3.66688 0 6.67302 2.34603 0 -5.90758 0 0 -12.1055 
3.8 1.987 0.1765 0.261349 0 4.96121 0.203738 0 -0.474666 0 0 -19.4925 1.234 0.15 3.66923 0 6.6671 2.34603 0 -5.91739 0 0 -12.1055 
3.801 1.987 0.1765 0.261553 0 4.96073 0.203738 0 -0.484476 0 0 -19.4925 1.234 0.15 3.67157 0 6.66117 2.34603 0 -5.9272 0 0 -12.1055 
3.802 1.987 0.1765 0.261756 0 4.96023 0.203738 0 -0.494286 0 0 -19.4925 1.234 0.15 3.67392 0 6.65524 2.34603 0 -5.93701 0 0 -12.1055 
3.803 1.987 0.1765 0.26196 0 4.95973 0.203738 0 -0.504096 0 0 -19.4925 1.234 0.15 3.67627 0 6.64929 2.34603 0 -5.94682 0 0 -12.1055 
3.804 1.987 0.1765 0.262164 0 4.95921 0.203738 0 -0.513906 0 0 -19.4925 1.234 0.15 3.67861 0 6.64333 2.34603 0 -5.95663 0 0 -12.1055 
3.805 1.987 0.1765 0.262368 0 4.95869 0.203738 0 -0.523716 0 0 -19.4925 1.234 0.15 3.68096 0 6.63737 2.34603 0 -5.96644 0 0 -12.1055 
3.806 1.987 0.1765 0.262571 0 4.95816 0.203738 0 -0.533526 0 0 -19.4925 1.234 0.15 3.6833 0 6.63139 2.34603 0 -5.97625 0 0 -12.1055 
3.807 1.987 0.1765 0.262775 0 4.95761 0.203738 0 -0.543336 0 0 -19.4925 1.234 0.15 3.68565 0 6.6254 2.34603 0 -5.98606 0 0 -12.1055 
3.808 1.987 0.1765 0.262979 0 4.95706 0.203738 0 -0.553146 0 0 -19.4925 1.234 0.15 3.688 0 6.61941 2.34603 0 -5.99587 0 0 -12.1055 
3.809 1.987 0.1765 0.263183 0 4.9565 0.203738 0 -0.562956 0 0 -19.4925 1.234 0.15 3.69034 0 6.6134 2.34603 0 -6.00568 0 0 -12.1055 
3.81 1.987 0.1765 0.263386 0 4.95592 0.203738 0 -0.572766 0 0 -19.4925 1.234 0.15 3.69269 0 6.60739 2.34603 0 -6.01549 0 0 -12.1055 
3.811 1.987 0.1765 0.26359 0 4.95534 0.203738 0 -0.582576 0 0 -19.4925 1.234 0.15 3.69503 0 6.60136 2.34603 0 -6.0253 0 0 -12.1055 
3.812 1.987 0.1765 0.263794 0 4.95475 0.203738 0 -0.592386 0 0 -19.4925 1.234 0.15 3.69738 0 6.59533 2.34603 0 -6.03511 0 0 -12.1055 
3.813 1.987 0.1765 0.263997 0 4.95415 0.203738 0 -0.602196 0 0 -19.4925 1.234 0.15 3.69973 0 6.58928 2.34603 0 -6.04492 0 0 -12.1055 
3.814 1.987 0.1765 0.264201 0 4.95353 0.203738 0 -0.612006 0 0 -19.4925 1.234 0.15 3.70207 0 6.58323 2.34603 0 -6.05473 0 0 -12.1055 
3.815 1.987 0.1765 0.264405 0 4.95291 0.203738 0 -0.621816 0 0 -19.4925 1.234 0.15 3.70442 0 6.57716 2.34603 0 -6.06454 0 0 -12.1055 
3.816 1.987 0.1765 0.264609 0 4.95228 0.203738 0 -0.631626 0 0 -19.4925 1.234 0.15 3.70677 0 6.57109 2.34603 0 -6.07435 0 0 -12.1055 
3.817 1.987 0.1765 0.264812 0 4.95164 0.203738 0 -0.641436 0 0 -19.4925 1.234 0.15 3.70911 0 6.565 2.34603 0 -6.08416 0 0 -12.1055 
3.818 1.987 0.1765 0.265016 0 4.95099 0.203738 0 -0.651246 0 0 -19.4925 1.234 0.15 3.71146 0 6.55891 2.34603 0 -6.09397 0 0 -12.1055 
3.819 1.987 0.1765 0.26522 0 4.95033 0.203738 0 -0.661056 0 0 -19.4925 1.234 0.15 3.7138 0 6.55281 2.34603 0 -6.10378 0 0 -12.1055 
3.82 1.987 0.1765 0.265424 0 4.94966 0.203738 0 -0.670866 0 0 -19.4925 1.234 0.15 3.71615 0 6.54669 2.34603 0 -6.11359 0 0 -12.1055 
3.821 1.987 0.1765 0.265627 0 4.94898 0.203738 0 -0.680676 0 0 -19.4925 1.234 0.15 3.7185 0 6.54057 2.34603 0 -6.1234 0 0 -12.1055 
3.822 1.987 0.1765 0.265831 0 4.94829 0.203738 0 -0.690486 0 0 -19.4925 1.234 0.15 3.72084 0 6.53444 2.34603 0 -6.13321 0 0 -12.1055 
3.823 1.987 0.1765 0.266035 0 4.94759 0.203738 0 -0.700296 0 0 -19.4925 1.234 0.15 3.72319 0 6.52829 2.34603 0 -6.14302 0 0 -12.1055 
3.824 1.987 0.1765 0.266239 0 4.94687 0.203738 0 -0.710106 0 0 -19.4925 1.234 0.15 3.72553 0 6.52214 2.34603 0 -6.15283 0 0 -12.1055 
3.825 1.987 0.1765 0.266442 0 4.94615 0.203738 0 -0.719916 0 0 -19.4925 1.234 0.15 3.72788 0 6.51598 2.34603 0 -6.16264 0 0 -12.1055 
3.826 1.987 0.1765 0.266646 0 4.94543 0.203738 0 -0.729726 0 0 -19.4925 1.234 0.15 3.73023 0 6.50981 2.34603 0 -6.17245 0 0 -12.1055 
3.827 1.987 0.1765 0.26685 0 4.94469 0.203738 0 -0.739536 0 0 -19.4925 1.234 0.15 3.73257 0 6.50362 2.34603 0 -6.18226 0 0 -12.1055 
3.828 1.987 0.1765 0.267054 0 4.94394 0.203738 0 -0.749346 0 0 -19.4925 1.234 0.15 3.73492 0 6.49743 2.34603 0 -6.19207 0 0 -12.1055 
3.829 1.987 0.1765 0.267257 0 4.94318 0.203738 0 -0.759156 0 0 -19.4925 1.234 0.15 3.73726 0 6.49123 2.34603 0 -6.20188 0 0 -12.1055 
3.83 1.987 0.1765 0.267461 0 4.94241 0.203738 0 -0.768966 0 0 -19.4925 1.234 0.15 3.73961 0 6.48502 2.34603 0 -6.21169 0 0 -12.1055 
3.831 1.987 0.1765 0.267665 0 4.94163 0.203738 0 -0.778776 0 0 -19.4925 1.234 0.15 3.74196 0 6.4788 2.34603 0 -6.2215 0 0 -12.1055 
3.832 1.987 0.1765 0.267869 0 4.94084 0.203738 0 -0.788586 0 0 -19.4925 1.234 0.15 3.7443 0 6.47256 2.34603 0 -6.23131 0 0 -12.1055 
3.833 1.987 0.1765 0.268072 0 4.94004 0.203738 0 -0.798396 0 0 -19.4925 1.234 0.15 3.74665 0 6.46632 2.34603 0 -6.24112 0 0 -12.1055 
3.834 1.987 0.1765 0.268276 0 4.93923 0.203738 0 -0.808206 0 0 -19.4925 1.234 0.15 3.74899 0 6.46007 2.34603 0 -6.25093 0 0 -12.1055 
3.835 1.987 0.1765 0.26848 0 4.93842 0.203738 0 -0.818016 0 0 -19.4925 1.234 0.15 3.75134 0 6.45381 2.34603 0 -6.26074 0 0 -12.1055 
3.836 1.987 0.1765 0.268683 0 4.93759 0.203738 0 -0.827826 0 0 -19.4925 1.234 0.15 3.75369 0 6.44754 2.34603 0 -6.27055 0 0 -12.1055 
3.837 1.987 0.1765 0.268887 0 4.93675 0.203738 0 -0.837636 0 0 -19.4925 1.234 0.15 3.75603 0 6.44126 2.34603 0 -6.28036 0 0 -12.1055 
3.838 1.987 0.1765 0.269091 0 4.9359 0.203738 0 -0.847446 0 0 -19.4925 1.234 0.15 3.75838 0 6.43497 2.34603 0 -6.29017 0 0 -12.1055 
3.839 1.987 0.1765 0.269295 0 4.93505 0.203738 0 -0.857256 0 0 -19.4925 1.234 0.15 3.76072 0 6.42867 2.34603 0 -6.29998 0 0 -12.1055 
3.84 1.987 0.1765 0.269498 0 4.93418 0.203738 0 -0.867066 0 0 -19.4925 1.234 0.15 3.76307 0 6.42236 2.34603 0 -6.30979 0 0 -12.1055 
3.841 1.987 0.1765 0.269702 0 4.9333 0.203738 0 -0.876876 0 0 -19.4925 1.234 0.15 3.76542 0 6.41604 2.34603 0 -6.3196 0 0 -12.1055 
3.842 1.987 0.1765 0.269906 0 4.93242 0.203738 0 -0.886686 0 0 -19.4925 1.234 0.15 3.76776 0 6.40971 2.34603 0 -6.32941 0 0 -12.1055 
3.843 1.987 0.1765 0.27011 0 4.93152 0.203738 0 -0.896496 0 0 -19.4925 1.234 0.15 3.77011 0 6.40337 2.34603 0 -6.33922 0 0 -12.1055 
3.844 1.987 0.1765 0.270313 0 4.93061 0.203738 0 -0.906306 0 0 -19.4925 1.234 0.15 3.77245 0 6.39702 2.34603 0 -6.34903 0 0 -12.1055 
3.845 1.987 0.1765 0.270517 0 4.9297 0.203738 0 -0.916116 0 0 -19.4925 1.234 0.15 3.7748 0 6.39066 2.34603 0 -6.35884 0 0 -12.1055 
3.846 1.987 0.1765 0.270721 0 4.92877 0.203738 0 -0.925926 0 0 -19.4925 1.234 0.15 3.77715 0 6.3843 2.34603 0 -6.36865 0 0 -12.1055 
3.847 1.987 0.1765 0.270925 0 4.92783 0.203738 0 -0.935736 0 0 -19.4925 1.234 0.15 3.77949 0 6.37792 2.34603 0 -6.37846 0 0 -12.1055 
3.848 1.987 0.1765 0.271128 0 4.92689 0.203738 0 -0.945546 0 0 -19.4925 1.234 0.15 3.78184 0 6.37153 2.34603 0 -6.38827 0 0 -12.1055 
3.849 1.987 0.1765 0.271332 0 4.92593 0.203738 0 -0.955356 0 0 -19.4925 1.234 0.15 3.78418 0 6.36513 2.34603 0 -6.39808 0 0 -12.1055 
3.85 1.987 0.1765 0.271536 0 4.92497 0.203738 0 -0.965166 0 0 -19.4925 1.234 0.15 3.78653 0 6.35872 2.34603 0 -6.40789 0 0 -12.1055 
3.851 1.987 0.1765 0.27174 0 4.92399 0.203738 0 -0.974976 0 0 -19.4925 1.234 0.15 3.78888 0 6.35231 2.34603 0 -6.4177 0 0 -12.1055 
3.852 1.987 0.1765 0.271943 0 4.92301 0.203738 0 -0.984786 0 0 -19.4925 1.234 0.15 3.79122 0 6.34588 2.34603 0 -6.42751 0 0 -12.1055 
3.853 1.987 0.1765 0.272147 0 4.92201 0.203738 0 -0.994596 0 0 -19.4925 1.234 0.15 3.79357 0 6.33944 2.34603 0 -6.43732 0 0 -12.1055 
3.854 1.987 0.1765 0.272351 0 4.92101 0.203738 0 -1.00441 0 0 -19.4925 1.234 0.15 3.79591 0 6.33299 2.34603 0 -6.44713 0 0 -12.1055 
3.855 1.987 0.1765 0.272554 0 4.92 0.203738 0 -1.01422 0 0 -19.4925 1.234 0.15 3.79826 0 6.32654 2.34603 0 -6.45694 0 0 -12.1055 
3.856 1.987 0.1765 0.272758 0 4.91897 0.203738 0 -1.02403 0 0 -19.4925 1.234 0.15 3.80061 0 6.32007 2.34603 0 -6.46675 0 0 -12.1055 
3.857 1.987 0.1765 0.272962 0 4.91794 0.203738 0 -1.03384 0 0 -19.4925 1.234 0.15 3.80295 0 6.31359 2.34603 0 -6.47656 0 0 -12.1055 
3.858 1.987 0.1765 0.273166 0 4.91689 0.203738 0 -1.04365 0 0 -19.4925 1.234 0.15 3.8053 0 6.30711 2.34603 0 -6.48637 0 0 -12.1055 
3.859 1.987 0.1765 0.273369 0 4.91584 0.203738 0 -1.05346 0 0 -19.4925 1.234 0.15 3.80764 0 6.30061 2.34603 0 -6.49618 0 0 -12.1055 
3.86 1.987 0.1765 0.273573 0 4.91478 0.203738 0 -1.06327 0 0 -19.4925 1.234 0.15 3.80999 0 6.29411 2.34603 0 -6.50599 0 0 -12.1055 
3.861 1.987 0.1765 0.273777 0 4.9137 0.203738 0 -1.07308 0 0 -19.4925 1.234 0.15 3.81234 0 6.28759 2.34603 0 -6.5158 0 0 -12.1055 
3.862 1.987 0.1765 0.273981 0 4.91262 0.203738 0 -1.08289 0 0 -19.4925 1.234 0.15 3.81468 0 6.28106 2.34603 0 -6.52561 0 0 -12.1055 
3.863 1.987 0.1765 0.274184 0 4.91153 0.203738 0 -1.0927 0 0 -19.4925 1.234 0.15 3.81703 0 6.27453 2.34603 0 -6.53542 0 0 -12.1055 
3.864 1.987 0.1765 0.274388 0 4.91043 0.203738 0 -1.10251 0 0 -19.4925 1.234 0.15 3.81937 0 6.26798 2.34603 0 -6.54523 0 0 -12.1055 
3.865 1.987 0.1765 0.274592 0 4.90931 0.203738 0 -1.11232 0 0 -19.4925 1.234 0.15 3.82172 0 6.26143 2.34603 0 -6.55504 0 0 -12.1055 
3.866 1.987 0.1765 0.274796 0 4.90819 0.203738 0 -1.12213 0 0 -19.4925 1.234 0.15 3.82407 0 6.25486 2.34603 0 -6.56485 0 0 -12.1055 
3.867 1.987 0.1765 0.274999 0 4.90706 0.203738 0 -1.13194 0 0 -19.4925 1.234 0.15 3.82641 0 6.24829 2.34603 0 -6.57466 0 0 -12.1055 
3.868 1.987 0.1765 0.275203 0 4.90592 0.203738 0 -1.14175 0 0 -19.4925 1.234 0.15 3.82876 0 6.2417 2.34603 0 -6.58447 0 0 -12.1055 
3.869 1.987 0.1765 0.275407 0 4.90477 0.203738 0 -1.15156 0 0 -19.4925 1.234 0.15 3.8311 0 6.23511 2.34603 0 -6.59428 0 0 -12.1055 
3.87 1.987 0.1765 0.275611 0 4.90361 0.203738 0 -1.16137 0 0 -19.4925 1.234 0.15 3.83345 0 6.22851 2.34603 0 -6.60409 0 0 -12.1055 
3.871 1.987 0.1765 0.275814 0 4.90243 0.203738 0 -1.17118 0 0 -19.4925 1.234 0.15 3.8358 0 6.22189 2.34603 0 -6.6139 0 0 -12.1055 
3.872 1.987 0.1765 0.276018 0 4.90125 0.203738 0 -1.18099 0 0 -19.4925 1.234 0.15 3.83814 0 6.21527 2.34603 0 -6.62371 0 0 -12.1055 
3.873 1.987 0.1765 0.276222 0 4.90006 0.203738 0 -1.1908 0 0 -19.4925 1.234 0.15 3.84049 0 6.20863 2.34603 0 -6.63352 0 0 -12.1055 
3.874 1.987 0.1765 0.276425 0 4.89886 0.203738 0 -1.20061 0 0 -19.4925 1.234 0.15 3.84283 0 6.20199 2.34603 0 -6.64333 0 0 -12.1055 
3.875 1.987 0.1765 0.276629 0 4.89765 0.203738 0 -1.21042 0 0 -19.4925 1.234 0.15 3.84518 0 6.19534 2.34603 0 -6.65314 0 0 -12.1055 
3.876 1.987 0.1765 0.276833 0 4.89643 0.203738 0 -1.22023 0 0 -19.4925 1.234 0.15 3.84753 0 6.18868 2.34603 0 -6.66295 0 0 -12.1055 
3.877 1.987 0.1765 0.277037 0 4.8952 0.203738 0 -1.23004 0 0 -19.4925 1.234 0.15 3.84987 0 6.182 2.34603 0 -6.67276 0 0 -12.1055 
3.878 1.987 0.1765 0.27724 0 4.89396 0.203738 0 -1.23985 0 0 -19.4925 1.234 0.15 3.85222 0 6.17532 2.34603 0 -6.68257 0 0 -12.1055 
3.879 1.987 0.1765 0.277444 0 4.89271 0.203738 0 -1.24966 0 0 -19.4925 1.234 0.15 3.85456 0 6.16863 2.34603 0 -6.69238 0 0 -12.1055 
3.88 1.987 0.1765 0.277648 0 4.89145 0.203738 0 -1.25947 0 0 -19.4925 1.234 0.15 3.85691 0 6.16193 2.34603 0 -6.70219 0 0 -12.1055 
3.881 1.987 0.1765 0.277852 0 4.89018 0.203738 0 -1.26928 0 0 -19.4925 1.234 0.15 3.85926 0 6.15521 2.34603 0 -6.712 0 0 -12.1055 
3.882 1.987 0.1765 0.278055 0 4.8889 0.203738 0 -1.27909 0 0 -19.4925 1.234 0.15 3.8616 0 6.14849 2.34603 0 -6.72181 0 0 -12.1055 
3.883 1.987 0.1765 0.278259 0 4.88761 0.203738 0 -1.2889 0 0 -19.4925 1.234 0.15 3.86395 0 6.14176 2.34603 0 -6.73162 0 0 -12.1055 
3.884 1.987 0.1765 0.278463 0 4.88632 0.203738 0 -1.29871 0 0 -19.4925 1.234 0.15 3.8663 0 6.13502 2.34603 0 -6.74143 0 0 -12.1055 
3.885 1.987 0.1765 0.278667 0 4.88501 0.203738 0 -1.30852 0 0 -19.4925 1.234 0.15 3.86864 0 6.12827 2.34603 0 -6.75124 0 0 -12.1055 
3.886 1.987 0.1765 0.27887 0 4.88369 0.203738 0 -1.31833 0 0 -19.4925 1.234 0.15 3.87099 0 6.12151 2.34603 0 -6.76105 0 0 -12.1055 
3.887 1.987 0.1765 0.279074 0 4.88236 0.203738 0 -1.32814 0 0 -19.4925 1.234 0.15 3.87333 0 6.11474 2.34603 0 -6.77086 0 0 -12.1055 
3.888 1.987 0.1765 0.279278 0 4.88102 0.203738 0 -1.33795 0 0 -19.4925 1.234 0.15 3.87568 0 6.10795 2.34603 0 -6.78067 0 0 -12.1055 
3.889 1.987 0.1765 0.279482 0 4.87968 0.203738 0 -1.34776 0 0 -19.4925 1.234 0.15 3.87803 0 6.10116 2.34603 0 -6.79048 0 0 -12.1055 
3.89 1.987 0.1765 0.279685 0 4.87832 0.203738 0 -1.35757 0 0 -19.4925 1.234 0.15 3.88037 0 6.09436 2.34603 0 -6.80029 0 0 -12.1055 
3.891 1.987 0.1765 0.279889 0 4.87695 0.203738 0 -1.36738 0 0 -19.4925 1.234 0.15 3.88272 0 6.08755 2.34603 0 -6.8101 0 0 -12.1055 
3.892 1.987 0.1765 0.280093 0 4.87557 0.203738 0 -1.37719 0 0 -19.4925 1.234 0.15 3.88506 0 6.08073 2.34603 0 -6.81991 0 0 -12.1055 
3.893 1.987 0.1765 0.280297 0 4.87419 0.203738 0 -1.387 0 0 -19.4925 1.234 0.15 3.88741 0 6.0739 2.34603 0 -6.82972 0 0 -12.1055 
3.894 1.987 0.1765 0.2805 0 4.87279 0.203738 0 -1.39681 0 0 -19.4925 1.234 0.15 3.88976 0 6.06706 2.34603 0 -6.83953 0 0 -12.1055 
3.895 1.987 0.1765 0.280704 0 4.87138 0.203738 0 -1.40662 0 0 -19.4925 1.234 0.15 3.8921 0 6.06022 2.34603 0 -6.84934 0 0 -12.1055 
3.896 1.987 0.1765 0.280908 0 4.86997 0.203738 0 -1.41643 0 0 -19.4925 1.234 0.15 3.89445 0 6.05336 2.34603 0 -6.85915 0 0 -12.1055 
3.897 1.987 0.1765 0.281111 0 4.86854 0.203738 0 -1.42624 0 0 -19.4925 1.234 0.15 3.89679 0 6.04649 2.34603 0 -6.86896 0 0 -12.1055 
3.898 1.987 0.1765 0.281315 0 4.8671 0.203738 0 -1.43605 0 0 -19.4925 1.234 0.15 3.89914 0 6.03961 2.34603 0 -6.87877 0 0 -12.1055 
3.899 1.987 0.1765 0.281519 0 4.86566 0.203738 0 -1.44586 0 0 -19.4925 1.234 0.15 3.90149 0 6.03272 2.34603 0 -6.88858 0 0 -12.1055 
3.9 1.987 0.1765 0.281723 0 4.8642 0.203738 0 -1.45567 0 0 -19.4925 1.234 0.15 3.90383 0 6.02582 2.34603 0 -6.89839 0 0 -12.1055 
3.901 1.987 0.1765 0.281926 0 4.86274 0.203738 0 -1.46548 0 0 -19.4925 1.234 0.15 3.90618 0 6.01891 2.34603 0 -6.9082 0 0 -12.1055 
3.902 1.987 0.1765 0.28213 0 4.86126 0.203738 0 -1.47529 0 0 -19.4925 1.234 0.15 3.90852 0 6.012 2.34603 0 -6.91801 0 0 -12.1055 
3.903 1.987 0.1765 0.282334 0 4.85978 0.203738 0 -1.4851 0 0 -19.4925 1.234 0.15 3.91087 0 6.00507 2.34603 0 -6.92782 0 0 -12.1055 
3.904 1.987 0.1765 0.282538 0 4.85828 0.203738 0 -1.49491 0 0 -19.4925 1.234 0.15 3.91322 0 5.99813 2.34603 0 -6.93763 0 0 -12.1055 
3.905 1.987 0.1765 0.282741 0 4.85678 0.203738 0 -1.50472 0 0 -19.4925 1.234 0.15 3.91556 0 5.99118 2.34603 0 -6.94744 0 0 -12.1055 
3.906 1.987 0.1765 0.282945 0 4.85526 0.203738 0 -1.51453 0 0 -19.4925 1.234 0.15 3.91791 0 5.98423 2.34603 0 -6.95725 0 0 -12.1055 
3.907 1.987 0.1765 0.283149 0 4.85374 0.203738 0 -1.52434 0 0 -19.4925 1.234 0.15 3.92025 0 5.97726 2.34603 0 -6.96706 0 0 -12.1055 
3.908 1.987 0.1765 0.283353 0 4.8522 0.203738 0 -1.53415 0 0 -19.4925 1.234 0.15 3.9226 0 5.97028 2.34603 0 -6.97687 0 0 -12.1055 
3.909 1.987 0.1765 0.283556 0 4.85066 0.203738 0 -1.54396 0 0 -19.4925 1.234 0.15 3.92495 0 5.96329 2.34603 0 -6.98668 0 0 -12.1055 
3.91 1.987 0.1765 0.28376 0 4.84911 0.203738 0 -1.55377 0 0 -19.4925 1.234 0.15 3.92729 0 5.9563 2.34603 0 -6.99649 0 0 -12.1055 
3.911 1.987 0.1765 0.283964 0 4.84754 0.203738 0 -1.56358 0 0 -19.4925 1.234 0.15 3.92964 0 5.94929 2.34603 0 -7.0063 0 0 -12.1055 
3.912 1.987 0.1765 0.284168 0 4.84597 0.203738 0 -1.57339 0 0 -19.4925 1.234 0.15 3.93198 0 5.94228 2.34603 0 -7.01611 0 0 -12.1055 
3.913 1.987 0.1765 0.284371 0 4.84439 0.203738 0 -1.5832 0 0 -19.4925 1.234 0.15 3.93433 0 5.93525 2.34603 0 -7.02592 0 0 -12.1055 
3.914 1.987 0.1765 0.284575 0 4.84279 0.203738 0 -1.59301 0 0 -19.4925 1.234 0.15 3.93668 0 5.92821 2.34603 0 -7.03573 0 0 -12.1055 
3.915 1.987 0.1765 0.284779 0 4.84119 0.203738 0 -1.60282 0 0 -19.4925 1.234 0.15 3.93902 0 5.92117 2.34603 0 -7.04554 0 0 -12.1055 
3.916 1.987 0.1765 0.284982 0 4.83958 0.203738 0 -1.61263 0 0 -19.4925 1.234 0.15 3.94137 0 5.91411 2.34603 0 -7.05535 0 0 -12.1055 
3.917 1.987 0.1765 0.285186 0 4.83796 0.203738 0 -1.62244 0 0 -19.4925 1.234 0.15 3.94371 0 5.90705 2.34603 0 -7.06516 0 0 -12.1055 
3.918 1.987 0.1765 0.28539 0 4.83632 0.203738 0 -1.63225 0 0 -19.4925 1.234 0.15 3.94606 0 5.89997 2.34603 0 -7.07497 0 0 -12.1055 
3.919 1.987 0.1765 0.285594 0 4.83468 0.203738 0 -1.64206 0 0 -19.4925 1.234 0.15 3.94841 0 5.89289 2.34603 0 -7.08478 0 0 -12.1055 
3.92 1.987 0.1765 0.285797 0 4.83303 0.203738 0 -1.65187 0 0 -19.4925 1.234 0.15 3.95075 0 5.88579 2.34603 0 -7.09459 0 0 -12.1055 
3.921 1.987 0.1765 0.286001 0 4.83137 0.203738 0 -1.66168 0 0 -19.4925 1.234 0.15 3.9531 0 5.87869 2.34603 0 -7.1044 0 0 -12.1055 
3.922 1.987 0.1765 0.286205 0 4.8297 0.203738 0 -1.67149 0 0 -19.4925 1.234 0.15 3.95544 0 5.87158 2.34603 0 -7.11421 0 0 -12.1055 
3.923 1.987 0.1765 0.286409 0 4.82801 0.203738 0 -1.6813 0 0 -19.4925 1.234 0.15 3.95779 0 5.86445 2.34603 0 -7.12402 0 0 -12.1055 
3.924 1.987 0.1765 0.286612 0 4.82632 0.203738 0 -1.69111 0 0 -19.4925 1.234 0.15 3.96014 0 5.85732 2.34603 0 -7.13383 0 0 -12.1055 
3.925 1.987 0.1765 0.286816 0 4.82462 0.203738 0 -1.70092 0 0 -19.4925 1.234 0.15 3.96248 0 5.85017 2.34603 0 -7.14364 0 0 -12.1055 
3.926 1.987 0.1765 0.28702 0 4.82291 0.203738 0 -1.71073 0 0 -19.4925 1.234 0.15 3.96483 0 5.84302 2.34603 0 -7.15345 0 0 -12.1055 
3.927 1.987 0.1765 0.287224 0 4.82119 0.203738 0 -1.72054 0 0 -19.4925 1.234 0.15 3.96717 0 5.83586 2.34603 0 -7.16326 0 0 -12.1055 
3.928 1.987 0.1765 0.287427 0 4.81946 0.203738 0 -1.73035 0 0 -19.4925 1.234 0.15 3.96952 0 5.82868 2.34603 0 -7.17307 0 0 -12.1055 
3.929 1.987 0.1765 0.287631 0 4.81772 0.203738 0 -1.74016 0 0 -19.4925 1.234 0.15 3.97187 0 5.8215 2.34603 0 -7.18288 0 0 -12.1055 
3.93 1.987 0.1765 0.287835 0 4.81597 0.203738 0 -1.74997 0 0 -19.4925 1.234 0.15 3.97421 0 5.81431 2.34603 0 -7.19269 0 0 -12.1055 
3.931 1.987 0.1765 0.288039 0 4.81421 0.203738 0 -1.75978 0 0 -19.4925 1.234 0.15 3.97656 0 5.80711 2.34603 0 -7.2025 0 0 -12.1055 
3.932 1.987 0.1765 0.288242 0 4.81244 0.203738 0 -1.76959 0 0 -19.4925 1.234 0.15 3.9789 0 5.79989 2.34603 0 -7.21231 0 0 -12.1055 
3.933 1.987 0.1765 0.288446 0 4.81066 0.203738 0 -1.7794 0 0 -19.4925 1.234 0.15 3.98125 0 5.79267 2.34603 0 -7.22212 0 0 -12.1055 
3.934 1.987 0.1765 0.28865 0 4.80887 0.203738 0 -1.78921 0 0 -19.4925 1.234 0.15 3.9836 0 5.78544 2.34603 0 -7.23193 0 0 -12.1055 
3.935 1.987 0.1765 0.288854 0 4.80707 0.203738 0 -1.79902 0 0 -19.4925 1.234 0.15 3.98594 0 5.7782 2.34603 0 -7.24174 0 0 -12.1055 
3.936 1.987 0.1765 0.289057 0 4.80527 0.203738 0 -1.80883 0 0 -19.4925 1.234 0.15 3.98829 0 5.77095 2.34603 0 -7.25155 0 0 -12.1055 
3.937 1.987 0.1765 0.289261 0 4.80345 0.203738 0 -1.81864 0 0 -19.4925 1.234 0.15 3.99063 0 5.76368 2.34603 0 -7.26136 0 0 -12.1055 
3.938 1.987 0.1765 0.289465 0 4.80162 0.203738 0 -1.82845 0 0 -19.4925 1.234 0.15 3.99298 0 5.75641 2.34603 0 -7.27117 0 0 -12.1055 
3.939 1.987 0.1765 0.289668 0 4.79978 0.203738 0 -1.83826 0 0 -19.4925 1.234 0.15 3.99533 0 5.74913 2.34603 0 -7.28098 0 0 -12.1055 
3.94 1.987 0.1765 0.289872 0 4.79793 0.203738 0 -1.84807 0 0 -19.4925 1.234 0.15 3.99767 0 5.74184 2.34603 0 -7.29079 0 0 -12.1055 
3.941 1.987 0.1765 0.290076 0 4.79607 0.203738 0 -1.85788 0 0 -19.4925 1.234 0.15 4.00002 0 5.73454 2.34603 0 -7.3006 0 0 -12.1055 
3.942 1.987 0.1765 0.29028 0 4.79421 0.203738 0 -1.86769 0 0 -19.4925 1.234 0.15 4.00236 0 5.72723 2.34603 0 -7.31041 0 0 -12.1055 
3.943 1.987 0.1765 0.290483 0 4.79233 0.203738 0 -1.8775 0 0 -19.4925 1.234 0.15 4.00471 0 5.71991 2.34603 0 -7.32022 0 0 -12.1055 
3.944 1.987 0.1765 0.290687 0 4.79044 0.203738 0 -1.88731 0 0 -19.4925 1.234 0.15 4.00706 0 5.71258 2.34603 0 -7.33003 0 0 -12.1055 
3.945 1.987 0.1765 0.290891 0 4.78854 0.203738 0 -1.89712 0 0 -19.4925 1.234 0.15 4.0094 0 5.70524 2.34603 0 -7.33984 0 0 -12.1055 
3.946 1.987 0.1765 0.291095 0 4.78664 0.203738 0 -1.90693 0 0 -19.4925 1.234 0.15 4.01175 0 5.69789 2.34603 0 -7.34965 0 0 -12.1055 
3.947 1.987 0.1765 0.291298 0 4.78472 0.203738 0 -1.91674 0 0 -19.4925 1.234 0.15 4.01409 0 5.69053 2.34603 0 -7.35946 0 0 -12.1055 
3.948 1.987 0.1765 0.291502 0 4.78279 0.203738 0 -1.92655 0 0 -19.4925 1.234 0.15 4.01644 0 5.68316 2.34603 0 -7.36927 0 0 -12.1055 
3.949 1.987 0.1765 0.291706 0 4.78086 0.203738 0 -1.93636 0 0 -19.4925 1.234 0.15 4.01879 0 5.67578 2.34603 0 -7.37908 0 0 -12.1055 
3.95 1.987 0.1765 0.29191 0 4.77891 0.203738 0 -1.94617 0 0 -19.4925 1.234 0.15 4.02113 0 5.66839 2.34603 0 -7.38889 0 0 -12.1055 
3.951 1.987 0.1765 0.292113 0 4.77696 0.203738 0 -1.95598 0 0 -19.4925 1.234 0.15 4.02348 0 5.661 2.34603 0 -7.3987 0 0 -12.1055 
3.952 1.987 0.1765 0.292317 0 4.77499 0.203738 0 -1.96579 0 0 -19.4925 1.234 0.15 4.02583 0 5.65359 2.34603 0 -7.40851 0 0 -12.1055 
3.953 1.987 0.1765 0.292521 0 4.77301 0.203738 0 -1.9756 0 0 -19.4925 1.234 0.15 4.02817 0 5.64617 2.34603 0 -7.41832 0 0 -12.1055 
3.954 1.987 0.1765 0.292725 0 4.77103 0.203738 0 -1.98541 0 0 -19.4925 1.234 0.15 4.03052 0 5.63874 2.34603 0 -7.42813 0 0 -12.1055 
3.955 1.987 0.1765 0.292928 0 4.76903 0.203738 0 -1.99522 0 0 -19.4925 1.234 0.15 4.03286 0 5.6313 2.34603 0 -7.43794 0 0 -12.1055 
3.956 1.987 0.1765 0.293132 0 4.76703 0.203738 0 -2.00503 0 0 -19.4925 1.234 0.15 4.03521 0 5.62386 2.34603 0 -7.44775 0 0 -12.1055 
3.957 1.987 0.1765 0.293336 0 4.76501 0.203738 0 -2.01484 0 0 -19.4925 1.234 0.15 4.03756 0 5.6164 2.34603 0 -7.45756 0 0 -12.1055 
3.958 1.987 0.1765 0.293539 0 4.76299 0.203738 0 -2.02465 0 0 -19.4925 1.234 0.15 4.0399 0 5.60893 2.34603 0 -7.46737 0 0 -12.1055 
3.959 1.987 0.1765 0.293743 0 4.76095 0.203738 0 -2.03446 0 0 -19.4925 1.234 0.15 4.04225 0 5.60145 2.34603 0 -7.47718 0 0 -12.1055 
3.96 1.987 0.1765 0.293947 0 4.75891 0.203738 0 -2.04427 0 0 -19.4925 1.234 0.15 4.04459 0 5.59397 2.34603 0 -7.48699 0 0 -12.1055 
3.961 1.987 0.1765 0.294151 0 4.75686 0.203738 0 -2.05408 0 0 -19.4925 1.234 0.15 4.04694 0 5.58647 2.34603 0 -7.4968 0 0 -12.1055 
3.962 1.987 0.1765 0.294354 0 4.75479 0.203738 0 -2.06389 0 0 -19.4925 1.234 0.15 4.04929 0 5.57896 2.34603 0 -7.50661 0 0 -12.1055 
3.963 1.987 0.1765 0.294558 0 4.75272 0.203738 0 -2.0737 0 0 -19.4925 1.234 0.15 4.05163 0 5.57145 2.34603 0 -7.51642 0 0 -12.1055 
3.964 1.987 0.1765 0.294762 0 4.75064 0.203738 0 -2.08351 0 0 -19.4925 1.234 0.15 4.05398 0 5.56392 2.34603 0 -7.52623 0 0 -12.1055 
3.965 1.987 0.1765 0.294966 0 4.74854 0.203738 0 -2.09332 0 0 -19.4925 1.234 0.15 4.05632 0 5.55638 2.34603 0 -7.53604 0 0 -12.1055 
3.966 1.987 0.1765 0.295169 0 4.74644 0.203738 0 -2.10313 0 0 -19.4925 1.234 0.15 4.05867 0 5.54884 2.34603 0 -7.54585 0 0 -12.1055 
3.967 1.987 0.1765 0.295373 0 4.74433 0.203738 0 -2.11294 0 0 -19.4925 1.234 0.15 4.06102 0 5.54128 2.34603 0 -7.55566 0 0 -12.1055 
3.968 1.987 0.1765 0.295577 0 4.7422 0.203738 0 -2.12275 0 0 -19.4925 1.234 0.15 4.06336 0 5.53372 2.34603 0 -7.56547 0 0 -12.1055 
3.969 1.987 0.1765 0.295781 0 4.74007 0.203738 0 -2.13256 0 0 -19.4925 1.234 0.15 4.06571 0 5.52614 2.34603 0 -7.57528 0 0 -12.1055 
3.97 1.987 0.1765 0.295984 0 4.73793 0.203738 0 -2.14237 0 0 -19.4925 1.234 0.15 4.06805 0 5.51856 2.34603 0 -7.58509 0 0 -12.1055 
3.971 1.987 0.1765 0.296188 0 4.73578 0.203738 0 -2.15218 0 0 -19.4925 1.234 0.15 4.0704 0 5.51096 2.34603 0 -7.5949 0 0 -12.1055 
3.972 1.987 0.1765 0.296392 0 4.73361 0.203738 0 -2.16199 0 0 -19.4925 1.234 0.15 4.07275 0 5.50336 2.34603 0 -7.60471 0 0 -12.1055 
3.973 1.987 0.1765 0.296596 0 4.73144 0.203738 0 -2.1718 0 0 -19.4925 1.234 0.15 4.07509 0 5.49574 2.34603 0 -7.61452 0 0 -12.1055 
3.974 1.987 0.1765 0.296799 0 4.72926 0.203738 0 -2.18161 0 0 -19.4925 1.234 0.15 4.07744 0 5.48812 2.34603 0 -7.62433 0 0 -12.1055 
3.975 1.987 0.1765 0.297003 0 4.72707 0.203738 0 -2.19142 0 0 -19.4925 1.234 0.15 4.07978 0 5.48048 2.34603 0 -7.63414 0 0 -12.1055 
3.976 1.987 0.1765 0.297207 0 4.72487 0.203738 0 -2.20123 0 0 -19.4925 1.234 0.15 4.08213 0 5.47284 2.34603 0 -7.64395 0 0 -12.1055 
3.977 1.987 0.1765 0.297411 0 4.72266 0.203738 0 -2.21104 0 0 -19.4925 1.234 0.15 4.08448 0 5.46519 2.34603 0 -7.65376 0 0 -12.1055 
3.978 1.987 0.1765 0.297614 0 4.72044 0.203738 0 -2.22085 0 0 -19.4925 1.234 0.15 4.08682 0 5.45752 2.34603 0 -7.66357 0 0 -12.1055 
3.979 1.987 0.1765 0.297818 0 4.71821 0.203738 0 -2.23066 0 0 -19.4925 1.234 0.15 4.08917 0 5.44985 2.34603 0 -7.67338 0 0 -12.1055 
3.98 1.987 0.1765 0.298022 0 4.71597 0.203738 0 -2.24047 0 0 -19.4925 1.234 0.15 4.09151 0 5.44217 2.34603 0 -7.68319 0 0 -12.1055 
3.981 1.987 0.1765 0.298225 0 4.71371 0.203738 0 -2.25028 0 0 -19.4925 1.234 0.15 4.09386 0 5.43447 2.34603 0 -7.693 0 0 -12.1055 
3.982 1.987 0.1765 0.298429 0 4.71145 0.203738 0 -2.26009 0 0 -19.4925 1.234 0.15 4.09621 0 5.42677 2.34603 0 -7.70281 0 0 -12.1055 
3.983 1.987 0.1765 0.298633 0 4.70918 0.203738 0 -2.2699 0 0 -19.4925 1.234 0.15 4.09855 0 5.41906 2.34603 0 -7.71262 0 0 -12.1055 
3.984 1.987 0.1765 0.298837 0 4.70691 0.203738 0 -2.27971 0 0 -19.4925 1.234 0.15 4.1009 0 5.41134 2.34603 0 -7.72243 0 0 -12.1055 
3.985 1.987 0.1765 0.29904 0 4.70462 0.203738 0 -2.28952 0 0 -19.4925 1.234 0.15 4.10324 0 5.4036 2.34603 0 -7.73224 0 0 -12.1055 
3.986 1.987 0.1765 0.299244 0 4.70232 0.203738 0 -2.29933 0 0 -19.4925 1.234 0.15 4.10559 0 5.39586 2.34603 0 -7.74205 0 0 -12.1055 
3.987 1.987 0.1765 0.299448 0 4.70001 0.203738 0 -2.30914 0 0 -19.4925 1.234 0.15 4.10794 0 5.38811 2.34603 0 -7.75186 0 0 -12.1055 
3.988 1.987 0.1765 0.299652 0 4.69769 0.203738 0 -2.31895 0 0 -19.4925 1.234 0.15 4.11028 0 5.38035 2.34603 0 -7.76167 0 0 -12.1055 
3.989 1.987 0.1765 0.299855 0 4.69536 0.203738 0 -2.32876 0 0 -19.4925 1.234 0.15 4.11263 0 5.37258 2.34603 0 -7.77148 0 0 -12.1055 
3.99 1.987 0.1765 0.300059 0 4.69302 0.203738 0 -2.33857 0 0 -19.4925 1.234 0.15 4.11497 0 5.36479 2.34603 0 -7.78129 0 0 -12.1055 
3.991 1.987 0.1765 0.300263 0 4.69067 0.203738 0 -2.34838 0 0 -19.4925 1.234 0.15 4.11732 0 5.357 2.34603 0 -7.7911 0 0 -12.1055 
3.992 1.987 0.1765 0.300467 0 4.68831 0.203738 0 -2.35819 0 0 -19.4925 1.234 0.15 4.11967 0 5.3492 2.34603 0 -7.80091 0 0 -12.1055 
3.993 1.987 0.1765 0.30067 0 4.68595 0.203738 0 -2.368 0 0 -19.4925 1.234 0.15 4.12201 0 5.34139 2.34603 0 -7.81072 0 0 -12.1055 
3.994 1.987 0.1765 0.300874 0 4.68357 0.203738 0 -2.37781 0 0 -19.4925 1.234 0.15 4.12436 0 5.33357 2.34603 0 -7.82053 0 0 -12.1055 
3.995 1.987 0.1765 0.301078 0 4.68118 0.203738 0 -2.38762 0 0 -19.4925 1.234 0.15 4.1267 0 5.32574 2.34603 0 -7.83034 0 0 -12.1055 
3.996 1.987 0.1765 0.301282 0 4.67878 0.203738 0 -2.39743 0 0 -19.4925 1.234 0.15 4.12905 0 5.3179 2.34603 0 -7.84015 0 0 -12.1055 
3.997 1.987 0.1765 0.301485 0 4.67638 0.203738 0 -2.40724 0 0 -19.4925 1.234 0.15 4.1314 0 5.31005 2.34603 0 -7.84996 0 0 -12.1055 
3.998 1.987 0.1765 0.301689 0 4.67396 0.203738 0 -2.41705 0 0 -19.4925 1.234 0.15 4.13374 0 5.30219 2.34603 0 -7.85977 0 0 -12.1055 
3.999 1.987 0.1765 0.301893 0 4.67153 0.203738 0 -2.42686 0 0 -19.4925 1.234 0.15 4.13609 0 5.29432 2.34603 0 -7.86958 0 0 -12.1055 
4 1.987 0.1765 0.302096 0 4.6691 0.203738 0 -2.43667 0 0 -19.4925 1.234 0.15 4.13843 0 5.28644 2.34603 0 -7.87939 0 0 -12.1055 
4.001 1.987 0.1765 0.3023 0 4.66665 0.203738 0 -2.44648 0 0 -19.4925 1.234 0.15 4.14078 0 5.27855 2.34603 0 -7.8892 0 0 -12.1055 
4.002 1.987 0.1765 0.302504 0 4.66419 0.203738 0 -2.45629 0 0 -19.4925 1.234 0.15 4.14313 0 5.27065 2.34603 0 -7.89901 0 0 -12.1055 
4.003 1.987 0.1765 0.302708 0 4.66173 0.203738 0 -2.4661 0 0 -19.4925 1.234 0.15 4.14547 0 5.26275 2.34603 0 -7.90882 0 0 -12.1055 
4.004 1.987 0.1765 0.302911 0 4.65925 0.203738 0 -2.47591 0 0 -19.4925 1.234 0.15 4.14782 0 5.25483 2.34603 0 -7.91863 0 0 -12.1055 
4.005 1.987 0.1765 0.303115 0 4.65677 0.203738 0 -2.48572 0 0 -19.4925 1.234 0.15 4.15016 0 5.2469 2.34603 0 -7.92844 0 0 -12.1055 
4.006 1.987 0.1765 0.303319 0 4.65427 0.203738 0 -2.49553 0 0 -19.4925 1.234 0.15 4.15251 0 5.23896 2.34603 0 -7.93825 0 0 -12.1055 
4.007 1.987 0.1765 0.303523 0 4.65176 0.203738 0 -2.50534 0 0 -19.4925 1.234 0.15 4.15486 0 5.23101 2.34603 0 -7.94806 0 0 -12.1055 
4.008 1.987 0.1765 0.303726 0 4.64925 0.203738 0 -2.51515 0 0 -19.4925 1.234 0.15 4.1572 0 5.22305 2.34603 0 -7.95787 0 0 -12.1055 
4.009 1.987 0.1765 0.30393 0 4.64672 0.203738 0 -2.52496 0 0 -19.4925 1.234 0.15 4.15955 0 5.21509 2.34603 0 -7.96768 0 0 -12.1055 
4.01 1.987 0.1765 0.304134 0 4.64419 0.203738 0 -2.53477 0 0 -19.4925 1.234 0.15 4.16189 0 5.20711 2.34603 0 -7.97749 0 0 -12.1055 
4.011 1.987 0.1765 0.304338 0 4.64164 0.203738 0 -2.54458 0 0 -19.4925 1.234 0.15 4.16424 0 5.19912 2.34603 0 -7.9873 0 0 -12.1055 
4.012 1.987 0.1765 0.304541 0 4.63909 0.203738 0 -2.55439 0 0 -19.4925 1.234 0.15 4.16659 0 5.19112 2.34603 0 -7.99711 0 0 -12.1055 
4.013 1.987 0.1765 0.304745 0 4.63653 0.203738 0 -2.5642 0 0 -19.4925 1.234 0.15 4.16893 0 5.18312 2.34603 0 -8.00692 0 0 -12.1055 
4.014 1.987 0.1765 0.304949 0 4.63395 0.203738 0 -2.57401 0 0 -19.4925 1.234 0.15 4.17128 0 5.1751 2.34603 0 -8.01673 0 0 -12.1055 
4.015 1.987 0.1765 0.305153 0 4.63137 0.203738 0 -2.58382 0 0 -19.4925 1.234 0.15 4.17363 0 5.16707 2.34603 0 -8.02654 0 0 -12.1055 
4.016 1.987 0.1765 0.305356 0 4.62877 0.203738 0 -2.59363 0 0 -19.4925 1.234 0.15 4.17597 0 5.15904 2.34603 0 -8.03635 0 0 -12.1055 
4.017 1.987 0.1765 0.30556 0 4.62617 0.203738 0 -2.60344 0 0 -19.4925 1.234 0.15 4.17832 0 5.15099 2.34603 0 -8.04616 0 0 -12.1055 
4.018 1.987 0.1765 0.305764 0 4.62356 0.203738 0 -2.61325 0 0 -19.4925 1.234 0.15 4.18066 0 5.14294 2.34603 0 -8.05597 0 0 -12.1055 
4.019 1.987 0.1765 0.305967 0 4.62094 0.203738 0 -2.62306 0 0 -19.4925 1.234 0.15 4.18301 0 5.13487 2.34603 0 -8.06578 0 0 -12.1055 
4.02 1.987 0.1765 0.306171 0 4.6183 0.203738 0 -2.63287 0 0 -19.4925 1.234 0.15 4.18536 0 5.12679 2.34603 0 -8.07559 0 0 -12.1055 
4.021 1.987 0.1765 0.306375 0 4.61566 0.203738 0 -2.64268 0 0 -19.4925 1.234 0.15 4.1877 0 5.11871 2.34603 0 -8.0854 0 0 -12.1055 
4.022 1.987 0.1765 0.306579 0 4.61301 0.203738 0 -2.65249 0 0 -19.4925 1.234 0.15 4.19005 0 5.11061 2.34603 0 -8.09521 0 0 -12.1055 
4.023 1.987 0.1765 0.306782 0 4.61034 0.203738 0 -2.6623 0 0 -19.4925 1.234 0.15 4.19239 0 5.10251 2.34603 0 -8.10502 0 0 -12.1055 
4.024 1.987 0.1765 0.306986 0 4.60767 0.203738 0 -2.67211 0 0 -19.4925 1.234 0.15 4.19474 0 5.09439 2.34603 0 -8.11483 0 0 -12.1055 
4.025 1.987 0.1765 0.30719 0 4.60499 0.203738 0 -2.68192 0 0 -19.4925 1.234 0.15 4.19709 0 5.08627 2.34603 0 -8.12464 0 0 -12.1055 
4.026 1.987 0.1765 0.307394 0 4.6023 0.203738 0 -2.69173 0 0 -19.4925 1.234 0.15 4.19943 0 5.07813 2.34603 0 -8.13445 0 0 -12.1055 
4.027 1.987 0.1765 0.307597 0 4.5996 0.203738 0 -2.70154 0 0 -19.4925 1.234 0.15 4.20178 0 5.06999 2.34603 0 -8.14426 0 0 -12.1055 
4.028 1.987 0.1765 0.307801 0 4.59689 0.203738 0 -2.71135 0 0 -19.4925 1.234 0.15 4.20412 0 5.06184 2.34603 0 -8.15407 0 0 -12.1055 
4.029 1.987 0.1765 0.308005 0 4.59417 0.203738 0 -2.72116 0 0 -19.4925 1.234 0.15 4.20647 0 5.05367 2.34603 0 -8.16388 0 0 -12.1055 
4.03 1.987 0.1765 0.308209 0 4.59143 0.203738 0 -2.73097 0 0 -19.4925 1.234 0.15 4.20882 0 5.0455 2.34603 0 -8.17369 0 0 -12.1055 
4.031 1.987 0.1765 0.308412 0 4.58869 0.203738 0 -2.74078 0 0 -19.4925 1.234 0.15 4.21116 0 5.03732 2.34603 0 -8.1835 0 0 -12.1055 
4.032 1.987 0.1765 0.308616 0 4.58594 0.203738 0 -2.75059 0 0 -19.4925 1.234 0.15 4.21351 0 5.02912 2.34603 0 -8.19331 0 0 -12.1055 
4.033 1.987 0.1765 0.30882 0 4.58318 0.203738 0 -2.7604 0 0 -19.4925 1.234 0.15 4.21585 0 5.02092 2.34603 0 -8.20312 0 0 -12.1055 
4.034 1.987 0.1765 0.309024 0 4.58041 0.203738 0 -2.77021 0 0 -19.4925 1.234 0.15 4.2182 0 5.01271 2.34603 0 -8.21293 0 0 -12.1055 
4.035 1.987 0.1765 0.309227 0 4.57763 0.203738 0 -2.78002 0 0 -19.4925 1.234 0.15 4.22055 0 5.00448 2.34603 0 -8.22274 0 0 -12.1055 
4.036 1.987 0.1765 0.309431 0 4.57484 0.203738 0 -2.78983 0 0 -19.4925 1.234 0.15 4.22289 0 4.99625 2.34603 0 -8.23255 0 0 -12.1055 
4.037 1.987 0.1765 0.309635 0 4.57204 0.203738 0 -2.79964 0 0 -19.4925 1.234 0.15 4.22524 0 4.98801 2.34603 0 -8.24236 0 0 -12.1055 
4.038 1.987 0.1765 0.309839 0 4.56923 0.203738 0 -2.80945 0 0 -19.4925 1.234 0.15 4.22758 0 4.97976 2.34603 0 -8.25217 0 0 -12.1055 
4.039 1.987 0.1765 0.310042 0 4.56641 0.203738 0 -2.81926 0 0 -19.4925 1.234 0.15 4.22993 0 4.97149 2.34603 0 -8.26198 0 0 -12.1055 
4.04 1.987 0.1765 0.310246 0 4.56358 0.203738 0 -2.82907 0 0 -19.4925 1.234 0.15 4.23228 0 4.96322 2.34603 0 -8.27179 0 0 -12.1055 
4.041 1.987 0.1765 0.31045 0 4.56075 0.203738 0 -2.83888 0 0 -19.4925 1.234 0.15 4.23462 0 4.95494 2.34603 0 -8.2816 0 0 -12.1055 
4.042 1.987 0.1765 0.310653 0 4.5579 0.203738 0 -2.84869 0 0 -19.4925 1.234 0.15 4.23697 0 4.94665 2.34603 0 -8.29141 0 0 -12.1055 
4.043 1.987 0.1765 0.310857 0 4.55504 0.203738 0 -2.8585 0 0 -19.4925 1.234 0.15 4.23931 0 4.93835 2.34603 0 -8.30122 0 0 -12.1055 
4.044 1.987 0.1765 0.311061 0 4.55217 0.203738 0 -2.86831 0 0 -19.4925 1.234 0.15 4.24166 0 4.93004 2.34603 0 -8.31103 0 0 -12.1055 
4.045 1.987 0.1765 0.311265 0 4.54929 0.203738 0 -2.87812 0 0 -19.4925 1.234 0.15 4.24401 0 4.92172 2.34603 0 -8.32084 0 0 -12.1055 
4.046 1.987 0.1765 0.311468 0 4.5464 0.203738 0 -2.88793 0 0 -19.4925 1.234 0.15 4.24635 0 4.91339 2.34603 0 -8.33065 0 0 -12.1055 
4.047 1.987 0.1765 0.311672 0 4.54351 0.203738 0 -2.89774 0 0 -19.4925 1.234 0.15 4.2487 0 4.90505 2.34603 0 -8.34046 0 0 -12.1055 
4.048 1.987 0.1765 0.311876 0 4.5406 0.203738 0 -2.90755 0 0 -19.4925 1.234 0.15 4.25104 0 4.8967 2.34603 0 -8.35027 0 0 -12.1055 
4.049 1.987 0.1765 0.31208 0 4.53768 0.203738 0 -2.91736 0 0 -19.4925 1.234 0.15 4.25339 0 4.88833 2.34603 0 -8.36008 0 0 -12.1055 
4.05 1.987 0.1765 0.312283 0 4.53475 0.203738 0 -2.92717 0 0 -19.4925 1.234 0.15 4.25574 0 4.87997 2.34603 0 -8.36989 0 0 -12.1055 
4.051 1.987 0.1765 0.312487 0 4.53182 0.203738 0 -2.93698 0 0 -19.4925 1.234 0.15 4.25808 0 4.87159 2.34603 0 -8.3797 0 0 -12.1055 
4.052 1.987 0.1765 0.312691 0 4.52887 0.203738 0 -2.94679 0 0 -19.4925 1.234 0.15 4.26043 0 4.8632 2.34603 0 -8.38951 0 0 -12.1055 
4.053 1.987 0.1765 0.312895 0 4.52591 0.203738 0 -2.9566 0 0 -19.4925 1.234 0.15 4.26277 0 4.8548 2.34603 0 -8.39932 0 0 -12.1055 
4.054 1.987 0.1765 0.313098 0 4.52295 0.203738 0 -2.96641 0 0 -19.4925 1.234 0.15 4.26512 0 4.84639 2.34603 0 -8.40913 0 0 -12.1055 
4.055 1.987 0.1765 0.313302 0 4.51997 0.203738 0 -2.97622 0 0 -19.4925 1.234 0.15 4.26747 0 4.83797 2.34603 0 -8.41894 0 0 -12.1055 
4.056 1.987 0.1765 0.313506 0 4.51699 0.203738 0 -2.98603 0 0 -19.4925 1.234 0.15 4.26981 0 4.82954 2.34603 0 -8.42875 0 0 -12.1055 
4.057 1.987 0.1765 0.31371 0 4.51399 0.203738 0 -2.99584 0 0 -19.4925 1.234 0.15 4.27216 0 4.8211 2.34603 0 -8.43856 0 0 -12.1055 
4.058 1.987 0.1765 0.313913 0 4.51098 0.203738 0 -3.00565 0 0 -19.4925 1.234 0.15 4.2745 0 4.81265 2.34603 0 -8.44837 0 0 -12.1055 
4.059 1.987 0.1765 0.314117 0 4.50797 0.203738 0 -3.01546 0 0 -19.4925 1.234 0.15 4.27685 0 4.80419 2.34603 0 -8.45818 0 0 -12.1055 
4.06 1.987 0.1765 0.314321 0 4.50494 0.203738 0 -3.02527 0 0 -19.4925 1.234 0.15 4.2792 0 4.79573 2.34603 0 -8.46799 0 0 -12.1055 
4.061 1.987 0.1765 0.314524 0 4.50191 0.203738 0 -3.03508 0 0 -19.4925 1.234 0.15 4.28154 0 4.78725 2.34603 0 -8.4778 0 0 -12.1055 
4.062 1.987 0.1765 0.314728 0 4.49886 0.203738 0 -3.04489 0 0 -19.4925 1.234 0.15 4.28389 0 4.77876 2.34603 0 -8.48761 0 0 -12.1055 
4.063 1.987 0.1765 0.314932 0 4.49581 0.203738 0 -3.0547 0 0 -19.4925 1.234 0.15 4.28623 0 4.77026 2.34603 0 -8.49742 0 0 -12.1055 
4.064 1.987 0.1765 0.315136 0 4.49274 0.203738 0 -3.06451 0 0 -19.4925 1.234 0.15 4.28858 0 4.76176 2.34603 0 -8.50723 0 0 -12.1055 
4.065 1.987 0.1765 0.315339 0 4.48967 0.203738 0 -3.07432 0 0 -19.4925 1.234 0.15 4.29093 0 4.75324 2.34603 0 -8.51704 0 0 -12.1055 
4.066 1.987 0.1765 0.315543 0 4.48659 0.203738 0 -3.08413 0 0 -19.4925 1.234 0.15 4.29327 0 4.74471 2.34603 0 -8.52685 0 0 -12.1055 
4.067 1.987 0.1765 0.315747 0 4.48349 0.203738 0 -3.09394 0 0 -19.4925 1.234 0.15 4.29562 0 4.73618 2.34603 0 -8.53666 0 0 -12.1055 
4.068 1.987 0.1765 0.315951 0 4.48039 0.203738 0 -3.10375 0 0 -19.4925 1.234 0.15 4.29796 0 4.72763 2.34603 0 -8.54647 0 0 -12.1055 
4.069 1.987 0.1765 0.316154 0 4.47727 0.203738 0 -3.11356 0 0 -19.4925 1.234 0.15 4.30031 0 4.71907 2.34603 0 -8.55628 0 0 -12.1055 
4.07 1.987 0.1765 0.316358 0 4.47415 0.203738 0 -3.12337 0 0 -19.4925 1.234 0.15 4.30266 0 4.71051 2.34603 0 -8.56609 0 0 -12.1055 
4.071 1.987 0.1765 0.316562 0 4.47102 0.203738 0 -3.13318 0 0 -19.4925 1.234 0.15 4.305 0 4.70193 2.34603 0 -8.5759 0 0 -12.1055 
4.072 1.987 0.1765 0.316766 0 4.46788 0.203738 0 -3.14299 0 0 -19.4925 1.234 0.15 4.30735 0 4.69335 2.34603 0 -8.58571 0 0 -12.1055 
4.073 1.987 0.1765 0.316969 0 4.46472 0.203738 0 -3.1528 0 0 -19.4925 1.234 0.15 4.30969 0 4.68475 2.34603 0 -8.59552 0 0 -12.1055 
4.074 1.987 0.1765 0.317173 0 4.46156 0.203738 0 -3.16261 0 0 -19.4925 1.234 0.15 4.31204 0 4.67614 2.34603 0 -8.60533 0 0 -12.1055 
4.075 1.987 0.1765 0.317377 0 4.45839 0.203738 0 -3.17242 0 0 -19.4925 1.234 0.15 4.31439 0 4.66753 2.34603 0 -8.61514 0 0 -12.1055 
4.076 1.987 0.1765 0.317581 0 4.45521 0.203738 0 -3.18223 0 0 -19.4925 1.234 0.15 4.31673 0 4.6589 2.34603 0 -8.62495 0 0 -12.1055 
4.077 1.987 0.1765 0.317784 0 4.45201 0.203738 0 -3.19204 0 0 -19.4925 1.234 0.15 4.31908 0 4.65027 2.34603 0 -8.63476 0 0 -12.1055 
4.078 1.987 0.1765 0.317988 0 4.44881 0.203738 0 -3.20185 0 0 -19.4925 1.234 0.15 4.32142 0 4.64163 2.34603 0 -8.64457 0 0 -12.1055 
4.079 1.987 0.1765 0.318192 0 4.4456 0.203738 0 -3.21166 0 0 -19.4925 1.234 0.15 4.32377 0 4.63297 2.34603 0 -8.65438 0 0 -12.1055 
4.08 1.987 0.1765 0.318396 0 4.44238 0.203738 0 -3.22147 0 0 -19.4925 1.234 0.15 4.32612 0 4.62431 2.34603 0 -8.66419 0 0 -12.1055 
4.081 1.987 0.1765 0.318599 0 4.43915 0.203738 0 -3.23128 0 0 -19.4925 1.234 0.15 4.32846 0 4.61563 2.34603 0 -8.674 0 0 -12.1055 
4.082 1.987 0.1765 0.318803 0 4.43591 0.203738 0 -3.24109 0 0 -19.4925 1.234 0.15 4.33081 0 4.60695 2.34603 0 -8.68381 0 0 -12.1055 
4.083 1.987 0.1765 0.319007 0 4.43265 0.203738 0 -3.2509 0 0 -19.4925 1.234 0.15 4.33316 0 4.59826 2.34603 0 -8.69362 0 0 -12.1055 
4.084 1.987 0.1765 0.31921 0 4.42939 0.203738 0 -3.26071 0 0 -19.4925 1.234 0.15 4.3355 0 4.58955 2.34603 0 -8.70343 0 0 -12.1055 
4.085 1.987 0.1765 0.319414 0 4.42612 0.203738 0 -3.27052 0 0 -19.4925 1.234 0.15 4.33785 0 4.58084 2.34603 0 -8.71324 0 0 -12.1055 
4.086 1.987 0.1765 0.319618 0 4.42284 0.203738 0 -3.28033 0 0 -19.4925 1.234 0.15 4.34019 0 4.57212 2.34603 0 -8.72305 0 0 -12.1055 
4.087 1.987 0.1765 0.319822 0 4.41955 0.203738 0 -3.29014 0 0 -19.4925 1.234 0.15 4.34254 0 4.56338 2.34603 0 -8.73286 0 0 -12.1055 
4.088 1.987 0.1765 0.320025 0 4.41625 0.203738 0 -3.29995 0 0 -19.4925 1.234 0.15 4.34489 0 4.55464 2.34603 0 -8.74267 0 0 -12.1055 
4.089 1.987 0.1765 0.320229 0 4.41294 0.203738 0 -3.30976 0 0 -19.4925 1.234 0.15 4.34723 0 4.54589 2.34603 0 -8.75248 0 0 -12.1055 
4.09 1.987 0.1765 0.320433 0 4.40962 0.203738 0 -3.31957 0 0 -19.4925 1.234 0.15 4.34958 0 4.53713 2.34603 0 -8.76229 0 0 -12.1055 
4.091 1.987 0.1765 0.320637 0 4.40629 0.203738 0 -3.32938 0 0 -19.4925 1.234 0.15 4.35192 0 4.52835 2.34603 0 -8.7721 0 0 -12.1055 
4.092 1.987 0.1765 0.32084 0 4.40296 0.203738 0 -3.33919 0 0 -19.4925 1.234 0.15 4.35427 0 4.51957 2.34603 0 -8.78191 0 0 -12.1055 
4.093 1.987 0.1765 0.321044 0 4.39961 0.203738 0 -3.349 0 0 -19.4925 1.234 0.15 4.35662 0 4.51078 2.34603 0 -8.79172 0 0 -12.1055 
4.094 1.987 0.1765 0.321248 0 4.39625 0.203738 0 -3.35881 0 0 -19.4925 1.234 0.15 4.35896 0 4.50198 2.34603 0 -8.80153 0 0 -12.1055 
4.095 1.987 0.1765 0.321452 0 4.39288 0.203738 0 -3.36862 0 0 -19.4925 1.234 0.15 4.36131 0 4.49317 2.34603 0 -8.81134 0 0 -12.1055 
4.096 1.987 0.1765 0.321655 0 4.3895 0.203738 0 -3.37843 0 0 -19.4925 1.234 0.15 4.36365 0 4.48435 2.34603 0 -8.82115 0 0 -12.1055 
4.097 1.987 0.1765 0.321859 0 4.38611 0.203738 0 -3.38824 0 0 -19.4925 1.234 0.15 4.366 0 4.47551 2.34603 0 -8.83096 0 0 -12.1055 
4.098 1.987 0.1765 0.322063 0 4.38271 0.203738 0 -3.39805 0 0 -19.4925 1.234 0.15 4.36835 0 4.46667 2.34603 0 -8.84077 0 0 -12.1055 
4.099 1.987 0.1765 0.322267 0 4.37931 0.203738 0 -3.40786 0 0 -19.4925 1.234 0.15 4.37069 0 4.45782 2.34603 0 -8.85058 0 0 -12.1055 
4.1 1.987 0.1765 0.32247 0 4.37589 0.203738 0 -3.41767 0 0 -19.4925 1.234 0.15 4.37304 0 4.44896 2.34603 0 -8.86039 0 0 -12.1055 
4.101 1.987 0.1765 0.322674 0 4.37246 0.203738 0 -3.42748 0 0 -19.4925 1.234 0.15 4.37538 0 4.44009 2.34603 0 -8.8702 0 0 -12.1055 
4.102 1.987 0.1765 0.322878 0 4.36902 0.203738 0 -3.43729 0 0 -19.4925 1.234 0.15 4.37773 0 4.43121 2.34603 0 -8.88001 0 0 -12.1055 
4.103 1.987 0.1765 0.323081 0 4.36558 0.203738 0 -3.4471 0 0 -19.4925 1.234 0.15 4.38008 0 4.42232 2.34603 0 -8.88982 0 0 -12.1055 
4.104 1.987 0.1765 0.323285 0 4.36212 0.203738 0 -3.45691 0 0 -19.4925 1.234 0.15 4.38242 0 4.41342 2.34603 0 -8.89963 0 0 -12.1055 
4.105 1.987 0.1765 0.323489 0 4.35865 0.203738 0 -3.46672 0 0 -19.4925 1.234 0.15 4.38477 0 4.40451 2.34603 0 -8.90944 0 0 -12.1055 
4.106 1.987 0.1765 0.323693 0 4.35518 0.203738 0 -3.47653 0 0 -19.4925 1.234 0.15 4.38711 0 4.39559 2.34603 0 -8.91925 0 0 -12.1055 
4.107 1.987 0.1765 0.323896 0 4.35169 0.203738 0 -3.48634 0 0 -19.4925 1.234 0.15 4.38946 0 4.38667 2.34603 0 -8.92906 0 0 -12.1055 
4.108 1.987 0.1765 0.3241 0 4.34819 0.203738 0 -3.49615 0 0 -19.4925 1.234 0.15 4.39181 0 4.37773 2.34603 0 -8.93887 0 0 -12.1055 
4.109 1.987 0.1765 0.324304 0 4.34469 0.203738 0 -3.50596 0 0 -19.4925 1.234 0.15 4.39415 0 4.36878 2.34603 0 -8.94868 0 0 -12.1055 
4.11 1.987 0.1765 0.324508 0 4.34117 0.203738 0 -3.51577 0 0 -19.4925 1.234 0.15 4.3965 0 4.35982 2.34603 0 -8.95849 0 0 -12.1055 
4.111 1.987 0.1765 0.324711 0 4.33765 0.203738 0 -3.52558 0 0 -19.4925 1.234 0.15 4.39884 0 4.35085 2.34603 0 -8.9683 0 0 -12.1055 
4.112 1.987 0.1765 0.324915 0 4.33411 0.203738 0 -3.53539 0 0 -19.4925 1.234 0.15 4.40119 0 4.34187 2.34603 0 -8.97811 0 0 -12.1055 
4.113 1.987 0.1765 0.325119 0 4.33057 0.203738 0 -3.5452 0 0 -19.4925 1.234 0.15 4.40354 0 4.33289 2.34603 0 -8.98792 0 0 -12.1055 
4.114 1.987 0.1765 0.325323 0 4.32701 0.203738 0 -3.55501 0 0 -19.4925 1.234 0.15 4.40588 0 4.32389 2.34603 0 -8.99773 0 0 -12.1055 
4.115 1.987 0.1765 0.325526 0 4.32345 0.203738 0 -3.56482 0 0 -19.4925 1.234 0.15 4.40823 0 4.31488 2.34603 0 -9.00754 0 0 -12.1055 
4.116 1.987 0.1765 0.32573 0 4.31987 0.203738 0 -3.57463 0 0 -19.4925 1.234 0.15 4.41057 0 4.30586 2.34603 0 -9.01735 0 0 -12.1055 
4.117 1.987 0.1765 0.325934 0 4.31629 0.203738 0 -3.58444 0 0 -19.4925 1.234 0.15 4.41292 0 4.29684 2.34603 0 -9.02716 0 0 -12.1055 
4.118 1.987 0.1765 0.326138 0 4.31269 0.203738 0 -3.59425 0 0 -19.4925 1.234 0.15 4.41527 0 4.2878 2.34603 0 -9.03697 0 0 -12.1055 
4.119 1.987 0.1765 0.326341 0 4.30909 0.203738 0 -3.60406 0 0 -19.4925 1.234 0.15 4.41761 0 4.27875 2.34603 0 -9.04678 0 0 -12.1055 
4.12 1.987 0.1765 0.326545 0 4.30548 0.203738 0 -3.61387 0 0 -19.4925 1.234 0.15 4.41996 0 4.2697 2.34603 0 -9.05659 0 0 -12.1055 
4.121 1.987 0.1765 0.326749 0 4.30185 0.203738 0 -3.62368 0 0 -19.4925 1.234 0.15 4.4223 0 4.26063 2.34603 0 -9.0664 0 0 -12.1055 
4.122 1.987 0.1765 0.326953 0 4.29822 0.203738 0 -3.63349 0 0 -19.4925 1.234 0.15 4.42465 0 4.25155 2.34603 0 -9.07621 0 0 -12.1055 
4.123 1.987 0.1765 0.327156 0 4.29457 0.203738 0 -3.6433 0 0 -19.4925 1.234 0.15 4.427 0 4.24247 2.34603 0 -9.08602 0 0 -12.1055 
4.124 1.987 0.1765 0.32736 0 4.29092 0.203738 0 -3.65311 0 0 -19.4925 1.234 0.15 4.42934 0 4.23337 2.34603 0 -9.09583 0 0 -12.1055 
4.125 1.987 0.1765 0.327564 0 4.28726 0.203738 0 -3.66292 0 0 -19.4925 1.234 0.15 4.43169 0 4.22427 2.34603 0 -9.10564 0 0 -12.1055 
4.126 1.987 0.1765 0.327767 0 4.28359 0.203738 0 -3.67273 0 0 -19.4925 1.234 0.15 4.43403 0 4.21515 2.34603 0 -9.11545 0 0 -12.1055 
4.127 1.987 0.1765 0.327971 0 4.2799 0.203738 0 -3.68254 0 0 -19.4925 1.234 0.15 4.43638 0 4.20602 2.34603 0 -9.12526 0 0 -12.1055 
4.128 1.987 0.1765 0.328175 0 4.27621 0.203738 0 -3.69235 0 0 -19.4925 1.234 0.15 4.43873 0 4.19689 2.34603 0 -9.13507 0 0 -12.1055 
4.129 1.987 0.1765 0.328379 0 4.27251 0.203738 0 -3.70216 0 0 -19.4925 1.234 0.15 4.44107 0 4.18774 2.34603 0 -9.14488 0 0 -12.1055 
4.13 1.987 0.1765 0.328582 0 4.2688 0.203738 0 -3.71197 0 0 -19.4925 1.234 0.15 4.44342 0 4.17859 2.34603 0 -9.15469 0 0 -12.1055 
4.131 1.987 0.1765 0.328786 0 4.26508 0.203738 0 -3.72178 0 0 -19.4925 1.234 0.15 4.44576 0 4.16943 2.34603 0 -9.1645 0 0 -12.1055 
4.132 1.987 0.1765 0.32899 0 4.26134 0.203738 0 -3.73159 0 0 -19.4925 1.234 0.15 4.44811 0 4.16025 2.34603 0 -9.17431 0 0 -12.1055 
4.133 1.987 0.1765 0.329194 0 4.2576 0.203738 0 -3.7414 0 0 -19.4925 1.234 0.15 4.45046 0 4.15107 2.34603 0 -9.18412 0 0 -12.1055 
4.134 1.987 0.1765 0.329397 0 4.25385 0.203738 0 -3.75121 0 0 -19.4925 1.234 0.15 4.4528 0 4.14187 2.34603 0 -9.19393 0 0 -12.1055 
4.135 1.987 0.1765 0.329601 0 4.25009 0.203738 0 -3.76102 0 0 -19.4925 1.234 0.15 4.45515 0 4.13267 2.34603 0 -9.20374 0 0 -12.1055 
4.136 1.987 0.1765 0.329805 0 4.24632 0.203738 0 -3.77083 0 0 -19.4925 1.234 0.15 4.45749 0 4.12346 2.34603 0 -9.21355 0 0 -12.1055 
4.137 1.987 0.1765 0.330009 0 4.24254 0.203738 0 -3.78064 0 0 -19.4925 1.234 0.15 4.45984 0 4.11423 2.34603 0 -9.22336 0 0 -12.1055 
4.138 1.987 0.1765 0.330212 0 4.23875 0.203738 0 -3.79045 0 0 -19.4925 1.234 0.15 4.46219 0 4.105 2.34603 0 -9.23317 0 0 -12.1055 
4.139 1.987 0.1765 0.330416 0 4.23495 0.203738 0 -3.80026 0 0 -19.4925 1.234 0.15 4.46453 0 4.09576 2.34603 0 -9.24298 0 0 -12.1055 
4.14 1.987 0.1765 0.33062 0 4.23114 0.203738 0 -3.81007 0 0 -19.4925 1.234 0.15 4.46688 0 4.0865 2.34603 0 -9.25279 0 0 -12.1055 
4.141 1.987 0.1765 0.330824 0 4.22732 0.203738 0 -3.81988 0 0 -19.4925 1.234 0.15 4.46922 0 4.07724 2.34603 0 -9.2626 0 0 -12.1055 
4.142 1.987 0.1765 0.331027 0 4.22349 0.203738 0 -3.82969 0 0 -19.4925 1.234 0.15 4.47157 0 4.06797 2.34603 0 -9.27241 0 0 -12.1055 
4.143 1.987 0.1765 0.331231 0 4.21965 0.203738 0 -3.8395 0 0 -19.4925 1.234 0.15 4.47392 0 4.05869 2.34603 0 -9.28222 0 0 -12.1055 
4.144 1.987 0.1765 0.331435 0 4.2158 0.203738 0 -3.84931 0 0 -19.4925 1.234 0.15 4.47626 0 4.04939 2.34603 0 -9.29203 0 0 -12.1055 
4.145 1.987 0.1765 0.331638 0 4.21194 0.203738 0 -3.85912 0 0 -19.4925 1.234 0.15 4.47861 0 4.04009 2.34603 0 -9.30184 0 0 -12.1055 
4.146 1.987 0.1765 0.331842 0 4.20807 0.203738 0 -3.86893 0 0 -19.4925 1.234 0.15 4.48095 0 4.03078 2.34603 0 -9.31165 0 0 -12.1055 
4.147 1.987 0.1765 0.332046 0 4.20419 0.203738 0 -3.87874 0 0 -19.4925 1.234 0.15 4.4833 0 4.02146 2.34603 0 -9.32146 0 0 -12.1055 
4.148 1.987 0.1765 0.33225 0 4.2003 0.203738 0 -3.88855 0 0 -19.4925 1.234 0.15 4.48565 0 4.01213 2.34603 0 -9.33127 0 0 -12.1055 
4.149 1.987 0.1765 0.332453 0 4.19641 0.203738 0 -3.89836 0 0 -19.4925 1.234 0.15 4.48799 0 4.00279 2.34603 0 -9.34108 0 0 -12.1055 
4.15 1.987 0.1765 0.332657 0 4.1925 0.203738 0 -3.90817 0 0 -19.4925 1.234 0.15 4.49034 0 3.99344 2.34603 0 -9.35089 0 0 -12.1055 
4.151 1.987 0.1765 0.332861 0 4.18858 0.203738 0 -3.91798 0 0 -19.4925 1.234 0.15 4.49269 0 3.98408 2.34603 0 -9.3607 0 0 -12.1055 
4.152 1.987 0.1765 0.333065 0 4.18465 0.203738 0 -3.92779 0 0 -19.4925 1.234 0.15 4.49503 0 3.9747 2.34603 0 -9.37051 0 0 -12.1055 
4.153 1.987 0.1765 0.333268 0 4.18071 0.203738 0 -3.9376 0 0 -19.4925 1.234 0.15 4.49738 0 3.96532 2.34603 0 -9.38032 0 0 -12.1055 
4.154 1.987 0.1765 0.333472 0 4.17677 0.203738 0 -3.94741 0 0 -19.4925 1.234 0.15 4.49972 0 3.95593 2.34603 0 -9.39013 0 0 -12.1055 
4.155 1.987 0.1765 0.333676 0 4.17281 0.203738 0 -3.95722 0 0 -19.4925 1.234 0.15 4.50207 0 3.94653 2.34603 0 -9.39994 0 0 -12.1055 
4.156 1.987 0.1765 0.33388 0 4.16884 0.203738 0 -3.96703 0 0 -19.4925 1.234 0.15 4.50442 0 3.93712 2.34603 0 -9.40975 0 0 -12.1055 
4.157 1.987 0.1765 0.334083 0 4.16487 0.203738 0 -3.97684 0 0 -19.4925 1.234 0.15 4.50676 0 3.9277 2.34603 0 -9.41956 0 0 -12.1055 
4.158 1.987 0.1765 0.334287 0 4.16088 0.203738 0 -3.98665 0 0 -19.4925 1.234 0.15 4.50911 0 3.91828 2.34603 0 -9.42937 0 0 -12.1055 
4.159 1.987 0.1765 0.334491 0 4.15688 0.203738 0 -3.99646 0 0 -19.4925 1.234 0.15 4.51145 0 3.90884 2.34603 0 -9.43918 0 0 -12.1055 
4.16 1.987 0.1765 0.334695 0 4.15288 0.203738 0 -4.00627 0 0 -19.4925 1.234 0.15 4.5138 0 3.89939 2.34603 0 -9.44899 0 0 -12.1055 
4.161 1.987 0.1765 0.334898 0 4.14886 0.203738 0 -4.01608 0 0 -19.4925 1.234 0.15 4.51615 0 3.88993 2.34603 0 -9.4588 0 0 -12.1055 
4.162 1.987 0.1765 0.335102 0 4.14483 0.203738 0 -4.02589 0 0 -19.4925 1.234 0.15 4.51849 0 3.88046 2.34603 0 -9.46861 0 0 -12.1055 
4.163 1.987 0.1765 0.335306 0 4.1408 0.203738 0 -4.0357 0 0 -19.4925 1.234 0.15 4.52084 0 3.87098 2.34603 0 -9.47842 0 0 -12.1055 
4.164 1.987 0.1765 0.33551 0 4.13675 0.203738 0 -4.04551 0 0 -19.4925 1.234 0.15 4.52318 0 3.86149 2.34603 0 -9.48823 0 0 -12.1055 
4.165 1.987 0.1765 0.335713 0 4.1327 0.203738 0 -4.05532 0 0 -19.4925 1.234 0.15 4.52553 0 3.852 2.34603 0 -9.49804 0 0 -12.1055 
4.166 1.987 0.1765 0.335917 0 4.12863 0.203738 0 -4.06513 0 0 -19.4925 1.234 0.15 4.52788 0 3.84249 2.34603 0 -9.50785 0 0 -12.1055 
4.167 1.987 0.1765 0.336121 0 4.12456 0.203738 0 -4.07494 0 0 -19.4925 1.234 0.15 4.53022 0 3.83297 2.34603 0 -9.51766 0 0 -12.1055 
4.168 1.987 0.1765 0.336324 0 4.12047 0.203738 0 -4.08475 0 0 -19.4925 1.234 0.15 4.53257 0 3.82344 2.34603 0 -9.52747 0 0 -12.1055 
4.169 1.987 0.1765 0.336528 0 4.11638 0.203738 0 -4.09456 0 0 -19.4925 1.234 0.15 4.53491 0 3.81391 2.34603 0 -9.53728 0 0 -12.1055 
4.17 1.987 0.1765 0.336732 0 4.11227 0.203738 0 -4.10437 0 0 -19.4925 1.234 0.15 4.53726 0 3.80436 2.34603 0 -9.54709 0 0 -12.1055 
4.171 1.987 0.1765 0.336936 0 4.10816 0.203738 0 -4.11418 0 0 -19.4925 1.234 0.15 4.53961 0 3.7948 2.34603 0 -9.5569 0 0 -12.1055 
4.172 1.987 0.1765 0.337139 0 4.10404 0.203738 0 -4.12399 0 0 -19.4925 1.234 0.15 4.54195 0 3.78523 2.34603 0 -9.56671 0 0 -12.1055 
4.173 1.987 0.1765 0.337343 0 4.0999 0.203738 0 -4.1338 0 0 -19.4925 1.234 0.15 4.5443 0 3.77566 2.34603 0 -9.57652 0 0 -12.1055 
4.174 1.987 0.1765 0.337547 0 4.09576 0.203738 0 -4.14361 0 0 -19.4925 1.234 0.15 4.54664 0 3.76607 2.34603 0 -9.58633 0 0 -12.1055 
4.175 1.987 0.1765 0.337751 0 4.09161 0.203738 0 -4.15342 0 0 -19.4925 1.234 0.15 4.54899 0 3.75648 2.34603 0 -9.59614 0 0 -12.1055 
4.176 1.987 0.1765 0.337954 0 4.08744 0.203738 0 -4.16323 0 0 -19.4925 1.234 0.15 4.55134 0 3.74687 2.34603 0 -9.60595 0 0 -12.1055 
4.177 1.987 0.1765 0.338158 0 4.08327 0.203738 0 -4.17304 0 0 -19.4925 1.234 0.15 4.55368 0 3.73725 2.34603 0 -9.61576 0 0 -12.1055 
4.178 1.987 0.1765 0.338362 0 4.07909 0.203738 0 -4.18285 0 0 -19.4925 1.234 0.15 4.55603 0 3.72763 2.34603 0 -9.62557 0 0 -12.1055 
4.179 1.987 0.1765 0.338566 0 4.07489 0.203738 0 -4.19266 0 0 -19.4925 1.234 0.15 4.55837 0 3.71799 2.34603 0 -9.63538 0 0 -12.1055 
4.18 1.987 0.1765 0.338769 0 4.07069 0.203738 0 -4.20247 0 0 -19.4925 1.234 0.15 4.56072 0 3.70835 2.34603 0 -9.64519 0 0 -12.1055 
4.181 1.987 0.1765 0.338973 0 4.06648 0.203738 0 -4.21228 0 0 -19.4925 1.234 0.15 4.56307 0 3.69869 2.34603 0 -9.655 0 0 -12.1055 
4.182 1.987 0.1765 0.339177 0 4.06226 0.203738 0 -4.22209 0 0 -19.4925 1.234 0.15 4.56541 0 3.68903 2.34603 0 -9.66481 0 0 -12.1055 
4.183 1.987 0.1765 0.339381 0 4.05802 0.203738 0 -4.2319 0 0 -19.4925 1.234 0.15 4.56776 0 3.67935 2.34603 0 -9.67462 0 0 -12.1055 
4.184 1.987 0.1765 0.339584 0 4.05378 0.203738 0 -4.24171 0 0 -19.4925 1.234 0.15 4.5701 0 3.66967 2.34603 0 -9.68443 0 0 -12.1055 
4.185 1.987 0.1765 0.339788 0 4.04953 0.203738 0 -4.25152 0 0 -19.4925 1.234 0.15 4.57245 0 3.65997 2.34603 0 -9.69424 0 0 -12.1055 
4.186 1.987 0.1765 0.339992 0 4.04527 0.203738 0 -4.26133 0 0 -19.4925 1.234 0.15 4.5748 0 3.65027 2.34603 0 -9.70405 0 0 -12.1055 
4.187 1.987 0.1765 0.340195 0 4.041 0.203738 0 -4.27114 0 0 -19.4925 1.234 0.15 4.57714 0 3.64056 2.34603 0 -9.71386 0 0 -12.1055 
4.188 1.987 0.1765 0.340399 0 4.03672 0.203738 0 -4.28095 0 0 -19.4925 1.234 0.15 4.57949 0 3.63083 2.34603 0 -9.72367 0 0 -12.1055 
4.189 1.987 0.1765 0.340603 0 4.03243 0.203738 0 -4.29076 0 0 -19.4925 1.234 0.15 4.58183 0 3.6211 2.34603 0 -9.73348 0 0 -12.1055 
4.19 1.987 0.1765 0.340807 0 4.02813 0.203738 0 -4.30057 0 0 -19.4925 1.234 0.15 4.58418 0 3.61136 2.34603 0 -9.74329 0 0 -12.1055 
4.191 1.987 0.1765 0.34101 0 4.02382 0.203738 0 -4.31038 0 0 -19.4925 1.234 0.15 4.58653 0 3.6016 2.34603 0 -9.7531 0 0 -12.1055 
4.192 1.987 0.1765 0.341214 0 4.0195 0.203738 0 -4.32019 0 0 -19.4925 1.234 0.15 4.58887 0 3.59184 2.34603 0 -9.76291 0 0 -12.1055 
4.193 1.987 0.1765 0.341418 0 4.01517 0.203738 0 -4.33 0 0 -19.4925 1.234 0.15 4.59122 0 3.58207 2.34603 0 -9.77272 0 0 -12.1055 
4.194 1.987 0.1765 0.341622 0 4.01083 0.203738 0 -4.33981 0 0 -19.4925 1.234 0.15 4.59356 0 3.57228 2.34603 0 -9.78253 0 0 -12.1055 
4.195 1.987 0.1765 0.341825 0 4.00648 0.203738 0 -4.34962 0 0 -19.4925 1.234 0.15 4.59591 0 3.56249 2.34603 0 -9.79234 0 0 -12.1055 
4.196 1.987 0.1765 0.342029 0 4.00212 0.203738 0 -4.35943 0 0 -19.4925 1.234 0.15 4.59826 0 3.55269 2.34603 0 -9.80215 0 0 -12.1055 
4.197 1.987 0.1765 0.342233 0 3.99775 0.203738 0 -4.36924 0 0 -19.4925 1.234 0.15 4.6006 0 3.54288 2.34603 0 -9.81196 0 0 -12.1055 
4.198 1.987 0.1765 0.342437 0 3.99337 0.203738 0 -4.37905 0 0 -19.4925 1.234 0.15 4.60295 0 3.53306 2.34603 0 -9.82177 0 0 -12.1055 
4.199 1.987 0.1765 0.34264 0 3.98898 0.203738 0 -4.38886 0 0 -19.4925 1.234 0.15 4.60529 0 3.52323 2.34603 0 -9.83158 0 0 -12.1055 
4.2 1.987 0.1765 0.342844 0 3.98458 0.203738 0 -4.39867 0 0 -19.4925 1.234 0.15 4.60764 0 3.51338 2.34603 0 -9.84139 0 0 -12.1055 
4.201 1.987 0.1765 0.343048 0 3.98017 0.203738 0 -4.40848 0 0 -19.4925 1.234 0.15 4.60999 0 3.50353 2.34603 0 -9.8512 0 0 -12.1055 
4.202 1.987 0.1765 0.343252 0 3.97575 0.203738 0 -4.41829 0 0 -19.4925 1.234 0.15 4.61233 0 3.49367 2.34603 0 -9.86101 0 0 -12.1055 
4.203 1.987 0.1765 0.343455 0 3.97133 0.203738 0 -4.4281 0 0 -19.4925 1.234 0.15 4.61468 0 3.4838 2.34603 0 -9.87082 0 0 -12.1055 
4.204 1.987 0.1765 0.343659 0 3.96689 0.203738 0 -4.43791 0 0 -19.4925 1.234 0.15 4.61702 0 3.47392 2.34603 0 -9.88063 0 0 -12.1055 
4.205 1.987 0.1765 0.343863 0 3.96244 0.203738 0 -4.44772 0 0 -19.4925 1.234 0.15 4.61937 0 3.46403 2.34603 0 -9.89044 0 0 -12.1055 
4.206 1.987 0.1765 0.344066 0 3.95798 0.203738 0 -4.45753 0 0 -19.4925 1.234 0.15 4.62172 0 3.45413 2.34603 0 -9.90025 0 0 -12.1055 
4.207 1.987 0.1765 0.34427 0 3.95352 0.203738 0 -4.46734 0 0 -19.4925 1.234 0.15 4.62406 0 3.44422 2.34603 0 -9.91006 0 0 -12.1055 
4.208 1.987 0.1765 0.344474 0 3.94904 0.203738 0 -4.47715 0 0 -19.4925 1.234 0.15 4.62641 0 3.4343 2.34603 0 -9.91987 0 0 -12.1055 
4.209 1.987 0.1765 0.344678 0 3.94455 0.203738 0 -4.48696 0 0 -19.4925 1.234 0.15 4.62875 0 3.42437 2.34603 0 -9.92968 0 0 -12.1055 
4.21 1.987 0.1765 0.344881 0 3.94006 0.203738 0 -4.49677 0 0 -19.4925 1.234 0.15 4.6311 0 3.41443 2.34603 0 -9.93949 0 0 -12.1055 
4.211 1.987 0.1765 0.345085 0 3.93555 0.203738 0 -4.50658 0 0 -19.4925 1.234 0.15 4.63345 0 3.40448 2.34603 0 -9.9493 0 0 -12.1055 
4.212 1.987 0.1765 0.345289 0 3.93103 0.203738 0 -4.51639 0 0 -19.4925 1.234 0.15 4.63579 0 3.39452 2.34603 0 -9.95911 0 0 -12.1055 
4.213 1.987 0.1765 0.345493 0 3.92651 0.203738 0 -4.5262 0 0 -19.4925 1.234 0.15 4.63814 0 3.38455 2.34603 0 -9.96892 0 0 -12.1055 
4.214 1.987 0.1765 0.345696 0 3.92197 0.203738 0 -4.53601 0 0 -19.4925 1.234 0.15 4.64048 0 3.37457 2.34603 0 -9.97873 0 0 -12.1055 
4.215 1.987 0.1765 0.3459 0 3.91742 0.203738 0 -4.54582 0 0 -19.4925 1.234 0.15 4.64283 0 3.36459 2.34603 0 -9.98854 0 0 -12.1055 
4.216 1.987 0.1765 0.346104 0 3.91287 0.203738 0 -4.55563 0 0 -19.4925 1.234 0.15 4.64518 0 3.35459 2.34603 0 -9.99835 0 0 -12.1055 
4.217 1.987 0.1765 0.346308 0 3.9083 0.203738 0 -4.56544 0 0 -19.4925 1.234 0.15 4.64752 0 3.34458 2.34603 0 -10.0082 0 0 -12.1055 
4.218 1.987 0.1765 0.346511 0 3.90373 0.203738 0 -4.57525 0 0 -19.4925 1.234 0.15 4.64987 0 3.33456 2.34603 0 -10.018 0 0 -12.1055 
4.219 1.987 0.1765 0.346715 0 3.89914 0.203738 0 -4.58506 0 0 -19.4925 1.234 0.15 4.65222 0 3.32453 2.34603 0 -10.0278 0 0 -12.1055 
4.22 1.987 0.1765 0.346919 0 3.89455 0.203738 0 -4.59487 0 0 -19.4925 1.234 0.15 4.65456 0 3.3145 2.34603 0 -10.0376 0 0 -12.1055 
4.221 1.987 0.1765 0.347123 0 3.88994 0.203738 0 -4.60468 0 0 -19.4925 1.234 0.15 4.65691 0 3.30445 2.34603 0 -10.0474 0 0 -12.1055 
4.222 1.987 0.1765 0.347326 0 3.88533 0.203738 0 -4.61449 0 0 -19.4925 1.234 0.15 4.65925 0 3.29439 2.34603 0 -10.0572 0 0 -12.1055 
4.223 1.987 0.1765 0.34753 0 3.8807 0.203738 0 -4.6243 0 0 -19.4925 1.234 0.15 4.6616 0 3.28432 2.34603 0 -10.067 0 0 -12.1055 
4.224 1.987 0.1765 0.347734 0 3.87607 0.203738 0 -4.63411 0 0 -19.4925 1.234 0.15 4.66395 0 3.27425 2.34603 0 -10.0768 0 0 -12.1055 
4.225 1.987 0.1765 0.347938 0 3.87143 0.203738 0 -4.64392 0 0 -19.4925 1.234 0.15 4.66629 0 3.26416 2.34603 0 -10.0866 0 0 -12.1055 
4.226 1.987 0.1765 0.348141 0 3.86677 0.203738 0 -4.65373 0 0 -19.4925 1.234 0.15 4.66864 0 3.25406 2.34603 0 -10.0964 0 0 -12.1055 
4.227 1.987 0.1765 0.348345 0 3.86211 0.203738 0 -4.66354 0 0 -19.4925 1.234 0.15 4.67098 0 3.24396 2.34603 0 -10.1063 0 0 -12.1055 
4.228 1.987 0.1765 0.348549 0 3.85744 0.203738 0 -4.67335 0 0 -19.4925 1.234 0.15 4.67333 0 3.23384 2.34603 0 -10.1161 0 0 -12.1055 
4.229 1.987 0.1765 0.348752 0 3.85275 0.203738 0 -4.68316 0 0 -19.4925 1.234 0.15 4.67568 0 3.22372 2.34603 0 -10.1259 0 0 -12.1055 
4.23 1.987 0.1765 0.348956 0 3.84806 0.203738 0 -4.69297 0 0 -19.4925 1.234 0.15 4.67802 0 3.21358 2.34603 0 -10.1357 0 0 -12.1055 
4.231 1.987 0.1765 0.34916 0 3.84336 0.203738 0 -4.70278 0 0 -19.4925 1.234 0.15 4.68037 0 3.20343 2.34603 0 -10.1455 0 0 -12.1055 
4.232 1.987 0.1765 0.349364 0 3.83864 0.203738 0 -4.71259 0 0 -19.4925 1.234 0.15 4.68271 0 3.19328 2.34603 0 -10.1553 0 0 -12.1055 
4.233 1.987 0.1765 0.349567 0 3.83392 0.203738 0 -4.7224 0 0 -19.4925 1.234 0.15 4.68506 0 3.18311 2.34603 0 -10.1651 0 0 -12.1055 
4.234 1.987 0.1765 0.349771 0 3.82919 0.203738 0 -4.73221 0 0 -19.4925 1.234 0.15 4.68741 0 3.17294 2.34603 0 -10.1749 0 0 -12.1055 
4.235 1.987 0.1765 0.349975 0 3.82445 0.203738 0 -4.74202 0 0 -19.4925 1.234 0.15 4.68975 0 3.16275 2.34603 0 -10.1847 0 0 -12.1055 
4.236 1.987 0.1765 0.350179 0 3.8197 0.203738 0 -4.75183 0 0 -19.4925 1.234 0.15 4.6921 0 3.15256 2.34603 0 -10.1945 0 0 -12.1055 
4.237 1.987 0.1765 0.350382 0 3.81493 0.203738 0 -4.76164 0 0 -19.4925 1.234 0.15 4.69444 0 3.14236 2.34603 0 -10.2044 0 0 -12.1055 
4.238 1.987 0.1765 0.350586 0 3.81016 0.203738 0 -4.77145 0 0 -19.4925 1.234 0.15 4.69679 0 3.13214 2.34603 0 -10.2142 0 0 -12.1055 
4.239 1.987 0.1765 0.35079 0 3.80538 0.203738 0 -4.78126 0 0 -19.4925 1.234 0.15 4.69914 0 3.12192 2.34603 0 -10.224 0 0 -12.1055 
4.24 1.987 0.1765 0.350994 0 3.80059 0.203738 0 -4.79107 0 0 -19.4925 1.234 0.15 4.70148 0 3.11168 2.34603 0 -10.2338 0 0 -12.1055 
4.241 1.987 0.1765 0.351197 0 3.79579 0.203738 0 -4.80088 0 0 -19.4925 1.234 0.15 4.70383 0 3.10144 2.34603 0 -10.2436 0 0 -12.1055 
4.242 1.987 0.1765 0.351401 0 3.79098 0.203738 0 -4.81069 0 0 -19.4925 1.234 0.15 4.70617 0 3.09119 2.34603 0 -10.2534 0 0 -12.1055 
4.243 1.987 0.1765 0.351605 0 3.78616 0.203738 0 -4.8205 0 0 -19.4925 1.234 0.15 4.70852 0 3.08092 2.34603 0 -10.2632 0 0 -12.1055 
4.244 1.987 0.1765 0.351809 0 3.78133 0.203738 0 -4.83031 0 0 -19.4925 1.234 0.15 4.71087 0 3.07065 2.34603 0 -10.273 0 0 -12.1055 
4.245 1.987 0.1765 0.352012 0 3.77649 0.203738 0 -4.84012 0 0 -19.4925 1.234 0.15 4.71321 0 3.06037 2.34603 0 -10.2828 0 0 -12.1055 
4.246 1.987 0.1765 0.352216 0 3.77164 0.203738 0 -4.84993 0 0 -19.4925 1.234 0.15 4.71556 0 3.05008 2.34603 0 -10.2926 0 0 -12.1055 
4.247 1.987 0.1765 0.35242 0 3.76678 0.203738 0 -4.85974 0 0 -19.4925 1.234 0.15 4.7179 0 3.03977 2.34603 0 -10.3025 0 0 -12.1055 
4.248 1.987 0.1765 0.352623 0 3.76191 0.203738 0 -4.86955 0 0 -19.4925 1.234 0.15 4.72025 0 3.02946 2.34603 0 -10.3123 0 0 -12.1055 
4.249 1.987 0.1765 0.352827 0 3.75703 0.203738 0 -4.87936 0 0 -19.4925 1.234 0.15 4.7226 0 3.01914 2.34603 0 -10.3221 0 0 -12.1055 
4.25 1.987 0.1765 0.353031 0 3.75214 0.203738 0 -4.88917 0 0 -19.4925 1.234 0.15 4.72494 0 3.00881 2.34603 0 -10.3319 0 0 -12.1055 
4.251 1.987 0.1765 0.353235 0 3.74724 0.203738 0 -4.89898 0 0 -19.4925 1.234 0.15 4.72729 0 2.99846 2.34603 0 -10.3417 0 0 -12.1055 
4.252 1.987 0.1765 0.353438 0 3.74233 0.203738 0 -4.90879 0 0 -19.4925 1.234 0.15 4.72963 0 2.98811 2.34603 0 -10.3515 0 0 -12.1055 
4.253 1.987 0.1765 0.353642 0 3.73741 0.203738 0 -4.9186 0 0 -19.4925 1.234 0.15 4.73198 0 2.97775 2.34603 0 -10.3613 0 0 -12.1055 
4.254 1.987 0.1765 0.353846 0 3.73249 0.203738 0 -4.92841 0 0 -19.4925 1.234 0.15 4.73433 0 2.96738 2.34603 0 -10.3711 0 0 -12.1055 
4.255 1.987 0.1765 0.35405 0 3.72755 0.203738 0 -4.93822 0 0 -19.4925 1.234 0.15 4.73667 0 2.957 2.34603 0 -10.3809 0 0 -12.1055 
4.256 1.987 0.1765 0.354253 0 3.7226 0.203738 0 -4.94803 0 0 -19.4925 1.234 0.15 4.73902 0 2.94661 2.34603 0 -10.3907 0 0 -12.1055 
4.257 1.987 0.1765 0.354457 0 3.71764 0.203738 0 -4.95784 0 0 -19.4925 1.234 0.15 4.74136 0 2.93621 2.34603 0 -10.4006 0 0 -12.1055 
4.258 1.987 0.1765 0.354661 0 3.71267 0.203738 0 -4.96765 0 0 -19.4925 1.234 0.15 4.74371 0 2.9258 2.34603 0 -10.4104 0 0 -12.1055 
4.259 1.987 0.1765 0.354865 0 3.7077 0.203738 0 -4.97746 0 0 -19.4925 1.234 0.15 4.74606 0 2.91538 2.34603 0 -10.4202 0 0 -12.1055 
4.26 1.987 0.1765 0.355068 0 3.70271 0.203738 0 -4.98727 0 0 -19.4925 1.234 0.15 4.7484 0 2.90495 2.34603 0 -10.43 0 0 -12.1055 
4.261 1.987 0.1765 0.355272 0 3.69771 0.203738 0 -4.99708 0 0 -19.4925 1.234 0.15 4.75075 0 2.89451 2.34603 0 -10.4398 0 0 -12.1055 
4.262 1.987 0.1765 0.355476 0 3.69271 0.203738 0 -5.00689 0 0 -19.4925 1.234 0.15 4.75309 0 2.88406 2.34603 0 -10.4496 0 0 -12.1055 
4.263 1.987 0.1765 0.35568 0 3.68769 0.203738 0 -5.0167 0 0 -19.4925 1.234 0.15 4.75544 0 2.8736 2.34603 0 -10.4594 0 0 -12.1055 
4.264 1.987 0.1765 0.355883 0 3.68266 0.203738 0 -5.02651 0 0 -19.4925 1.234 0.15 4.75779 0 2.86313 2.34603 0 -10.4692 0 0 -12.1055 
4.265 1.987 0.1765 0.356087 0 3.67763 0.203738 0 -5.03632 0 0 -19.4925 1.234 0.15 4.76013 0 2.85265 2.34603 0 -10.479 0 0 -12.1055 
4.266 1.987 0.1765 0.356291 0 3.67258 0.203738 0 -5.04613 0 0 -19.4925 1.234 0.15 4.76248 0 2.84216 2.34603 0 -10.4888 0 0 -12.1055 
4.267 1.987 0.1765 0.356495 0 3.66752 0.203738 0 -5.05594 0 0 -19.4925 1.234 0.15 4.76482 0 2.83166 2.34603 0 -10.4987 0 0 -12.1055 
4.268 1.987 0.1765 0.356698 0 3.66246 0.203738 0 -5.06575 0 0 -19.4925 1.234 0.15 4.76717 0 2.82116 2.34603 0 -10.5085 0 0 -12.1055 
4.269 1.987 0.1765 0.356902 0 3.65738 0.203738 0 -5.07556 0 0 -19.4925 1.234 0.15 4.76952 0 2.81064 2.34603 0 -10.5183 0 0 -12.1055 
4.27 1.987 0.1765 0.357106 0 3.6523 0.203738 0 -5.08537 0 0 -19.4925 1.234 0.15 4.77186 0 2.80011 2.34603 0 -10.5281 0 0 -12.1055 
4.271 1.987 0.1765 0.357309 0 3.6472 0.203738 0 -5.09518 0 0 -19.4925 1.234 0.15 4.77421 0 2.78957 2.34603 0 -10.5379 0 0 -12.1055 
4.272 1.987 0.1765 0.357513 0 3.6421 0.203738 0 -5.10499 0 0 -19.4925 1.234 0.15 4.77655 0 2.77902 2.34603 0 -10.5477 0 0 -12.1055 
4.273 1.987 0.1765 0.357717 0 3.63698 0.203738 0 -5.1148 0 0 -19.4925 1.234 0.15 4.7789 0 2.76847 2.34603 0 -10.5575 0 0 -12.1055 
4.274 1.987 0.1765 0.357921 0 3.63186 0.203738 0 -5.12461 0 0 -19.4925 1.234 0.15 4.78125 0 2.7579 2.34603 0 -10.5673 0 0 -12.1055 
4.275 1.987 0.1765 0.358124 0 3.62672 0.203738 0 -5.13442 0 0 -19.4925 1.234 0.15 4.78359 0 2.74732 2.34603 0 -10.5771 0 0 -12.1055 
4.276 1.987 0.1765 0.358328 0 3.62158 0.203738 0 -5.14423 0 0 -19.4925 1.234 0.15 4.78594 0 2.73673 2.34603 0 -10.5869 0 0 -12.1055 
4.277 1.987 0.1765 0.358532 0 3.61642 0.203738 0 -5.15404 0 0 -19.4925 1.234 0.15 4.78828 0 2.72614 2.34603 0 -10.5968 0 0 -12.1055 
4.278 1.987 0.1765 0.358736 0 3.61126 0.203738 0 -5.16385 0 0 -19.4925 1.234 0.15 4.79063 0 2.71553 2.34603 0 -10.6066 0 0 -12.1055 
4.279 1.987 0.1765 0.358939 0 3.60609 0.203738 0 -5.17366 0 0 -19.4925 1.234 0.15 4.79298 0 2.70491 2.34603 0 -10.6164 0 0 -12.1055 
4.28 1.987 0.1765 0.359143 0 3.6009 0.203738 0 -5.18347 0 0 -19.4925 1.234 0.15 4.79532 0 2.69429 2.34603 0 -10.6262 0 0 -12.1055 
4.281 1.987 0.1765 0.359347 0 3.59571 0.203738 0 -5.19328 0 0 -19.4925 1.234 0.15 4.79767 0 2.68365 2.34603 0 -10.636 0 0 -12.1055 
4.282 1.987 0.1765 0.359551 0 3.59051 0.203738 0 -5.20309 0 0 -19.4925 1.234 0.15 4.80001 0 2.67301 2.34603 0 -10.6458 0 0 -12.1055 
4.283 1.987 0.1765 0.359754 0 3.58529 0.203738 0 -5.2129 0 0 -19.4925 1.234 0.15 4.80236 0 2.66235 2.34603 0 -10.6556 0 0 -12.1055 
4.284 1.987 0.1765 0.359958 0 3.58007 0.203738 0 -5.22271 0 0 -19.4925 1.234 0.15 4.80471 0 2.65169 2.34603 0 -10.6654 0 0 -12.1055 
4.285 1.987 0.1765 0.360162 0 3.57484 0.203738 0 -5.23252 0 0 -19.4925 1.234 0.15 4.80705 0 2.64101 2.34603 0 -10.6752 0 0 -12.1055 
4.286 1.987 0.1765 0.360366 0 3.5696 0.203738 0 -5.24233 0 0 -19.4925 1.234 0.15 4.8094 0 2.63033 2.34603 0 -10.685 0 0 -12.1055 
4.287 1.987 0.1765 0.360569 0 3.56435 0.203738 0 -5.25214 0 0 -19.4925 1.234 0.15 4.81175 0 2.61963 2.34603 0 -10.6949 0 0 -12.1055 
4.288 1.987 0.1765 0.360773 0 3.55908 0.203738 0 -5.26195 0 0 -19.4925 1.234 0.15 4.81409 0 2.60893 2.34603 0 -10.7047 0 0 -12.1055 
4.289 1.987 0.1765 0.360977 0 3.55381 0.203738 0 -5.27176 0 0 -19.4925 1.234 0.15 4.81644 0 2.59821 2.34603 0 -10.7145 0 0 -12.1055 
4.29 1.987 0.1765 0.36118 0 3.54853 0.203738 0 -5.28157 0 0 -19.4925 1.234 0.15 4.81878 0 2.58749 2.34603 0 -10.7243 0 0 -12.1055 
4.291 1.987 0.1765 0.361384 0 3.54324 0.203738 0 -5.29138 0 0 -19.4925 1.234 0.15 4.82113 0 2.57675 2.34603 0 -10.7341 0 0 -12.1055 
4.292 1.987 0.1765 0.361588 0 3.53794 0.203738 0 -5.30119 0 0 -19.4925 1.234 0.15 4.82348 0 2.56601 2.34603 0 -10.7439 0 0 -12.1055 
4.293 1.987 0.1765 0.361792 0 3.53263 0.203738 0 -5.311 0 0 -19.4925 1.234 0.15 4.82582 0 2.55526 2.34603 0 -10.7537 0 0 -12.1055 
4.294 1.987 0.1765 0.361995 0 3.52731 0.203738 0 -5.32081 0 0 -19.4925 1.234 0.15 4.82817 0 2.54449 2.34603 0 -10.7635 0 0 -12.1055 
4.295 1.987 0.1765 0.362199 0 3.52197 0.203738 0 -5.33062 0 0 -19.4925 1.234 0.15 4.83051 0 2.53372 2.34603 0 -10.7733 0 0 -12.1055 
4.296 1.987 0.1765 0.362403 0 3.51663 0.203738 0 -5.34043 0 0 -19.4925 1.234 0.15 4.83285 0 2.52294 2.33327 0 -10.7831 -15.7478 0 -12.1055 
4.297 1.987 0.1765 0.362607 0 3.51128 0.203738 0 -5.35024 0 0 -19.4925 1.234 0.15 4.83515 0 2.51214 2.30494 0 -10.793 -34.9516 0 -12.1055 
4.298 1.987 0.1765 0.36281 0 3.50592 0.203738 0 -5.36005 0 0 -19.4925 1.234 0.15 4.83741 0 2.50134 2.26125 0 -10.8028 -53.9224 0 -12.1055 
4.299 1.987 0.1765 0.363014 0 3.50055 0.203738 0 -5.36986 0 0 -19.4925 1.234 0.15 4.83962 0 2.49053 2.20247 0 -10.8126 -72.5335 0 -12.1055 
4.3 1.987 0.1765 0.363218 0 3.49517 0.203738 0 -5.37967 0 0 -19.4925 1.234 0.15 4.84174 0 2.4797 2.129 0 -10.8224 -90.6608 0 -12.1055 
4.301 1.987 0.1765 0.363422 0 3.48979 0.203738 0 -5.38948 0 0 -19.4925 1.234 0.15 4.84379 0 2.46887 2.04133 0 -10.8322 -108.183 0 -12.1055 
4.302 1.987 0.1765 0.363625 0 3.48439 0.203738 0 -5.39929 0 0 -19.4925 1.234 0.15 4.84573 0 2.45803 1.94005 0 -10.842 -124.984 0 -12.1055 
4.303 1.987 0.1765 0.363829 0 3.47898 0.203738 0 -5.4091 0 0 -19.4925 1.234 0.15 4.84755 0 2.44718 1.82582 0 -10.8518 -140.952 0 -12.1055 
4.304 1.987 0.1765 0.364033 0 3.47356 0.203738 0 -5.41891 0 0 -19.4925 1.234 0.15 4.84925 0 2.43632 1.69942 0 -10.8616 -155.979 0 -12.1055 
4.305 1.987 0.1765 0.364237 0 3.46813 0.203738 0 -5.42872 0 0 -19.4925 1.234 0.15 4.85081 0 2.42545 1.56168 0 -10.8714 -169.966 0 -12.1055 
4.306 1.987 0.1765 0.36444 0 3.46269 0.203738 0 -5.43853 0 0 -19.4925 1.234 0.15 4.85223 0 2.41456 1.41353 0 -10.8812 -182.82 0 -12.1055 
4.307 1.987 0.1765 0.364644 0 3.45724 0.203738 0 -5.44834 0 0 -19.4925 1.234 0.15 4.85348 0 2.40367 1.25595 0 -10.8911 -194.454 0 -12.1055 
4.308 1.987 0.1765 0.364848 0 3.45178 0.203738 0 -5.45815 0 0 -19.4925 1.234 0.15 4.85457 0 2.39277 1.09 0 -10.9009 -204.791 0 -12.1055 
4.309 1.987 0.1765 0.365052 0 3.44632 0.203738 0 -5.46796 0 0 -19.4925 1.234 0.15 4.85549 0 2.38186 0.916769 0 -10.9107 -213.762 0 -12.1055 
4.31 1.987 0.1765 0.365255 0 3.44084 0.203738 0 -5.47777 0 0 -19.4925 1.234 0.15 4.85623 0 2.37094 0.737428 0 -10.9205 -221.307 0 -12.1055 
4.311 1.987 0.1765 0.365459 0 3.43535 0.203738 0 -5.48758 0 0 -19.4925 1.234 0.15 4.85678 0 2.36001 0.553168 0 -10.9303 -227.377 0 -12.1055 
4.312 1.987 0.1765 0.365663 0 3.42985 0.203738 0 -5.49739 0 0 -19.4925 1.234 0.15 4.85714 0 2.34907 0.365218 0 -10.9401 -231.93 0 -12.1055 
4.313 1.987 0.1765 0.365866 0 3.42435 0.203738 0 -5.5072 0 0 -19.4925 1.234 0.15 4.85732 0 2.33812 0.174833 0 -10.9499 -234.935 0 -12.1055 
4.314 1.987 0.1765 0.36607 0 3.41883 0.203738 0 -5.51701 0 0 -19.4925 1.234 0.15 4.8573 0 2.32716 -0.0167184 0 -10.9597 -236.374 0 -12.1055 
4.315 1.987 0.1765 0.366274 0 3.4133 0.203738 0 -5.52682 0 0 -19.4925 1.234 0.15 4.85709 0 2.31619 -0.208158 0 -10.9695 -236.237 0 -12.1055 
4.316 1.987 0.1765 0.366478 0 3.40777 0.203738 0 -5.53663 0 0 -19.4925 1.234 0.15 4.8567 0 2.30521 -0.39821 0 -10.9793 -234.524 0 -12.1055 
4.317 1.987 0.1765 0.366681 0 3.40222 0.203738 0 -5.54644 0 0 -19.4925 1.234 0.15 4.85611 0 2.29422 -0.585605 0 -10.9892 -231.246 0 -12.1055 
4.318 1.987 0.1765 0.366885 0 3.39666 0.203738 0 -5.55625 0 0 -19.4925 1.234 0.15 4.85534 0 2.28322 -0.769095 0 -10.999 -226.426 0 -12.1055 
4.319 1.987 0.1765 0.367089 0 3.3911 0.203738 0 -5.56606 0 0 -19.4925 1.234 0.15 4.85439 0 2.27222 -0.947455 0 -11.0088 -220.096 0 -12.1055 
4.32 1.987 0.1765 0.367293 0 3.38552 0.203738 0 -5.57587 0 0 -19.4925 1.234 0.15 4.85327 0 2.2612 -1.1195 0 -11.0186 -212.298 0 -12.1055 
4.321 1.987 0.1765 0.367496 0 3.37994 0.203738 0 -5.58568 0 0 -19.4925 1.234 0.15 4.85199 0 2.25017 -1.28407 0 -11.0284 -203.084 0 -12.1055 
4.322 1.987 0.1765 0.3677 0 3.37434 0.203738 0 -5.59549 0 0 -19.4925 1.234 0.15 4.85055 0 2.23913 -1.44008 0 -11.0382 -192.516 0 -12.1055 
4.323 1.987 0.1765 0.367904 0 3.36873 0.203738 0 -5.6053 0 0 -19.4925 1.234 0.15 4.84896 0 2.22808 -1.58648 0 -11.048 -180.663 0 -12.1055 
4.324 1.987 0.1765 0.368108 0 3.36312 0.203738 0 -5.61511 0 0 -19.4925 1.234 0.15 4.84724 0 2.21702 -1.72231 0 -11.0578 -167.606 0 -12.1055 
4.325 1.987 0.1765 0.368311 0 3.35749 0.203738 0 -5.62492 0 0 -19.4925 1.234 0.15 4.8454 0 2.20596 -1.84664 0 -11.0676 -153.431 0 -12.1055 
4.326 1.987 0.1765 0.368515 0 3.35186 0.203738 0 -5.63473 0 0 -19.4925 1.234 0.15 4.84344 0 2.19488 -1.95866 0 -11.0774 -138.232 0 -12.1055 
4.327 1.987 0.1765 0.368719 0 3.34622 0.203738 0 -5.64454 0 0 -19.4925 1.234 0.15 4.84138 0 2.18379 -2.05762 0 -11.0873 -122.111 0 -12.1055 
4.328 1.987 0.1765 0.368923 0 3.34056 0.203738 0 -5.65435 0 0 -19.4925 1.234 0.15 4.83924 0 2.17269 -2.14285 0 -11.0971 -105.176 0 -12.1055 
4.329 1.987 0.1765 0.369126 0 3.3349 0.203738 0 -5.66416 0 0 -19.4925 1.234 0.15 4.83702 0 2.16159 -2.21379 0 -11.1069 -87.5393 0 -12.1055 
4.33 1.987 0.1765 0.36933 0 3.32922 0.203738 0 -5.67397 0 0 -19.4925 1.234 0.15 4.83475 0 2.15047 -2.26996 0 -11.1167 -69.3188 0 -12.1055 
4.331 1.987 0.1765 0.369534 0 3.32354 0.203738 0 -5.68378 0 0 -19.4925 1.234 0.15 4.83244 0 2.13934 -2.311 0 -11.1265 -50.636 0 -12.1055 
4.332 1.987 0.1765 0.369737 0 3.31785 0.203738 0 -5.69359 0 0 -19.4925 1.234 0.15 4.8301 0 2.12821 -2.33662 0 -11.1363 -31.6154 0 -12.1055 
4.333 1.987 0.1765 0.369941 0 3.31214 0.203738 0 -5.7034 0 0 -19.4925 1.234 0.15 4.82776 0 2.11706 -2.34665 0 -11.1461 -12.384 0 -12.1055 
4.334 1.987 0.1765 0.370145 0 3.30643 0.203738 0 -5.71321 0 0 -19.4925 1.234 0.15 4.82541 0 2.10591 -2.34665 0 -11.1559 0 0 -12.1055 
4.335 1.987 0.1765 0.370349 0 3.30071 0.203738 0 -5.72302 0 0 -19.4925 1.234 0.15 4.82306 0 2.09474 -2.34665 0 -11.1657 0 0 -12.1055 
4.336 1.987 0.1765 0.370552 0 3.29497 0.203738 0 -5.73283 0 0 -19.4925 1.234 0.15 4.82072 0 2.08357 -2.34665 0 -11.1755 0 0 -12.1055 
4.337 1.987 0.1765 0.370756 0 3.28923 0.203738 0 -5.74264 0 0 -19.4925 1.234 0.15 4.81837 0 2.07238 -2.34665 0 -11.1854 0 0 -12.1055 
4.338 1.987 0.1765 0.37096 0 3.28348 0.203738 0 -5.75245 0 0 -19.4925 1.234 0.15 4.81602 0 2.06118 -2.34665 0 -11.1952 0 0 -12.1055 
4.339 1.987 0.1765 0.371164 0 3.27772 0.203738 0 -5.76226 0 0 -19.4925 1.234 0.15 4.81368 0 2.04998 -2.34665 0 -11.205 0 0 -12.1055 
4.34 1.987 0.1765 0.371367 0 3.27194 0.203738 0 -5.77207 0 0 -19.4925 1.234 0.15 4.81133 0 2.03876 -2.34665 0 -11.2148 0 0 -12.1055 
4.341 1.987 0.1765 0.371571 0 3.26616 0.203738 0 -5.78188 0 0 -19.4925 1.234 0.15 4.80898 0 2.02754 -2.34665 0 -11.2246 0 0 -12.1055 
4.342 1.987 0.1765 0.371775 0 3.26037 0.203738 0 -5.79169 0 0 -19.4925 1.234 0.15 4.80664 0 2.01631 -2.34665 0 -11.2344 0 0 -12.1055 
4.343 1.987 0.1765 0.371979 0 3.25457 0.203738 0 -5.8015 0 0 -19.4925 1.234 0.15 4.80429 0 2.00506 -2.34665 0 -11.2442 0 0 -12.1055 
4.344 1.987 0.1765 0.372182 0 3.24876 0.203738 0 -5.81131 0 0 -19.4925 1.234 0.15 4.80194 0 1.99381 -2.34665 0 -11.254 0 0 -12.1055 
4.345 1.987 0.1765 0.372386 0 3.24294 0.203738 0 -5.82112 0 0 -19.4925 1.234 0.15 4.7996 0 1.98254 -2.34665 0 -11.2638 0 0 -12.1055 
