0 1.987 0.1765 1.01511 0 1.21644 1.87654 0 3.20833 0 0 -19.4925 
0.001 1.987 0.1765 1.01699 0 1.21964 1.87654 0 3.19852 0 0 -19.4925 
0.002 1.987 0.1765 1.01886 0 1.22283 1.87654 0 3.18871 0 0 -19.4925 
0.003 1.987 0.1765 1.02074 0 1.22601 1.87654 0 3.1789 0 0 -19.4925 
0.004 1.987 0.1765 1.02262 0 1.22918 1.87654 0 3.16909 0 0 -19.4925 
0.005 1.987 0.1765 1.02449 0 1.23234 1.87654 0 3.15928 0 0 -19.4925 
0.006 1.987 0.1765 1.02637 0 1.23549 1.87654 0 3.14947 0 0 -19.4925 
0.007 1.987 0.1765 1.02825 0 1.23863 1.87654 0 3.13966 0 0 -19.4925 
0.008 1.987 0.1765 1.03012 0 1.24176 1.87654 0 3.12985 0 0 -19.4925 
0.009 1.987 0.1765 1.032 0 1.24488 1.87654 0 3.12004 0 0 -19.4925 
0.01 1.987 0.1765 1.03388 0 1.24799 1.87654 0 3.11023 0 0 -19.4925 
0.011 1.987 0.1765 1.03575 0 1.25109 1.87654 0 3.10042 0 0 -19.4925 
0.012 1.987 0.1765 1.03763 0 1.25418 1.87654 0 3.09061 0 0 -19.4925 
0.013 1.987 0.1765 1.03951 0 1.25726 1.87654 0 3.0808 0 0 -19.4925 
0.014 1.987 0.1765 1.04138 0 1.26033 1.87654 0 3.07099 0 0 -19.4925 
0.015 1.987 0.1765 1.04326 0 1.26339 1.87654 0 3.06118 0 0 -19.4925 
0.016 1.987 0.1765 1.04514 0 1.26644 1.87654 0 3.05137 0 0 -19.4925 
0.017 1.987 0.1765 1.04701 0 1.26948 1.87654 0 3.04156 0 0 -19.4925 
0.018 1.987 0.1765 1.04889 0 1.27252 1.87654 0 3.03175 0 0 -19.4925 
0.019 1.987 0.1765 1.05077 0 1.27554 1.87654 0 3.02194 0 0 -19.4925 
0.02 1.987 0.1765 1.05264 0 1.27855 1.87654 0 3.01213 0 0 -19.4925 
0.021 1.987 0.1765 1.05452 0 1.28155 1.87654 0 3.00232 0 0 -19.4925 
0.022 1.987 0.1765 1.05639 0 1.28454 1.87654 0 2.99251 0 0 -19.4925 
0.023 1.987 0.1765 1.05827 0 1.28753 1.87654 0 2.9827 0 0 -19.4925 
0.024 1.987 0.1765 1.06015 0 1.2905 1.87654 0 2.97289 0 0 -19.4925 
0.025 1.987 0.1765 1.06202 0 1.29346 1.87654 0 2.96308 0 0 -19.4925 
0.026 1.987 0.1765 1.0639 0 1.29642 1.87654 0 2.95327 0 0 -19.4925 
0.027 1.987 0.1765 1.06578 0 1.29936 1.87654 0 2.94346 0 0 -19.4925 
0.028 1.987 0.1765 1.06765 0 1.30229 1.87654 0 2.93365 0 0 -19.4925 
0.029 1.987 0.1765 1.06953 0 1.30522 1.87654 0 2.92384 0 0 -19.4925 
0.03 1.987 0.1765 1.07141 0 1.30813 1.87654 0 2.91403 0 0 -19.4925 
0.031 1.987 0.1765 1.07328 0 1.31104 1.87654 0 2.90422 0 0 -19.4925 
0.032 1.987 0.1765 1.07516 0 1.31393 1.87654 0 2.89441 0 0 -19.4925 
0.033 1.987 0.1765 1.07704 0 1.31681 1.87654 0 2.8846 0 0 -19.4925 
0.034 1.987 0.1765 1.07891 0 1.31969 1.87654 0 2.87479 0 0 -19.4925 
0.035 1.987 0.1765 1.08079 0 1.32255 1.87654 0 2.86498 0 0 -19.4925 
0.036 1.987 0.1765 1.08267 0 1.32541 1.87654 0 2.85517 0 0 -19.4925 
0.037 1.987 0.1765 1.08454 0 1.32825 1.87654 0 2.84536 0 0 -19.4925 
0.038 1.987 0.1765 1.08642 0 1.33109 1.87654 0 2.83555 0 0 -19.4925 
0.039 1.987 0.1765 1.0883 0 1.33392 1.87654 0 2.82574 0 0 -19.4925 
0.04 1.987 0.1765 1.09017 0 1.33673 1.87654 0 2.81593 0 0 -19.4925 
0.041 1.987 0.1765 1.09205 0 1.33954 1.87654 0 2.80612 0 0 -19.4925 
0.042 1.987 0.1765 1.09393 0 1.34233 1.87654 0 2.79631 0 0 -19.4925 
0.043 1.987 0.1765 1.0958 0 1.34512 1.87654 0 2.7865 0 0 -19.4925 
0.044 1.987 0.1765 1.09768 0 1.3479 1.87654 0 2.77669 0 0 -19.4925 
0.045 1.987 0.1765 1.09956 0 1.35066 1.87654 0 2.76688 0 0 -19.4925 
0.046 1.987 0.1765 1.10143 0 1.35342 1.87654 0 2.75707 0 0 -19.4925 
0.047 1.987 0.1765 1.10331 0 1.35617 1.87654 0 2.74726 0 0 -19.4925 
0.048 1.987 0.1765 1.10518 0 1.35891 1.87654 0 2.73745 0 0 -19.4925 
0.049 1.987 0.1765 1.10706 0 1.36163 1.87654 0 2.72764 0 0 -19.4925 
0.05 1.987 0.1765 1.10894 0 1.36435 1.87654 0 2.71783 0 0 -19.4925 
0.051 1.987 0.1765 1.11081 0 1.36706 1.87654 0 2.70802 0 0 -19.4925 
0.052 1.987 0.1765 1.11269 0 1.36976 1.87654 0 2.69821 0 0 -19.4925 
0.053 1.987 0.1765 1.11457 0 1.37245 1.87654 0 2.6884 0 0 -19.4925 
0.054 1.987 0.1765 1.11644 0 1.37512 1.87654 0 2.67859 0 0 -19.4925 
0.055 1.987 0.1765 1.11832 0 1.37779 1.87654 0 2.66878 0 0 -19.4925 
0.056 1.987 0.1765 1.1202 0 1.38045 1.87654 0 2.65897 0 0 -19.4925 
0.057 1.987 0.1765 1.12207 0 1.3831 1.87654 0 2.64916 0 0 -19.4925 
0.058 1.987 0.1765 1.12395 0 1.38574 1.87654 0 2.63935 0 0 -19.4925 
0.059 1.987 0.1765 1.12583 0 1.38837 1.87654 0 2.62954 0 0 -19.4925 
0.06 1.987 0.1765 1.1277 0 1.39099 1.87654 0 2.61973 0 0 -19.4925 
0.061 1.987 0.1765 1.12958 0 1.3936 1.87654 0 2.60992 0 0 -19.4925 
0.062 1.987 0.1765 1.13146 0 1.3962 1.87654 0 2.60011 0 0 -19.4925 
0.063 1.987 0.1765 1.13333 0 1.39879 1.87654 0 2.5903 0 0 -19.4925 
0.064 1.987 0.1765 1.13521 0 1.40137 1.87654 0 2.58049 0 0 -19.4925 
0.065 1.987 0.1765 1.13709 0 1.40394 1.87654 0 2.57068 0 0 -19.4925 
0.066 1.987 0.1765 1.13896 0 1.4065 1.87654 0 2.56087 0 0 -19.4925 
0.067 1.987 0.1765 1.14084 0 1.40905 1.87654 0 2.55106 0 0 -19.4925 
0.068 1.987 0.1765 1.14272 0 1.41159 1.87654 0 2.54125 0 0 -19.4925 
0.069 1.987 0.1765 1.14459 0 1.41413 1.87654 0 2.53144 0 0 -19.4925 
0.07 1.987 0.1765 1.14647 0 1.41665 1.87654 0 2.52163 0 0 -19.4925 
0.071 1.987 0.1765 1.14835 0 1.41916 1.87654 0 2.51182 0 0 -19.4925 
0.072 1.987 0.1765 1.15022 0 1.42166 1.87654 0 2.50201 0 0 -19.4925 
0.073 1.987 0.1765 1.1521 0 1.42415 1.87654 0 2.4922 0 0 -19.4925 
0.074 1.987 0.1765 1.15397 0 1.42664 1.87654 0 2.48239 0 0 -19.4925 
0.075 1.987 0.1765 1.15585 0 1.42911 1.87654 0 2.47258 0 0 -19.4925 
0.076 1.987 0.1765 1.15773 0 1.43157 1.87654 0 2.46277 0 0 -19.4925 
0.077 1.987 0.1765 1.1596 0 1.43402 1.87654 0 2.45296 0 0 -19.4925 
0.078 1.987 0.1765 1.16148 0 1.43647 1.87654 0 2.44315 0 0 -19.4925 
0.079 1.987 0.1765 1.16336 0 1.4389 1.87654 0 2.43334 0 0 -19.4925 
0.08 1.987 0.1765 1.16523 0 1.44132 1.87654 0 2.42353 0 0 -19.4925 
0.081 1.987 0.1765 1.16711 0 1.44374 1.87654 0 2.41372 0 0 -19.4925 
0.082 1.987 0.1765 1.16899 0 1.44614 1.87654 0 2.40391 0 0 -19.4925 
0.083 1.987 0.1765 1.17086 0 1.44854 1.87654 0 2.3941 0 0 -19.4925 
0.084 1.987 0.1765 1.17274 0 1.45092 1.87654 0 2.38429 0 0 -19.4925 
0.085 1.987 0.1765 1.17462 0 1.4533 1.87654 0 2.37448 0 0 -19.4925 
0.086 1.987 0.1765 1.17649 0 1.45566 1.87654 0 2.36467 0 0 -19.4925 
0.087 1.987 0.1765 1.17837 0 1.45801 1.87654 0 2.35486 0 0 -19.4925 
0.088 1.987 0.1765 1.18025 0 1.46036 1.87654 0 2.34505 0 0 -19.4925 
0.089 1.987 0.1765 1.18212 0 1.46269 1.87654 0 2.33524 0 0 -19.4925 
0.09 1.987 0.1765 1.184 0 1.46502 1.87654 0 2.32543 0 0 -19.4925 
0.091 1.987 0.1765 1.18588 0 1.46734 1.87654 0 2.31562 0 0 -19.4925 
0.092 1.987 0.1765 1.18775 0 1.46964 1.87654 0 2.30581 0 0 -19.4925 
0.093 1.987 0.1765 1.18963 0 1.47194 1.87654 0 2.296 0 0 -19.4925 
0.094 1.987 0.1765 1.19151 0 1.47422 1.87654 0 2.28619 0 0 -19.4925 
0.095 1.987 0.1765 1.19338 0 1.4765 1.87654 0 2.27638 0 0 -19.4925 
0.096 1.987 0.1765 1.19526 0 1.47877 1.87654 0 2.26657 0 0 -19.4925 
0.097 1.987 0.1765 1.19714 0 1.48102 1.87654 0 2.25676 0 0 -19.4925 
0.098 1.987 0.1765 1.19901 0 1.48327 1.87654 0 2.24695 0 0 -19.4925 
0.099 1.987 0.1765 1.20089 0 1.48551 1.87654 0 2.23714 0 0 -19.4925 
0.1 1.987 0.1765 1.20276 0 1.48774 1.87654 0 2.22733 0 0 -19.4925 
0.101 1.987 0.1765 1.20464 0 1.48995 1.87654 0 2.21752 0 0 -19.4925 
0.102 1.987 0.1765 1.20652 0 1.49216 1.87654 0 2.20771 0 0 -19.4925 
0.103 1.987 0.1765 1.20839 0 1.49436 1.87654 0 2.1979 0 0 -19.4925 
0.104 1.987 0.1765 1.21027 0 1.49655 1.87654 0 2.18809 0 0 -19.4925 
0.105 1.987 0.1765 1.21215 0 1.49872 1.87654 0 2.17828 0 0 -19.4925 
0.106 1.987 0.1765 1.21402 0 1.50089 1.87654 0 2.16847 0 0 -19.4925 
0.107 1.987 0.1765 1.2159 0 1.50305 1.87654 0 2.15866 0 0 -19.4925 
0.108 1.987 0.1765 1.21778 0 1.5052 1.87654 0 2.14885 0 0 -19.4925 
0.109 1.987 0.1765 1.21965 0 1.50734 1.87654 0 2.13904 0 0 -19.4925 
0.11 1.987 0.1765 1.22153 0 1.50947 1.87654 0 2.12923 0 0 -19.4925 
0.111 1.987 0.1765 1.22341 0 1.51159 1.87654 0 2.11942 0 0 -19.4925 
0.112 1.987 0.1765 1.22528 0 1.5137 1.87654 0 2.10961 0 0 -19.4925 
0.113 1.987 0.1765 1.22716 0 1.5158 1.87654 0 2.0998 0 0 -19.4925 
0.114 1.987 0.1765 1.22904 0 1.51789 1.87654 0 2.08999 0 0 -19.4925 
0.115 1.987 0.1765 1.23091 0 1.51997 1.87654 0 2.08018 0 0 -19.4925 
0.116 1.987 0.1765 1.23279 0 1.52204 1.87654 0 2.07037 0 0 -19.4925 
0.117 1.987 0.1765 1.23467 0 1.5241 1.87654 0 2.06056 0 0 -19.4925 
0.118 1.987 0.1765 1.23654 0 1.52615 1.87654 0 2.05075 0 0 -19.4925 
0.119 1.987 0.1765 1.23842 0 1.52819 1.87654 0 2.04094 0 0 -19.4925 
0.12 1.987 0.1765 1.2403 0 1.53022 1.87654 0 2.03113 0 0 -19.4925 
0.121 1.987 0.1765 1.24217 0 1.53224 1.87654 0 2.02132 0 0 -19.4925 
0.122 1.987 0.1765 1.24405 0 1.53425 1.87654 0 2.01151 0 0 -19.4925 
0.123 1.987 0.1765 1.24593 0 1.53626 1.87654 0 2.0017 0 0 -19.4925 
0.124 1.987 0.1765 1.2478 0 1.53825 1.87654 0 1.99189 0 0 -19.4925 
0.125 1.987 0.1765 1.24968 0 1.54023 1.87654 0 1.98208 0 0 -19.4925 
0.126 1.987 0.1765 1.25155 0 1.5422 1.87654 0 1.97227 0 0 -19.4925 
0.127 1.987 0.1765 1.25343 0 1.54416 1.87654 0 1.96246 0 0 -19.4925 
0.128 1.987 0.1765 1.25531 0 1.54612 1.87654 0 1.95265 0 0 -19.4925 
0.129 1.987 0.1765 1.25718 0 1.54806 1.87654 0 1.94284 0 0 -19.4925 
0.13 1.987 0.1765 1.25906 0 1.54999 1.87654 0 1.93303 0 0 -19.4925 
0.131 1.987 0.1765 1.26094 0 1.55192 1.87654 0 1.92322 0 0 -19.4925 
0.132 1.987 0.1765 1.26281 0 1.55383 1.87654 0 1.91341 0 0 -19.4925 
0.133 1.987 0.1765 1.26469 0 1.55573 1.87654 0 1.9036 0 0 -19.4925 
0.134 1.987 0.1765 1.26657 0 1.55763 1.87654 0 1.89379 0 0 -19.4925 
0.135 1.987 0.1765 1.26844 0 1.55951 1.87654 0 1.88398 0 0 -19.4925 
0.136 1.987 0.1765 1.27032 0 1.56139 1.87654 0 1.87417 0 0 -19.4925 
0.137 1.987 0.1765 1.2722 0 1.56325 1.87654 0 1.86436 0 0 -19.4925 
0.138 1.987 0.1765 1.27407 0 1.5651 1.87654 0 1.85455 0 0 -19.4925 
0.139 1.987 0.1765 1.27595 0 1.56695 1.87654 0 1.84474 0 0 -19.4925 
0.14 1.987 0.1765 1.27783 0 1.56878 1.87654 0 1.83493 0 0 -19.4925 
0.141 1.987 0.1765 1.2797 0 1.57061 1.87654 0 1.82512 0 0 -19.4925 
0.142 1.987 0.1765 1.28158 0 1.57242 1.87654 0 1.81531 0 0 -19.4925 
0.143 1.987 0.1765 1.28346 0 1.57423 1.87654 0 1.8055 0 0 -19.4925 
0.144 1.987 0.1765 1.28533 0 1.57603 1.87654 0 1.79569 0 0 -19.4925 
0.145 1.987 0.1765 1.28721 0 1.57781 1.87654 0 1.78588 0 0 -19.4925 
0.146 1.987 0.1765 1.28909 0 1.57959 1.87654 0 1.77607 0 0 -19.4925 
0.147 1.987 0.1765 1.29096 0 1.58135 1.87654 0 1.76626 0 0 -19.4925 
0.148 1.987 0.1765 1.29284 0 1.58311 1.87654 0 1.75645 0 0 -19.4925 
0.149 1.987 0.1765 1.29472 0 1.58486 1.87654 0 1.74664 0 0 -19.4925 
0.15 1.987 0.1765 1.29659 0 1.58659 1.87654 0 1.73683 0 0 -19.4925 
0.151 1.987 0.1765 1.29847 0 1.58832 1.87654 0 1.72702 0 0 -19.4925 
0.152 1.987 0.1765 1.30034 0 1.59004 1.87654 0 1.71721 0 0 -19.4925 
0.153 1.987 0.1765 1.30222 0 1.59175 1.87654 0 1.7074 0 0 -19.4925 
0.154 1.987 0.1765 1.3041 0 1.59344 1.87654 0 1.69759 0 0 -19.4925 
0.155 1.987 0.1765 1.30597 0 1.59513 1.87654 0 1.68778 0 0 -19.4925 
0.156 1.987 0.1765 1.30785 0 1.59681 1.87654 0 1.67797 0 0 -19.4925 
0.157 1.987 0.1765 1.30973 0 1.59848 1.87654 0 1.66816 0 0 -19.4925 
0.158 1.987 0.1765 1.3116 0 1.60014 1.87654 0 1.65835 0 0 -19.4925 
0.159 1.987 0.1765 1.31348 0 1.60178 1.87654 0 1.64854 0 0 -19.4925 
0.16 1.987 0.1765 1.31536 0 1.60342 1.87654 0 1.63873 0 0 -19.4925 
0.161 1.987 0.1765 1.31723 0 1.60505 1.87654 0 1.62892 0 0 -19.4925 
0.162 1.987 0.1765 1.31911 0 1.60667 1.87654 0 1.61911 0 0 -19.4925 
0.163 1.987 0.1765 1.32099 0 1.60828 1.87654 0 1.6093 0 0 -19.4925 
0.164 1.987 0.1765 1.32286 0 1.60988 1.87654 0 1.59949 0 0 -19.4925 
0.165 1.987 0.1765 1.32474 0 1.61147 1.87654 0 1.58968 0 0 -19.4925 
0.166 1.987 0.1765 1.32662 0 1.61305 1.87654 0 1.57987 0 0 -19.4925 
0.167 1.987 0.1765 1.32849 0 1.61462 1.87654 0 1.57006 0 0 -19.4925 
0.168 1.987 0.1765 1.33037 0 1.61618 1.87654 0 1.56025 0 0 -19.4925 
0.169 1.987 0.1765 1.33225 0 1.61773 1.87654 0 1.55044 0 0 -19.4925 
0.17 1.987 0.1765 1.33412 0 1.61927 1.87654 0 1.54063 0 0 -19.4925 
0.171 1.987 0.1765 1.336 0 1.6208 1.87654 0 1.53082 0 0 -19.4925 
0.172 1.987 0.1765 1.33788 0 1.62232 1.87654 0 1.52101 0 0 -19.4925 
0.173 1.987 0.1765 1.33975 0 1.62383 1.87654 0 1.5112 0 0 -19.4925 
0.174 1.987 0.1765 1.34163 0 1.62533 1.87654 0 1.50139 0 0 -19.4925 
0.175 1.987 0.1765 1.34351 0 1.62683 1.87654 0 1.49158 0 0 -19.4925 
0.176 1.987 0.1765 1.34538 0 1.62831 1.87654 0 1.48177 0 0 -19.4925 
0.177 1.987 0.1765 1.34726 0 1.62978 1.87654 0 1.47196 0 0 -19.4925 
0.178 1.987 0.1765 1.34913 0 1.63124 1.87654 0 1.46215 0 0 -19.4925 
0.179 1.987 0.1765 1.35101 0 1.63269 1.87654 0 1.45234 0 0 -19.4925 
0.18 1.987 0.1765 1.35289 0 1.63414 1.87654 0 1.44253 0 0 -19.4925 
0.181 1.987 0.1765 1.35476 0 1.63557 1.87654 0 1.43272 0 0 -19.4925 
0.182 1.987 0.1765 1.35664 0 1.63699 1.87654 0 1.42291 0 0 -19.4925 
0.183 1.987 0.1765 1.35852 0 1.63841 1.87654 0 1.4131 0 0 -19.4925 
0.184 1.987 0.1765 1.36039 0 1.63981 1.87654 0 1.40329 0 0 -19.4925 
0.185 1.987 0.1765 1.36227 0 1.6412 1.87654 0 1.39348 0 0 -19.4925 
0.186 1.987 0.1765 1.36415 0 1.64259 1.87654 0 1.38367 0 0 -19.4925 
0.187 1.987 0.1765 1.36602 0 1.64396 1.87654 0 1.37386 0 0 -19.4925 
0.188 1.987 0.1765 1.3679 0 1.64532 1.87654 0 1.36405 0 0 -19.4925 
0.189 1.987 0.1765 1.36978 0 1.64668 1.87654 0 1.35424 0 0 -19.4925 
0.19 1.987 0.1765 1.37165 0 1.64802 1.87654 0 1.34443 0 0 -19.4925 
0.191 1.987 0.1765 1.37353 0 1.64936 1.87654 0 1.33462 0 0 -19.4925 
0.192 1.987 0.1765 1.37541 0 1.65068 1.87654 0 1.32481 0 0 -19.4925 
0.193 1.987 0.1765 1.37728 0 1.652 1.87654 0 1.315 0 0 -19.4925 
0.194 1.987 0.1765 1.37916 0 1.6533 1.87654 0 1.30519 0 0 -19.4925 
0.195 1.987 0.1765 1.38104 0 1.6546 1.87654 0 1.29538 0 0 -19.4925 
0.196 1.987 0.1765 1.38291 0 1.65588 1.87654 0 1.28557 0 0 -19.4925 
0.197 1.987 0.1765 1.38479 0 1.65716 1.87654 0 1.27576 0 0 -19.4925 
0.198 1.987 0.1765 1.38667 0 1.65843 1.87654 0 1.26595 0 0 -19.4925 
0.199 1.987 0.1765 1.38854 0 1.65968 1.87654 0 1.25614 0 0 -19.4925 
0.2 1.987 0.1765 1.39042 0 1.66093 1.87654 0 1.24633 0 0 -19.4925 
0.201 1.987 0.1765 1.3923 0 1.66216 1.87654 0 1.23652 0 0 -19.4925 
0.202 1.987 0.1765 1.39417 0 1.66339 1.87654 0 1.22671 0 0 -19.4925 
0.203 1.987 0.1765 1.39605 0 1.66461 1.87654 0 1.2169 0 0 -19.4925 
0.204 1.987 0.1765 1.39793 0 1.66581 1.87654 0 1.20709 0 0 -19.4925 
0.205 1.987 0.1765 1.3998 0 1.66701 1.87654 0 1.19728 0 0 -19.4925 
0.206 1.987 0.1765 1.40168 0 1.6682 1.87654 0 1.18747 0 0 -19.4925 
0.207 1.987 0.1765 1.40355 0 1.66938 1.87654 0 1.17766 0 0 -19.4925 
0.208 1.987 0.1765 1.40543 0 1.67054 1.87654 0 1.16785 0 0 -19.4925 
0.209 1.987 0.1765 1.40731 0 1.6717 1.87654 0 1.15804 0 0 -19.4925 
0.21 1.987 0.1765 1.40918 0 1.67285 1.87654 0 1.14823 0 0 -19.4925 
0.211 1.987 0.1765 1.41106 0 1.67399 1.87654 0 1.13842 0 0 -19.4925 
0.212 1.987 0.1765 1.41294 0 1.67512 1.87654 0 1.12861 0 0 -19.4925 
0.213 1.987 0.1765 1.41481 0 1.67624 1.87654 0 1.1188 0 0 -19.4925 
0.214 1.987 0.1765 1.41669 0 1.67735 1.87654 0 1.10899 0 0 -19.4925 
0.215 1.987 0.1765 1.41857 0 1.67845 1.87654 0 1.09918 0 0 -19.4925 
0.216 1.987 0.1765 1.42044 0 1.67953 1.87654 0 1.08937 0 0 -19.4925 
0.217 1.987 0.1765 1.42232 0 1.68061 1.87654 0 1.07956 0 0 -19.4925 
0.218 1.987 0.1765 1.4242 0 1.68168 1.87654 0 1.06975 0 0 -19.4925 
0.219 1.987 0.1765 1.42607 0 1.68274 1.87654 0 1.05994 0 0 -19.4925 
0.22 1.987 0.1765 1.42795 0 1.68379 1.87654 0 1.05013 0 0 -19.4925 
0.221 1.987 0.1765 1.42983 0 1.68483 1.87654 0 1.04032 0 0 -19.4925 
0.222 1.987 0.1765 1.4317 0 1.68586 1.87654 0 1.03051 0 0 -19.4925 
0.223 1.987 0.1765 1.43358 0 1.68689 1.87654 0 1.0207 0 0 -19.4925 
0.224 1.987 0.1765 1.43546 0 1.6879 1.87654 0 1.01089 0 0 -19.4925 
0.225 1.987 0.1765 1.43733 0 1.6889 1.87654 0 1.00108 0 0 -19.4925 
0.226 1.987 0.1765 1.43921 0 1.68989 1.87654 0 0.991269 0 0 -19.4925 
0.227 1.987 0.1765 1.44109 0 1.69087 1.87654 0 0.981459 0 0 -19.4925 
0.228 1.987 0.1765 1.44296 0 1.69184 1.87654 0 0.971649 0 0 -19.4925 
0.229 1.987 0.1765 1.44484 0 1.6928 1.87654 0 0.961839 0 0 -19.4925 
0.23 1.987 0.1765 1.44672 0 1.69376 1.87654 0 0.952029 0 0 -19.4925 
0.231 1.987 0.1765 1.44859 0 1.6947 1.87654 0 0.942219 0 0 -19.4925 
0.232 1.987 0.1765 1.45047 0 1.69563 1.87654 0 0.932409 0 0 -19.4925 
0.233 1.987 0.1765 1.45234 0 1.69655 1.87654 0 0.922599 0 0 -19.4925 
0.234 1.987 0.1765 1.45422 0 1.69747 1.87654 0 0.912789 0 0 -19.4925 
0.235 1.987 0.1765 1.4561 0 1.69837 1.87654 0 0.902979 0 0 -19.4925 
0.236 1.987 0.1765 1.45797 0 1.69926 1.87654 0 0.893169 0 0 -19.4925 
0.237 1.987 0.1765 1.45985 0 1.70015 1.87654 0 0.883359 0 0 -19.4925 
0.238 1.987 0.1765 1.46173 0 1.70102 1.87654 0 0.873549 0 0 -19.4925 
0.239 1.987 0.1765 1.4636 0 1.70188 1.87654 0 0.863739 0 0 -19.4925 
0.24 1.987 0.1765 1.46548 0 1.70274 1.87654 0 0.853929 0 0 -19.4925 
0.241 1.987 0.1765 1.46736 0 1.70358 1.87654 0 0.844119 0 0 -19.4925 
0.242 1.987 0.1765 1.46923 0 1.70441 1.87654 0 0.834309 0 0 -19.4925 
0.243 1.987 0.1765 1.47111 0 1.70524 1.87654 0 0.824499 0 0 -19.4925 
0.244 1.987 0.1765 1.47299 0 1.70605 1.87654 0 0.814689 0 0 -19.4925 
0.245 1.987 0.1765 1.47486 0 1.70686 1.87654 0 0.804879 0 0 -19.4925 
0.246 1.987 0.1765 1.47674 0 1.70765 1.87654 0 0.795069 0 0 -19.4925 
0.247 1.987 0.1765 1.47862 0 1.70844 1.87654 0 0.785259 0 0 -19.4925 
0.248 1.987 0.1765 1.48049 0 1.70921 1.87654 0 0.775449 0 0 -19.4925 
0.249 1.987 0.1765 1.48237 0 1.70998 1.87654 0 0.765639 0 0 -19.4925 
0.25 1.987 0.1765 1.48425 0 1.71074 1.87654 0 0.755829 0 0 -19.4925 
0.251 1.987 0.1765 1.48612 0 1.71148 1.87654 0 0.746019 0 0 -19.4925 
0.252 1.987 0.1765 1.488 0 1.71222 1.87654 0 0.736209 0 0 -19.4925 
0.253 1.987 0.1765 1.48988 0 1.71294 1.87654 0 0.726399 0 0 -19.4925 
0.254 1.987 0.1765 1.49175 0 1.71366 1.87654 0 0.716589 0 0 -19.4925 
0.255 1.987 0.1765 1.49363 0 1.71437 1.87654 0 0.706779 0 0 -19.4925 
0.256 1.987 0.1765 1.49551 0 1.71507 1.87654 0 0.696969 0 0 -19.4925 
0.257 1.987 0.1765 1.49738 0 1.71575 1.87654 0 0.687159 0 0 -19.4925 
0.258 1.987 0.1765 1.49926 0 1.71643 1.87654 0 0.677349 0 0 -19.4925 
0.259 1.987 0.1765 1.50113 0 1.7171 1.87654 0 0.667539 0 0 -19.4925 
0.26 1.987 0.1765 1.50301 0 1.71775 1.87654 0 0.657729 0 0 -19.4925 
0.261 1.987 0.1765 1.50489 0 1.7184 1.87654 0 0.647919 0 0 -19.4925 
0.262 1.987 0.1765 1.50676 0 1.71904 1.87654 0 0.638109 0 0 -19.4925 
0.263 1.987 0.1765 1.50864 0 1.71967 1.87654 0 0.628299 0 0 -19.4925 
0.264 1.987 0.1765 1.51052 0 1.72029 1.87654 0 0.618489 0 0 -19.4925 
0.265 1.987 0.1765 1.51239 0 1.7209 1.87654 0 0.608679 0 0 -19.4925 
0.266 1.987 0.1765 1.51427 0 1.7215 1.87654 0 0.598869 0 0 -19.4925 
0.267 1.987 0.1765 1.51615 0 1.72208 1.87654 0 0.589059 0 0 -19.4925 
0.268 1.987 0.1765 1.51802 0 1.72266 1.87654 0 0.579249 0 0 -19.4925 
0.269 1.987 0.1765 1.5199 0 1.72323 1.87654 0 0.569439 0 0 -19.4925 
0.27 1.987 0.1765 1.52178 0 1.72379 1.87654 0 0.559629 0 0 -19.4925 
0.271 1.987 0.1765 1.52365 0 1.72434 1.87654 0 0.549819 0 0 -19.4925 
0.272 1.987 0.1765 1.52553 0 1.72488 1.87654 0 0.540009 0 0 -19.4925 
0.273 1.987 0.1765 1.52741 0 1.72541 1.87654 0 0.530199 0 0 -19.4925 
0.274 1.987 0.1765 1.52928 0 1.72593 1.87654 0 0.520389 0 0 -19.4925 
0.275 1.987 0.1765 1.53116 0 1.72644 1.87654 0 0.510579 0 0 -19.4925 
0.276 1.987 0.1765 1.53304 0 1.72694 1.87654 0 0.500769 0 0 -19.4925 
0.277 1.987 0.1765 1.53491 0 1.72744 1.87654 0 0.490959 0 0 -19.4925 
0.278 1.987 0.1765 1.53679 0 1.72792 1.87654 0 0.481149 0 0 -19.4925 
0.279 1.987 0.1765 1.53867 0 1.72839 1.87654 0 0.471339 0 0 -19.4925 
0.28 1.987 0.1765 1.54054 0 1.72885 1.87654 0 0.461529 0 0 -19.4925 
0.281 1.987 0.1765 1.54242 0 1.7293 1.87654 0 0.451719 0 0 -19.4925 
0.282 1.987 0.1765 1.5443 0 1.72974 1.87654 0 0.441909 0 0 -19.4925 
0.283 1.987 0.1765 1.54617 0 1.73018 1.87654 0 0.432099 0 0 -19.4925 
0.284 1.987 0.1765 1.54805 0 1.7306 1.87654 0 0.422289 0 0 -19.4925 
0.285 1.987 0.1765 1.54992 0 1.73101 1.87654 0 0.412479 0 0 -19.4925 
0.286 1.987 0.1765 1.5518 0 1.73141 1.87654 0 0.402669 0 0 -19.4925 
0.287 1.987 0.1765 1.55368 0 1.73181 1.87654 0 0.392859 0 0 -19.4925 
0.288 1.987 0.1765 1.55555 0 1.73219 1.87654 0 0.383049 0 0 -19.4925 
0.289 1.987 0.1765 1.55743 0 1.73256 1.87654 0 0.373239 0 0 -19.4925 
0.29 1.987 0.1765 1.55931 0 1.73293 1.87654 0 0.363429 0 0 -19.4925 
0.291 1.987 0.1765 1.56118 0 1.73328 1.87654 0 0.353619 0 0 -19.4925 
0.292 1.987 0.1765 1.56306 0 1.73362 1.87654 0 0.343809 0 0 -19.4925 
0.293 1.987 0.1765 1.56494 0 1.73396 1.87654 0 0.333999 0 0 -19.4925 
0.294 1.987 0.1765 1.56681 0 1.73428 1.87654 0 0.324189 0 0 -19.4925 
0.295 1.987 0.1765 1.56869 0 1.7346 1.87654 0 0.314379 0 0 -19.4925 
0.296 1.987 0.1765 1.57057 0 1.7349 1.87654 0 0.304569 0 0 -19.4925 
0.297 1.987 0.1765 1.57244 0 1.73519 1.87654 0 0.294759 0 0 -19.4925 
0.298 1.987 0.1765 1.57432 0 1.73548 1.87654 0 0.284949 0 0 -19.4925 
0.299 1.987 0.1765 1.5762 0 1.73575 1.87654 0 0.275139 0 0 -19.4925 
0.3 1.987 0.1765 1.57807 0 1.73602 1.87654 0 0.265329 0 0 -19.4925 
0.301 1.987 0.1765 1.57995 0 1.73628 1.87654 0 0.255519 0 0 -19.4925 
0.302 1.987 0.1765 1.58183 0 1.73652 1.87654 0 0.245709 0 0 -19.4925 
0.303 1.987 0.1765 1.5837 0 1.73676 1.87654 0 0.235899 0 0 -19.4925 
0.304 1.987 0.1765 1.58558 0 1.73698 1.87654 0 0.226089 0 0 -19.4925 
0.305 1.987 0.1765 1.58746 0 1.7372 1.87654 0 0.216279 0 0 -19.4925 
0.306 1.987 0.1765 1.58933 0 1.73741 1.87654 0 0.206469 0 0 -19.4925 
0.307 1.987 0.1765 1.59121 0 1.7376 1.87654 0 0.196659 0 0 -19.4925 
0.308 1.987 0.1765 1.59309 0 1.73779 1.87654 0 0.186849 0 0 -19.4925 
0.309 1.987 0.1765 1.59496 0 1.73797 1.87654 0 0.177039 0 0 -19.4925 
0.31 1.987 0.1765 1.59684 0 1.73813 1.87654 0 0.167229 0 0 -19.4925 
0.311 1.987 0.1765 1.59871 0 1.73829 1.87654 0 0.157419 0 0 -19.4925 
0.312 1.987 0.1765 1.60059 0 1.73844 1.87654 0 0.147609 0 0 -19.4925 
0.313 1.987 0.1765 1.60247 0 1.73858 1.87654 0 0.137799 0 0 -19.4925 
0.314 1.987 0.1765 1.60434 0 1.7387 1.87654 0 0.127989 0 0 -19.4925 
0.315 1.987 0.1765 1.60622 0 1.73882 1.87654 0 0.118179 0 0 -19.4925 
0.316 1.987 0.1765 1.6081 0 1.73893 1.87654 0 0.108369 0 0 -19.4925 
0.317 1.987 0.1765 1.60997 0 1.73903 1.87654 0 0.0985593 0 0 -19.4925 
0.318 1.987 0.1765 1.61185 0 1.73912 1.87654 0 0.0887493 0 0 -19.4925 
0.319 1.987 0.1765 1.61373 0 1.7392 1.87654 0 0.0789393 0 0 -19.4925 
0.32 1.987 0.1765 1.6156 0 1.73927 1.87654 0 0.0691293 0 0 -19.4925 
0.321 1.987 0.1765 1.61748 0 1.73933 1.87654 0 0.0593193 0 0 -19.4925 
0.322 1.987 0.1765 1.61936 0 1.73938 1.87654 0 0.0495093 0 0 -19.4925 
0.323 1.987 0.1765 1.62123 0 1.73941 1.87654 0 0.0396993 0 0 -19.4925 
0.324 1.987 0.1765 1.62311 0 1.73944 1.87654 0 0.0298893 0 0 -19.4925 
0.325 1.987 0.1765 1.62499 0 1.73946 1.87654 0 0.0200793 0 0 -19.4925 
0.326 1.987 0.1765 1.62686 0 1.73948 1.87654 0 0.0102693 0 0 -19.4925 
0.327 1.987 0.1765 1.62874 0 1.73948 1.87654 0 0.00045932 0 0 -19.4925 
0.328 1.987 0.1765 1.63062 0 1.73947 1.87654 0 -0.00935068 0 0 -19.4925 
0.329 1.987 0.1765 1.63249 0 1.73945 1.87654 0 -0.0191607 0 0 -19.4925 
0.33 1.987 0.1765 1.63437 0 1.73942 1.87654 0 -0.0289707 0 0 -19.4925 
0.331 1.987 0.1765 1.63625 0 1.73938 1.87654 0 -0.0387807 0 0 -19.4925 
0.332 1.987 0.1765 1.63812 0 1.73933 1.87654 0 -0.0485907 0 0 -19.4925 
0.333 1.987 0.1765 1.64 0 1.73927 1.87654 0 -0.0584007 0 0 -19.4925 
0.334 1.987 0.1765 1.64188 0 1.7392 1.87654 0 -0.0682107 0 0 -19.4925 
0.335 1.987 0.1765 1.64375 0 1.73913 1.87654 0 -0.0780207 0 0 -19.4925 
0.336 1.987 0.1765 1.64563 0 1.73904 1.87654 0 -0.0878307 0 0 -19.4925 
0.337 1.987 0.1765 1.6475 0 1.73894 1.87654 0 -0.0976407 0 0 -19.4925 
0.338 1.987 0.1765 1.64938 0 1.73883 1.87654 0 -0.107451 0 0 -19.4925 
0.339 1.987 0.1765 1.65126 0 1.73872 1.87654 0 -0.117261 0 0 -19.4925 
0.34 1.987 0.1765 1.65313 0 1.73859 1.87654 0 -0.127071 0 0 -19.4925 
0.341 1.987 0.1765 1.65501 0 1.73845 1.87654 0 -0.136881 0 0 -19.4925 
0.342 1.987 0.1765 1.65689 0 1.73831 1.87654 0 -0.146691 0 0 -19.4925 
0.343 1.987 0.1765 1.65876 0 1.73815 1.87654 0 -0.156501 0 0 -19.4925 
0.344 1.987 0.1765 1.66064 0 1.73798 1.87654 0 -0.166311 0 0 -19.4925 
0.345 1.987 0.1765 1.66252 0 1.73781 1.87654 0 -0.176121 0 0 -19.4925 
0.346 1.987 0.1765 1.66439 0 1.73762 1.87654 0 -0.185931 0 0 -19.4925 
0.347 1.987 0.1765 1.66627 0 1.73742 1.87654 0 -0.195741 0 0 -19.4925 
0.348 1.987 0.1765 1.66815 0 1.73722 1.87654 0 -0.205551 0 0 -19.4925 
0.349 1.987 0.1765 1.67002 0 1.737 1.87654 0 -0.215361 0 0 -19.4925 
0.35 1.987 0.1765 1.6719 0 1.73678 1.87654 0 -0.225171 0 0 -19.4925 
0.351 1.987 0.1765 1.67378 0 1.73654 1.87654 0 -0.234981 0 0 -19.4925 
0.352 1.987 0.1765 1.67565 0 1.7363 1.87654 0 -0.244791 0 0 -19.4925 
0.353 1.987 0.1765 1.67753 0 1.73604 1.87654 0 -0.254601 0 0 -19.4925 
0.354 1.987 0.1765 1.67941 0 1.73578 1.87654 0 -0.264411 0 0 -19.4925 
0.355 1.987 0.1765 1.68128 0 1.73551 1.87654 0 -0.274221 0 0 -19.4925 
0.356 1.987 0.1765 1.68316 0 1.73522 1.87654 0 -0.284031 0 0 -19.4925 
0.357 1.987 0.1765 1.68504 0 1.73493 1.87654 0 -0.293841 0 0 -19.4925 
0.358 1.987 0.1765 1.68691 0 1.73462 1.87654 0 -0.303651 0 0 -19.4925 
0.359 1.987 0.1765 1.68879 0 1.73431 1.87654 0 -0.313461 0 0 -19.4925 
0.36 1.987 0.1765 1.69067 0 1.73399 1.87654 0 -0.323271 0 0 -19.4925 
0.361 1.987 0.1765 1.69254 0 1.73365 1.87654 0 -0.333081 0 0 -19.4925 
0.362 1.987 0.1765 1.69442 0 1.73331 1.87654 0 -0.342891 0 0 -19.4925 
0.363 1.987 0.1765 1.69629 0 1.73296 1.87654 0 -0.352701 0 0 -19.4925 
0.364 1.987 0.1765 1.69817 0 1.7326 1.87654 0 -0.362511 0 0 -19.4925 
0.365 1.987 0.1765 1.70005 0 1.73222 1.87654 0 -0.372321 0 0 -19.4925 
0.366 1.987 0.1765 1.70192 0 1.73184 1.87654 0 -0.382131 0 0 -19.4925 
0.367 1.987 0.1765 1.7038 0 1.73145 1.87654 0 -0.391941 0 0 -19.4925 
0.368 1.987 0.1765 1.70568 0 1.73105 1.87654 0 -0.401751 0 0 -19.4925 
0.369 1.987 0.1765 1.70755 0 1.73064 1.87654 0 -0.411561 0 0 -19.4925 
0.37 1.987 0.1765 1.70943 0 1.73022 1.87654 0 -0.421371 0 0 -19.4925 
0.371 1.987 0.1765 1.71131 0 1.72978 1.87654 0 -0.431181 0 0 -19.4925 
0.372 1.987 0.1765 1.71318 0 1.72934 1.87654 0 -0.440991 0 0 -19.4925 
0.373 1.987 0.1765 1.71506 0 1.72889 1.87654 0 -0.450801 0 0 -19.4925 
0.374 1.987 0.1765 1.71694 0 1.72843 1.87654 0 -0.460611 0 0 -19.4925 
0.375 1.987 0.1765 1.71881 0 1.72796 1.87654 0 -0.470421 0 0 -19.4925 
0.376 1.987 0.1765 1.72069 0 1.72748 1.87654 0 -0.480231 0 0 -19.4925 
0.377 1.987 0.1765 1.72257 0 1.72699 1.87654 0 -0.490041 0 0 -19.4925 
0.378 1.987 0.1765 1.72444 0 1.72649 1.87654 0 -0.499851 0 0 -19.4925 
0.379 1.987 0.1765 1.72632 0 1.72598 1.87654 0 -0.509661 0 0 -19.4925 
0.38 1.987 0.1765 1.7282 0 1.72546 1.87654 0 -0.519471 0 0 -19.4925 
0.381 1.987 0.1765 1.73007 0 1.72493 1.87654 0 -0.529281 0 0 -19.4925 
0.382 1.987 0.1765 1.73195 0 1.72439 1.87654 0 -0.539091 0 0 -19.4925 
0.383 1.987 0.1765 1.73383 0 1.72384 1.87654 0 -0.548901 0 0 -19.4925 
0.384 1.987 0.1765 1.7357 0 1.72329 1.87654 0 -0.558711 0 0 -19.4925 
0.385 1.987 0.1765 1.73758 0 1.72272 1.87654 0 -0.568521 0 0 -19.4925 
0.386 1.987 0.1765 1.73946 0 1.72214 1.87654 0 -0.578331 0 0 -19.4925 
0.387 1.987 0.1765 1.74133 0 1.72155 1.87654 0 -0.588141 0 0 -19.4925 
0.388 1.987 0.1765 1.74321 0 1.72095 1.87654 0 -0.597951 0 0 -19.4925 
0.389 1.987 0.1765 1.74508 0 1.72035 1.87654 0 -0.607761 0 0 -19.4925 
0.39 1.987 0.1765 1.74696 0 1.71973 1.87654 0 -0.617571 0 0 -19.4925 
0.391 1.987 0.1765 1.74884 0 1.7191 1.87654 0 -0.627381 0 0 -19.4925 
0.392 1.987 0.1765 1.75071 0 1.71846 1.87654 0 -0.637191 0 0 -19.4925 
0.393 1.987 0.1765 1.75259 0 1.71782 1.87654 0 -0.647001 0 0 -19.4925 
0.394 1.987 0.1765 1.75447 0 1.71716 1.87654 0 -0.656811 0 0 -19.4925 
0.395 1.987 0.1765 1.75634 0 1.71649 1.87654 0 -0.666621 0 0 -19.4925 
0.396 1.987 0.1765 1.75822 0 1.71582 1.87654 0 -0.676431 0 0 -19.4925 
0.397 1.987 0.1765 1.7601 0 1.71513 1.87654 0 -0.686241 0 0 -19.4925 
0.398 1.987 0.1765 1.76197 0 1.71443 1.87654 0 -0.696051 0 0 -19.4925 
0.399 1.987 0.1765 1.76385 0 1.71373 1.87654 0 -0.705861 0 0 -19.4925 
0.4 1.987 0.1765 1.76573 0 1.71301 1.87654 0 -0.715671 0 0 -19.4925 
0.401 1.987 0.1765 1.7676 0 1.71229 1.87654 0 -0.725481 0 0 -19.4925 
0.402 1.987 0.1765 1.76948 0 1.71155 1.87654 0 -0.735291 0 0 -19.4925 
0.403 1.987 0.1765 1.77136 0 1.71081 1.87654 0 -0.745101 0 0 -19.4925 
0.404 1.987 0.1765 1.77323 0 1.71005 1.87654 0 -0.754911 0 0 -19.4925 
0.405 1.987 0.1765 1.77511 0 1.70929 1.87654 0 -0.764721 0 0 -19.4925 
0.406 1.987 0.1765 1.77699 0 1.70851 1.87654 0 -0.774531 0 0 -19.4925 
0.407 1.987 0.1765 1.77886 0 1.70773 1.87654 0 -0.784341 0 0 -19.4925 
0.408 1.987 0.1765 1.78074 0 1.70693 1.87654 0 -0.794151 0 0 -19.4925 
0.409 1.987 0.1765 1.78262 0 1.70613 1.87654 0 -0.803961 0 0 -19.4925 
0.41 1.987 0.1765 1.78449 0 1.70532 1.87654 0 -0.813771 0 0 -19.4925 
0.411 1.987 0.1765 1.78637 0 1.70449 1.87654 0 -0.823581 0 0 -19.4925 
0.412 1.987 0.1765 1.78825 0 1.70366 1.87654 0 -0.833391 0 0 -19.4925 
0.413 1.987 0.1765 1.79012 0 1.70282 1.87654 0 -0.843201 0 0 -19.4925 
0.414 1.987 0.1765 1.792 0 1.70196 1.87654 0 -0.853011 0 0 -19.4925 
0.415 1.987 0.1765 1.79387 0 1.7011 1.87654 0 -0.862821 0 0 -19.4925 
0.416 1.987 0.1765 1.79575 0 1.70023 1.87654 0 -0.872631 0 0 -19.4925 
0.417 1.987 0.1765 1.79763 0 1.69935 1.87654 0 -0.882441 0 0 -19.4925 
0.418 1.987 0.1765 1.7995 0 1.69845 1.87654 0 -0.892251 0 0 -19.4925 
0.419 1.987 0.1765 1.80138 0 1.69755 1.87654 0 -0.902061 0 0 -19.4925 
0.42 1.987 0.1765 1.80326 0 1.69664 1.87654 0 -0.911871 0 0 -19.4925 
0.421 1.987 0.1765 1.80513 0 1.69572 1.87654 0 -0.921681 0 0 -19.4925 
0.422 1.987 0.1765 1.80701 0 1.69479 1.87654 0 -0.931491 0 0 -19.4925 
0.423 1.987 0.1765 1.80889 0 1.69384 1.87654 0 -0.941301 0 0 -19.4925 
0.424 1.987 0.1765 1.81076 0 1.69289 1.87654 0 -0.951111 0 0 -19.4925 
0.425 1.987 0.1765 1.81264 0 1.69193 1.87654 0 -0.960921 0 0 -19.4925 
0.426 1.987 0.1765 1.81452 0 1.69096 1.87654 0 -0.970731 0 0 -19.4925 
0.427 1.987 0.1765 1.81639 0 1.68998 1.87654 0 -0.980541 0 0 -19.4925 
0.428 1.987 0.1765 1.81827 0 1.68899 1.87654 0 -0.990351 0 0 -19.4925 
0.429 1.987 0.1765 1.82015 0 1.68799 1.87654 0 -1.00016 0 0 -19.4925 
0.43 1.987 0.1765 1.82202 0 1.68698 1.87654 0 -1.00997 0 0 -19.4925 
0.431 1.987 0.1765 1.8239 0 1.68596 1.87654 0 -1.01978 0 0 -19.4925 
0.432 1.987 0.1765 1.82578 0 1.68493 1.87654 0 -1.02959 0 0 -19.4925 
0.433 1.987 0.1765 1.82765 0 1.68389 1.87654 0 -1.0394 0 0 -19.4925 
0.434 1.987 0.1765 1.82953 0 1.68284 1.87654 0 -1.04921 0 0 -19.4925 
0.435 1.987 0.1765 1.83141 0 1.68178 1.87654 0 -1.05902 0 0 -19.4925 
0.436 1.987 0.1765 1.83328 0 1.68071 1.87654 0 -1.06883 0 0 -19.4925 
0.437 1.987 0.1765 1.83516 0 1.67964 1.87654 0 -1.07864 0 0 -19.4925 
0.438 1.987 0.1765 1.83704 0 1.67855 1.87654 0 -1.08845 0 0 -19.4925 
0.439 1.987 0.1765 1.83891 0 1.67745 1.87654 0 -1.09826 0 0 -19.4925 
0.44 1.987 0.1765 1.84079 0 1.67634 1.87654 0 -1.10807 0 0 -19.4925 
0.441 1.987 0.1765 1.84267 0 1.67522 1.87654 0 -1.11788 0 0 -19.4925 
0.442 1.987 0.1765 1.84454 0 1.6741 1.87654 0 -1.12769 0 0 -19.4925 
0.443 1.987 0.1765 1.84642 0 1.67296 1.87654 0 -1.1375 0 0 -19.4925 
0.444 1.987 0.1765 1.84829 0 1.67181 1.87654 0 -1.14731 0 0 -19.4925 
0.445 1.987 0.1765 1.85017 0 1.67065 1.87654 0 -1.15712 0 0 -19.4925 
0.446 1.987 0.1765 1.85205 0 1.66949 1.87654 0 -1.16693 0 0 -19.4925 
0.447 1.987 0.1765 1.85392 0 1.66831 1.87654 0 -1.17674 0 0 -19.4925 
0.448 1.987 0.1765 1.8558 0 1.66712 1.87654 0 -1.18655 0 0 -19.4925 
0.449 1.987 0.1765 1.85768 0 1.66593 1.87654 0 -1.19636 0 0 -19.4925 
0.45 1.987 0.1765 1.85955 0 1.66472 1.87654 0 -1.20617 0 0 -19.4925 
0.451 1.987 0.1765 1.86143 0 1.66351 1.87654 0 -1.21598 0 0 -19.4925 
0.452 1.987 0.1765 1.86331 0 1.66228 1.87654 0 -1.22579 0 0 -19.4925 
0.453 1.987 0.1765 1.86518 0 1.66104 1.87654 0 -1.2356 0 0 -19.4925 
0.454 1.987 0.1765 1.86706 0 1.6598 1.87654 0 -1.24541 0 0 -19.4925 
0.455 1.987 0.1765 1.86894 0 1.65854 1.87654 0 -1.25522 0 0 -19.4925 
0.456 1.987 0.1765 1.87081 0 1.65728 1.87654 0 -1.26503 0 0 -19.4925 
0.457 1.987 0.1765 1.87269 0 1.656 1.87654 0 -1.27484 0 0 -19.4925 
0.458 1.987 0.1765 1.87457 0 1.65472 1.87654 0 -1.28465 0 0 -19.4925 
0.459 1.987 0.1765 1.87644 0 1.65342 1.87654 0 -1.29446 0 0 -19.4925 
0.46 1.987 0.1765 1.87832 0 1.65212 1.87654 0 -1.30427 0 0 -19.4925 
0.461 1.987 0.1765 1.8802 0 1.65081 1.87654 0 -1.31408 0 0 -19.4925 
0.462 1.987 0.1765 1.88207 0 1.64948 1.87654 0 -1.32389 0 0 -19.4925 
0.463 1.987 0.1765 1.88395 0 1.64815 1.87654 0 -1.3337 0 0 -19.4925 
0.464 1.987 0.1765 1.88583 0 1.6468 1.87654 0 -1.34351 0 0 -19.4925 
0.465 1.987 0.1765 1.8877 0 1.64545 1.87654 0 -1.35332 0 0 -19.4925 
0.466 1.987 0.1765 1.88958 0 1.64409 1.87654 0 -1.36313 0 0 -19.4925 
0.467 1.987 0.1765 1.89146 0 1.64272 1.87654 0 -1.37294 0 0 -19.4925 
0.468 1.987 0.1765 1.89333 0 1.64133 1.87654 0 -1.38275 0 0 -19.4925 
0.469 1.987 0.1765 1.89521 0 1.63994 1.87654 0 -1.39256 0 0 -19.4925 
0.47 1.987 0.1765 1.89708 0 1.63854 1.87654 0 -1.40237 0 0 -19.4925 
0.471 1.987 0.1765 1.89896 0 1.63713 1.87654 0 -1.41218 0 0 -19.4925 
0.472 1.987 0.1765 1.90084 0 1.6357 1.87654 0 -1.42199 0 0 -19.4925 
0.473 1.987 0.1765 1.90271 0 1.63427 1.87654 0 -1.4318 0 0 -19.4925 
0.474 1.987 0.1765 1.90459 0 1.63283 1.87654 0 -1.44161 0 0 -19.4925 
0.475 1.987 0.1765 1.90647 0 1.63138 1.87654 0 -1.45142 0 0 -19.4925 
0.476 1.987 0.1765 1.90834 0 1.62992 1.87654 0 -1.46123 0 0 -19.4925 
0.477 1.987 0.1765 1.91022 0 1.62845 1.87654 0 -1.47104 0 0 -19.4925 
0.478 1.987 0.1765 1.9121 0 1.62697 1.87654 0 -1.48085 0 0 -19.4925 
0.479 1.987 0.1765 1.91397 0 1.62547 1.87654 0 -1.49066 0 0 -19.4925 
0.48 1.987 0.1765 1.91585 0 1.62397 1.87654 0 -1.50047 0 0 -19.4925 
0.481 1.987 0.1765 1.91773 0 1.62246 1.87654 0 -1.51028 0 0 -19.4925 
0.482 1.987 0.1765 1.9196 0 1.62094 1.87654 0 -1.52009 0 0 -19.4925 
0.483 1.987 0.1765 1.92148 0 1.61941 1.87654 0 -1.5299 0 0 -19.4925 
0.484 1.987 0.1765 1.92336 0 1.61787 1.87654 0 -1.53971 0 0 -19.4925 
0.485 1.987 0.1765 1.92523 0 1.61632 1.87654 0 -1.54952 0 0 -19.4925 
0.486 1.987 0.1765 1.92711 0 1.61477 1.87654 0 -1.55933 0 0 -19.4925 
0.487 1.987 0.1765 1.92899 0 1.6132 1.87654 0 -1.56914 0 0 -19.4925 
0.488 1.987 0.1765 1.93086 0 1.61162 1.87654 0 -1.57895 0 0 -19.4925 
0.489 1.987 0.1765 1.93274 0 1.61003 1.87654 0 -1.58876 0 0 -19.4925 
0.49 1.987 0.1765 1.93462 0 1.60843 1.87654 0 -1.59857 0 0 -19.4925 
0.491 1.987 0.1765 1.93649 0 1.60682 1.87654 0 -1.60838 0 0 -19.4925 
0.492 1.987 0.1765 1.93837 0 1.6052 1.87654 0 -1.61819 0 0 -19.4925 
0.493 1.987 0.1765 1.94025 0 1.60358 1.87654 0 -1.628 0 0 -19.4925 
0.494 1.987 0.1765 1.94212 0 1.60194 1.87654 0 -1.63781 0 0 -19.4925 
0.495 1.987 0.1765 1.944 0 1.60029 1.87654 0 -1.64762 0 0 -19.4925 
0.496 1.987 0.1765 1.94587 0 1.59863 1.87654 0 -1.65743 0 0 -19.4925 
0.497 1.987 0.1765 1.94775 0 1.59697 1.87654 0 -1.66724 0 0 -19.4925 
0.498 1.987 0.1765 1.94963 0 1.59529 1.87654 0 -1.67705 0 0 -19.4925 
0.499 1.987 0.1765 1.9515 0 1.5936 1.87654 0 -1.68686 0 0 -19.4925 
0.5 1.987 0.1765 1.95338 0 1.5919 1.87654 0 -1.69667 0 0 -19.4925 
0.501 1.987 0.1765 1.95526 0 1.5902 1.87654 0 -1.70648 0 0 -19.4925 
0.502 1.987 0.1765 1.95713 0 1.58848 1.87654 0 -1.71629 0 0 -19.4925 
0.503 1.987 0.1765 1.95901 0 1.58676 1.87654 0 -1.7261 0 0 -19.4925 
0.504 1.987 0.1765 1.96089 0 1.58502 1.87654 0 -1.73591 0 0 -19.4925 
0.505 1.987 0.1765 1.96276 0 1.58327 1.87654 0 -1.74572 0 0 -19.4925 
0.506 1.987 0.1765 1.96464 0 1.58152 1.87654 0 -1.75553 0 0 -19.4925 
0.507 1.987 0.1765 1.96652 0 1.57975 1.87654 0 -1.76534 0 0 -19.4925 
0.508 1.987 0.1765 1.96839 0 1.57798 1.87654 0 -1.77515 0 0 -19.4925 
0.509 1.987 0.1765 1.97027 0 1.57619 1.87654 0 -1.78496 0 0 -19.4925 
0.51 1.987 0.1765 1.97215 0 1.5744 1.87654 0 -1.79477 0 0 -19.4925 
0.511 1.987 0.1765 1.97402 0 1.57259 1.87654 0 -1.80458 0 0 -19.4925 
0.512 1.987 0.1765 1.9759 0 1.57078 1.87654 0 -1.81439 0 0 -19.4925 
0.513 1.987 0.1765 1.97778 0 1.56896 1.87654 0 -1.8242 0 0 -19.4925 
0.514 1.987 0.1765 1.97965 0 1.56712 1.87654 0 -1.83401 0 0 -19.4925 
0.515 1.987 0.1765 1.98153 0 1.56528 1.87654 0 -1.84382 0 0 -19.4925 
0.516 1.987 0.1765 1.98341 0 1.56342 1.87654 0 -1.85363 0 0 -19.4925 
0.517 1.987 0.1765 1.98528 0 1.56156 1.87654 0 -1.86344 0 0 -19.4925 
0.518 1.987 0.1765 1.98716 0 1.55969 1.87654 0 -1.87325 0 0 -19.4925 
0.519 1.987 0.1765 1.98904 0 1.5578 1.87654 0 -1.88306 0 0 -19.4925 
0.52 1.987 0.1765 1.99091 0 1.55591 1.87654 0 -1.89287 0 0 -19.4925 
0.521 1.987 0.1765 1.99279 0 1.55401 1.87654 0 -1.90268 0 0 -19.4925 
0.522 1.987 0.1765 1.99466 0 1.5521 1.87654 0 -1.91249 0 0 -19.4925 
0.523 1.987 0.1765 1.99654 0 1.55017 1.87654 0 -1.9223 0 0 -19.4925 
0.524 1.987 0.1765 1.99842 0 1.54824 1.87654 0 -1.93211 0 0 -19.4925 
0.525 1.987 0.1765 2.00029 0 1.5463 1.87654 0 -1.94192 0 0 -19.4925 
0.526 1.987 0.1765 2.00217 0 1.54435 1.87654 0 -1.95173 0 0 -19.4925 
0.527 1.987 0.1765 2.00405 0 1.54239 1.87654 0 -1.96154 0 0 -19.4925 
0.528 1.987 0.1765 2.00592 0 1.54042 1.87654 0 -1.97135 0 0 -19.4925 
0.529 1.987 0.1765 2.0078 0 1.53843 1.87654 0 -1.98116 0 0 -19.4925 
0.53 1.987 0.1765 2.00968 0 1.53644 1.87654 0 -1.99097 0 0 -19.4925 
0.531 1.987 0.1765 2.01155 0 1.53444 1.87654 0 -2.00078 0 0 -19.4925 
0.532 1.987 0.1765 2.01343 0 1.53243 1.87654 0 -2.01059 0 0 -19.4925 
0.533 1.987 0.1765 2.01531 0 1.53041 1.87654 0 -2.0204 0 0 -19.4925 
0.534 1.987 0.1765 2.01718 0 1.52838 1.87654 0 -2.03021 0 0 -19.4925 
0.535 1.987 0.1765 2.01906 0 1.52634 1.87654 0 -2.04002 0 0 -19.4925 
0.536 1.987 0.1765 2.02094 0 1.52429 1.87654 0 -2.04983 0 0 -19.4925 
0.537 1.987 0.1765 2.02281 0 1.52223 1.87654 0 -2.05964 0 0 -19.4925 
0.538 1.987 0.1765 2.02469 0 1.52016 1.87654 0 -2.06945 0 0 -19.4925 
0.539 1.987 0.1765 2.02657 0 1.51808 1.87654 0 -2.07926 0 0 -19.4925 
0.54 1.987 0.1765 2.02844 0 1.51599 1.87654 0 -2.08907 0 0 -19.4925 
0.541 1.987 0.1765 2.03032 0 1.51389 1.87654 0 -2.09888 0 0 -19.4925 
0.542 1.987 0.1765 2.0322 0 1.51179 1.87654 0 -2.10869 0 0 -19.4925 
0.543 1.987 0.1765 2.03407 0 1.50967 1.87654 0 -2.1185 0 0 -19.4925 
0.544 1.987 0.1765 2.03595 0 1.50754 1.87654 0 -2.12831 0 0 -19.4925 
0.545 1.987 0.1765 2.03783 0 1.5054 1.87654 0 -2.13812 0 0 -19.4925 
0.546 1.987 0.1765 2.0397 0 1.50325 1.87654 0 -2.14793 0 0 -19.4925 
0.547 1.987 0.1765 2.04158 0 1.5011 1.87654 0 -2.15774 0 0 -19.4925 
0.548 1.987 0.1765 2.04345 0 1.49893 1.87654 0 -2.16755 0 0 -19.4925 
0.549 1.987 0.1765 2.04533 0 1.49675 1.87654 0 -2.17736 0 0 -19.4925 
0.55 1.987 0.1765 2.04721 0 1.49456 1.87654 0 -2.18717 0 0 -19.4925 
0.551 1.987 0.1765 2.04908 0 1.49237 1.87654 0 -2.19698 0 0 -19.4925 
0.552 1.987 0.1765 2.05096 0 1.49016 1.87654 0 -2.20679 0 0 -19.4925 
0.553 1.987 0.1765 2.05284 0 1.48794 1.87654 0 -2.2166 0 0 -19.4925 
0.554 1.987 0.1765 2.05471 0 1.48572 1.87654 0 -2.22641 0 0 -19.4925 
0.555 1.987 0.1765 2.05659 0 1.48348 1.87654 0 -2.23622 0 0 -19.4925 
0.556 1.987 0.1765 2.05847 0 1.48123 1.87654 0 -2.24603 0 0 -19.4925 
0.557 1.987 0.1765 2.06034 0 1.47898 1.87654 0 -2.25584 0 0 -19.4925 
0.558 1.987 0.1765 2.06222 0 1.47671 1.87654 0 -2.26565 0 0 -19.4925 
0.559 1.987 0.1765 2.0641 0 1.47444 1.87654 0 -2.27546 0 0 -19.4925 
0.56 1.987 0.1765 2.06597 0 1.47215 1.87654 0 -2.28527 0 0 -19.4925 
0.561 1.987 0.1765 2.06785 0 1.46986 1.87654 0 -2.29508 0 0 -19.4925 
0.562 1.987 0.1765 2.06973 0 1.46755 1.87654 0 -2.30489 0 0 -19.4925 
0.563 1.987 0.1765 2.0716 0 1.46524 1.87654 0 -2.3147 0 0 -19.4925 
0.564 1.987 0.1765 2.07348 0 1.46291 1.87654 0 -2.32451 0 0 -19.4925 
0.565 1.987 0.1765 2.07536 0 1.46058 1.87654 0 -2.33432 0 0 -19.4925 
0.566 1.987 0.1765 2.07723 0 1.45823 1.87654 0 -2.34413 0 0 -19.4925 
0.567 1.987 0.1765 2.07911 0 1.45588 1.87654 0 -2.35394 0 0 -19.4925 
0.568 1.987 0.1765 2.08099 0 1.45352 1.87654 0 -2.36375 0 0 -19.4925 
0.569 1.987 0.1765 2.08286 0 1.45114 1.87654 0 -2.37356 0 0 -19.4925 
0.57 1.987 0.1765 2.08474 0 1.44876 1.87654 0 -2.38337 0 0 -19.4925 
0.571 1.987 0.1765 2.08662 0 1.44637 1.87654 0 -2.39318 0 0 -19.4925 
0.572 1.987 0.1765 2.08849 0 1.44396 1.87654 0 -2.40299 0 0 -19.4925 
0.573 1.987 0.1765 2.09037 0 1.44155 1.87654 0 -2.4128 0 0 -19.4925 
0.574 1.987 0.1765 2.09224 0 1.43913 1.87654 0 -2.42261 0 0 -19.4925 
0.575 1.987 0.1765 2.09412 0 1.4367 1.87654 0 -2.43242 0 0 -19.4925 
0.576 1.987 0.1765 2.096 0 1.43425 1.87654 0 -2.44223 0 0 -19.4925 
0.577 1.987 0.1765 2.09787 0 1.4318 1.87654 0 -2.45204 0 0 -19.4925 
0.578 1.987 0.1765 2.09975 0 1.42934 1.87654 0 -2.46185 0 0 -19.4925 
0.579 1.987 0.1765 2.10163 0 1.42687 1.87654 0 -2.47166 0 0 -19.4925 
0.58 1.987 0.1765 2.1035 0 1.42439 1.87654 0 -2.48147 0 0 -19.4925 
0.581 1.987 0.1765 2.10538 0 1.4219 1.87654 0 -2.49128 0 0 -19.4925 
0.582 1.987 0.1765 2.10726 0 1.41939 1.87654 0 -2.50109 0 0 -19.4925 
0.583 1.987 0.1765 2.10913 0 1.41688 1.87654 0 -2.5109 0 0 -19.4925 
0.584 1.987 0.1765 2.11101 0 1.41436 1.87654 0 -2.52071 0 0 -19.4925 
0.585 1.987 0.1765 2.11289 0 1.41183 1.87654 0 -2.53052 0 0 -19.4925 
0.586 1.987 0.1765 2.11476 0 1.40929 1.87654 0 -2.54033 0 0 -19.4925 
0.587 1.987 0.1765 2.11664 0 1.40674 1.87654 0 -2.55014 0 0 -19.4925 
0.588 1.987 0.1765 2.11852 0 1.40418 1.87654 0 -2.55995 0 0 -19.4925 
0.589 1.987 0.1765 2.12039 0 1.40161 1.87654 0 -2.56976 0 0 -19.4925 
0.59 1.987 0.1765 2.12227 0 1.39903 1.87654 0 -2.57957 0 0 -19.4925 
0.591 1.987 0.1765 2.12415 0 1.39644 1.87654 0 -2.58938 0 0 -19.4925 
0.592 1.987 0.1765 2.12602 0 1.39384 1.87654 0 -2.59919 0 0 -19.4925 
0.593 1.987 0.1765 2.1279 0 1.39123 1.87654 0 -2.609 0 0 -19.4925 
0.594 1.987 0.1765 2.12978 0 1.38862 1.87654 0 -2.61881 0 0 -19.4925 
0.595 1.987 0.1765 2.13165 0 1.38599 1.87654 0 -2.62862 0 0 -19.4925 
0.596 1.987 0.1765 2.13353 0 1.38335 1.87654 0 -2.63843 0 0 -19.4925 
0.597 1.987 0.1765 2.13541 0 1.3807 1.87654 0 -2.64824 0 0 -19.4925 
0.598 1.987 0.1765 2.13728 0 1.37804 1.87654 0 -2.65805 0 0 -19.4925 
0.599 1.987 0.1765 2.13916 0 1.37537 1.87654 0 -2.66786 0 0 -19.4925 
0.6 1.987 0.1765 2.14103 0 1.3727 1.87654 0 -2.67767 0 0 -19.4925 
0.601 1.987 0.1765 2.14291 0 1.37001 1.87654 0 -2.68748 0 0 -19.4925 
0.602 1.987 0.1765 2.14479 0 1.36731 1.87654 0 -2.69729 0 0 -19.4925 
0.603 1.987 0.1765 2.14666 0 1.36461 1.87654 0 -2.7071 0 0 -19.4925 
0.604 1.987 0.1765 2.14854 0 1.36189 1.87654 0 -2.71691 0 0 -19.4925 
0.605 1.987 0.1765 2.15042 0 1.35916 1.87654 0 -2.72672 0 0 -19.4925 
0.606 1.987 0.1765 2.15229 0 1.35643 1.87654 0 -2.73653 0 0 -19.4925 
0.607 1.987 0.1765 2.15417 0 1.35368 1.87654 0 -2.74634 0 0 -19.4925 
0.608 1.987 0.1765 2.15605 0 1.35092 1.87654 0 -2.75615 0 0 -19.4925 
0.609 1.987 0.1765 2.15792 0 1.34816 1.87654 0 -2.76596 0 0 -19.4925 
0.61 1.987 0.1765 2.1598 0 1.34538 1.87654 0 -2.77577 0 0 -19.4925 
0.611 1.987 0.1765 2.16168 0 1.3426 1.87654 0 -2.78558 0 0 -19.4925 
0.612 1.987 0.1765 2.16355 0 1.3398 1.87654 0 -2.79539 0 0 -19.4925 
0.613 1.987 0.1765 2.16543 0 1.33699 1.87654 0 -2.8052 0 0 -19.4925 
0.614 1.987 0.1765 2.16731 0 1.33418 1.87654 0 -2.81501 0 0 -19.4925 
0.615 1.987 0.1765 2.16918 0 1.33135 1.87654 0 -2.82482 0 0 -19.4925 
0.616 1.987 0.1765 2.17106 0 1.32852 1.87654 0 -2.83463 0 0 -19.4925 
0.617 1.987 0.1765 2.17294 0 1.32568 1.87654 0 -2.84444 0 0 -19.4925 
0.618 1.987 0.1765 2.17481 0 1.32282 1.87654 0 -2.85425 0 0 -19.4925 
0.619 1.987 0.1765 2.17669 0 1.31996 1.87654 0 -2.86406 0 0 -19.4925 
0.62 1.987 0.1765 2.17857 0 1.31708 1.87654 0 -2.87387 0 0 -19.4925 
0.621 1.987 0.1765 2.18044 0 1.3142 1.87654 0 -2.88368 0 0 -19.4925 
0.622 1.987 0.1765 2.18232 0 1.31131 1.87654 0 -2.89349 0 0 -19.4925 
0.623 1.987 0.1765 2.1842 0 1.3084 1.87654 0 -2.9033 0 0 -19.4925 
0.624 1.987 0.1765 2.18607 0 1.30549 1.87654 0 -2.91311 0 0 -19.4925 
0.625 1.987 0.1765 2.18795 0 1.30257 1.87654 0 -2.92292 0 0 -19.4925 
0.626 1.987 0.1765 2.18982 0 1.29963 1.87654 0 -2.93273 0 0 -19.4925 
0.627 1.987 0.1765 2.1917 0 1.29669 1.87654 0 -2.94254 0 0 -19.4925 
0.628 1.987 0.1765 2.19358 0 1.29374 1.87654 0 -2.95235 0 0 -19.4925 
0.629 1.987 0.1765 2.19545 0 1.29078 1.87654 0 -2.96216 0 0 -19.4925 
0.63 1.987 0.1765 2.19733 0 1.28781 1.87654 0 -2.97197 0 0 -19.4925 
0.631 1.987 0.1765 2.19921 0 1.28482 1.87654 0 -2.98178 0 0 -19.4925 
0.632 1.987 0.1765 2.20108 0 1.28183 1.87654 0 -2.99159 0 0 -19.4925 
0.633 1.987 0.1765 2.20296 0 1.27883 1.87654 0 -3.0014 0 0 -19.4925 
0.634 1.987 0.1765 2.20484 0 1.27582 1.87654 0 -3.01121 0 0 -19.4925 
0.635 1.987 0.1765 2.20671 0 1.2728 1.87654 0 -3.02102 0 0 -19.4925 
0.636 1.987 0.1765 2.20859 0 1.26977 1.87654 0 -3.03083 0 0 -19.4925 
0.637 1.987 0.1765 2.21047 0 1.26673 1.87654 0 -3.04064 0 0 -19.4925 
0.638 1.987 0.1765 2.21234 0 1.26368 1.87654 0 -3.05045 0 0 -19.4925 
0.639 1.987 0.1765 2.21422 0 1.26062 1.87654 0 -3.06026 0 0 -19.4925 
0.64 1.987 0.1765 2.2161 0 1.25755 1.87654 0 -3.07007 0 0 -19.4925 
0.641 1.987 0.1765 2.21797 0 1.25447 1.87654 0 -3.07988 0 0 -19.4925 
0.642 1.987 0.1765 2.21985 0 1.25138 1.87654 0 -3.08969 0 0 -19.4925 
0.643 1.987 0.1765 2.22173 0 1.24828 1.87654 0 -3.0995 0 0 -19.4925 
0.644 1.987 0.1765 2.2236 0 1.24517 1.87654 0 -3.10931 0 0 -19.4925 
0.645 1.987 0.1765 2.22548 0 1.24205 1.87654 0 -3.11912 0 0 -19.4925 
0.646 1.987 0.1765 2.22736 0 1.23892 1.87654 0 -3.12893 0 0 -19.4925 
0.647 1.987 0.1765 2.22923 0 1.23578 1.87654 0 -3.13874 0 0 -19.4925 
0.648 1.987 0.1765 2.23111 0 1.23263 1.87654 0 -3.14855 0 0 -19.4925 
0.649 1.987 0.1765 2.23299 0 1.22947 1.87654 0 -3.15836 0 0 -19.4925 
0.65 1.987 0.1765 2.23486 0 1.22631 1.87654 0 -3.16817 0 0 -19.4925 
0.651 1.987 0.1765 2.23674 0 1.22313 1.87654 0 -3.17798 0 0 -19.4925 
0.652 1.987 0.1765 2.23861 0 1.21994 1.87654 0 -3.18779 0 0 -19.4925 
0.653 1.987 0.1765 2.24049 0 1.21674 1.87654 0 -3.1976 0 0 -19.4925 
0.654 1.987 0.1765 2.24237 0 1.21354 1.87654 0 -3.20741 0 0 -19.4925 
0.655 1.987 0.1765 2.24424 0 1.21032 1.87654 0 -3.21722 0 0 -19.4925 
0.656 1.987 0.1765 2.24612 0 1.20709 1.87654 0 -3.22703 0 0 -19.4925 
0.657 1.987 0.1765 2.248 0 1.20385 1.87654 0 -3.23684 0 0 -19.4925 
0.658 1.987 0.1765 2.24987 0 1.20061 1.87654 0 -3.24665 0 0 -19.4925 
0.659 1.987 0.1765 2.25175 0 1.19735 1.87654 0 -3.25646 0 0 -19.4925 
0.66 1.987 0.1765 2.25363 0 1.19408 1.87654 0 -3.26627 0 0 -19.4925 
0.661 1.987 0.1765 2.2555 0 1.19081 1.87654 0 -3.27608 0 0 -19.4925 
0.662 1.987 0.1765 2.25738 0 1.18752 1.87654 0 -3.28589 0 0 -19.4925 
0.663 1.987 0.1765 2.25926 0 1.18423 1.87654 0 -3.2957 0 0 -19.4925 
0.664 1.987 0.1765 2.26113 0 1.18092 1.87654 0 -3.30551 0 0 -19.4925 
0.665 1.987 0.1765 2.26301 0 1.17761 1.87654 0 -3.31532 0 0 -19.4925 
0.666 1.987 0.1765 2.26489 0 1.17428 1.87654 0 -3.32513 0 0 -19.4925 
0.667 1.987 0.1765 2.26676 0 1.17095 1.87654 0 -3.33494 0 0 -19.4925 
0.668 1.987 0.1765 2.26864 0 1.1676 1.87654 0 -3.34475 0 0 -19.4925 
0.669 1.987 0.1765 2.27052 0 1.16425 1.87654 0 -3.35456 0 0 -19.4925 
0.67 1.987 0.1765 2.27239 0 1.16088 1.87654 0 -3.36437 0 0 -19.4925 
0.671 1.987 0.1765 2.27427 0 1.15751 1.87654 0 -3.37418 0 0 -19.4925 
0.672 1.987 0.1765 2.27615 0 1.15412 1.87654 0 -3.38399 0 0 -19.4925 
0.673 1.987 0.1765 2.27802 0 1.15073 1.87654 0 -3.3938 0 0 -19.4925 
0.674 1.987 0.1765 2.2799 0 1.14733 1.87654 0 -3.40361 0 0 -19.4925 
0.675 1.987 0.1765 2.28178 0 1.14391 1.87654 0 -3.41342 0 0 -19.4925 
0.676 1.987 0.1765 2.28365 0 1.14049 1.87654 0 -3.42323 0 0 -19.4925 
0.677 1.987 0.1765 2.28553 0 1.13706 1.87654 0 -3.43304 0 0 -19.4925 
0.678 1.987 0.1765 2.2874 0 1.13361 1.87654 0 -3.44285 0 0 -19.4925 
0.679 1.987 0.1765 2.28928 0 1.13016 1.87654 0 -3.45266 0 0 -19.4925 
0.68 1.987 0.1765 2.29116 0 1.1267 1.87654 0 -3.46247 0 0 -19.4925 
0.681 1.987 0.1765 2.29303 0 1.12323 1.87654 0 -3.47228 0 0 -19.4925 
0.682 1.987 0.1765 2.29491 0 1.11974 1.87654 0 -3.48209 0 0 -19.4925 
0.683 1.987 0.1765 2.29679 0 1.11625 1.87654 0 -3.4919 0 0 -19.4925 
0.684 1.987 0.1765 2.29866 0 1.11275 1.87654 0 -3.50171 0 0 -19.4925 
0.685 1.987 0.1765 2.30054 0 1.10924 1.87654 0 -3.51152 0 0 -19.4925 
0.686 1.987 0.1765 2.30242 0 1.10572 1.87654 0 -3.52133 0 0 -19.4925 
0.687 1.987 0.1765 2.30429 0 1.10219 1.87654 0 -3.53114 0 0 -19.4925 
0.688 1.987 0.1765 2.30617 0 1.09865 1.87654 0 -3.54095 0 0 -19.4925 
0.689 1.987 0.1765 2.30805 0 1.0951 1.87654 0 -3.55076 0 0 -19.4925 
0.69 1.987 0.1765 2.30992 0 1.09153 1.87654 0 -3.56057 0 0 -19.4925 
0.691 1.987 0.1765 2.3118 0 1.08796 1.87654 0 -3.57038 0 0 -19.4925 
0.692 1.987 0.1765 2.31368 0 1.08438 1.87654 0 -3.58019 0 0 -19.4925 
0.693 1.987 0.1765 2.31555 0 1.08079 1.87654 0 -3.59 0 0 -19.4925 
0.694 1.987 0.1765 2.31743 0 1.07719 1.87654 0 -3.59981 0 0 -19.4925 
0.695 1.987 0.1765 2.31931 0 1.07358 1.87654 0 -3.60962 0 0 -19.4925 
0.696 1.987 0.1765 2.32118 0 1.06997 1.87654 0 -3.61943 0 0 -19.4925 
0.697 1.987 0.1765 2.32306 0 1.06634 1.87654 0 -3.62924 0 0 -19.4925 
0.698 1.987 0.1765 2.32494 0 1.0627 1.87654 0 -3.63905 0 0 -19.4925 
0.699 1.987 0.1765 2.32681 0 1.05905 1.87654 0 -3.64886 0 0 -19.4925 
0.7 1.987 0.1765 2.32869 0 1.05539 1.87654 0 -3.65867 0 0 -19.4925 
0.701 1.987 0.1765 2.33057 0 1.05172 1.87654 0 -3.66848 0 0 -19.4925 
0.702 1.987 0.1765 2.33244 0 1.04804 1.87654 0 -3.67829 0 0 -19.4925 
0.703 1.987 0.1765 2.33432 0 1.04435 1.87654 0 -3.6881 0 0 -19.4925 
0.704 1.987 0.1765 2.3362 0 1.04066 1.87654 0 -3.69791 0 0 -19.4925 
0.705 1.987 0.1765 2.33807 0 1.03695 1.87654 0 -3.70772 0 0 -19.4925 
0.706 1.987 0.1765 2.33995 0 1.03323 1.87654 0 -3.71753 0 0 -19.4925 
0.707 1.987 0.1765 2.34182 0 1.0295 1.87654 0 -3.72734 0 0 -19.4925 
0.708 1.987 0.1765 2.3437 0 1.02577 1.87654 0 -3.73715 0 0 -19.4925 
0.709 1.987 0.1765 2.34558 0 1.02202 1.87654 0 -3.74696 0 0 -19.4925 
0.71 1.987 0.1765 2.34745 0 1.01826 1.87654 0 -3.75677 0 0 -19.4925 
0.711 1.987 0.1765 2.34933 0 1.0145 1.87654 0 -3.76658 0 0 -19.4925 
0.712 1.987 0.1765 2.35121 0 1.01072 1.87654 0 -3.77639 0 0 -19.4925 
0.713 1.987 0.1765 2.35308 0 1.00693 1.87654 0 -3.7862 0 0 -19.4925 
0.714 1.987 0.1765 2.35496 0 1.00314 1.87654 0 -3.79601 0 0 -19.4925 
0.715 1.987 0.1765 2.35684 0 0.999332 1.87654 0 -3.80582 0 0 -19.4925 
0.716 1.987 0.1765 2.35871 0 0.995517 1.87654 0 -3.81563 0 0 -19.4925 
0.717 1.987 0.1765 2.36059 0 0.991691 1.87654 0 -3.82544 0 0 -19.4925 
0.718 1.987 0.1765 2.36247 0 0.987856 1.87654 0 -3.83525 0 0 -19.4925 
0.719 1.987 0.1765 2.36434 0 0.984011 1.87654 0 -3.84506 0 0 -19.4925 
0.72 1.987 0.1765 2.36622 0 0.980156 1.87654 0 -3.85487 0 0 -19.4925 
0.721 1.987 0.1765 2.3681 0 0.976291 1.87654 0 -3.86468 0 0 -19.4925 
0.722 1.987 0.1765 2.36997 0 0.972417 1.87654 0 -3.87449 0 0 -19.4925 
0.723 1.987 0.1765 2.37185 0 0.968533 1.87654 0 -3.8843 0 0 -19.4925 
0.724 1.987 0.1765 2.37373 0 0.964639 1.87654 0 -3.89411 0 0 -19.4925 
0.725 1.987 0.1765 2.3756 0 0.960735 1.87654 0 -3.90392 0 0 -19.4925 
0.726 1.987 0.1765 2.37748 0 0.956821 1.87654 0 -3.91373 0 0 -19.4925 
0.727 1.987 0.1765 2.37936 0 0.952897 1.87654 0 -3.92354 0 0 -19.4925 
0.728 1.987 0.1765 2.38123 0 0.948964 1.87654 0 -3.93335 0 0 -19.4925 
0.729 1.987 0.1765 2.38311 0 0.945021 1.87654 0 -3.94316 0 0 -19.4925 
0.73 1.987 0.1765 2.38499 0 0.941068 1.87654 0 -3.95297 0 0 -19.4925 
0.731 1.987 0.1765 2.38686 0 0.937105 1.87654 0 -3.96278 0 0 -19.4925 
0.732 1.987 0.1765 2.38874 0 0.933133 1.87654 0 -3.97259 0 0 -19.4925 
0.733 1.987 0.1765 2.39061 0 0.92915 1.87654 0 -3.9824 0 0 -19.4925 
0.734 1.987 0.1765 2.39249 0 0.925158 1.87654 0 -3.99221 0 0 -19.4925 
0.735 1.987 0.1765 2.39437 0 0.921156 1.87654 0 -4.00202 0 0 -19.4925 
0.736 1.987 0.1765 2.39624 0 0.917144 1.87654 0 -4.01183 0 0 -19.4925 
0.737 1.987 0.1765 2.39812 0 0.913122 1.87654 0 -4.02164 0 0 -19.4925 
0.738 1.987 0.1765 2.4 0 0.909091 1.87654 0 -4.03145 0 0 -19.4925 
0.739 1.987 0.1765 2.40187 0 0.90505 1.87654 0 -4.04126 0 0 -19.4925 
0.74 1.987 0.1765 2.40375 0 0.900999 1.87654 0 -4.05107 0 0 -19.4925 
0.741 1.987 0.1765 2.40563 0 0.896938 1.87654 0 -4.06088 0 0 -19.4925 
0.742 1.987 0.1765 2.4075 0 0.892867 1.87654 0 -4.07069 0 0 -19.4925 
0.743 1.987 0.1765 2.40938 0 0.888787 1.87654 0 -4.0805 0 0 -19.4925 
0.744 1.987 0.1765 2.41126 0 0.884696 1.87654 0 -4.09031 0 0 -19.4925 
0.745 1.987 0.1765 2.41313 0 0.880596 1.87654 0 -4.10012 0 0 -19.4925 
0.746 1.987 0.1765 2.41501 0 0.876486 1.87654 0 -4.10993 0 0 -19.4925 
0.747 1.987 0.1765 2.41689 0 0.872366 1.87654 0 -4.11974 0 0 -19.4925 
0.748 1.987 0.1765 2.41876 0 0.868237 1.87654 0 -4.12955 0 0 -19.4925 
0.749 1.987 0.1765 2.42064 0 0.864098 1.87654 0 -4.13936 0 0 -19.4925 
0.75 1.987 0.1765 2.42252 0 0.859948 1.87654 0 -4.14917 0 0 -19.4925 
0.751 1.987 0.1765 2.42439 0 0.855789 1.87654 0 -4.15898 0 0 -19.4925 
0.752 1.987 0.1765 2.42627 0 0.851621 1.87654 0 -4.16879 0 0 -19.4925 
0.753 1.987 0.1765 2.42815 0 0.847442 1.87654 0 -4.1786 0 0 -19.4925 
0.754 1.987 0.1765 2.43002 0 0.843254 1.87654 0 -4.18841 0 0 -19.4925 
0.755 1.987 0.1765 2.4319 0 0.839055 1.87654 0 -4.19822 0 0 -19.4925 
0.756 1.987 0.1765 2.43378 0 0.834847 1.87654 0 -4.20803 0 0 -19.4925 
0.757 1.987 0.1765 2.43565 0 0.83063 1.87654 0 -4.21784 0 0 -19.4925 
0.758 1.987 0.1765 2.43753 0 0.826402 1.87654 0 -4.22765 0 0 -19.4925 
0.759 1.987 0.1765 2.4394 0 0.822164 1.87654 0 -4.23746 0 0 -19.4925 
0.76 1.987 0.1765 2.44128 0 0.817917 1.87654 0 -4.24727 0 0 -19.4925 
0.761 1.987 0.1765 2.44316 0 0.81366 1.87654 0 -4.25708 0 0 -19.4925 
0.762 1.987 0.1765 2.44503 0 0.809393 1.87654 0 -4.26689 0 0 -19.4925 
0.763 1.987 0.1765 2.44691 0 0.805116 1.87654 0 -4.2767 0 0 -19.4925 
0.764 1.987 0.1765 2.44879 0 0.80083 1.87654 0 -4.28651 0 0 -19.4925 
0.765 1.987 0.1765 2.45066 0 0.796534 1.87654 0 -4.29632 0 0 -19.4925 
0.766 1.987 0.1765 2.45254 0 0.792227 1.87654 0 -4.30613 0 0 -19.4925 
0.767 1.987 0.1765 2.45442 0 0.787912 1.87654 0 -4.31594 0 0 -19.4925 
0.768 1.987 0.1765 2.45629 0 0.783586 1.87654 0 -4.32575 0 0 -19.4925 
0.769 1.987 0.1765 2.45817 0 0.77925 1.87654 0 -4.33556 0 0 -19.4925 
0.77 1.987 0.1765 2.46005 0 0.774905 1.87654 0 -4.34537 0 0 -19.4925 
0.771 1.987 0.1765 2.46192 0 0.77055 1.87654 0 -4.35518 0 0 -19.4925 
0.772 1.987 0.1765 2.4638 0 0.766185 1.87654 0 -4.36499 0 0 -19.4925 
0.773 1.987 0.1765 2.46568 0 0.76181 1.87654 0 -4.3748 0 0 -19.4925 
0.774 1.987 0.1765 2.46755 0 0.757425 1.87654 0 -4.38461 0 0 -19.4925 
0.775 1.987 0.1765 2.46943 0 0.753031 1.87654 0 -4.39442 0 0 -19.4925 
0.776 1.987 0.1765 2.47131 0 0.748627 1.87654 0 -4.40423 0 0 -19.4925 
0.777 1.987 0.1765 2.47318 0 0.744213 1.87654 0 -4.41404 0 0 -19.4925 
0.778 1.987 0.1765 2.47506 0 0.739789 1.87654 0 -4.42385 0 0 -19.4925 
0.779 1.987 0.1765 2.47694 0 0.735355 1.87654 0 -4.43366 0 0 -19.4925 
0.78 1.987 0.1765 2.47881 0 0.730912 1.87654 0 -4.44347 0 0 -19.4925 
0.781 1.987 0.1765 2.48069 0 0.726458 1.87654 0 -4.45328 0 0 -19.4925 
0.782 1.987 0.1765 2.48257 0 0.721995 1.87654 0 -4.46309 0 0 -19.4925 
0.783 1.987 0.1765 2.48444 0 0.717522 1.87654 0 -4.4729 0 0 -19.4925 
0.784 1.987 0.1765 2.48632 0 0.71304 1.87654 0 -4.48271 0 0 -19.4925 
0.785 1.987 0.1765 2.48819 0 0.708547 1.87654 0 -4.49252 0 0 -19.4925 
0.786 1.987 0.1765 2.49007 0 0.704045 1.87654 0 -4.50233 0 0 -19.4925 
0.787 1.987 0.1765 2.49195 0 0.699533 1.87654 0 -4.51214 0 0 -19.4925 
0.788 1.987 0.1765 2.49382 0 0.695011 1.87654 0 -4.52195 0 0 -19.4925 
0.789 1.987 0.1765 2.4957 0 0.690479 1.87654 0 -4.53176 0 0 -19.4925 
0.79 1.987 0.1765 2.49758 0 0.685937 1.87654 0 -4.54157 0 0 -19.4925 
0.791 1.987 0.1765 2.49945 0 0.681386 1.87654 0 -4.55138 0 0 -19.4925 
0.792 1.987 0.1765 2.50133 0 0.676825 1.87654 0 -4.56119 0 0 -19.4925 
0.793 1.987 0.1765 2.50321 0 0.672254 1.87654 0 -4.571 0 0 -19.4925 
0.794 1.987 0.1765 2.50508 0 0.667673 1.87654 0 -4.58081 0 0 -19.4925 
0.795 1.987 0.1765 2.50696 0 0.663082 1.87654 0 -4.59062 0 0 -19.4925 
0.796 1.987 0.1765 2.50884 0 0.658482 1.87654 0 -4.60043 0 0 -19.4925 
0.797 1.987 0.1765 2.51071 0 0.653872 1.87654 0 -4.61024 0 0 -19.4925 
0.798 1.987 0.1765 2.51259 0 0.649252 1.87654 0 -4.62005 0 0 -19.4925 
0.799 1.987 0.1765 2.51447 0 0.644622 1.87654 0 -4.62986 0 0 -19.4925 
0.8 1.987 0.1765 2.51634 0 0.639982 1.87654 0 -4.63967 0 0 -19.4925 
0.801 1.987 0.1765 2.51822 0 0.635333 1.87654 0 -4.64948 0 0 -19.4925 
0.802 1.987 0.1765 2.5201 0 0.630673 1.87654 0 -4.65929 0 0 -19.4925 
0.803 1.987 0.1765 2.52197 0 0.626004 1.87654 0 -4.6691 0 0 -19.4925 
0.804 1.987 0.1765 2.52385 0 0.621325 1.87654 0 -4.67891 0 0 -19.4925 
0.805 1.987 0.1765 2.52573 0 0.616637 1.87654 0 -4.68872 0 0 -19.4925 
0.806 1.987 0.1765 2.5276 0 0.611938 1.87654 0 -4.69853 0 0 -19.4925 
0.807 1.987 0.1765 2.52948 0 0.60723 1.87654 0 -4.70834 0 0 -19.4925 
0.808 1.987 0.1765 2.53136 0 0.602512 1.87654 0 -4.71815 0 0 -19.4925 
0.809 1.987 0.1765 2.53323 0 0.597784 1.87654 0 -4.72796 0 0 -19.4925 
0.81 1.987 0.1765 2.53511 0 0.593046 1.87654 0 -4.73777 0 0 -19.4925 
0.811 1.987 0.1765 2.53698 0 0.588298 1.87654 0 -4.74758 0 0 -19.4925 
0.812 1.987 0.1765 2.53886 0 0.583541 1.87654 0 -4.75739 0 0 -19.4925 
0.813 1.987 0.1765 2.54074 0 0.578774 1.87654 0 -4.7672 0 0 -19.4925 
0.814 1.987 0.1765 2.54261 0 0.573997 1.87654 0 -4.77701 0 0 -19.4925 
0.815 1.987 0.1765 2.54449 0 0.56921 1.87654 0 -4.78682 0 0 -19.4925 
0.816 1.987 0.1765 2.54637 0 0.564413 1.87654 0 -4.79663 0 0 -19.4925 
0.817 1.987 0.1765 2.54824 0 0.559607 1.87654 0 -4.80644 0 0 -19.4925 
0.818 1.987 0.1765 2.55012 0 0.554791 1.87654 0 -4.81625 0 0 -19.4925 
0.819 1.987 0.1765 2.552 0 0.549964 1.87654 0 -4.82606 0 0 -19.4925 
0.82 1.987 0.1765 2.55387 0 0.545129 1.87654 0 -4.83587 0 0 -19.4925 
0.821 1.987 0.1765 2.55575 0 0.540283 1.87654 0 -4.84568 0 0 -19.4925 
0.822 1.987 0.1765 2.55763 0 0.535427 1.87654 0 -4.85549 0 0 -19.4925 
0.823 1.987 0.1765 2.5595 0 0.530562 1.87654 0 -4.8653 0 0 -19.4925 
0.824 1.987 0.1765 2.56138 0 0.525687 1.87654 0 -4.87511 0 0 -19.4925 
0.825 1.987 0.1765 2.56326 0 0.520802 1.87654 0 -4.88492 0 0 -19.4925 
0.826 1.987 0.1765 2.56513 0 0.515907 1.87654 0 -4.89473 0 0 -19.4925 
0.827 1.987 0.1765 2.56701 0 0.511003 1.87654 0 -4.90454 0 0 -19.4925 
0.828 1.987 0.1765 2.56889 0 0.506088 1.87654 0 -4.91435 0 0 -19.4925 
0.829 1.987 0.1765 2.57076 0 0.501164 1.87654 0 -4.92416 0 0 -19.4925 
0.83 1.987 0.1765 2.57264 0 0.49623 1.87654 0 -4.93397 0 0 -19.4925 
0.831 1.987 0.1765 2.57452 0 0.491287 1.87654 0 -4.94378 0 0 -19.4925 
0.832 1.987 0.1765 2.57639 0 0.486333 1.87654 0 -4.95359 0 0 -19.4925 
0.833 1.987 0.1765 2.57827 0 0.48137 1.87654 0 -4.9634 0 0 -19.4925 
0.834 1.987 0.1765 2.58015 0 0.476396 1.87654 0 -4.97321 0 0 -19.4925 
0.835 1.987 0.1765 2.58202 0 0.471413 1.87654 0 -4.98302 0 0 -19.4925 
0.836 1.987 0.1765 2.5839 0 0.466421 1.87654 0 -4.99283 0 0 -19.4925 
0.837 1.987 0.1765 2.58577 0 0.461418 1.87654 0 -5.00264 0 0 -19.4925 
0.838 1.987 0.1765 2.58765 0 0.456405 1.87654 0 -5.01245 0 0 -19.4925 
0.839 1.987 0.1765 2.58953 0 0.451383 1.87654 0 -5.02226 0 0 -19.4925 
0.84 1.987 0.1765 2.5914 0 0.446351 1.87654 0 -5.03207 0 0 -19.4925 
0.841 1.987 0.1765 2.59328 0 0.441309 1.87654 0 -5.04188 0 0 -19.4925 
0.842 1.987 0.1765 2.59516 0 0.436258 1.87654 0 -5.05169 0 0 -19.4925 
0.843 1.987 0.1765 2.59703 0 0.431196 1.87654 0 -5.0615 0 0 -19.4925 
0.844 1.987 0.1765 2.59891 0 0.426125 1.87654 0 -5.07131 0 0 -19.4925 
0.845 1.987 0.1765 2.60079 0 0.421044 1.87654 0 -5.08112 0 0 -19.4925 
0.846 1.987 0.1765 2.60266 0 0.415953 1.87654 0 -5.09093 0 0 -19.4925 
0.847 1.987 0.1765 2.60454 0 0.410852 1.87654 0 -5.10074 0 0 -19.4925 
0.848 1.987 0.1765 2.60642 0 0.405741 1.87654 0 -5.11055 0 0 -19.4925 
0.849 1.987 0.1765 2.60829 0 0.400621 1.87654 0 -5.12036 0 0 -19.4925 
0.85 1.987 0.1765 2.61017 0 0.395491 1.87654 0 -5.13017 0 0 -19.4925 
0.851 1.987 0.1765 2.61205 0 0.390351 1.87654 0 -5.13998 0 0 -19.4925 
0.852 1.987 0.1765 2.61392 0 0.385201 1.87654 0 -5.14979 0 0 -19.4925 
0.853 1.987 0.1765 2.6158 0 0.380041 1.87654 0 -5.1596 0 0 -19.4925 
0.854 1.987 0.1765 2.61768 0 0.374872 1.87654 0 -5.16941 0 0 -19.4925 
0.855 1.987 0.1765 2.61955 0 0.369693 1.87654 0 -5.17922 0 0 -19.4925 
0.856 1.987 0.1765 2.62143 0 0.364504 1.87654 0 -5.18903 0 0 -19.4925 
0.857 1.987 0.1765 2.62331 0 0.359305 1.87654 0 -5.19884 0 0 -19.4925 
0.858 1.987 0.1765 2.62518 0 0.354096 1.87654 0 -5.20865 0 0 -19.4925 
0.859 1.987 0.1765 2.62706 0 0.348878 1.87654 0 -5.21846 0 0 -19.4925 
0.86 1.987 0.1765 2.62894 0 0.34365 1.87654 0 -5.22827 0 0 -19.4925 
0.861 1.987 0.1765 2.63081 0 0.338411 1.87654 0 -5.23808 0 0 -19.4925 
0.862 1.987 0.1765 2.63269 0 0.333164 1.87654 0 -5.24789 0 0 -19.4925 
0.863 1.987 0.1765 2.63456 0 0.327906 1.87654 0 -5.2577 0 0 -19.4925 
0.864 1.987 0.1765 2.63644 0 0.322638 1.87654 0 -5.26751 0 0 -19.4925 
0.865 1.987 0.1765 2.63832 0 0.317361 1.87654 0 -5.27732 0 0 -19.4925 
0.866 1.987 0.1765 2.64019 0 0.312074 1.87654 0 -5.28713 0 0 -19.4925 
0.867 1.987 0.1765 2.64207 0 0.306777 1.87654 0 -5.29694 0 0 -19.4925 
0.868 1.987 0.1765 2.64395 0 0.30147 1.87654 0 -5.30675 0 0 -19.4925 
0.869 1.987 0.1765 2.64582 0 0.296154 1.87654 0 -5.31656 0 0 -19.4925 
0.87 1.987 0.1765 2.6477 0 0.290827 1.87654 0 -5.32637 0 0 -19.4925 
0.871 1.987 0.1765 2.64958 0 0.285491 1.87654 0 -5.33618 0 0 -19.4925 
0.872 1.987 0.1765 2.65145 0 0.280145 1.87654 0 -5.34599 0 0 -19.4925 
0.873 1.987 0.1765 2.65333 0 0.274789 1.87654 0 -5.3558 0 0 -19.4925 
0.874 1.987 0.1765 2.65521 0 0.269424 1.87654 0 -5.36561 0 0 -19.4925 
0.875 1.987 0.1765 2.65708 0 0.264048 1.87654 0 -5.37542 0 0 -19.4925 
0.876 1.987 0.1765 2.65896 0 0.258663 1.87654 0 -5.38523 0 0 -19.4925 
0.877 1.987 0.1765 2.66084 0 0.253268 1.87654 0 -5.39504 0 0 -19.4925 
0.878 1.987 0.1765 2.66271 0 0.247863 1.87654 0 -5.40485 0 0 -19.4925 
0.879 1.987 0.1765 2.66459 0 0.242449 1.87654 0 -5.41466 0 0 -19.4925 
0.88 1.987 0.1765 2.66647 0 0.237024 1.87654 0 -5.42447 0 0 -19.4925 
0.881 1.987 0.1765 2.66834 0 0.23159 1.87654 0 -5.43428 0 0 -19.4925 
0.882 1.987 0.1765 2.67022 0 0.226146 1.87654 0 -5.44409 0 0 -19.4925 
0.883 1.987 0.1765 2.6721 0 0.220692 1.87654 0 -5.4539 0 0 -19.4925 
0.884 1.987 0.1765 2.67397 0 0.215228 1.87654 0 -5.46371 0 0 -19.4925 
0.885 1.987 0.1765 2.67585 0 0.209755 1.87654 0 -5.47352 0 0 -19.4925 
0.886 1.987 0.1765 2.67773 0 0.204271 1.87654 0 -5.48333 0 0 -19.4925 
0.887 1.987 0.1765 2.6796 0 0.198778 1.87654 0 -5.49314 0 0 -19.4925 
0.888 1.987 0.1765 2.68148 0 0.193275 1.87654 0 -5.50295 0 0 -19.4925 
0.889 1.987 0.1765 2.68335 0 0.187762 1.87654 0 -5.51276 0 0 -19.4925 
0.89 1.987 0.1765 2.68523 0 0.18224 1.87654 0 -5.52257 0 0 -19.4925 
0.891 1.987 0.1765 2.68711 0 0.176707 1.87654 0 -5.53238 0 0 -19.4925 
0.892 1.987 0.1765 2.68898 0 0.171165 1.87654 0 -5.54219 0 0 -19.4925 
0.893 1.987 0.1765 2.69086 0 0.165635 1.87654 0 -5.5299 0 0 24.4152 
0.894 1.987 0.1765 2.69274 0 0.160141 1.87654 0 -5.49471 0 0 69.9288 
0.895 1.987 0.1765 2.69461 0 0.154704 1.87654 0 -5.43676 0 0 115.153 
0.896 1.987 0.1765 2.69649 0 0.149348 1.87654 0 -5.35628 0 0 159.9 
0.897 1.987 0.1765 2.69837 0 0.144094 1.87654 0 -5.25362 0 0 203.984 
0.898 1.987 0.1765 2.70024 0 0.138965 1.87654 0 -5.1292 0 0 247.224 
0.899 1.987 0.1765 2.70212 0 0.133981 1.87654 0 -4.98354 0 0 289.44 
0.9 1.987 0.1765 2.704 0 0.129164 1.87654 0 -4.81723 0 0 330.457 
0.901 1.987 0.1765 2.70587 0 0.124533 1.87654 0 -4.63096 0 0 370.105 
0.902 1.987 0.1765 2.70775 0 0.120107 1.87654 0 -4.42552 0 0 408.22 
0.903 1.987 0.1765 2.70963 0 0.115906 1.87654 0 -4.20174 0 0 444.644 
0.904 1.987 0.1765 2.7115 0 0.111945 1.87654 0 -3.96056 0 0 479.226 
0.905 1.987 0.1765 2.71338 0 0.108242 1.87654 0 -3.70298 0 0 511.823 
0.906 1.987 0.1765 2.71526 0 0.104812 1.87654 0 -3.43005 0 0 542.3 
0.907 1.987 0.1765 2.71713 0 0.101669 1.87654 0 -3.14292 0 0 570.531 
0.908 1.987 0.1765 2.71901 0 0.0988265 1.87654 0 -2.84277 0 0 596.399 
0.909 1.987 0.1765 2.72089 0 0.0962956 1.87654 0 -2.53084 0 0 619.796 
0.91 1.987 0.1765 2.72276 0 0.0940872 1.87654 0 -2.20844 0 0 640.626 
0.911 1.987 0.1765 2.72464 0 0.0922103 1.87654 0 -1.87688 0 0 658.803 
0.912 1.987 0.1765 2.72652 0 0.0906728 1.87654 0 -1.53755 0 0 674.25 
0.913 1.987 0.1765 2.72839 0 0.0894809 1.87654 0 -1.19185 0 0 686.905 
0.914 1.987 0.1765 2.73027 0 0.0886397 1.87654 0 -0.841213 0 0 696.714 
0.915 1.987 0.1765 2.73214 0 0.0881526 1.87654 0 -0.487092 0 0 703.638 
0.916 1.987 0.1765 2.73402 0 0.0880217 1.87654 0 -0.130954 0 0 707.647 
0.917 1.987 0.1765 2.7359 0 0.0882474 1.87654 0 0.225727 0 0 708.725 
0.918 1.987 0.1765 2.73777 0 0.0888289 1.87654 0 0.581473 0 0 706.867 
0.919 1.987 0.1765 2.73965 0 0.0897637 1.87654 0 0.93481 0 0 702.081 
0.92 1.987 0.1765 2.74153 0 0.0910479 1.87654 0 1.28428 0 0 694.387 
0.921 1.987 0.1765 2.7434 0 0.0926764 1.87654 0 1.62842 0 0 683.817 
0.922 1.987 0.1765 2.74528 0 0.0946422 1.87654 0 1.96582 0 0 670.414 
0.923 1.987 0.1765 2.74716 0 0.0969373 1.87654 0 2.29508 0 0 654.235 
0.924 1.987 0.1765 2.74903 0 0.0995521 1.87654 0 2.61483 0 0 635.345 
0.925 1.987 0.1765 2.75091 0 0.102476 1.87654 0 2.92375 0 0 613.824 
0.926 1.987 0.1765 2.75279 0 0.105696 1.87654 0 3.22056 0 0 589.76 
0.927 1.987 0.1765 2.75466 0 0.1092 1.87654 0 3.50403 0 0 563.254 
0.928 1.987 0.1765 2.75654 0 0.112973 1.87654 0 3.77298 0 0 534.414 
0.929 1.987 0.1765 2.75842 0 0.117 1.87654 0 4.02631 0 0 503.36 
0.93 1.987 0.1765 2.76029 0 0.121263 1.87654 0 4.26296 0 0 470.222 
0.931 1.987 0.1765 2.76217 0 0.125745 1.87654 0 4.48195 0 0 435.136 
0.932 1.987 0.1765 2.76405 0 0.130427 1.87654 0 4.68238 0 0 398.247 
0.933 1.987 0.1765 2.76592 0 0.13529 1.87654 0 4.86341 0 0 359.709 
0.934 1.987 0.1765 2.7678 0 0.140315 1.87654 0 5.0243 0 0 319.681 
0.935 1.987 0.1765 2.76968 0 0.145479 1.87654 0 5.16437 0 0 278.329 
0.936 1.987 0.1765 2.77155 0 0.150762 1.87654 0 5.28305 0 0 235.824 
0.937 1.987 0.1765 2.77343 0 0.156142 1.87654 0 5.37985 0 0 192.342 
0.938 1.987 0.1765 2.77531 0 0.161596 1.87654 0 5.45437 0 0 148.063 
0.939 1.987 0.1765 2.77718 0 0.167103 1.87654 0 5.50629 0 0 103.171 
0.94 1.987 0.1765 2.77906 0 0.172638 1.87654 0 5.53541 0 0 57.852 
0.941 1.987 0.1765 2.78094 0 0.17818 1.87654 0 5.54159 0 0 12.2931 
0.942 1.987 0.1765 2.78281 0 0.183711 1.87654 0 5.53178 0 0 -19.4925 
0.943 1.987 0.1765 2.78469 0 0.189233 1.87654 0 5.52197 0 0 -19.4925 
0.944 1.987 0.1765 2.78656 0 0.194746 1.87654 0 5.51216 0 0 -19.4925 
0.945 1.987 0.1765 2.78844 0 0.200248 1.87654 0 5.50235 0 0 -19.4925 
0.946 1.987 0.1765 2.79032 0 0.20574 1.87654 0 5.49254 0 0 -19.4925 
0.947 1.987 0.1765 2.79219 0 0.211223 1.87654 0 5.48273 0 0 -19.4925 
0.948 1.987 0.1765 2.79407 0 0.216696 1.87654 0 5.47292 0 0 -19.4925 
0.949 1.987 0.1765 2.79595 0 0.222159 1.87654 0 5.46311 0 0 -19.4925 
0.95 1.987 0.1765 2.79782 0 0.227613 1.87654 0 5.4533 0 0 -19.4925 
0.951 1.987 0.1765 2.7997 0 0.233056 1.87654 0 5.44349 0 0 -19.4925 
0.952 1.987 0.1765 2.80158 0 0.23849 1.87654 0 5.43368 0 0 -19.4925 
0.953 1.987 0.1765 2.80345 0 0.243914 1.87654 0 5.42387 0 0 -19.4925 
0.954 1.987 0.1765 2.80533 0 0.249328 1.87654 0 5.41406 0 0 -19.4925 
0.955 1.987 0.1765 2.80721 0 0.254732 1.87654 0 5.40425 0 0 -19.4925 
0.956 1.987 0.1765 2.80908 0 0.260126 1.87654 0 5.39444 0 0 -19.4925 
0.957 1.987 0.1765 2.81096 0 0.265511 1.87654 0 5.38463 0 0 -19.4925 
0.958 1.987 0.1765 2.81284 0 0.270886 1.87654 0 5.37482 0 0 -19.4925 
0.959 1.987 0.1765 2.81471 0 0.276251 1.87654 0 5.36501 0 0 -19.4925 
0.96 1.987 0.1765 2.81659 0 0.281606 1.87654 0 5.3552 0 0 -19.4925 
0.961 1.987 0.1765 2.81847 0 0.286951 1.87654 0 5.34539 0 0 -19.4925 
0.962 1.987 0.1765 2.82034 0 0.292287 1.87654 0 5.33558 0 0 -19.4925 
0.963 1.987 0.1765 2.82222 0 0.297613 1.87654 0 5.32577 0 0 -19.4925 
0.964 1.987 0.1765 2.8241 0 0.302929 1.87654 0 5.31596 0 0 -19.4925 
0.965 1.987 0.1765 2.82597 0 0.308235 1.87654 0 5.30615 0 0 -19.4925 
0.966 1.987 0.1765 2.82785 0 0.313531 1.87654 0 5.29634 0 0 -19.4925 
0.967 1.987 0.1765 2.82973 0 0.318818 1.87654 0 5.28653 0 0 -19.4925 
0.968 1.987 0.1765 2.8316 0 0.324095 1.87654 0 5.27672 0 0 -19.4925 
0.969 1.987 0.1765 2.83348 0 0.329361 1.87654 0 5.26691 0 0 -19.4925 
0.97 1.987 0.1765 2.83535 0 0.334619 1.87654 0 5.2571 0 0 -19.4925 
0.971 1.987 0.1765 2.83723 0 0.339866 1.87654 0 5.24729 0 0 -19.4925 
0.972 1.987 0.1765 2.83911 0 0.345103 1.87654 0 5.23748 0 0 -19.4925 
0.973 1.987 0.1765 2.84098 0 0.350331 1.87654 0 5.22767 0 0 -19.4925 
0.974 1.987 0.1765 2.84286 0 0.355549 1.87654 0 5.21786 0 0 -19.4925 
0.975 1.987 0.1765 2.84474 0 0.360757 1.87654 0 5.20805 0 0 -19.4925 
0.976 1.987 0.1765 2.84661 0 0.365955 1.87654 0 5.19824 0 0 -19.4925 
0.977 1.987 0.1765 2.84849 0 0.371144 1.87654 0 5.18843 0 0 -19.4925 
0.978 1.987 0.1765 2.85037 0 0.376322 1.87654 0 5.17862 0 0 -19.4925 
0.979 1.987 0.1765 2.85224 0 0.381491 1.87654 0 5.16881 0 0 -19.4925 
0.98 1.987 0.1765 2.85412 0 0.38665 1.87654 0 5.159 0 0 -19.4925 
0.981 1.987 0.1765 2.856 0 0.391799 1.87654 0 5.14919 0 0 -19.4925 
0.982 1.987 0.1765 2.85787 0 0.396939 1.87654 0 5.13938 0 0 -19.4925 
0.983 1.987 0.1765 2.85975 0 0.402068 1.87654 0 5.12957 0 0 -19.4925 
0.984 1.987 0.1765 2.86163 0 0.407188 1.87654 0 5.11976 0 0 -19.4925 
0.985 1.987 0.1765 2.8635 0 0.412298 1.87654 0 5.10995 0 0 -19.4925 
0.986 1.987 0.1765 2.86538 0 0.417398 1.87654 0 5.10014 0 0 -19.4925 
0.987 1.987 0.1765 2.86726 0 0.422488 1.87654 0 5.09033 0 0 -19.4925 
0.988 1.987 0.1765 2.86913 0 0.427569 1.87654 0 5.08052 0 0 -19.4925 
0.989 1.987 0.1765 2.87101 0 0.43264 1.87654 0 5.07071 0 0 -19.4925 
0.99 1.987 0.1765 2.87289 0 0.437701 1.87654 0 5.0609 0 0 -19.4925 
0.991 1.987 0.1765 2.87476 0 0.442752 1.87654 0 5.05109 0 0 -19.4925 
0.992 1.987 0.1765 2.87664 0 0.447793 1.87654 0 5.04128 0 0 -19.4925 
0.993 1.987 0.1765 2.87852 0 0.452824 1.87654 0 5.03147 0 0 -19.4925 
0.994 1.987 0.1765 2.88039 0 0.457846 1.87654 0 5.02166 0 0 -19.4925 
0.995 1.987 0.1765 2.88227 0 0.462858 1.87654 0 5.01185 0 0 -19.4925 
0.996 1.987 0.1765 2.88414 0 0.46786 1.87654 0 5.00204 0 0 -19.4925 
0.997 1.987 0.1765 2.88602 0 0.472852 1.87654 0 4.99223 0 0 -19.4925 
0.998 1.987 0.1765 2.8879 0 0.477835 1.87654 0 4.98242 0 0 -19.4925 
0.999 1.987 0.1765 2.88977 0 0.482807 1.87654 0 4.97261 0 0 -19.4925 
1 1.987 0.1765 2.89165 0 0.48777 1.87654 0 4.9628 0 0 -19.4925 
1.001 1.987 0.1765 2.89353 0 0.492723 1.87654 0 4.95299 0 0 -19.4925 
1.002 1.987 0.1765 2.8954 0 0.497666 1.87654 0 4.94318 0 0 -19.4925 
1.003 1.987 0.1765 2.89728 0 0.5026 1.87654 0 4.93337 0 0 -19.4925 
1.004 1.987 0.1765 2.89916 0 0.507523 1.87654 0 4.92356 0 0 -19.4925 
1.005 1.987 0.1765 2.90103 0 0.512437 1.87654 0 4.91375 0 0 -19.4925 
1.006 1.987 0.1765 2.90291 0 0.517341 1.87654 0 4.90394 0 0 -19.4925 
1.007 1.987 0.1765 2.90479 0 0.522235 1.87654 0 4.89413 0 0 -19.4925 
1.008 1.987 0.1765 2.90666 0 0.527119 1.87654 0 4.88432 0 0 -19.4925 
1.009 1.987 0.1765 2.90854 0 0.531994 1.87654 0 4.87451 0 0 -19.4925 
1.01 1.987 0.1765 2.91042 0 0.536859 1.87654 0 4.8647 0 0 -19.4925 
1.011 1.987 0.1765 2.91229 0 0.541713 1.87654 0 4.85489 0 0 -19.4925 
1.012 1.987 0.1765 2.91417 0 0.546559 1.87654 0 4.84508 0 0 -19.4925 
1.013 1.987 0.1765 2.91605 0 0.551394 1.87654 0 4.83527 0 0 -19.4925 
1.014 1.987 0.1765 2.91792 0 0.556219 1.87654 0 4.82546 0 0 -19.4925 
1.015 1.987 0.1765 2.9198 0 0.561035 1.87654 0 4.81565 0 0 -19.4925 
1.016 1.987 0.1765 2.92168 0 0.565841 1.87654 0 4.80584 0 0 -19.4925 
1.017 1.987 0.1765 2.92355 0 0.570637 1.87654 0 4.79603 0 0 -19.4925 
1.018 1.987 0.1765 2.92543 0 0.575423 1.87654 0 4.78622 0 0 -19.4925 
1.019 1.987 0.1765 2.92731 0 0.580199 1.87654 0 4.77641 0 0 -19.4925 
1.02 1.987 0.1765 2.92918 0 0.584966 1.87654 0 4.7666 0 0 -19.4925 
1.021 1.987 0.1765 2.93106 0 0.589723 1.87654 0 4.75679 0 0 -19.4925 
1.022 1.987 0.1765 2.93293 0 0.59447 1.87654 0 4.74698 0 0 -19.4925 
1.023 1.987 0.1765 2.93481 0 0.599207 1.87654 0 4.73717 0 0 -19.4925 
1.024 1.987 0.1765 2.93669 0 0.603934 1.87654 0 4.72736 0 0 -19.4925 
1.025 1.987 0.1765 2.93856 0 0.608652 1.87654 0 4.71755 0 0 -19.4925 
1.026 1.987 0.1765 2.94044 0 0.61336 1.87654 0 4.70774 0 0 -19.4925 
1.027 1.987 0.1765 2.94232 0 0.618058 1.87654 0 4.69793 0 0 -19.4925 
1.028 1.987 0.1765 2.94419 0 0.622746 1.87654 0 4.68812 0 0 -19.4925 
1.029 1.987 0.1765 2.94607 0 0.627424 1.87654 0 4.67831 0 0 -19.4925 
1.03 1.987 0.1765 2.94795 0 0.632093 1.87654 0 4.6685 0 0 -19.4925 
1.031 1.987 0.1765 2.94982 0 0.636751 1.87654 0 4.65869 0 0 -19.4925 
1.032 1.987 0.1765 2.9517 0 0.6414 1.87654 0 4.64888 0 0 -19.4925 
1.033 1.987 0.1765 2.95358 0 0.646039 1.87654 0 4.63907 0 0 -19.4925 
1.034 1.987 0.1765 2.95545 0 0.650668 1.87654 0 4.62926 0 0 -19.4925 
1.035 1.987 0.1765 2.95733 0 0.655288 1.87654 0 4.61945 0 0 -19.4925 
1.036 1.987 0.1765 2.95921 0 0.659898 1.87654 0 4.60964 0 0 -19.4925 
1.037 1.987 0.1765 2.96108 0 0.664497 1.87654 0 4.59983 0 0 -19.4925 
1.038 1.987 0.1765 2.96296 0 0.669087 1.87654 0 4.59002 0 0 -19.4925 
1.039 1.987 0.1765 2.96484 0 0.673668 1.87654 0 4.58021 0 0 -19.4925 
1.04 1.987 0.1765 2.96671 0 0.678238 1.87654 0 4.5704 0 0 -19.4925 
1.041 1.987 0.1765 2.96859 0 0.682799 1.87654 0 4.56059 0 0 -19.4925 
1.042 1.987 0.1765 2.97047 0 0.687349 1.87654 0 4.55078 0 0 -19.4925 
1.043 1.987 0.1765 2.97234 0 0.69189 1.87654 0 4.54097 0 0 -19.4925 
1.044 1.987 0.1765 2.97422 0 0.696422 1.87654 0 4.53116 0 0 -19.4925 
1.045 1.987 0.1765 2.9761 0 0.700943 1.87654 0 4.52135 0 0 -19.4925 
1.046 1.987 0.1765 2.97797 0 0.705454 1.87654 0 4.51154 0 0 -19.4925 
1.047 1.987 0.1765 2.97985 0 0.709956 1.87654 0 4.50173 0 0 -19.4925 
1.048 1.987 0.1765 2.98172 0 0.714448 1.87654 0 4.49192 0 0 -19.4925 
1.049 1.987 0.1765 2.9836 0 0.71893 1.87654 0 4.48211 0 0 -19.4925 
1.05 1.987 0.1765 2.98548 0 0.723403 1.87654 0 4.4723 0 0 -19.4925 
1.051 1.987 0.1765 2.98735 0 0.727865 1.87654 0 4.46249 0 0 -19.4925 
1.052 1.987 0.1765 2.98923 0 0.732318 1.87654 0 4.45268 0 0 -19.4925 
1.053 1.987 0.1765 2.99111 0 0.736761 1.87654 0 4.44287 0 0 -19.4925 
1.054 1.987 0.1765 2.99298 0 0.741194 1.87654 0 4.43306 0 0 -19.4925 
1.055 1.987 0.1765 2.99486 0 0.745617 1.87654 0 4.42325 0 0 -19.4925 
1.056 1.987 0.1765 2.99674 0 0.75003 1.87654 0 4.41344 0 0 -19.4925 
1.057 1.987 0.1765 2.99861 0 0.754434 1.87654 0 4.40363 0 0 -19.4925 
1.058 1.987 0.1765 3.00049 0 0.758828 1.87654 0 4.39382 0 0 -19.4925 
1.059 1.987 0.1765 3.00237 0 0.763212 1.87654 0 4.38401 0 0 -19.4925 
1.06 1.987 0.1765 3.00424 0 0.767586 1.87654 0 4.3742 0 0 -19.4925 
1.061 1.987 0.1765 3.00612 0 0.77195 1.87654 0 4.36439 0 0 -19.4925 
1.062 1.987 0.1765 3.008 0 0.776305 1.87654 0 4.35458 0 0 -19.4925 
1.063 1.987 0.1765 3.00987 0 0.78065 1.87654 0 4.34477 0 0 -19.4925 
1.064 1.987 0.1765 3.01175 0 0.784985 1.87654 0 4.33496 0 0 -19.4925 
1.065 1.987 0.1765 3.01363 0 0.78931 1.87654 0 4.32515 0 0 -19.4925 
1.066 1.987 0.1765 3.0155 0 0.793625 1.87654 0 4.31534 0 0 -19.4925 
1.067 1.987 0.1765 3.01738 0 0.797931 1.87654 0 4.30553 0 0 -19.4925 
1.068 1.987 0.1765 3.01926 0 0.802227 1.87654 0 4.29572 0 0 -19.4925 
1.069 1.987 0.1765 3.02113 0 0.806512 1.87654 0 4.28591 0 0 -19.4925 
1.07 1.987 0.1765 3.02301 0 0.810789 1.87654 0 4.2761 0 0 -19.4925 
1.071 1.987 0.1765 3.02489 0 0.815055 1.87654 0 4.26629 0 0 -19.4925 
1.072 1.987 0.1765 3.02676 0 0.819311 1.87654 0 4.25648 0 0 -19.4925 
1.073 1.987 0.1765 3.02864 0 0.823558 1.87654 0 4.24667 0 0 -19.4925 
1.074 1.987 0.1765 3.03051 0 0.827795 1.87654 0 4.23686 0 0 -19.4925 
1.075 1.987 0.1765 3.03239 0 0.832022 1.87654 0 4.22705 0 0 -19.4925 
1.076 1.987 0.1765 3.03427 0 0.836239 1.87654 0 4.21724 0 0 -19.4925 
1.077 1.987 0.1765 3.03614 0 0.840447 1.87654 0 4.20743 0 0 -19.4925 
1.078 1.987 0.1765 3.03802 0 0.844644 1.87654 0 4.19762 0 0 -19.4925 
1.079 1.987 0.1765 3.0399 0 0.848832 1.87654 0 4.18781 0 0 -19.4925 
1.08 1.987 0.1765 3.04177 0 0.85301 1.87654 0 4.178 0 0 -19.4925 
1.081 1.987 0.1765 3.04365 0 0.857178 1.87654 0 4.16819 0 0 -19.4925 
1.082 1.987 0.1765 3.04553 0 0.861337 1.87654 0 4.15838 0 0 -19.4925 
1.083 1.987 0.1765 3.0474 0 0.865485 1.87654 0 4.14857 0 0 -19.4925 
1.084 1.987 0.1765 3.04928 0 0.869624 1.87654 0 4.13876 0 0 -19.4925 
1.085 1.987 0.1765 3.05116 0 0.873753 1.87654 0 4.12895 0 0 -19.4925 
1.086 1.987 0.1765 3.05303 0 0.877872 1.87654 0 4.11914 0 0 -19.4925 
1.087 1.987 0.1765 3.05491 0 0.881981 1.87654 0 4.10933 0 0 -19.4925 
1.088 1.987 0.1765 3.05679 0 0.886081 1.87654 0 4.09952 0 0 -19.4925 
1.089 1.987 0.1765 3.05866 0 0.890171 1.87654 0 4.08971 0 0 -19.4925 
1.09 1.987 0.1765 3.06054 0 0.894251 1.87654 0 4.0799 0 0 -19.4925 
1.091 1.987 0.1765 3.06242 0 0.898321 1.87654 0 4.07009 0 0 -19.4925 
1.092 1.987 0.1765 3.06429 0 0.902381 1.87654 0 4.06028 0 0 -19.4925 
1.093 1.987 0.1765 3.06617 0 0.906431 1.87654 0 4.05047 0 0 -19.4925 
1.094 1.987 0.1765 3.06805 0 0.910472 1.87654 0 4.04066 0 0 -19.4925 
1.095 1.987 0.1765 3.06992 0 0.914503 1.87654 0 4.03085 0 0 -19.4925 
1.096 1.987 0.1765 3.0718 0 0.918524 1.87654 0 4.02104 0 0 -19.4925 
1.097 1.987 0.1765 3.07368 0 0.922535 1.87654 0 4.01123 0 0 -19.4925 
1.098 1.987 0.1765 3.07555 0 0.926537 1.87654 0 4.00142 0 0 -19.4925 
1.099 1.987 0.1765 3.07743 0 0.930528 1.87654 0 3.99161 0 0 -19.4925 
1.1 1.987 0.1765 3.0793 0 0.93451 1.87654 0 3.9818 0 0 -19.4925 
1.101 1.987 0.1765 3.08118 0 0.938482 1.87654 0 3.97199 0 0 -19.4925 
1.102 1.987 0.1765 3.08306 0 0.942444 1.87654 0 3.96218 0 0 -19.4925 
1.103 1.987 0.1765 3.08493 0 0.946397 1.87654 0 3.95237 0 0 -19.4925 
1.104 1.987 0.1765 3.08681 0 0.950339 1.87654 0 3.94256 0 0 -19.4925 
1.105 1.987 0.1765 3.08869 0 0.954272 1.87654 0 3.93275 0 0 -19.4925 
1.106 1.987 0.1765 3.09056 0 0.958195 1.87654 0 3.92294 0 0 -19.4925 
1.107 1.987 0.1765 3.09244 0 0.962108 1.87654 0 3.91313 0 0 -19.4925 
1.108 1.987 0.1765 3.09432 0 0.966011 1.87654 0 3.90332 0 0 -19.4925 
1.109 1.987 0.1765 3.09619 0 0.969905 1.87654 0 3.89351 0 0 -19.4925 
1.11 1.987 0.1765 3.09807 0 0.973789 1.87654 0 3.8837 0 0 -19.4925 
1.111 1.987 0.1765 3.09995 0 0.977662 1.87654 0 3.87389 0 0 -19.4925 
1.112 1.987 0.1765 3.10182 0 0.981526 1.87654 0 3.86408 0 0 -19.4925 
1.113 1.987 0.1765 3.1037 0 0.985381 1.87654 0 3.85427 0 0 -19.4925 
1.114 1.987 0.1765 3.10558 0 0.989225 1.87654 0 3.84446 0 0 -19.4925 
1.115 1.987 0.1765 3.10745 0 0.99306 1.87654 0 3.83465 0 0 -19.4925 
1.116 1.987 0.1765 3.10933 0 0.996885 1.87654 0 3.82484 0 0 -19.4925 
1.117 1.987 0.1765 3.11121 0 1.0007 1.87654 0 3.81503 0 0 -19.4925 
1.118 1.987 0.1765 3.11308 0 1.0045 1.87654 0 3.80522 0 0 -19.4925 
1.119 1.987 0.1765 3.11496 0 1.0083 1.87654 0 3.79541 0 0 -19.4925 
1.12 1.987 0.1765 3.11684 0 1.01209 1.87654 0 3.7856 0 0 -19.4925 
1.121 1.987 0.1765 3.11871 0 1.01586 1.87654 0 3.77579 0 0 -19.4925 
1.122 1.987 0.1765 3.12059 0 1.01963 1.87654 0 3.76598 0 0 -19.4925 
1.123 1.987 0.1765 3.12247 0 1.02338 1.87654 0 3.75617 0 0 -19.4925 
1.124 1.987 0.1765 3.12434 0 1.02713 1.87654 0 3.74636 0 0 -19.4925 
1.125 1.987 0.1765 3.12622 0 1.03087 1.87654 0 3.73655 0 0 -19.4925 
1.126 1.987 0.1765 3.12809 0 1.03459 1.87654 0 3.72674 0 0 -19.4925 
1.127 1.987 0.1765 3.12997 0 1.03831 1.87654 0 3.71693 0 0 -19.4925 
1.128 1.987 0.1765 3.13185 0 1.04202 1.87654 0 3.70712 0 0 -19.4925 
1.129 1.987 0.1765 3.13372 0 1.04572 1.87654 0 3.69731 0 0 -19.4925 
1.13 1.987 0.1765 3.1356 0 1.0494 1.87654 0 3.6875 0 0 -19.4925 
1.131 1.987 0.1765 3.13748 0 1.05308 1.87654 0 3.67769 0 0 -19.4925 
1.132 1.987 0.1765 3.13935 0 1.05675 1.87654 0 3.66788 0 0 -19.4925 
1.133 1.987 0.1765 3.14123 0 1.06041 1.87654 0 3.65807 0 0 -19.4925 
1.134 1.987 0.1765 3.14311 0 1.06405 1.87654 0 3.64826 0 0 -19.4925 
1.135 1.987 0.1765 3.14498 0 1.06769 1.87654 0 3.63845 0 0 -19.4925 
1.136 1.987 0.1765 3.14686 0 1.07132 1.87654 0 3.62864 0 0 -19.4925 
1.137 1.987 0.1765 3.14874 0 1.07494 1.87654 0 3.61883 0 0 -19.4925 
1.138 1.987 0.1765 3.15061 0 1.07855 1.87654 0 3.60902 0 0 -19.4925 
1.139 1.987 0.1765 3.15249 0 1.08215 1.87654 0 3.59921 0 0 -19.4925 
1.14 1.987 0.1765 3.15437 0 1.08574 1.87654 0 3.5894 0 0 -19.4925 
1.141 1.987 0.1765 3.15624 0 1.08932 1.87654 0 3.57959 0 0 -19.4925 
1.142 1.987 0.1765 3.15812 0 1.09289 1.87654 0 3.56978 0 0 -19.4925 
1.143 1.987 0.1765 3.16 0 1.09645 1.87654 0 3.55997 0 0 -19.4925 
1.144 1.987 0.1765 3.16187 0 1.1 1.87654 0 3.55016 0 0 -19.4925 
1.145 1.987 0.1765 3.16375 0 1.10354 1.87654 0 3.54035 0 0 -19.4925 
1.146 1.987 0.1765 3.16563 0 1.10707 1.87654 0 3.53054 0 0 -19.4925 
1.147 1.987 0.1765 3.1675 0 1.11059 1.87654 0 3.52073 0 0 -19.4925 
1.148 1.987 0.1765 3.16938 0 1.1141 1.87654 0 3.51092 0 0 -19.4925 
1.149 1.987 0.1765 3.17126 0 1.1176 1.87654 0 3.50111 0 0 -19.4925 
1.15 1.987 0.1765 3.17313 0 1.12109 1.87654 0 3.4913 0 0 -19.4925 
1.151 1.987 0.1765 3.17501 0 1.12457 1.87654 0 3.48149 0 0 -19.4925 
1.152 1.987 0.1765 3.17688 0 1.12805 1.87654 0 3.47168 0 0 -19.4925 
1.153 1.987 0.1765 3.17876 0 1.13151 1.87654 0 3.46187 0 0 -19.4925 
1.154 1.987 0.1765 3.18064 0 1.13496 1.87654 0 3.45206 0 0 -19.4925 
1.155 1.987 0.1765 3.18251 0 1.1384 1.87654 0 3.44225 0 0 -19.4925 
1.156 1.987 0.1765 3.18439 0 1.14183 1.87654 0 3.43244 0 0 -19.4925 
1.157 1.987 0.1765 3.18627 0 1.14526 1.87654 0 3.42263 0 0 -19.4925 
1.158 1.987 0.1765 3.18814 0 1.14867 1.87654 0 3.41282 0 0 -19.4925 
1.159 1.987 0.1765 3.19002 0 1.15207 1.87654 0 3.40301 0 0 -19.4925 
1.16 1.987 0.1765 3.1919 0 1.15547 1.87654 0 3.3932 0 0 -19.4925 
1.161 1.987 0.1765 3.19377 0 1.15885 1.87654 0 3.38339 0 0 -19.4925 
1.162 1.987 0.1765 3.19565 0 1.16222 1.87654 0 3.37358 0 0 -19.4925 
1.163 1.987 0.1765 3.19753 0 1.16559 1.87654 0 3.36377 0 0 -19.4925 
1.164 1.987 0.1765 3.1994 0 1.16894 1.87654 0 3.35396 0 0 -19.4925 
1.165 1.987 0.1765 3.20128 0 1.17228 1.87654 0 3.34415 0 0 -19.4925 
1.166 1.987 0.1765 3.20316 0 1.17562 1.87654 0 3.33434 0 0 -19.4925 
1.167 1.987 0.1765 3.20503 0 1.17894 1.87654 0 3.32453 0 0 -19.4925 
1.168 1.987 0.1765 3.20691 0 1.18226 1.87654 0 3.31472 0 0 -19.4925 
1.169 1.987 0.1765 3.20879 0 1.18556 1.87654 0 3.30491 0 0 -19.4925 
1.17 1.987 0.1765 3.21066 0 1.18886 1.87654 0 3.2951 0 0 -19.4925 
1.171 1.987 0.1765 3.21254 0 1.19214 1.87654 0 3.28529 0 0 -19.4925 
1.172 1.987 0.1765 3.21442 0 1.19542 1.87654 0 3.27548 0 0 -19.4925 
1.173 1.987 0.1765 3.21629 0 1.19868 1.87654 0 3.26567 0 0 -19.4925 
1.174 1.987 0.1765 3.21817 0 1.20194 1.87654 0 3.25586 0 0 -19.4925 
1.175 1.987 0.1765 3.22005 0 1.20519 1.87654 0 3.24605 0 0 -19.4925 
1.176 1.987 0.1765 3.22192 0 1.20842 1.87654 0 3.23624 0 0 -19.4925 
1.177 1.987 0.1765 3.2238 0 1.21165 1.87654 0 3.22643 0 0 -19.4925 
1.178 1.987 0.1765 3.22567 0 1.21487 1.87654 0 3.21662 0 0 -19.4925 
1.179 1.987 0.1765 3.22755 0 1.21807 1.87654 0 3.20681 0 0 -19.4925 
1.18 1.987 0.1765 3.22943 0 1.22127 1.87654 0 3.197 0 0 -19.4925 
1.181 1.987 0.1765 3.2313 0 1.22446 1.87654 0 3.18719 0 0 -19.4925 
1.182 1.987 0.1765 3.23318 0 1.22763 1.87654 0 3.17738 0 0 -19.4925 
1.183 1.987 0.1765 3.23506 0 1.2308 1.87654 0 3.16757 0 0 -19.4925 
1.184 1.987 0.1765 3.23693 0 1.23396 1.87654 0 3.15776 0 0 -19.4925 
1.185 1.987 0.1765 3.23881 0 1.23711 1.87654 0 3.14795 0 0 -19.4925 
1.186 1.987 0.1765 3.24069 0 1.24025 1.87654 0 3.13814 0 0 -19.4925 
1.187 1.987 0.1765 3.24256 0 1.24337 1.87654 0 3.12833 0 0 -19.4925 
1.188 1.987 0.1765 3.24444 0 1.24649 1.87654 0 3.11852 0 0 -19.4925 
1.189 1.987 0.1765 3.24632 0 1.2496 1.87654 0 3.10871 0 0 -19.4925 
1.19 1.987 0.1765 3.24819 0 1.2527 1.87654 0 3.0989 0 0 -19.4925 
1.191 1.987 0.1765 3.25007 0 1.25579 1.87654 0 3.08909 0 0 -19.4925 
1.192 1.987 0.1765 3.25195 0 1.25887 1.87654 0 3.07928 0 0 -19.4925 
1.193 1.987 0.1765 3.25382 0 1.26194 1.87654 0 3.06947 0 0 -19.4925 
1.194 1.987 0.1765 3.2557 0 1.265 1.87654 0 3.05966 0 0 -19.4925 
1.195 1.987 0.1765 3.25758 0 1.26805 1.87654 0 3.04985 0 0 -19.4925 
1.196 1.987 0.1765 3.25945 0 1.27109 1.87654 0 3.04004 0 0 -19.4925 
1.197 1.987 0.1765 3.26133 0 1.27412 1.87654 0 3.03023 0 0 -19.4925 
1.198 1.987 0.1765 3.26321 0 1.27714 1.87654 0 3.02042 0 0 -19.4925 
1.199 1.987 0.1765 3.26508 0 1.28015 1.87654 0 3.01061 0 0 -19.4925 
1.2 1.987 0.1765 3.26696 0 1.28315 1.87654 0 3.0008 0 0 -19.4925 
1.201 1.987 0.1765 3.26884 0 1.28614 1.87654 0 2.99099 0 0 -19.4925 
1.202 1.987 0.1765 3.27071 0 1.28912 1.87654 0 2.98118 0 0 -19.4925 
1.203 1.987 0.1765 3.27259 0 1.29209 1.87654 0 2.97137 0 0 -19.4925 
1.204 1.987 0.1765 3.27447 0 1.29506 1.87654 0 2.96156 0 0 -19.4925 
1.205 1.987 0.1765 3.27634 0 1.29801 1.87654 0 2.95175 0 0 -19.4925 
1.206 1.987 0.1765 3.27822 0 1.30095 1.87654 0 2.94194 0 0 -19.4925 
1.207 1.987 0.1765 3.28009 0 1.30388 1.87654 0 2.93213 0 0 -19.4925 
1.208 1.987 0.1765 3.28197 0 1.3068 1.87654 0 2.92232 0 0 -19.4925 
1.209 1.987 0.1765 3.28385 0 1.30972 1.87654 0 2.91251 0 0 -19.4925 
1.21 1.987 0.1765 3.28572 0 1.31262 1.87654 0 2.9027 0 0 -19.4925 
1.211 1.987 0.1765 3.2876 0 1.31551 1.87654 0 2.89289 0 0 -19.4925 
1.212 1.987 0.1765 3.28948 0 1.31839 1.87654 0 2.88308 0 0 -19.4925 
1.213 1.987 0.1765 3.29135 0 1.32127 1.87654 0 2.87327 0 0 -19.4925 
1.214 1.987 0.1765 3.29323 0 1.32413 1.87654 0 2.86346 0 0 -19.4925 
1.215 1.987 0.1765 3.29511 0 1.32698 1.87654 0 2.85365 0 0 -19.4925 
1.216 1.987 0.1765 3.29698 0 1.32983 1.87654 0 2.84384 0 0 -19.4925 
1.217 1.987 0.1765 3.29886 0 1.33266 1.87654 0 2.83403 0 0 -19.4925 
1.218 1.987 0.1765 3.30074 0 1.33549 1.87654 0 2.82422 0 0 -19.4925 
1.219 1.987 0.1765 3.30261 0 1.3383 1.87654 0 2.81441 0 0 -19.4925 
1.22 1.987 0.1765 3.30449 0 1.34111 1.87654 0 2.8046 0 0 -19.4925 
1.221 1.987 0.1765 3.30637 0 1.3439 1.87654 0 2.79479 0 0 -19.4925 
1.222 1.987 0.1765 3.30824 0 1.34669 1.87654 0 2.78498 0 0 -19.4925 
1.223 1.987 0.1765 3.31012 0 1.34946 1.87654 0 2.77517 0 0 -19.4925 
1.224 1.987 0.1765 3.312 0 1.35223 1.87654 0 2.76536 0 0 -19.4925 
1.225 1.987 0.1765 3.31387 0 1.35498 1.87654 0 2.75555 0 0 -19.4925 
1.226 1.987 0.1765 3.31575 0 1.35773 1.87654 0 2.74574 0 0 -19.4925 
1.227 1.987 0.1765 3.31763 0 1.36046 1.87654 0 2.73593 0 0 -19.4925 
1.228 1.987 0.1765 3.3195 0 1.36319 1.87654 0 2.72612 0 0 -19.4925 
1.229 1.987 0.1765 3.32138 0 1.36591 1.87654 0 2.71631 0 0 -19.4925 
1.23 1.987 0.1765 3.32326 0 1.36861 1.87654 0 2.7065 0 0 -19.4925 
1.231 1.987 0.1765 3.32513 0 1.37131 1.87654 0 2.69669 0 0 -19.4925 
1.232 1.987 0.1765 3.32701 0 1.374 1.87654 0 2.68688 0 0 -19.4925 
1.233 1.987 0.1765 3.32888 0 1.37667 1.87654 0 2.67707 0 0 -19.4925 
1.234 1.987 0.1765 3.33076 0 1.37934 1.87654 0 2.66726 0 0 -19.4925 
1.235 1.987 0.1765 3.33264 0 1.382 1.87654 0 2.65745 0 0 -19.4925 
1.236 1.987 0.1765 3.33451 0 1.38465 1.87654 0 2.64764 0 0 -19.4925 
1.237 1.987 0.1765 3.33639 0 1.38728 1.87654 0 2.63783 0 0 -19.4925 
1.238 1.987 0.1765 3.33827 0 1.38991 1.87654 0 2.62802 0 0 -19.4925 
1.239 1.987 0.1765 3.34014 0 1.39253 1.87654 0 2.61821 0 0 -19.4925 
1.24 1.987 0.1765 3.34202 0 1.39514 1.87654 0 2.6084 0 0 -19.4925 
1.241 1.987 0.1765 3.3439 0 1.39774 1.87654 0 2.59859 0 0 -19.4925 
1.242 1.987 0.1765 3.34577 0 1.40033 1.87654 0 2.58878 0 0 -19.4925 
1.243 1.987 0.1765 3.34765 0 1.4029 1.87654 0 2.57897 0 0 -19.4925 
1.244 1.987 0.1765 3.34953 0 1.40547 1.87654 0 2.56916 0 0 -19.4925 
1.245 1.987 0.1765 3.3514 0 1.40803 1.87654 0 2.55935 0 0 -19.4925 
1.246 1.987 0.1765 3.35328 0 1.41058 1.87654 0 2.54954 0 0 -19.4925 
1.247 1.987 0.1765 3.35516 0 1.41312 1.87654 0 2.53973 0 0 -19.4925 
1.248 1.987 0.1765 3.35703 0 1.41565 1.87654 0 2.52992 0 0 -19.4925 
1.249 1.987 0.1765 3.35891 0 1.41817 1.87654 0 2.52011 0 0 -19.4925 
1.25 1.987 0.1765 3.36079 0 1.42068 1.87654 0 2.5103 0 0 -19.4925 
1.251 1.987 0.1765 3.36266 0 1.42318 1.87654 0 2.50049 0 0 -19.4925 
1.252 1.987 0.1765 3.36454 0 1.42567 1.87654 0 2.49068 0 0 -19.4925 
1.253 1.987 0.1765 3.36642 0 1.42815 1.87654 0 2.48087 0 0 -19.4925 
1.254 1.987 0.1765 3.36829 0 1.43063 1.87654 0 2.47106 0 0 -19.4925 
1.255 1.987 0.1765 3.37017 0 1.43309 1.87654 0 2.46125 0 0 -19.4925 
1.256 1.987 0.1765 3.37205 0 1.43554 1.87654 0 2.45144 0 0 -19.4925 
1.257 1.987 0.1765 3.37392 0 1.43798 1.87654 0 2.44163 0 0 -19.4925 
1.258 1.987 0.1765 3.3758 0 1.44041 1.87654 0 2.43182 0 0 -19.4925 
1.259 1.987 0.1765 3.37767 0 1.44283 1.87654 0 2.42201 0 0 -19.4925 
1.26 1.987 0.1765 3.37955 0 1.44525 1.87654 0 2.4122 0 0 -19.4925 
1.261 1.987 0.1765 3.38143 0 1.44765 1.87654 0 2.40239 0 0 -19.4925 
1.262 1.987 0.1765 3.3833 0 1.45004 1.87654 0 2.39258 0 0 -19.4925 
1.263 1.987 0.1765 3.38518 0 1.45242 1.87654 0 2.38277 0 0 -19.4925 
1.264 1.987 0.1765 3.38706 0 1.4548 1.87654 0 2.37296 0 0 -19.4925 
1.265 1.987 0.1765 3.38893 0 1.45716 1.87654 0 2.36315 0 0 -19.4925 
1.266 1.987 0.1765 3.39081 0 1.45951 1.87654 0 2.35334 0 0 -19.4925 
1.267 1.987 0.1765 3.39269 0 1.46186 1.87654 0 2.34353 0 0 -19.4925 
1.268 1.987 0.1765 3.39456 0 1.46419 1.87654 0 2.33372 0 0 -19.4925 
1.269 1.987 0.1765 3.39644 0 1.46651 1.87654 0 2.32391 0 0 -19.4925 
1.27 1.987 0.1765 3.39832 0 1.46883 1.87654 0 2.3141 0 0 -19.4925 
1.271 1.987 0.1765 3.40019 0 1.47113 1.87654 0 2.30429 0 0 -19.4925 
1.272 1.987 0.1765 3.40207 0 1.47343 1.87654 0 2.29448 0 0 -19.4925 
1.273 1.987 0.1765 3.40395 0 1.47571 1.87654 0 2.28467 0 0 -19.4925 
1.274 1.987 0.1765 3.40582 0 1.47799 1.87654 0 2.27486 0 0 -19.4925 
1.275 1.987 0.1765 3.4077 0 1.48025 1.87654 0 2.26505 0 0 -19.4925 
1.276 1.987 0.1765 3.40958 0 1.48251 1.87654 0 2.25524 0 0 -19.4925 
1.277 1.987 0.1765 3.41145 0 1.48475 1.87654 0 2.24543 0 0 -19.4925 
1.278 1.987 0.1765 3.41333 0 1.48699 1.87654 0 2.23562 0 0 -19.4925 
1.279 1.987 0.1765 3.41521 0 1.48921 1.87654 0 2.22581 0 0 -19.4925 
1.28 1.987 0.1765 3.41708 0 1.49143 1.87654 0 2.216 0 0 -19.4925 
1.281 1.987 0.1765 3.41896 0 1.49364 1.87654 0 2.20619 0 0 -19.4925 
1.282 1.987 0.1765 3.42084 0 1.49583 1.87654 0 2.19638 0 0 -19.4925 
1.283 1.987 0.1765 3.42271 0 1.49802 1.87654 0 2.18657 0 0 -19.4925 
1.284 1.987 0.1765 3.42459 0 1.5002 1.87654 0 2.17676 0 0 -19.4925 
1.285 1.987 0.1765 3.42646 0 1.50236 1.87654 0 2.16695 0 0 -19.4925 
1.286 1.987 0.1765 3.42834 0 1.50452 1.87654 0 2.15714 0 0 -19.4925 
1.287 1.987 0.1765 3.43022 0 1.50667 1.87654 0 2.14733 0 0 -19.4925 
1.288 1.987 0.1765 3.43209 0 1.5088 1.87654 0 2.13752 0 0 -19.4925 
1.289 1.987 0.1765 3.43397 0 1.51093 1.87654 0 2.12771 0 0 -19.4925 
1.29 1.987 0.1765 3.43585 0 1.51305 1.87654 0 2.1179 0 0 -19.4925 
1.291 1.987 0.1765 3.43772 0 1.51516 1.87654 0 2.10809 0 0 -19.4925 
1.292 1.987 0.1765 3.4396 0 1.51726 1.87654 0 2.09828 0 0 -19.4925 
1.293 1.987 0.1765 3.44148 0 1.51935 1.87654 0 2.08847 0 0 -19.4925 
1.294 1.987 0.1765 3.44335 0 1.52142 1.87654 0 2.07866 0 0 -19.4925 
1.295 1.987 0.1765 3.44523 0 1.52349 1.87654 0 2.06885 0 0 -19.4925 
1.296 1.987 0.1765 3.44711 0 1.52555 1.87654 0 2.05904 0 0 -19.4925 
1.297 1.987 0.1765 3.44898 0 1.5276 1.87654 0 2.04923 0 0 -19.4925 
1.298 1.987 0.1765 3.45086 0 1.52964 1.87654 0 2.03942 0 0 -19.4925 
1.299 1.987 0.1765 3.45274 0 1.53167 1.87654 0 2.02961 0 0 -19.4925 
1.3 1.987 0.1765 3.45461 0 1.53369 1.87654 0 2.0198 0 0 -19.4925 
1.301 1.987 0.1765 3.45649 0 1.5357 1.87654 0 2.00999 0 0 -19.4925 
1.302 1.987 0.1765 3.45837 0 1.5377 1.87654 0 2.00018 0 0 -19.4925 
1.303 1.987 0.1765 3.46024 0 1.53969 1.87654 0 1.99037 0 0 -19.4925 
1.304 1.987 0.1765 3.46212 0 1.54167 1.87654 0 1.98056 0 0 -19.4925 
1.305 1.987 0.1765 3.464 0 1.54364 1.87654 0 1.97075 0 0 -19.4925 
1.306 1.987 0.1765 3.46587 0 1.5456 1.87654 0 1.96094 0 0 -19.4925 
1.307 1.987 0.1765 3.46775 0 1.54755 1.87654 0 1.95113 0 0 -19.4925 
1.308 1.987 0.1765 3.46963 0 1.5495 1.87654 0 1.94132 0 0 -19.4925 
1.309 1.987 0.1765 3.4715 0 1.55143 1.87654 0 1.93151 0 0 -19.4925 
1.31 1.987 0.1765 3.47338 0 1.55335 1.87654 0 1.9217 0 0 -19.4925 
1.311 1.987 0.1765 3.47525 0 1.55526 1.87654 0 1.91189 0 0 -19.4925 
1.312 1.987 0.1765 3.47713 0 1.55716 1.87654 0 1.90208 0 0 -19.4925 
1.313 1.987 0.1765 3.47901 0 1.55905 1.87654 0 1.89227 0 0 -19.4925 
1.314 1.987 0.1765 3.48088 0 1.56094 1.87654 0 1.88246 0 0 -19.4925 
1.315 1.987 0.1765 3.48276 0 1.56281 1.87654 0 1.87265 0 0 -19.4925 
1.316 1.987 0.1765 3.48464 0 1.56467 1.87654 0 1.86284 0 0 -19.4925 
1.317 1.987 0.1765 3.48651 0 1.56653 1.87654 0 1.85303 0 0 -19.4925 
1.318 1.987 0.1765 3.48839 0 1.56837 1.87654 0 1.84322 0 0 -19.4925 
1.319 1.987 0.1765 3.49027 0 1.5702 1.87654 0 1.83341 0 0 -19.4925 
1.32 1.987 0.1765 3.49214 0 1.57203 1.87654 0 1.8236 0 0 -19.4925 
1.321 1.987 0.1765 3.49402 0 1.57384 1.87654 0 1.81379 0 0 -19.4925 
1.322 1.987 0.1765 3.4959 0 1.57564 1.87654 0 1.80398 0 0 -19.4925 
1.323 1.987 0.1765 3.49777 0 1.57744 1.87654 0 1.79417 0 0 -19.4925 
1.324 1.987 0.1765 3.49965 0 1.57922 1.87654 0 1.78436 0 0 -19.4925 
1.325 1.987 0.1765 3.50153 0 1.581 1.87654 0 1.77455 0 0 -19.4925 
1.326 1.987 0.1765 3.5034 0 1.58276 1.87654 0 1.76474 0 0 -19.4925 
1.327 1.987 0.1765 3.50528 0 1.58452 1.87654 0 1.75493 0 0 -19.4925 
1.328 1.987 0.1765 3.50716 0 1.58626 1.87654 0 1.74512 0 0 -19.4925 
1.329 1.987 0.1765 3.50903 0 1.588 1.87654 0 1.73531 0 0 -19.4925 
1.33 1.987 0.1765 3.51091 0 1.58972 1.87654 0 1.7255 0 0 -19.4925 
1.331 1.987 0.1765 3.51279 0 1.59144 1.87654 0 1.71569 0 0 -19.4925 
1.332 1.987 0.1765 3.51466 0 1.59314 1.87654 0 1.70588 0 0 -19.4925 
1.333 1.987 0.1765 3.51654 0 1.59484 1.87654 0 1.69607 0 0 -19.4925 
1.334 1.987 0.1765 3.51842 0 1.59653 1.87654 0 1.68626 0 0 -19.4925 
1.335 1.987 0.1765 3.52029 0 1.5982 1.87654 0 1.67645 0 0 -19.4925 
1.336 1.987 0.1765 3.52217 0 1.59987 1.87654 0 1.66664 0 0 -19.4925 
1.337 1.987 0.1765 3.52404 0 1.60153 1.87654 0 1.65683 0 0 -19.4925 
1.338 1.987 0.1765 3.52592 0 1.60317 1.87654 0 1.64702 0 0 -19.4925 
1.339 1.987 0.1765 3.5278 0 1.60481 1.87654 0 1.63721 0 0 -19.4925 
1.34 1.987 0.1765 3.52967 0 1.60644 1.87654 0 1.6274 0 0 -19.4925 
1.341 1.987 0.1765 3.53155 0 1.60806 1.87654 0 1.61759 0 0 -19.4925 
1.342 1.987 0.1765 3.53343 0 1.60966 1.87654 0 1.60778 0 0 -19.4925 
1.343 1.987 0.1765 3.5353 0 1.61126 1.87654 0 1.59797 0 0 -19.4925 
1.344 1.987 0.1765 3.53718 0 1.61285 1.87654 0 1.58816 0 0 -19.4925 
1.345 1.987 0.1765 3.53906 0 1.61443 1.87654 0 1.57835 0 0 -19.4925 
1.346 1.987 0.1765 3.54093 0 1.616 1.87654 0 1.56854 0 0 -19.4925 
1.347 1.987 0.1765 3.54281 0 1.61756 1.87654 0 1.55873 0 0 -19.4925 
1.348 1.987 0.1765 3.54469 0 1.6191 1.87654 0 1.54892 0 0 -19.4925 
1.349 1.987 0.1765 3.54656 0 1.62064 1.87654 0 1.53911 0 0 -19.4925 
1.35 1.987 0.1765 3.54844 0 1.62217 1.87654 0 1.5293 0 0 -19.4925 
1.351 1.987 0.1765 3.55032 0 1.62369 1.87654 0 1.51949 0 0 -19.4925 
1.352 1.987 0.1765 3.55219 0 1.6252 1.87654 0 1.50968 0 0 -19.4925 
1.353 1.987 0.1765 3.55407 0 1.6267 1.87654 0 1.49987 0 0 -19.4925 
1.354 1.987 0.1765 3.55595 0 1.62819 1.87654 0 1.49006 0 0 -19.4925 
1.355 1.987 0.1765 3.55782 0 1.62967 1.87654 0 1.48025 0 0 -19.4925 
1.356 1.987 0.1765 3.5597 0 1.63114 1.87654 0 1.47044 0 0 -19.4925 
1.357 1.987 0.1765 3.56158 0 1.6326 1.87654 0 1.46063 0 0 -19.4925 
1.358 1.987 0.1765 3.56345 0 1.63405 1.87654 0 1.45082 0 0 -19.4925 
1.359 1.987 0.1765 3.56533 0 1.63549 1.87654 0 1.44101 0 0 -19.4925 
1.36 1.987 0.1765 3.56721 0 1.63693 1.87654 0 1.4312 0 0 -19.4925 
1.361 1.987 0.1765 3.56908 0 1.63835 1.87654 0 1.42139 0 0 -19.4925 
1.362 1.987 0.1765 3.57096 0 1.63976 1.87654 0 1.41158 0 0 -19.4925 
1.363 1.987 0.1765 3.57283 0 1.64116 1.87654 0 1.40177 0 0 -19.4925 
1.364 1.987 0.1765 3.57471 0 1.64255 1.87654 0 1.39196 0 0 -19.4925 
1.365 1.987 0.1765 3.57659 0 1.64393 1.87654 0 1.38215 0 0 -19.4925 
1.366 1.987 0.1765 3.57846 0 1.64531 1.87654 0 1.37234 0 0 -19.4925 
1.367 1.987 0.1765 3.58034 0 1.64667 1.87654 0 1.36253 0 0 -19.4925 
1.368 1.987 0.1765 3.58222 0 1.64802 1.87654 0 1.35272 0 0 -19.4925 
1.369 1.987 0.1765 3.58409 0 1.64937 1.87654 0 1.34291 0 0 -19.4925 
1.37 1.987 0.1765 3.58597 0 1.6507 1.87654 0 1.3331 0 0 -19.4925 
1.371 1.987 0.1765 3.58785 0 1.65202 1.87654 0 1.32329 0 0 -19.4925 
1.372 1.987 0.1765 3.58972 0 1.65334 1.87654 0 1.31348 0 0 -19.4925 
1.373 1.987 0.1765 3.5916 0 1.65464 1.87654 0 1.30367 0 0 -19.4925 
1.374 1.987 0.1765 3.59348 0 1.65593 1.87654 0 1.29386 0 0 -19.4925 
1.375 1.987 0.1765 3.59535 0 1.65722 1.87654 0 1.28405 0 0 -19.4925 
1.376 1.987 0.1765 3.59723 0 1.65849 1.87654 0 1.27424 0 0 -19.4925 
1.377 1.987 0.1765 3.59911 0 1.65976 1.87654 0 1.26443 0 0 -19.4925 
1.378 1.987 0.1765 3.60098 0 1.66101 1.87654 0 1.25462 0 0 -19.4925 
1.379 1.987 0.1765 3.60286 0 1.66225 1.87654 0 1.24481 0 0 -19.4925 
1.38 1.987 0.1765 3.60474 0 1.66349 1.87654 0 1.235 0 0 -19.4925 
1.381 1.987 0.1765 3.60661 0 1.66472 1.87654 0 1.22519 0 0 -19.4925 
1.382 1.987 0.1765 3.60849 0 1.66593 1.87654 0 1.21538 0 0 -19.4925 
1.383 1.987 0.1765 3.61037 0 1.66714 1.87654 0 1.20557 0 0 -19.4925 
1.384 1.987 0.1765 3.61224 0 1.66833 1.87654 0 1.19576 0 0 -19.4925 
1.385 1.987 0.1765 3.61412 0 1.66952 1.87654 0 1.18595 0 0 -19.4925 
1.386 1.987 0.1765 3.616 0 1.67069 1.87654 0 1.17614 0 0 -19.4925 
1.387 1.987 0.1765 3.61787 0 1.67186 1.87654 0 1.16633 0 0 -19.4925 
1.388 1.987 0.1765 3.61975 0 1.67302 1.87654 0 1.15652 0 0 -19.4925 
1.389 1.987 0.1765 3.62162 0 1.67416 1.87654 0 1.14671 0 0 -19.4925 
1.39 1.987 0.1765 3.6235 0 1.6753 1.87654 0 1.1369 0 0 -19.4925 
1.391 1.987 0.1765 3.62538 0 1.67643 1.87654 0 1.12709 0 0 -19.4925 
1.392 1.987 0.1765 3.62725 0 1.67754 1.87654 0 1.11728 0 0 -19.4925 
1.393 1.987 0.1765 3.62913 0 1.67865 1.87654 0 1.10747 0 0 -19.4925 
1.394 1.987 0.1765 3.63101 0 1.67975 1.87654 0 1.09766 0 0 -19.4925 
1.395 1.987 0.1765 3.63288 0 1.68084 1.87654 0 1.08785 0 0 -19.4925 
1.396 1.987 0.1765 3.63476 0 1.68192 1.87654 0 1.07804 0 0 -19.4925 
1.397 1.987 0.1765 3.63664 0 1.68298 1.87654 0 1.06823 0 0 -19.4925 
1.398 1.987 0.1765 3.63851 0 1.68404 1.87654 0 1.05842 0 0 -19.4925 
1.399 1.987 0.1765 3.64039 0 1.68509 1.87654 0 1.04861 0 0 -19.4925 
1.4 1.987 0.1765 3.64227 0 1.68613 1.87654 0 1.0388 0 0 -19.4925 
1.401 1.987 0.1765 3.64414 0 1.68716 1.87654 0 1.02899 0 0 -19.4925 
1.402 1.987 0.1765 3.64602 0 1.68818 1.87654 0 1.01918 0 0 -19.4925 
1.403 1.987 0.1765 3.6479 0 1.68919 1.87654 0 1.00937 0 0 -19.4925 
1.404 1.987 0.1765 3.64977 0 1.69019 1.87654 0 0.999565 0 0 -19.4925 
1.405 1.987 0.1765 3.65165 0 1.69118 1.87654 0 0.989755 0 0 -19.4925 
1.406 1.987 0.1765 3.65353 0 1.69216 1.87654 0 0.979945 0 0 -19.4925 
1.407 1.987 0.1765 3.6554 0 1.69313 1.87654 0 0.970135 0 0 -19.4925 
1.408 1.987 0.1765 3.65728 0 1.69409 1.87654 0 0.960325 0 0 -19.4925 
1.409 1.987 0.1765 3.65916 0 1.69504 1.87654 0 0.950515 0 0 -19.4925 
1.41 1.987 0.1765 3.66103 0 1.69598 1.87654 0 0.940705 0 0 -19.4925 
1.411 1.987 0.1765 3.66291 0 1.69691 1.87654 0 0.930895 0 0 -19.4925 
1.412 1.987 0.1765 3.66479 0 1.69783 1.87654 0 0.921085 0 0 -19.4925 
1.413 1.987 0.1765 3.66666 0 1.69874 1.87654 0 0.911275 0 0 -19.4925 
1.414 1.987 0.1765 3.66854 0 1.69964 1.87654 0 0.901465 0 0 -19.4925 
1.415 1.987 0.1765 3.67041 0 1.70053 1.87654 0 0.891655 0 0 -19.4925 
1.416 1.987 0.1765 3.67229 0 1.70142 1.87654 0 0.881845 0 0 -19.4925 
1.417 1.987 0.1765 3.67417 0 1.70229 1.87654 0 0.872035 0 0 -19.4925 
1.418 1.987 0.1765 3.67604 0 1.70315 1.87654 0 0.862225 0 0 -19.4925 
1.419 1.987 0.1765 3.67792 0 1.704 1.87654 0 0.852415 0 0 -19.4925 
1.42 1.987 0.1765 3.6798 0 1.70485 1.87654 0 0.842605 0 0 -19.4925 
1.421 1.987 0.1765 3.68167 0 1.70568 1.87654 0 0.832795 0 0 -19.4925 
1.422 1.987 0.1765 3.68355 0 1.7065 1.87654 0 0.822985 0 0 -19.4925 
1.423 1.987 0.1765 3.68543 0 1.70731 1.87654 0 0.813175 0 0 -19.4925 
1.424 1.987 0.1765 3.6873 0 1.70812 1.87654 0 0.803365 0 0 -19.4925 
1.425 1.987 0.1765 3.68918 0 1.70891 1.87654 0 0.793555 0 0 -19.4925 
1.426 1.987 0.1765 3.69106 0 1.7097 1.87654 0 0.783745 0 0 -19.4925 
1.427 1.987 0.1765 3.69293 0 1.71047 1.87654 0 0.773935 0 0 -19.4925 
1.428 1.987 0.1765 3.69481 0 1.71123 1.87654 0 0.764125 0 0 -19.4925 
1.429 1.987 0.1765 3.69669 0 1.71199 1.87654 0 0.754315 0 0 -19.4925 
1.43 1.987 0.1765 3.69856 0 1.71273 1.87654 0 0.744505 0 0 -19.4925 
1.431 1.987 0.1765 3.70044 0 1.71347 1.87654 0 0.734695 0 0 -19.4925 
1.432 1.987 0.1765 3.70232 0 1.71419 1.87654 0 0.724885 0 0 -19.4925 
1.433 1.987 0.1765 3.70419 0 1.71491 1.87654 0 0.715075 0 0 -19.4925 
1.434 1.987 0.1765 3.70607 0 1.71561 1.87654 0 0.705265 0 0 -19.4925 
1.435 1.987 0.1765 3.70795 0 1.71631 1.87654 0 0.695455 0 0 -19.4925 
1.436 1.987 0.1765 3.70982 0 1.71699 1.87654 0 0.685645 0 0 -19.4925 
1.437 1.987 0.1765 3.7117 0 1.71767 1.87654 0 0.675835 0 0 -19.4925 
1.438 1.987 0.1765 3.71358 0 1.71834 1.87654 0 0.666025 0 0 -19.4925 
1.439 1.987 0.1765 3.71545 0 1.71899 1.87654 0 0.656215 0 0 -19.4925 
1.44 1.987 0.1765 3.71733 0 1.71964 1.87654 0 0.646405 0 0 -19.4925 
1.441 1.987 0.1765 3.71921 0 1.72027 1.87654 0 0.636595 0 0 -19.4925 
1.442 1.987 0.1765 3.72108 0 1.7209 1.87654 0 0.626785 0 0 -19.4925 
1.443 1.987 0.1765 3.72296 0 1.72152 1.87654 0 0.616975 0 0 -19.4925 
1.444 1.987 0.1765 3.72483 0 1.72213 1.87654 0 0.607165 0 0 -19.4925 
1.445 1.987 0.1765 3.72671 0 1.72272 1.87654 0 0.597355 0 0 -19.4925 
1.446 1.987 0.1765 3.72859 0 1.72331 1.87654 0 0.587545 0 0 -19.4925 
1.447 1.987 0.1765 3.73046 0 1.72389 1.87654 0 0.577735 0 0 -19.4925 
1.448 1.987 0.1765 3.73234 0 1.72446 1.87654 0 0.567925 0 0 -19.4925 
1.449 1.987 0.1765 3.73422 0 1.72501 1.87654 0 0.558115 0 0 -19.4925 
1.45 1.987 0.1765 3.73609 0 1.72556 1.87654 0 0.548305 0 0 -19.4925 
1.451 1.987 0.1765 3.73797 0 1.7261 1.87654 0 0.538495 0 0 -19.4925 
1.452 1.987 0.1765 3.73985 0 1.72663 1.87654 0 0.528685 0 0 -19.4925 
1.453 1.987 0.1765 3.74172 0 1.72715 1.87654 0 0.518875 0 0 -19.4925 
1.454 1.987 0.1765 3.7436 0 1.72766 1.87654 0 0.509065 0 0 -19.4925 
1.455 1.987 0.1765 3.74548 0 1.72816 1.87654 0 0.499255 0 0 -19.4925 
1.456 1.987 0.1765 3.74735 0 1.72865 1.87654 0 0.489445 0 0 -19.4925 
1.457 1.987 0.1765 3.74923 0 1.72913 1.87654 0 0.479635 0 0 -19.4925 
1.458 1.987 0.1765 3.75111 0 1.7296 1.87654 0 0.469825 0 0 -19.4925 
1.459 1.987 0.1765 3.75298 0 1.73006 1.87654 0 0.460015 0 0 -19.4925 
1.46 1.987 0.1765 3.75486 0 1.73051 1.87654 0 0.450205 0 0 -19.4925 
1.461 1.987 0.1765 3.75674 0 1.73095 1.87654 0 0.440395 0 0 -19.4925 
1.462 1.987 0.1765 3.75861 0 1.73138 1.87654 0 0.430585 0 0 -19.4925 
1.463 1.987 0.1765 3.76049 0 1.7318 1.87654 0 0.420775 0 0 -19.4925 
1.464 1.987 0.1765 3.76237 0 1.73221 1.87654 0 0.410965 0 0 -19.4925 
1.465 1.987 0.1765 3.76424 0 1.73261 1.87654 0 0.401155 0 0 -19.4925 
1.466 1.987 0.1765 3.76612 0 1.733 1.87654 0 0.391345 0 0 -19.4925 
1.467 1.987 0.1765 3.768 0 1.73338 1.87654 0 0.381535 0 0 -19.4925 
1.468 1.987 0.1765 3.76987 0 1.73375 1.87654 0 0.371725 0 0 -19.4925 
1.469 1.987 0.1765 3.77175 0 1.73412 1.87654 0 0.361915 0 0 -19.4925 
1.47 1.987 0.1765 3.77362 0 1.73447 1.87654 0 0.352105 0 0 -19.4925 
1.471 1.987 0.1765 3.7755 0 1.73481 1.87654 0 0.342295 0 0 -19.4925 
1.472 1.987 0.1765 3.77738 0 1.73514 1.87654 0 0.332485 0 0 -19.4925 
1.473 1.987 0.1765 3.77925 0 1.73547 1.87654 0 0.322675 0 0 -19.4925 
1.474 1.987 0.1765 3.78113 0 1.73578 1.87654 0 0.312865 0 0 -19.4925 
1.475 1.987 0.1765 3.78301 0 1.73608 1.87654 0 0.303055 0 0 -19.4925 
1.476 1.987 0.1765 3.78488 0 1.73638 1.87654 0 0.293245 0 0 -19.4925 
1.477 1.987 0.1765 3.78676 0 1.73666 1.87654 0 0.283435 0 0 -19.4925 
1.478 1.987 0.1765 3.78864 0 1.73693 1.87654 0 0.273625 0 0 -19.4925 
1.479 1.987 0.1765 3.79051 0 1.7372 1.87654 0 0.263815 0 0 -19.4925 
1.48 1.987 0.1765 3.79239 0 1.73745 1.87654 0 0.254005 0 0 -19.4925 
1.481 1.987 0.1765 3.79427 0 1.73769 1.87654 0 0.244195 0 0 -19.4925 
1.482 1.987 0.1765 3.79614 0 1.73793 1.87654 0 0.234385 0 0 -19.4925 
1.483 1.987 0.1765 3.79802 0 1.73815 1.87654 0 0.224575 0 0 -19.4925 
1.484 1.987 0.1765 3.7999 0 1.73837 1.87654 0 0.214765 0 0 -19.4925 
1.485 1.987 0.1765 3.80177 0 1.73857 1.87654 0 0.204955 0 0 -19.4925 
1.486 1.987 0.1765 3.80365 0 1.73877 1.87654 0 0.195145 0 0 -19.4925 
1.487 1.987 0.1765 3.80553 0 1.73895 1.87654 0 0.185335 0 0 -19.4925 
1.488 1.987 0.1765 3.8074 0 1.73913 1.87654 0 0.175525 0 0 -19.4925 
1.489 1.987 0.1765 3.80928 0 1.73929 1.87654 0 0.165715 0 0 -19.4925 
1.49 1.987 0.1765 3.81116 0 1.73945 1.87654 0 0.155905 0 0 -19.4925 
1.491 1.987 0.1765 3.81303 0 1.7396 1.87654 0 0.146095 0 0 -19.4925 
1.492 1.987 0.1765 3.81491 0 1.73973 1.87654 0 0.136285 0 0 -19.4925 
1.493 1.987 0.1765 3.81679 0 1.73986 1.87654 0 0.126475 0 0 -19.4925 
1.494 1.987 0.1765 3.81866 0 1.73998 1.87654 0 0.116665 0 0 -19.4925 
1.495 1.987 0.1765 3.82054 0 1.74008 1.87654 0 0.106855 0 0 -19.4925 
1.496 1.987 0.1765 3.82241 0 1.74018 1.87654 0 0.0970447 0 0 -19.4925 
1.497 1.987 0.1765 3.82429 0 1.74027 1.87654 0 0.0872347 0 0 -19.4925 
1.498 1.987 0.1765 3.82617 0 1.74034 1.87654 0 0.0774247 0 0 -19.4925 
1.499 1.987 0.1765 3.82804 0 1.74041 1.87654 0 0.0676147 0 0 -19.4925 
1.5 1.987 0.1765 3.82992 0 1.74047 1.87654 0 0.0578047 0 0 -19.4925 
1.501 1.987 0.1765 3.8318 0 1.74052 1.87654 0 0.0479947 0 0 -19.4925 
1.502 1.987 0.1765 3.83367 0 1.74056 1.87654 0 0.0381847 0 0 -19.4925 
1.503 1.987 0.1765 3.83555 0 1.74058 1.87654 0 0.0283747 0 0 -19.4925 
1.504 1.987 0.1765 3.83743 0 1.7406 1.87654 0 0.0185647 0 0 -19.4925 
1.505 1.987 0.1765 3.8393 0 1.74061 1.87654 0 0.00875472 0 0 -19.4925 
1.506 1.987 0.1765 3.84118 0 1.74061 1.87654 0 -0.00105528 0 0 -19.4925 
1.507 1.987 0.1765 3.84306 0 1.7406 1.87654 0 -0.0108653 0 0 -19.4925 
1.508 1.987 0.1765 3.84493 0 1.74058 1.87654 0 -0.0206753 0 0 -19.4925 
1.509 1.987 0.1765 3.84681 0 1.74055 1.87654 0 -0.0304853 0 0 -19.4925 
1.51 1.987 0.1765 3.84869 0 1.74051 1.87654 0 -0.0402953 0 0 -19.4925 
1.511 1.987 0.1765 3.85056 0 1.74046 1.87654 0 -0.0501053 0 0 -19.4925 
1.512 1.987 0.1765 3.85244 0 1.7404 1.87654 0 -0.0599153 0 0 -19.4925 
1.513 1.987 0.1765 3.85432 0 1.74033 1.87654 0 -0.0697253 0 0 -19.4925 
1.514 1.987 0.1765 3.85619 0 1.74025 1.87654 0 -0.0795353 0 0 -19.4925 
1.515 1.987 0.1765 3.85807 0 1.74016 1.87654 0 -0.0893453 0 0 -19.4925 
1.516 1.987 0.1765 3.85995 0 1.74006 1.87654 0 -0.0991553 0 0 -19.4925 
1.517 1.987 0.1765 3.86182 0 1.73995 1.87654 0 -0.108965 0 0 -19.4925 
1.518 1.987 0.1765 3.8637 0 1.73983 1.87654 0 -0.118775 0 0 -19.4925 
1.519 1.987 0.1765 3.86558 0 1.7397 1.87654 0 -0.128585 0 0 -19.4925 
1.52 1.987 0.1765 3.86745 0 1.73957 1.87654 0 -0.138395 0 0 -19.4925 
1.521 1.987 0.1765 3.86933 0 1.73942 1.87654 0 -0.148205 0 0 -19.4925 
1.522 1.987 0.1765 3.8712 0 1.73926 1.87654 0 -0.158015 0 0 -19.4925 
1.523 1.987 0.1765 3.87308 0 1.73909 1.87654 0 -0.167825 0 0 -19.4925 
1.524 1.987 0.1765 3.87496 0 1.73891 1.87654 0 -0.177635 0 0 -19.4925 
1.525 1.987 0.1765 3.87683 0 1.73873 1.87654 0 -0.187445 0 0 -19.4925 
1.526 1.987 0.1765 3.87871 0 1.73853 1.87654 0 -0.197255 0 0 -19.4925 
1.527 1.987 0.1765 3.88059 0 1.73832 1.87654 0 -0.207065 0 0 -19.4925 
1.528 1.987 0.1765 3.88246 0 1.73811 1.87654 0 -0.216875 0 0 -19.4925 
1.529 1.987 0.1765 3.88434 0 1.73788 1.87654 0 -0.226685 0 0 -19.4925 
1.53 1.987 0.1765 3.88622 0 1.73764 1.87654 0 -0.236495 0 0 -19.4925 
1.531 1.987 0.1765 3.88809 0 1.7374 1.87654 0 -0.246305 0 0 -19.4925 
1.532 1.987 0.1765 3.88997 0 1.73714 1.87654 0 -0.256115 0 0 -19.4925 
1.533 1.987 0.1765 3.89185 0 1.73687 1.87654 0 -0.265925 0 0 -19.4925 
1.534 1.987 0.1765 3.89372 0 1.7366 1.87654 0 -0.275735 0 0 -19.4925 
1.535 1.987 0.1765 3.8956 0 1.73631 1.87654 0 -0.285545 0 0 -19.4925 
1.536 1.987 0.1765 3.89748 0 1.73602 1.87654 0 -0.295355 0 0 -19.4925 
1.537 1.987 0.1765 3.89935 0 1.73571 1.87654 0 -0.305165 0 0 -19.4925 
1.538 1.987 0.1765 3.90123 0 1.7354 1.87654 0 -0.314975 0 0 -19.4925 
1.539 1.987 0.1765 3.90311 0 1.73507 1.87654 0 -0.324785 0 0 -19.4925 
1.54 1.987 0.1765 3.90498 0 1.73474 1.87654 0 -0.334595 0 0 -19.4925 
1.541 1.987 0.1765 3.90686 0 1.73439 1.87654 0 -0.344405 0 0 -19.4925 
1.542 1.987 0.1765 3.90874 0 1.73404 1.87654 0 -0.354215 0 0 -19.4925 
1.543 1.987 0.1765 3.91061 0 1.73368 1.87654 0 -0.364025 0 0 -19.4925 
1.544 1.987 0.1765 3.91249 0 1.7333 1.87654 0 -0.373835 0 0 -19.4925 
1.545 1.987 0.1765 3.91437 0 1.73292 1.87654 0 -0.383645 0 0 -19.4925 
1.546 1.987 0.1765 3.91624 0 1.73252 1.87654 0 -0.393455 0 0 -19.4925 
1.547 1.987 0.1765 3.91812 0 1.73212 1.87654 0 -0.403265 0 0 -19.4925 
1.548 1.987 0.1765 3.91999 0 1.73171 1.87654 0 -0.413075 0 0 -19.4925 
1.549 1.987 0.1765 3.92187 0 1.73129 1.87654 0 -0.422885 0 0 -19.4925 
1.55 1.987 0.1765 3.92375 0 1.73085 1.87654 0 -0.432695 0 0 -19.4925 
1.551 1.987 0.1765 3.92562 0 1.73041 1.87654 0 -0.442505 0 0 -19.4925 
1.552 1.987 0.1765 3.9275 0 1.72996 1.87654 0 -0.452315 0 0 -19.4925 
1.553 1.987 0.1765 3.92938 0 1.7295 1.87654 0 -0.462125 0 0 -19.4925 
1.554 1.987 0.1765 3.93125 0 1.72902 1.87654 0 -0.471935 0 0 -19.4925 
1.555 1.987 0.1765 3.93313 0 1.72854 1.87654 0 -0.481745 0 0 -19.4925 
1.556 1.987 0.1765 3.93501 0 1.72805 1.87654 0 -0.491555 0 0 -19.4925 
1.557 1.987 0.1765 3.93688 0 1.72755 1.87654 0 -0.501365 0 0 -19.4925 
1.558 1.987 0.1765 3.93876 0 1.72704 1.87654 0 -0.511175 0 0 -19.4925 
1.559 1.987 0.1765 3.94064 0 1.72652 1.87654 0 -0.520985 0 0 -19.4925 
1.56 1.987 0.1765 3.94251 0 1.72599 1.87654 0 -0.530795 0 0 -19.4925 
1.561 1.987 0.1765 3.94439 0 1.72545 1.87654 0 -0.540605 0 0 -19.4925 
1.562 1.987 0.1765 3.94627 0 1.72489 1.87654 0 -0.550415 0 0 -19.4925 
1.563 1.987 0.1765 3.94814 0 1.72433 1.87654 0 -0.560225 0 0 -19.4925 
1.564 1.987 0.1765 3.95002 0 1.72376 1.87654 0 -0.570035 0 0 -19.4925 
1.565 1.987 0.1765 3.9519 0 1.72318 1.87654 0 -0.579845 0 0 -19.4925 
1.566 1.987 0.1765 3.95377 0 1.7226 1.87654 0 -0.589655 0 0 -19.4925 
1.567 1.987 0.1765 3.95565 0 1.722 1.87654 0 -0.599465 0 0 -19.4925 
1.568 1.987 0.1765 3.95753 0 1.72139 1.87654 0 -0.609275 0 0 -19.4925 
1.569 1.987 0.1765 3.9594 0 1.72077 1.87654 0 -0.619085 0 0 -19.4925 
1.57 1.987 0.1765 3.96128 0 1.72014 1.87654 0 -0.628895 0 0 -19.4925 
1.571 1.987 0.1765 3.96316 0 1.7195 1.87654 0 -0.638705 0 0 -19.4925 
1.572 1.987 0.1765 3.96503 0 1.71885 1.87654 0 -0.648515 0 0 -19.4925 
1.573 1.987 0.1765 3.96691 0 1.71819 1.87654 0 -0.658325 0 0 -19.4925 
1.574 1.987 0.1765 3.96878 0 1.71752 1.87654 0 -0.668135 0 0 -19.4925 
1.575 1.987 0.1765 3.97066 0 1.71685 1.87654 0 -0.677945 0 0 -19.4925 
1.576 1.987 0.1765 3.97254 0 1.71616 1.87654 0 -0.687755 0 0 -19.4925 
1.577 1.987 0.1765 3.97441 0 1.71546 1.87654 0 -0.697565 0 0 -19.4925 
1.578 1.987 0.1765 3.97629 0 1.71475 1.87654 0 -0.707375 0 0 -19.4925 
1.579 1.987 0.1765 3.97817 0 1.71404 1.87654 0 -0.717185 0 0 -19.4925 
1.58 1.987 0.1765 3.98004 0 1.71331 1.87654 0 -0.726995 0 0 -19.4925 
1.581 1.987 0.1765 3.98192 0 1.71257 1.87654 0 -0.736805 0 0 -19.4925 
1.582 1.987 0.1765 3.9838 0 1.71183 1.87654 0 -0.746615 0 0 -19.4925 
1.583 1.987 0.1765 3.98567 0 1.71107 1.87654 0 -0.756425 0 0 -19.4925 
1.584 1.987 0.1765 3.98755 0 1.7103 1.87654 0 -0.766235 0 0 -19.4925 
1.585 1.987 0.1765 3.98943 0 1.70953 1.87654 0 -0.776045 0 0 -19.4925 
1.586 1.987 0.1765 3.9913 0 1.70874 1.87654 0 -0.785855 0 0 -19.4925 
1.587 1.987 0.1765 3.99318 0 1.70795 1.87654 0 -0.795665 0 0 -19.4925 
1.588 1.987 0.1765 3.99506 0 1.70714 1.87654 0 -0.805475 0 0 -19.4925 
1.589 1.987 0.1765 3.99693 0 1.70633 1.87654 0 -0.815285 0 0 -19.4925 
1.59 1.987 0.1765 3.99881 0 1.7055 1.87654 0 -0.825095 0 0 -19.4925 
1.591 1.987 0.1765 4.00069 0 1.70467 1.87654 0 -0.834905 0 0 -19.4925 
1.592 1.987 0.1765 4.00256 0 1.70382 1.87654 0 -0.844715 0 0 -19.4925 
1.593 1.987 0.1765 4.00444 0 1.70297 1.87654 0 -0.854525 0 0 -19.4925 
1.594 1.987 0.1765 4.00632 0 1.7021 1.87654 0 -0.864335 0 0 -19.4925 
1.595 1.987 0.1765 4.00819 0 1.70123 1.87654 0 -0.874145 0 0 -19.4925 
1.596 1.987 0.1765 4.01007 0 1.70034 1.87654 0 -0.883955 0 0 -19.4925 
1.597 1.987 0.1765 4.01195 0 1.69945 1.87654 0 -0.893765 0 0 -19.4925 
1.598 1.987 0.1765 4.01382 0 1.69855 1.87654 0 -0.903575 0 0 -19.4925 
1.599 1.987 0.1765 4.0157 0 1.69763 1.87654 0 -0.913385 0 0 -19.4925 
1.6 1.987 0.1765 4.01757 0 1.69671 1.87654 0 -0.923195 0 0 -19.4925 
1.601 1.987 0.1765 4.01945 0 1.69578 1.87654 0 -0.933005 0 0 -19.4925 
1.602 1.987 0.1765 4.02133 0 1.69483 1.87654 0 -0.942815 0 0 -19.4925 
1.603 1.987 0.1765 4.0232 0 1.69388 1.87654 0 -0.952625 0 0 -19.4925 
1.604 1.987 0.1765 4.02508 0 1.69292 1.87654 0 -0.962435 0 0 -19.4925 
1.605 1.987 0.1765 4.02696 0 1.69195 1.87654 0 -0.972245 0 0 -19.4925 
1.606 1.987 0.1765 4.02883 0 1.69096 1.87654 0 -0.982055 0 0 -19.4925 
1.607 1.987 0.1765 4.03071 0 1.68997 1.87654 0 -0.991865 0 0 -19.4925 
1.608 1.987 0.1765 4.03259 0 1.68897 1.87654 0 -1.00168 0 0 -19.4925 
1.609 1.987 0.1765 4.03446 0 1.68796 1.87654 0 -1.01149 0 0 -19.4925 
1.61 1.987 0.1765 4.03634 0 1.68694 1.87654 0 -1.0213 0 0 -19.4925 
1.611 1.987 0.1765 4.03822 0 1.68591 1.87654 0 -1.03111 0 0 -19.4925 
1.612 1.987 0.1765 4.04009 0 1.68487 1.87654 0 -1.04092 0 0 -19.4925 
1.613 1.987 0.1765 4.04197 0 1.68382 1.87654 0 -1.05073 0 0 -19.4925 
1.614 1.987 0.1765 4.04385 0 1.68276 1.87654 0 -1.06054 0 0 -19.4925 
1.615 1.987 0.1765 4.04572 0 1.68168 1.87654 0 -1.07035 0 0 -19.4925 
1.616 1.987 0.1765 4.0476 0 1.6806 1.87654 0 -1.08016 0 0 -19.4925 
1.617 1.987 0.1765 4.04948 0 1.67951 1.87654 0 -1.08997 0 0 -19.4925 
1.618 1.987 0.1765 4.05135 0 1.67841 1.87654 0 -1.09978 0 0 -19.4925 
1.619 1.987 0.1765 4.05323 0 1.67731 1.87654 0 -1.10959 0 0 -19.4925 
1.62 1.987 0.1765 4.05511 0 1.67619 1.87654 0 -1.1194 0 0 -19.4925 
1.621 1.987 0.1765 4.05698 0 1.67506 1.87654 0 -1.12921 0 0 -19.4925 
1.622 1.987 0.1765 4.05886 0 1.67392 1.87654 0 -1.13902 0 0 -19.4925 
1.623 1.987 0.1765 4.06074 0 1.67277 1.87654 0 -1.14883 0 0 -19.4925 
1.624 1.987 0.1765 4.06261 0 1.67161 1.87654 0 -1.15864 0 0 -19.4925 
1.625 1.987 0.1765 4.06449 0 1.67044 1.87654 0 -1.16845 0 0 -19.4925 
1.626 1.987 0.1765 4.06636 0 1.66926 1.87654 0 -1.17826 0 0 -19.4925 
1.627 1.987 0.1765 4.06824 0 1.66808 1.87654 0 -1.18807 0 0 -19.4925 
1.628 1.987 0.1765 4.07012 0 1.66688 1.87654 0 -1.19788 0 0 -19.4925 
1.629 1.987 0.1765 4.07199 0 1.66567 1.87654 0 -1.20769 0 0 -19.4925 
1.63 1.987 0.1765 4.07387 0 1.66445 1.87654 0 -1.2175 0 0 -19.4925 
1.631 1.987 0.1765 4.07575 0 1.66323 1.87654 0 -1.22731 0 0 -19.4925 
1.632 1.987 0.1765 4.07762 0 1.66199 1.87654 0 -1.23712 0 0 -19.4925 
1.633 1.987 0.1765 4.0795 0 1.66074 1.87654 0 -1.24693 0 0 -19.4925 
1.634 1.987 0.1765 4.08138 0 1.65948 1.87654 0 -1.25674 0 0 -19.4925 
1.635 1.987 0.1765 4.08325 0 1.65822 1.87654 0 -1.26655 0 0 -19.4925 
1.636 1.987 0.1765 4.08513 0 1.65694 1.87654 0 -1.27636 0 0 -19.4925 
1.637 1.987 0.1765 4.08701 0 1.65566 1.87654 0 -1.28617 0 0 -19.4925 
1.638 1.987 0.1765 4.08888 0 1.65436 1.87654 0 -1.29598 0 0 -19.4925 
1.639 1.987 0.1765 4.09076 0 1.65305 1.87654 0 -1.30579 0 0 -19.4925 
1.64 1.987 0.1765 4.09264 0 1.65174 1.87654 0 -1.3156 0 0 -19.4925 
1.641 1.987 0.1765 4.09451 0 1.65041 1.87654 0 -1.32541 0 0 -19.4925 
1.642 1.987 0.1765 4.09639 0 1.64908 1.87654 0 -1.33522 0 0 -19.4925 
1.643 1.987 0.1765 4.09827 0 1.64773 1.87654 0 -1.34503 0 0 -19.4925 
1.644 1.987 0.1765 4.10014 0 1.64638 1.87654 0 -1.35484 0 0 -19.4925 
1.645 1.987 0.1765 4.10202 0 1.64501 1.87654 0 -1.36465 0 0 -19.4925 
1.646 1.987 0.1765 4.1039 0 1.64364 1.87654 0 -1.37446 0 0 -19.4925 
1.647 1.987 0.1765 4.10577 0 1.64225 1.87654 0 -1.38427 0 0 -19.4925 
1.648 1.987 0.1765 4.10765 0 1.64086 1.87654 0 -1.39408 0 0 -19.4925 
1.649 1.987 0.1765 4.10953 0 1.63946 1.87654 0 -1.40389 0 0 -19.4925 
1.65 1.987 0.1765 4.1114 0 1.63804 1.87654 0 -1.4137 0 0 -19.4925 
1.651 1.987 0.1765 4.11328 0 1.63662 1.87654 0 -1.42351 0 0 -19.4925 
1.652 1.987 0.1765 4.11515 0 1.63519 1.87654 0 -1.43332 0 0 -19.4925 
1.653 1.987 0.1765 4.11703 0 1.63374 1.87654 0 -1.44313 0 0 -19.4925 
1.654 1.987 0.1765 4.11891 0 1.63229 1.87654 0 -1.45294 0 0 -19.4925 
1.655 1.987 0.1765 4.12078 0 1.63083 1.87654 0 -1.46275 0 0 -19.4925 
1.656 1.987 0.1765 4.12266 0 1.62935 1.87654 0 -1.47256 0 0 -19.4925 
1.657 1.987 0.1765 4.12454 0 1.62787 1.87654 0 -1.48237 0 0 -19.4925 
1.658 1.987 0.1765 4.12641 0 1.62638 1.87654 0 -1.49218 0 0 -19.4925 
1.659 1.987 0.1765 4.12829 0 1.62488 1.87654 0 -1.50199 0 0 -19.4925 
1.66 1.987 0.1765 4.13017 0 1.62337 1.87654 0 -1.5118 0 0 -19.4925 
1.661 1.987 0.1765 4.13204 0 1.62184 1.87654 0 -1.52161 0 0 -19.4925 
1.662 1.987 0.1765 4.13392 0 1.62031 1.87654 0 -1.53142 0 0 -19.4925 
1.663 1.987 0.1765 4.1358 0 1.61877 1.87654 0 -1.54123 0 0 -19.4925 
1.664 1.987 0.1765 4.13767 0 1.61722 1.87654 0 -1.55104 0 0 -19.4925 
1.665 1.987 0.1765 4.13955 0 1.61566 1.87654 0 -1.56085 0 0 -19.4925 
1.666 1.987 0.1765 4.14143 0 1.61409 1.87654 0 -1.57066 0 0 -19.4925 
1.667 1.987 0.1765 4.1433 0 1.61251 1.87654 0 -1.58047 0 0 -19.4925 
1.668 1.987 0.1765 4.14518 0 1.61092 1.87654 0 -1.59028 0 0 -19.4925 
1.669 1.987 0.1765 4.14706 0 1.60932 1.87654 0 -1.60009 0 0 -19.4925 
1.67 1.987 0.1765 4.14893 0 1.60771 1.87654 0 -1.6099 0 0 -19.4925 
1.671 1.987 0.1765 4.15081 0 1.60609 1.87654 0 -1.61971 0 0 -19.4925 
1.672 1.987 0.1765 4.15269 0 1.60446 1.87654 0 -1.62952 0 0 -19.4925 
1.673 1.987 0.1765 4.15456 0 1.60282 1.87654 0 -1.63933 0 0 -19.4925 
1.674 1.987 0.1765 4.15644 0 1.60117 1.87654 0 -1.64914 0 0 -19.4925 
1.675 1.987 0.1765 4.15832 0 1.59951 1.87654 0 -1.65895 0 0 -19.4925 
1.676 1.987 0.1765 4.16019 0 1.59784 1.87654 0 -1.66876 0 0 -19.4925 
1.677 1.987 0.1765 4.16207 0 1.59616 1.87654 0 -1.67857 0 0 -19.4925 
1.678 1.987 0.1765 4.16394 0 1.59448 1.87654 0 -1.68838 0 0 -19.4925 
1.679 1.987 0.1765 4.16582 0 1.59278 1.87654 0 -1.69819 0 0 -19.4925 
1.68 1.987 0.1765 4.1677 0 1.59107 1.87654 0 -1.708 0 0 -19.4925 
1.681 1.987 0.1765 4.16957 0 1.58935 1.87654 0 -1.71781 0 0 -19.4925 
1.682 1.987 0.1765 4.17145 0 1.58762 1.87654 0 -1.72762 0 0 -19.4925 
1.683 1.987 0.1765 4.17333 0 1.58589 1.87654 0 -1.73743 0 0 -19.4925 
1.684 1.987 0.1765 4.1752 0 1.58414 1.87654 0 -1.74724 0 0 -19.4925 
1.685 1.987 0.1765 4.17708 0 1.58238 1.87654 0 -1.75705 0 0 -19.4925 
1.686 1.987 0.1765 4.17896 0 1.58062 1.87654 0 -1.76686 0 0 -19.4925 
1.687 1.987 0.1765 4.18083 0 1.57884 1.87654 0 -1.77667 0 0 -19.4925 
1.688 1.987 0.1765 4.18271 0 1.57705 1.87654 0 -1.78648 0 0 -19.4925 
1.689 1.987 0.1765 4.18459 0 1.57526 1.87654 0 -1.79629 0 0 -19.4925 
1.69 1.987 0.1765 4.18646 0 1.57345 1.87654 0 -1.8061 0 0 -19.4925 
1.691 1.987 0.1765 4.18834 0 1.57163 1.87654 0 -1.81591 0 0 -19.4925 
1.692 1.987 0.1765 4.19022 0 1.56981 1.87654 0 -1.82572 0 0 -19.4925 
1.693 1.987 0.1765 4.19209 0 1.56797 1.87654 0 -1.83553 0 0 -19.4925 
1.694 1.987 0.1765 4.19397 0 1.56613 1.87654 0 -1.84534 0 0 -19.4925 
1.695 1.987 0.1765 4.19585 0 1.56427 1.87654 0 -1.85515 0 0 -19.4925 
1.696 1.987 0.1765 4.19772 0 1.56241 1.87654 0 -1.86496 0 0 -19.4925 
1.697 1.987 0.1765 4.1996 0 1.56053 1.87654 0 -1.87477 0 0 -19.4925 
1.698 1.987 0.1765 4.20148 0 1.55865 1.87654 0 -1.88458 0 0 -19.4925 
1.699 1.987 0.1765 4.20335 0 1.55675 1.87654 0 -1.89439 0 0 -19.4925 
1.7 1.987 0.1765 4.20523 0 1.55485 1.87654 0 -1.9042 0 0 -19.4925 
1.701 1.987 0.1765 4.20711 0 1.55294 1.87654 0 -1.91401 0 0 -19.4925 
1.702 1.987 0.1765 4.20898 0 1.55101 1.87654 0 -1.92382 0 0 -19.4925 
1.703 1.987 0.1765 4.21086 0 1.54908 1.87654 0 -1.93363 0 0 -19.4925 
1.704 1.987 0.1765 4.21274 0 1.54713 1.87654 0 -1.94344 0 0 -19.4925 
1.705 1.987 0.1765 4.21461 0 1.54518 1.87654 0 -1.95325 0 0 -19.4925 
1.706 1.987 0.1765 4.21649 0 1.54322 1.87654 0 -1.96306 0 0 -19.4925 
1.707 1.987 0.1765 4.21836 0 1.54125 1.87654 0 -1.97287 0 0 -19.4925 
1.708 1.987 0.1765 4.22024 0 1.53926 1.87654 0 -1.98268 0 0 -19.4925 
1.709 1.987 0.1765 4.22212 0 1.53727 1.87654 0 -1.99249 0 0 -19.4925 
1.71 1.987 0.1765 4.22399 0 1.53527 1.87654 0 -2.0023 0 0 -19.4925 
1.711 1.987 0.1765 4.22587 0 1.53326 1.87654 0 -2.01211 0 0 -19.4925 
1.712 1.987 0.1765 4.22775 0 1.53123 1.87654 0 -2.02192 0 0 -19.4925 
1.713 1.987 0.1765 4.22962 0 1.5292 1.87654 0 -2.03173 0 0 -19.4925 
1.714 1.987 0.1765 4.2315 0 1.52716 1.87654 0 -2.04154 0 0 -19.4925 
1.715 1.987 0.1765 4.23338 0 1.52511 1.87654 0 -2.05135 0 0 -19.4925 
1.716 1.987 0.1765 4.23525 0 1.52305 1.87654 0 -2.06116 0 0 -19.4925 
1.717 1.987 0.1765 4.23713 0 1.52098 1.87654 0 -2.07097 0 0 -19.4925 
1.718 1.987 0.1765 4.23901 0 1.5189 1.87654 0 -2.08078 0 0 -19.4925 
1.719 1.987 0.1765 4.24088 0 1.51681 1.87654 0 -2.09059 0 0 -19.4925 
1.72 1.987 0.1765 4.24276 0 1.51471 1.87654 0 -2.1004 0 0 -19.4925 
1.721 1.987 0.1765 4.24464 0 1.5126 1.87654 0 -2.11021 0 0 -19.4925 
1.722 1.987 0.1765 4.24651 0 1.51048 1.87654 0 -2.12002 0 0 -19.4925 
1.723 1.987 0.1765 4.24839 0 1.50835 1.87654 0 -2.12983 0 0 -19.4925 
1.724 1.987 0.1765 4.25027 0 1.50621 1.87654 0 -2.13964 0 0 -19.4925 
1.725 1.987 0.1765 4.25214 0 1.50406 1.87654 0 -2.14945 0 0 -19.4925 
1.726 1.987 0.1765 4.25402 0 1.5019 1.87654 0 -2.15926 0 0 -19.4925 
1.727 1.987 0.1765 4.2559 0 1.49973 1.87654 0 -2.16907 0 0 -19.4925 
1.728 1.987 0.1765 4.25777 0 1.49755 1.87654 0 -2.17888 0 0 -19.4925 
1.729 1.987 0.1765 4.25965 0 1.49536 1.87654 0 -2.18869 0 0 -19.4925 
1.73 1.987 0.1765 4.26153 0 1.49316 1.87654 0 -2.1985 0 0 -19.4925 
1.731 1.987 0.1765 4.2634 0 1.49095 1.87654 0 -2.20831 0 0 -19.4925 
1.732 1.987 0.1765 4.26528 0 1.48874 1.87654 0 -2.21812 0 0 -19.4925 
1.733 1.987 0.1765 4.26715 0 1.48651 1.87654 0 -2.22793 0 0 -19.4925 
1.734 1.987 0.1765 4.26903 0 1.48427 1.87654 0 -2.23774 0 0 -19.4925 
1.735 1.987 0.1765 4.27091 0 1.48202 1.87654 0 -2.24755 0 0 -19.4925 
1.736 1.987 0.1765 4.27278 0 1.47977 1.87654 0 -2.25736 0 0 -19.4925 
1.737 1.987 0.1765 4.27466 0 1.4775 1.87654 0 -2.26717 0 0 -19.4925 
1.738 1.987 0.1765 4.27654 0 1.47522 1.87654 0 -2.27698 0 0 -19.4925 
1.739 1.987 0.1765 4.27841 0 1.47293 1.87654 0 -2.28679 0 0 -19.4925 
1.74 1.987 0.1765 4.28029 0 1.47064 1.87654 0 -2.2966 0 0 -19.4925 
1.741 1.987 0.1765 4.28217 0 1.46833 1.87654 0 -2.30641 0 0 -19.4925 
1.742 1.987 0.1765 4.28404 0 1.46602 1.87654 0 -2.31622 0 0 -19.4925 
1.743 1.987 0.1765 4.28592 0 1.46369 1.87654 0 -2.32603 0 0 -19.4925 
1.744 1.987 0.1765 4.2878 0 1.46135 1.87654 0 -2.33584 0 0 -19.4925 
1.745 1.987 0.1765 4.28967 0 1.45901 1.87654 0 -2.34565 0 0 -19.4925 
1.746 1.987 0.1765 4.29155 0 1.45665 1.87654 0 -2.35546 0 0 -19.4925 
1.747 1.987 0.1765 4.29343 0 1.45429 1.87654 0 -2.36527 0 0 -19.4925 
1.748 1.987 0.1765 4.2953 0 1.45191 1.87654 0 -2.37508 0 0 -19.4925 
1.749 1.987 0.1765 4.29718 0 1.44953 1.87654 0 -2.38489 0 0 -19.4925 
1.75 1.987 0.1765 4.29906 0 1.44713 1.87654 0 -2.3947 0 0 -19.4925 
1.751 1.987 0.1765 4.30093 0 1.44473 1.87654 0 -2.40451 0 0 -19.4925 
1.752 1.987 0.1765 4.30281 0 1.44231 1.87654 0 -2.41432 0 0 -19.4925 
1.753 1.987 0.1765 4.30469 0 1.43989 1.87654 0 -2.42413 0 0 -19.4925 
1.754 1.987 0.1765 4.30656 0 1.43746 1.87654 0 -2.43394 0 0 -19.4925 
1.755 1.987 0.1765 4.30844 0 1.43501 1.87654 0 -2.44375 0 0 -19.4925 
1.756 1.987 0.1765 4.31032 0 1.43256 1.87654 0 -2.45356 0 0 -19.4925 
1.757 1.987 0.1765 4.31219 0 1.43009 1.87654 0 -2.46337 0 0 -19.4925 
1.758 1.987 0.1765 4.31407 0 1.42762 1.87654 0 -2.47318 0 0 -19.4925 
1.759 1.987 0.1765 4.31594 0 1.42514 1.87654 0 -2.48299 0 0 -19.4925 
1.76 1.987 0.1765 4.31782 0 1.42265 1.87654 0 -2.4928 0 0 -19.4925 
1.761 1.987 0.1765 4.3197 0 1.42014 1.87654 0 -2.50261 0 0 -19.4925 
1.762 1.987 0.1765 4.32157 0 1.41763 1.87654 0 -2.51242 0 0 -19.4925 
1.763 1.987 0.1765 4.32345 0 1.41511 1.87654 0 -2.52223 0 0 -19.4925 
1.764 1.987 0.1765 4.32533 0 1.41258 1.87654 0 -2.53204 0 0 -19.4925 
1.765 1.987 0.1765 4.3272 0 1.41003 1.87654 0 -2.54185 0 0 -19.4925 
1.766 1.987 0.1765 4.32908 0 1.40748 1.87654 0 -2.55166 0 0 -19.4925 
1.767 1.987 0.1765 4.33096 0 1.40492 1.87654 0 -2.56147 0 0 -19.4925 
1.768 1.987 0.1765 4.33283 0 1.40235 1.87654 0 -2.57128 0 0 -19.4925 
1.769 1.987 0.1765 4.33471 0 1.39977 1.87654 0 -2.58109 0 0 -19.4925 
1.77 1.987 0.1765 4.33659 0 1.39718 1.87654 0 -2.5909 0 0 -19.4925 
1.771 1.987 0.1765 4.33846 0 1.39458 1.87654 0 -2.60071 0 0 -19.4925 
1.772 1.987 0.1765 4.34034 0 1.39197 1.87654 0 -2.61052 0 0 -19.4925 
1.773 1.987 0.1765 4.34222 0 1.38935 1.87654 0 -2.62033 0 0 -19.4925 
1.774 1.987 0.1765 4.34409 0 1.38672 1.87654 0 -2.63014 0 0 -19.4925 
1.775 1.987 0.1765 4.34597 0 1.38408 1.87654 0 -2.63995 0 0 -19.4925 
1.776 1.987 0.1765 4.34785 0 1.38143 1.87654 0 -2.64976 0 0 -19.4925 
1.777 1.987 0.1765 4.34972 0 1.37877 1.87654 0 -2.65957 0 0 -19.4925 
1.778 1.987 0.1765 4.3516 0 1.3761 1.87654 0 -2.66938 0 0 -19.4925 
1.779 1.987 0.1765 4.35348 0 1.37342 1.87654 0 -2.67919 0 0 -19.4925 
1.78 1.987 0.1765 4.35535 0 1.37073 1.87654 0 -2.689 0 0 -19.4925 
1.781 1.987 0.1765 4.35723 0 1.36803 1.87654 0 -2.69881 0 0 -19.4925 
1.782 1.987 0.1765 4.35911 0 1.36532 1.87654 0 -2.70862 0 0 -19.4925 
1.783 1.987 0.1765 4.36098 0 1.3626 1.87654 0 -2.71843 0 0 -19.4925 
1.784 1.987 0.1765 4.36286 0 1.35988 1.87654 0 -2.72824 0 0 -19.4925 
1.785 1.987 0.1765 4.36473 0 1.35714 1.87654 0 -2.73805 0 0 -19.4925 
1.786 1.987 0.1765 4.36661 0 1.35439 1.87654 0 -2.74786 0 0 -19.4925 
1.787 1.987 0.1765 4.36849 0 1.35163 1.87654 0 -2.75767 0 0 -19.4925 
1.788 1.987 0.1765 4.37036 0 1.34886 1.87654 0 -2.76748 0 0 -19.4925 
1.789 1.987 0.1765 4.37224 0 1.34609 1.87654 0 -2.77729 0 0 -19.4925 
1.79 1.987 0.1765 4.37412 0 1.3433 1.87654 0 -2.7871 0 0 -19.4925 
1.791 1.987 0.1765 4.37599 0 1.3405 1.87654 0 -2.79691 0 0 -19.4925 
1.792 1.987 0.1765 4.37787 0 1.3377 1.87654 0 -2.80672 0 0 -19.4925 
1.793 1.987 0.1765 4.37975 0 1.33488 1.87654 0 -2.81653 0 0 -19.4925 
1.794 1.987 0.1765 4.38162 0 1.33205 1.87654 0 -2.82634 0 0 -19.4925 
1.795 1.987 0.1765 4.3835 0 1.32922 1.87654 0 -2.83615 0 0 -19.4925 
1.796 1.987 0.1765 4.38538 0 1.32637 1.87654 0 -2.84596 0 0 -19.4925 
1.797 1.987 0.1765 4.38725 0 1.32352 1.87654 0 -2.85577 0 0 -19.4925 
1.798 1.987 0.1765 4.38913 0 1.32065 1.87654 0 -2.86558 0 0 -19.4925 
1.799 1.987 0.1765 4.39101 0 1.31778 1.87654 0 -2.87539 0 0 -19.4925 
1.8 1.987 0.1765 4.39288 0 1.31489 1.87654 0 -2.8852 0 0 -19.4925 
1.801 1.987 0.1765 4.39476 0 1.31199 1.87654 0 -2.89501 0 0 -19.4925 
1.802 1.987 0.1765 4.39664 0 1.30909 1.87654 0 -2.90482 0 0 -19.4925 
1.803 1.987 0.1765 4.39851 0 1.30618 1.87654 0 -2.91463 0 0 -19.4925 
1.804 1.987 0.1765 4.40039 0 1.30325 1.87654 0 -2.92444 0 0 -19.4925 
1.805 1.987 0.1765 4.40227 0 1.30032 1.87654 0 -2.93425 0 0 -19.4925 
1.806 1.987 0.1765 4.40414 0 1.29737 1.87654 0 -2.94406 0 0 -19.4925 
1.807 1.987 0.1765 4.40602 0 1.29442 1.87654 0 -2.95387 0 0 -19.4925 
1.808 1.987 0.1765 4.4079 0 1.29146 1.87654 0 -2.96368 0 0 -19.4925 
1.809 1.987 0.1765 4.40977 0 1.28848 1.87654 0 -2.97349 0 0 -19.4925 
1.81 1.987 0.1765 4.41165 0 1.2855 1.87654 0 -2.9833 0 0 -19.4925 
1.811 1.987 0.1765 4.41352 0 1.28251 1.87654 0 -2.99311 0 0 -19.4925 
1.812 1.987 0.1765 4.4154 0 1.2795 1.87654 0 -3.00292 0 0 -19.4925 
1.813 1.987 0.1765 4.41728 0 1.27649 1.87654 0 -3.01273 0 0 -19.4925 
1.814 1.987 0.1765 4.41915 0 1.27347 1.87654 0 -3.02254 0 0 -19.4925 
1.815 1.987 0.1765 4.42103 0 1.27043 1.87654 0 -3.03235 0 0 -19.4925 
1.816 1.987 0.1765 4.42291 0 1.26739 1.87654 0 -3.04216 0 0 -19.4925 
1.817 1.987 0.1765 4.42478 0 1.26434 1.87654 0 -3.05197 0 0 -19.4925 
1.818 1.987 0.1765 4.42666 0 1.26128 1.87654 0 -3.06178 0 0 -19.4925 
1.819 1.987 0.1765 4.42854 0 1.25821 1.87654 0 -3.07159 0 0 -19.4925 
1.82 1.987 0.1765 4.43041 0 1.25513 1.87654 0 -3.0814 0 0 -19.4925 
1.821 1.987 0.1765 4.43229 0 1.25203 1.87654 0 -3.09121 0 0 -19.4925 
1.822 1.987 0.1765 4.43417 0 1.24893 1.87654 0 -3.10102 0 0 -19.4925 
1.823 1.987 0.1765 4.43604 0 1.24582 1.87654 0 -3.11083 0 0 -19.4925 
1.824 1.987 0.1765 4.43792 0 1.2427 1.87654 0 -3.12064 0 0 -19.4925 
1.825 1.987 0.1765 4.4398 0 1.23957 1.87654 0 -3.13045 0 0 -19.4925 
1.826 1.987 0.1765 4.44167 0 1.23643 1.87654 0 -3.14026 0 0 -19.4925 
1.827 1.987 0.1765 4.44355 0 1.23328 1.87654 0 -3.15007 0 0 -19.4925 
1.828 1.987 0.1765 4.44543 0 1.23012 1.87654 0 -3.15988 0 0 -19.4925 
1.829 1.987 0.1765 4.4473 0 1.22695 1.87654 0 -3.16969 0 0 -19.4925 
1.83 1.987 0.1765 4.44918 0 1.22377 1.87654 0 -3.1795 0 0 -19.4925 
1.831 1.987 0.1765 4.45106 0 1.22058 1.87654 0 -3.18931 0 0 -19.4925 
1.832 1.987 0.1765 4.45293 0 1.21738 1.87654 0 -3.19912 0 0 -19.4925 
1.833 1.987 0.1765 4.45481 0 1.21417 1.87654 0 -3.20893 0 0 -19.4925 
1.834 1.987 0.1765 4.45669 0 1.21096 1.87654 0 -3.21874 0 0 -19.4925 
1.835 1.987 0.1765 4.45856 0 1.20773 1.87654 0 -3.22855 0 0 -19.4925 
1.836 1.987 0.1765 4.46044 0 1.20449 1.87654 0 -3.23836 0 0 -19.4925 
1.837 1.987 0.1765 4.46231 0 1.20124 1.87654 0 -3.24817 0 0 -19.4925 
1.838 1.987 0.1765 4.46419 0 1.19798 1.87654 0 -3.25798 0 0 -19.4925 
1.839 1.987 0.1765 4.46607 0 1.19472 1.87654 0 -3.26779 0 0 -19.4925 
1.84 1.987 0.1765 4.46794 0 1.19144 1.87654 0 -3.2776 0 0 -19.4925 
1.841 1.987 0.1765 4.46982 0 1.18815 1.87654 0 -3.28741 0 0 -19.4925 
1.842 1.987 0.1765 4.4717 0 1.18485 1.87654 0 -3.29722 0 0 -19.4925 
1.843 1.987 0.1765 4.47357 0 1.18155 1.87654 0 -3.30703 0 0 -19.4925 
1.844 1.987 0.1765 4.47545 0 1.17823 1.87654 0 -3.31684 0 0 -19.4925 
1.845 1.987 0.1765 4.47733 0 1.1749 1.87654 0 -3.32665 0 0 -19.4925 
1.846 1.987 0.1765 4.4792 0 1.17157 1.87654 0 -3.33646 0 0 -19.4925 
1.847 1.987 0.1765 4.48108 0 1.16822 1.87654 0 -3.34627 0 0 -19.4925 
1.848 1.987 0.1765 4.48296 0 1.16486 1.87654 0 -3.35608 0 0 -19.4925 
1.849 1.987 0.1765 4.48483 0 1.1615 1.87654 0 -3.36589 0 0 -19.4925 
1.85 1.987 0.1765 4.48671 0 1.15812 1.87654 0 -3.3757 0 0 -19.4925 
1.851 1.987 0.1765 4.48859 0 1.15474 1.87654 0 -3.38551 0 0 -19.4925 
1.852 1.987 0.1765 4.49046 0 1.15134 1.87654 0 -3.39532 0 0 -19.4925 
1.853 1.987 0.1765 4.49234 0 1.14794 1.87654 0 -3.40513 0 0 -19.4925 
1.854 1.987 0.1765 4.49422 0 1.14452 1.87654 0 -3.41494 0 0 -19.4925 
1.855 1.987 0.1765 4.49609 0 1.1411 1.87654 0 -3.42475 0 0 -19.4925 
1.856 1.987 0.1765 4.49797 0 1.13766 1.87654 0 -3.43456 0 0 -19.4925 
1.857 1.987 0.1765 4.49985 0 1.13422 1.87654 0 -3.44437 0 0 -19.4925 
1.858 1.987 0.1765 4.50172 0 1.13076 1.87654 0 -3.45418 0 0 -19.4925 
1.859 1.987 0.1765 4.5036 0 1.1273 1.87654 0 -3.46399 0 0 -19.4925 
1.86 1.987 0.1765 4.50548 0 1.12383 1.87654 0 -3.4738 0 0 -19.4925 
1.861 1.987 0.1765 4.50735 0 1.12034 1.87654 0 -3.48361 0 0 -19.4925 
1.862 1.987 0.1765 4.50923 0 1.11685 1.87654 0 -3.49342 0 0 -19.4925 
1.863 1.987 0.1765 4.5111 0 1.11335 1.87654 0 -3.50323 0 0 -19.4925 
1.864 1.987 0.1765 4.51298 0 1.10983 1.87654 0 -3.51304 0 0 -19.4925 
1.865 1.987 0.1765 4.51486 0 1.10631 1.87654 0 -3.52285 0 0 -19.4925 
1.866 1.987 0.1765 4.51673 0 1.10278 1.87654 0 -3.53266 0 0 -19.4925 
1.867 1.987 0.1765 4.51861 0 1.09923 1.87654 0 -3.54247 0 0 -19.4925 
1.868 1.987 0.1765 4.52049 0 1.09568 1.87654 0 -3.55228 0 0 -19.4925 
1.869 1.987 0.1765 4.52236 0 1.09212 1.87654 0 -3.56209 0 0 -19.4925 
1.87 1.987 0.1765 4.52424 0 1.08855 1.87654 0 -3.5719 0 0 -19.4925 
1.871 1.987 0.1765 4.52612 0 1.08497 1.87654 0 -3.58171 0 0 -19.4925 
1.872 1.987 0.1765 4.52799 0 1.08138 1.87654 0 -3.59152 0 0 -19.4925 
1.873 1.987 0.1765 4.52987 0 1.07777 1.87654 0 -3.60133 0 0 -19.4925 
1.874 1.987 0.1765 4.53175 0 1.07416 1.87654 0 -3.61114 0 0 -19.4925 
1.875 1.987 0.1765 4.53362 0 1.07054 1.87654 0 -3.62095 0 0 -19.4925 
1.876 1.987 0.1765 4.5355 0 1.06691 1.87654 0 -3.63076 0 0 -19.4925 
1.877 1.987 0.1765 4.53738 0 1.06327 1.87654 0 -3.64057 0 0 -19.4925 
1.878 1.987 0.1765 4.53925 0 1.05962 1.87654 0 -3.65038 0 0 -19.4925 
1.879 1.987 0.1765 4.54113 0 1.05596 1.87654 0 -3.66019 0 0 -19.4925 
1.88 1.987 0.1765 4.54301 0 1.05229 1.87654 0 -3.67 0 0 -19.4925 
1.881 1.987 0.1765 4.54488 0 1.04861 1.87654 0 -3.67981 0 0 -19.4925 
1.882 1.987 0.1765 4.54676 0 1.04492 1.87654 0 -3.68962 0 0 -19.4925 
1.883 1.987 0.1765 4.54864 0 1.04122 1.87654 0 -3.69943 0 0 -19.4925 
1.884 1.987 0.1765 4.55051 0 1.03751 1.87654 0 -3.70924 0 0 -19.4925 
1.885 1.987 0.1765 4.55239 0 1.03379 1.87654 0 -3.71905 0 0 -19.4925 
1.886 1.987 0.1765 4.55427 0 1.03006 1.87654 0 -3.72886 0 0 -19.4925 
1.887 1.987 0.1765 4.55614 0 1.02633 1.87654 0 -3.73867 0 0 -19.4925 
1.888 1.987 0.1765 4.55802 0 1.02258 1.87654 0 -3.74848 0 0 -19.4925 
1.889 1.987 0.1765 4.55989 0 1.01882 1.87654 0 -3.75829 0 0 -19.4925 
1.89 1.987 0.1765 4.56177 0 1.01505 1.87654 0 -3.7681 0 0 -19.4925 
1.891 1.987 0.1765 4.56365 0 1.01127 1.87654 0 -3.77791 0 0 -19.4925 
1.892 1.987 0.1765 4.56552 0 1.00748 1.87654 0 -3.78772 0 0 -19.4925 
1.893 1.987 0.1765 4.5674 0 1.00369 1.87654 0 -3.79753 0 0 -19.4925 
1.894 1.987 0.1765 4.56928 0 0.99988 1.87654 0 -3.80734 0 0 -19.4925 
1.895 1.987 0.1765 4.57115 0 0.996063 1.87654 0 -3.81715 0 0 -19.4925 
1.896 1.987 0.1765 4.57303 0 0.992236 1.87654 0 -3.82696 0 0 -19.4925 
1.897 1.987 0.1765 4.57491 0 0.988399 1.87654 0 -3.83677 0 0 -19.4925 
1.898 1.987 0.1765 4.57678 0 0.984552 1.87654 0 -3.84658 0 0 -19.4925 
1.899 1.987 0.1765 4.57866 0 0.980696 1.87654 0 -3.85639 0 0 -19.4925 
1.9 1.987 0.1765 4.58054 0 0.97683 1.87654 0 -3.8662 0 0 -19.4925 
1.901 1.987 0.1765 4.58241 0 0.972954 1.87654 0 -3.87601 0 0 -19.4925 
1.902 1.987 0.1765 4.58429 0 0.969068 1.87654 0 -3.88582 0 0 -19.4925 
1.903 1.987 0.1765 4.58617 0 0.965172 1.87654 0 -3.89563 0 0 -19.4925 
1.904 1.987 0.1765 4.58804 0 0.961267 1.87654 0 -3.90544 0 0 -19.4925 
1.905 1.987 0.1765 4.58992 0 0.957352 1.87654 0 -3.91525 0 0 -19.4925 
1.906 1.987 0.1765 4.5918 0 0.953427 1.87654 0 -3.92506 0 0 -19.4925 
1.907 1.987 0.1765 4.59367 0 0.949492 1.87654 0 -3.93487 0 0 -19.4925 
1.908 1.987 0.1765 4.59555 0 0.945547 1.87654 0 -3.94468 0 0 -19.4925 
1.909 1.987 0.1765 4.59743 0 0.941593 1.87654 0 -3.95449 0 0 -19.4925 
1.91 1.987 0.1765 4.5993 0 0.937628 1.87654 0 -3.9643 0 0 -19.4925 
1.911 1.987 0.1765 4.60118 0 0.933654 1.87654 0 -3.97411 0 0 -19.4925 
1.912 1.987 0.1765 4.60306 0 0.92967 1.87654 0 -3.98392 0 0 -19.4925 
1.913 1.987 0.1765 4.60493 0 0.925677 1.87654 0 -3.99373 0 0 -19.4925 
1.914 1.987 0.1765 4.60681 0 0.921673 1.87654 0 -4.00354 0 0 -19.4925 
1.915 1.987 0.1765 4.60868 0 0.91766 1.87654 0 -4.01335 0 0 -19.4925 
1.916 1.987 0.1765 4.61056 0 0.913637 1.87654 0 -4.02316 0 0 -19.4925 
1.917 1.987 0.1765 4.61244 0 0.909604 1.87654 0 -4.03297 0 0 -19.4925 
1.918 1.987 0.1765 4.61431 0 0.905561 1.87654 0 -4.04278 0 0 -19.4925 
1.919 1.987 0.1765 4.61619 0 0.901508 1.87654 0 -4.05259 0 0 -19.4925 
1.92 1.987 0.1765 4.61807 0 0.897446 1.87654 0 -4.0624 0 0 -19.4925 
1.921 1.987 0.1765 4.61994 0 0.893374 1.87654 0 -4.07221 0 0 -19.4925 
1.922 1.987 0.1765 4.62182 0 0.889292 1.87654 0 -4.08202 0 0 -19.4925 
1.923 1.987 0.1765 4.6237 0 0.8852 1.87654 0 -4.09183 0 0 -19.4925 
1.924 1.987 0.1765 4.62557 0 0.881098 1.87654 0 -4.10164 0 0 -19.4925 
1.925 1.987 0.1765 4.62745 0 0.876987 1.87654 0 -4.11145 0 0 -19.4925 
1.926 1.987 0.1765 4.62933 0 0.872865 1.87654 0 -4.12126 0 0 -19.4925 
1.927 1.987 0.1765 4.6312 0 0.868734 1.87654 0 -4.13107 0 0 -19.4925 
1.928 1.987 0.1765 4.63308 0 0.864593 1.87654 0 -4.14088 0 0 -19.4925 
1.929 1.987 0.1765 4.63496 0 0.860443 1.87654 0 -4.15069 0 0 -19.4925 
1.93 1.987 0.1765 4.63683 0 0.856282 1.87654 0 -4.1605 0 0 -19.4925 
1.931 1.987 0.1765 4.63871 0 0.852112 1.87654 0 -4.17031 0 0 -19.4925 
1.932 1.987 0.1765 4.64059 0 0.847932 1.87654 0 -4.18012 0 0 -19.4925 
1.933 1.987 0.1765 4.64246 0 0.843742 1.87654 0 -4.18993 0 0 -19.4925 
1.934 1.987 0.1765 4.64434 0 0.839542 1.87654 0 -4.19974 0 0 -19.4925 
1.935 1.987 0.1765 4.64622 0 0.835333 1.87654 0 -4.20955 0 0 -19.4925 
1.936 1.987 0.1765 4.64809 0 0.831113 1.87654 0 -4.21936 0 0 -19.4925 
1.937 1.987 0.1765 4.64997 0 0.826884 1.87654 0 -4.22917 0 0 -19.4925 
1.938 1.987 0.1765 4.65185 0 0.822645 1.87654 0 -4.23898 0 0 -19.4925 
1.939 1.987 0.1765 4.65372 0 0.818396 1.87654 0 -4.24879 0 0 -19.4925 
1.94 1.987 0.1765 4.6556 0 0.814138 1.87654 0 -4.2586 0 0 -19.4925 
1.941 1.987 0.1765 4.65747 0 0.809869 1.87654 0 -4.26841 0 0 -19.4925 
1.942 1.987 0.1765 4.65935 0 0.805591 1.87654 0 -4.27822 0 0 -19.4925 
1.943 1.987 0.1765 4.66123 0 0.801303 1.87654 0 -4.28803 0 0 -19.4925 
1.944 1.987 0.1765 4.6631 0 0.797005 1.87654 0 -4.29784 0 0 -19.4925 
1.945 1.987 0.1765 4.66498 0 0.792698 1.87654 0 -4.30765 0 0 -19.4925 
1.946 1.987 0.1765 4.66686 0 0.78838 1.87654 0 -4.31746 0 0 -19.4925 
1.947 1.987 0.1765 4.66873 0 0.784053 1.87654 0 -4.32727 0 0 -19.4925 
1.948 1.987 0.1765 4.67061 0 0.779716 1.87654 0 -4.33708 0 0 -19.4925 
1.949 1.987 0.1765 4.67249 0 0.775369 1.87654 0 -4.34689 0 0 -19.4925 
1.95 1.987 0.1765 4.67436 0 0.771012 1.87654 0 -4.3567 0 0 -19.4925 
1.951 1.987 0.1765 4.67624 0 0.766646 1.87654 0 -4.36651 0 0 -19.4925 
1.952 1.987 0.1765 4.67812 0 0.762269 1.87654 0 -4.37632 0 0 -19.4925 
1.953 1.987 0.1765 4.67999 0 0.757883 1.87654 0 -4.38613 0 0 -19.4925 
1.954 1.987 0.1765 4.68187 0 0.753487 1.87654 0 -4.39594 0 0 -19.4925 
1.955 1.987 0.1765 4.68375 0 0.749082 1.87654 0 -4.40575 0 0 -19.4925 
1.956 1.987 0.1765 4.68562 0 0.744666 1.87654 0 -4.41556 0 0 -19.4925 
1.957 1.987 0.1765 4.6875 0 0.740241 1.87654 0 -4.42537 0 0 -19.4925 
1.958 1.987 0.1765 4.68938 0 0.735806 1.87654 0 -4.43518 0 0 -19.4925 
1.959 1.987 0.1765 4.69125 0 0.731361 1.87654 0 -4.44499 0 0 -19.4925 
1.96 1.987 0.1765 4.69313 0 0.726906 1.87654 0 -4.4548 0 0 -19.4925 
1.961 1.987 0.1765 4.69501 0 0.722441 1.87654 0 -4.46461 0 0 -19.4925 
1.962 1.987 0.1765 4.69688 0 0.717967 1.87654 0 -4.47442 0 0 -19.4925 
1.963 1.987 0.1765 4.69876 0 0.713483 1.87654 0 -4.48423 0 0 -19.4925 
1.964 1.987 0.1765 4.70064 0 0.708988 1.87654 0 -4.49404 0 0 -19.4925 
1.965 1.987 0.1765 4.70251 0 0.704485 1.87654 0 -4.50385 0 0 -19.4925 
1.966 1.987 0.1765 4.70439 0 0.699971 1.87654 0 -4.51366 0 0 -19.4925 
1.967 1.987 0.1765 4.70627 0 0.695448 1.87654 0 -4.52347 0 0 -19.4925 
1.968 1.987 0.1765 4.70814 0 0.690914 1.87654 0 -4.53328 0 0 -19.4925 
1.969 1.987 0.1765 4.71002 0 0.686371 1.87654 0 -4.54309 0 0 -19.4925 
1.97 1.987 0.1765 4.71189 0 0.681818 1.87654 0 -4.5529 0 0 -19.4925 
1.971 1.987 0.1765 4.71377 0 0.677256 1.87654 0 -4.56271 0 0 -19.4925 
1.972 1.987 0.1765 4.71565 0 0.672683 1.87654 0 -4.57252 0 0 -19.4925 
1.973 1.987 0.1765 4.71752 0 0.668101 1.87654 0 -4.58233 0 0 -19.4925 
1.974 1.987 0.1765 4.7194 0 0.663509 1.87654 0 -4.59214 0 0 -19.4925 
1.975 1.987 0.1765 4.72128 0 0.658907 1.87654 0 -4.60195 0 0 -19.4925 
1.976 1.987 0.1765 4.72315 0 0.654295 1.87654 0 -4.61176 0 0 -19.4925 
1.977 1.987 0.1765 4.72503 0 0.649673 1.87654 0 -4.62157 0 0 -19.4925 
1.978 1.987 0.1765 4.72691 0 0.645042 1.87654 0 -4.63138 0 0 -19.4925 
1.979 1.987 0.1765 4.72878 0 0.640401 1.87654 0 -4.64119 0 0 -19.4925 
1.98 1.987 0.1765 4.73066 0 0.63575 1.87654 0 -4.651 0 0 -19.4925 
1.981 1.987 0.1765 4.73254 0 0.631089 1.87654 0 -4.66081 0 0 -19.4925 
1.982 1.987 0.1765 4.73441 0 0.626418 1.87654 0 -4.67062 0 0 -19.4925 
1.983 1.987 0.1765 4.73629 0 0.621738 1.87654 0 -4.68043 0 0 -19.4925 
1.984 1.987 0.1765 4.73817 0 0.617048 1.87654 0 -4.69024 0 0 -19.4925 
1.985 1.987 0.1765 4.74004 0 0.612348 1.87654 0 -4.70005 0 0 -19.4925 
1.986 1.987 0.1765 4.74192 0 0.607638 1.87654 0 -4.70986 0 0 -19.4925 
1.987 1.987 0.1765 4.7438 0 0.602918 1.87654 0 -4.71967 0 0 -19.4925 
1.988 1.987 0.1765 4.74567 0 0.598189 1.87654 0 -4.72948 0 0 -19.4925 
1.989 1.987 0.1765 4.74755 0 0.593449 1.87654 0 -4.73929 0 0 -19.4925 
1.99 1.987 0.1765 4.74943 0 0.5887 1.87654 0 -4.7491 0 0 -19.4925 
1.991 1.987 0.1765 4.7513 0 0.583941 1.87654 0 -4.75891 0 0 -19.4925 
1.992 1.987 0.1765 4.75318 0 0.579173 1.87654 0 -4.76872 0 0 -19.4925 
1.993 1.987 0.1765 4.75506 0 0.574394 1.87654 0 -4.77853 0 0 -19.4925 
1.994 1.987 0.1765 4.75693 0 0.569606 1.87654 0 -4.78834 0 0 -19.4925 
1.995 1.987 0.1765 4.75881 0 0.564808 1.87654 0 -4.79815 0 0 -19.4925 
1.996 1.987 0.1765 4.76068 0 0.56 1.87654 0 -4.80796 0 0 -19.4925 
1.997 1.987 0.1765 4.76256 0 0.555182 1.87654 0 -4.81777 0 0 -19.4925 
1.998 1.987 0.1765 4.76444 0 0.550354 1.87654 0 -4.82758 0 0 -19.4925 
1.999 1.987 0.1765 4.76631 0 0.545517 1.87654 0 -4.83739 0 0 -19.4925 
2 1.987 0.1765 4.76819 0 0.54067 1.87654 0 -4.8472 0 0 -19.4925 
2.001 1.987 0.1765 4.77007 0 0.535813 1.87654 0 -4.85701 0 0 -19.4925 
2.002 1.987 0.1765 4.77194 0 0.530946 1.87654 0 -4.86682 0 0 -19.4925 
2.003 1.987 0.1765 4.77382 0 0.526069 1.87654 0 -4.87663 0 0 -19.4925 
2.004 1.987 0.1765 4.7757 0 0.521183 1.87654 0 -4.88644 0 0 -19.4925 
2.005 1.987 0.1765 4.77757 0 0.516287 1.87654 0 -4.89625 0 0 -19.4925 
2.006 1.987 0.1765 4.77945 0 0.511381 1.87654 0 -4.90606 0 0 -19.4925 
2.007 1.987 0.1765 4.78133 0 0.506465 1.87654 0 -4.91587 0 0 -19.4925 
2.008 1.987 0.1765 4.7832 0 0.501539 1.87654 0 -4.92568 0 0 -19.4925 
2.009 1.987 0.1765 4.78508 0 0.496604 1.87654 0 -4.93549 0 0 -19.4925 
2.01 1.987 0.1765 4.78696 0 0.491658 1.87654 0 -4.9453 0 0 -19.4925 
2.011 1.987 0.1765 4.78883 0 0.486703 1.87654 0 -4.95511 0 0 -19.4925 
2.012 1.987 0.1765 4.79071 0 0.481738 1.87654 0 -4.96492 0 0 -19.4925 
2.013 1.987 0.1765 4.79259 0 0.476764 1.87654 0 -4.97473 0 0 -19.4925 
2.014 1.987 0.1765 4.79446 0 0.471779 1.87654 0 -4.98454 0 0 -19.4925 
2.015 1.987 0.1765 4.79634 0 0.466785 1.87654 0 -4.99435 0 0 -19.4925 
2.016 1.987 0.1765 4.79822 0 0.46178 1.87654 0 -5.00416 0 0 -19.4925 
2.017 1.987 0.1765 4.80009 0 0.456767 1.87654 0 -5.01397 0 0 -19.4925 
2.018 1.987 0.1765 4.80197 0 0.451743 1.87654 0 -5.02378 0 0 -19.4925 
2.019 1.987 0.1765 4.80385 0 0.446709 1.87654 0 -5.03359 0 0 -19.4925 
2.02 1.987 0.1765 4.80571 0 0.441666 1.86931 0 -5.0434 -14.3631 0 -19.4925 
2.021 1.987 0.1765 4.80757 0 0.436613 1.85434 0 -5.05321 -29.7484 0 -19.4925 
2.022 1.987 0.1765 4.8094 0 0.43155 1.83169 0 -5.06302 -45.0105 0 -19.4925 
2.023 1.987 0.1765 4.8112 0 0.426477 1.80145 0 -5.07283 -60.0861 0 -19.4925 
2.024 1.987 0.1765 4.81297 0 0.421394 1.76375 0 -5.08264 -74.9128 0 -19.4925 
2.025 1.987 0.1765 4.81468 0 0.416302 1.71874 0 -5.09245 -89.4293 0 -19.4925 
2.026 1.987 0.1765 4.81635 0 0.411199 1.66661 0 -5.10226 -103.575 0 -19.4925 
2.027 1.987 0.1765 4.81796 0 0.406087 1.60758 0 -5.11207 -117.292 0 -19.4925 
2.028 1.987 0.1765 4.8195 0 0.400965 1.54189 0 -5.12188 -130.523 0 -19.4925 
2.029 1.987 0.1765 4.82097 0 0.395834 1.46982 0 -5.13169 -143.214 0 -19.4925 
2.03 1.987 0.1765 4.82236 0 0.390692 1.39166 0 -5.1415 -155.311 0 -19.4925 
2.031 1.987 0.1765 4.82367 0 0.385541 1.30773 0 -5.15131 -166.765 0 -19.4925 
2.032 1.987 0.1765 4.82489 0 0.38038 1.21838 0 -5.16112 -177.528 0 -19.4925 
2.033 1.987 0.1765 4.82601 0 0.375209 1.12399 0 -5.17093 -187.556 0 -19.4925 
2.034 1.987 0.1765 4.82704 0 0.370028 1.02494 0 -5.18074 -196.807 0 -19.4925 
2.035 1.987 0.1765 4.82796 0 0.364838 0.92165 0 -5.19055 -205.243 0 -19.4925 
2.036 1.987 0.1765 4.82877 0 0.359637 0.81454 0 -5.20036 -212.828 0 -19.4925 
2.037 1.987 0.1765 4.82948 0 0.354427 0.704055 0 -5.21017 -219.533 0 -19.4925 
2.038 1.987 0.1765 4.83007 0 0.349207 0.590655 0 -5.21998 -225.327 0 -19.4925 
2.039 1.987 0.1765 4.83054 0 0.343977 0.474807 0 -5.22979 -230.189 0 -19.4925 
2.04 1.987 0.1765 4.8309 0 0.338738 0.356993 0 -5.2396 -234.096 0 -19.4925 
2.041 1.987 0.1765 4.83114 0 0.333488 0.237701 0 -5.24941 -237.035 0 -19.4925 
2.042 1.987 0.1765 4.83125 0 0.328229 0.117423 0 -5.25922 -238.991 0 -19.4925 
2.043 1.987 0.1765 4.83125 0 0.32296 -0.00334049 0 -5.26903 -239.958 0 -19.4925 
2.044 1.987 0.1765 4.83113 0 0.317681 -0.12409 0 -5.27884 -239.93 0 -19.4925 
2.045 1.987 0.1765 4.83088 0 0.312393 -0.244326 0 -5.28865 -238.909 0 -19.4925 
2.046 1.987 0.1765 4.83052 0 0.307094 -0.36355 0 -5.29846 -236.898 0 -19.4925 
2.047 1.987 0.1765 4.83004 0 0.301786 -0.481268 0 -5.30827 -233.906 0 -19.4925 
2.048 1.987 0.1765 4.82944 0 0.296468 -0.596993 0 -5.31808 -229.945 0 -19.4925 
2.049 1.987 0.1765 4.82873 0 0.29114 -0.710244 0 -5.32789 -225.031 0 -19.4925 
2.05 1.987 0.1765 4.82791 0 0.285802 -0.820554 0 -5.3377 -219.185 0 -19.4925 
2.051 1.987 0.1765 4.82698 0 0.280455 -0.927465 0 -5.34751 -212.432 0 -19.4925 
2.052 1.987 0.1765 4.82595 0 0.275097 -1.03053 0 -5.35732 -204.798 0 -19.4925 
2.053 1.987 0.1765 4.82482 0 0.26973 -1.12933 0 -5.36713 -196.317 0 -19.4925 
2.054 1.987 0.1765 4.8236 0 0.264353 -1.22346 0 -5.37694 -187.022 0 -19.4925 
2.055 1.987 0.1765 4.82229 0 0.258967 -1.31251 0 -5.38675 -176.952 0 -19.4925 
2.056 1.987 0.1765 4.82089 0 0.25357 -1.39613 0 -5.39656 -166.15 0 -19.4925 
2.057 1.987 0.1765 4.81942 0 0.248164 -1.47397 0 -5.40637 -154.659 0 -19.4925 
2.058 1.987 0.1765 4.81787 0 0.242748 -1.5457 0 -5.41618 -142.527 0 -19.4925 
2.059 1.987 0.1765 4.81626 0 0.237322 -1.61102 0 -5.42599 -129.806 0 -19.4925 
2.06 1.987 0.1765 4.81459 0 0.231886 -1.66968 0 -5.4358 -116.546 0 -19.4925 
2.061 1.987 0.1765 4.81287 0 0.22644 -1.72142 0 -5.44561 -102.804 0 -19.4925 
2.062 1.987 0.1765 4.8111 0 0.220985 -1.76602 0 -5.45542 -88.6358 0 -19.4925 
2.063 1.987 0.1765 4.8093 0 0.215519 -1.80332 0 -5.46523 -74.1007 0 -19.4925 
2.064 1.987 0.1765 4.80747 0 0.210044 -1.83314 0 -5.47504 -59.2585 0 -19.4925 
2.065 1.987 0.1765 4.80561 0 0.20456 -1.85537 0 -5.48485 -44.171 0 -19.4925 
2.066 1.987 0.1765 4.80374 0 0.199065 -1.86991 0 -5.49466 -28.9004 0 -19.4925 
2.067 1.987 0.1765 4.80186 0 0.19356 -1.87671 0 -5.50447 -13.5102 0 -19.4925 
2.068 1.987 0.1765 4.79999 0 0.188046 -1.87671 0 -5.51428 0 0 -19.4925 
2.069 1.987 0.1765 4.79811 0 0.182522 -1.87671 0 -5.52409 0 0 -19.4925 
2.07 1.987 0.1765 4.79623 0 0.176988 -1.87671 0 -5.5339 0 0 -19.4925 
2.071 1.987 0.1765 4.79436 0 0.171445 -1.87671 0 -5.54371 0 0 -19.4925 
2.072 1.987 0.1765 4.79248 0 0.165912 -1.87671 0 -5.53257 0 0 22.1163 
2.073 1.987 0.1765 4.7906 0 0.160413 -1.87671 0 -5.49853 0 0 67.6519 
2.074 1.987 0.1765 4.78873 0 0.154972 -1.87671 0 -5.4417 0 0 112.907 
2.075 1.987 0.1765 4.78685 0 0.149609 -1.87671 0 -5.36234 0 0 157.695 
2.076 1.987 0.1765 4.78497 0 0.144349 -1.87671 0 -5.26077 0 0 201.83 
2.077 1.987 0.1765 4.7831 0 0.139211 -1.87671 0 -5.1374 0 0 245.128 
2.078 1.987 0.1765 4.78122 0 0.134218 -1.87671 0 -4.99275 0 0 287.411 
2.079 1.987 0.1765 4.77934 0 0.129391 -1.87671 0 -4.82743 0 0 328.504 
2.08 1.987 0.1765 4.77747 0 0.124749 -1.87671 0 -4.64211 0 0 368.236 
2.081 1.987 0.1765 4.77559 0 0.120311 -1.87671 0 -4.43755 0 0 406.442 
2.082 1.987 0.1765 4.77371 0 0.116097 -1.87671 0 -4.21462 0 0 442.966 
2.083 1.987 0.1765 4.77184 0 0.112123 -1.87671 0 -3.97423 0 0 477.654 
2.084 1.987 0.1765 4.76996 0 0.108405 -1.87671 0 -3.71738 0 0 510.364 
2.085 1.987 0.1765 4.76808 0 0.10496 -1.87671 0 -3.44513 0 0 540.959 
2.086 1.987 0.1765 4.76621 0 0.101801 -1.87671 0 -3.15861 0 0 569.314 
2.087 1.987 0.1765 4.76433 0 0.0989424 -1.87671 0 -2.85901 0 0 595.311 
2.088 1.987 0.1765 4.76245 0 0.0963948 -1.87671 0 -2.54756 0 0 618.842 
2.089 1.987 0.1765 4.76058 0 0.0941693 -1.87671 0 -2.22557 0 0 639.81 
2.09 1.987 0.1765 4.7587 0 0.0922749 -1.87671 0 -1.89435 0 0 658.127 
2.091 1.987 0.1765 4.75682 0 0.0907196 -1.87671 0 -1.55529 0 0 673.719 
2.092 1.987 0.1765 4.75495 0 0.0895098 -1.87671 0 -1.20978 0 0 686.519 
2.093 1.987 0.1765 4.75307 0 0.0886506 -1.87671 0 -0.859265 0 0 696.476 
2.094 1.987 0.1765 4.75119 0 0.0881454 -1.87671 0 -0.505189 0 0 703.548 
2.095 1.987 0.1765 4.74932 0 0.0879964 -1.87671 0 -0.149021 0 0 707.706 
2.096 1.987 0.1765 4.74744 0 0.0882041 -1.87671 0 0.207764 0 0 708.933 
2.097 1.987 0.1765 4.74556 0 0.0887678 -1.87671 0 0.563689 0 0 707.223 
2.098 1.987 0.1765 4.74369 0 0.0896851 -1.87671 0 0.917279 0 0 702.584 
2.099 1.987 0.1765 4.74181 0 0.0909522 -1.87671 0 1.26707 0 0 695.034 
2.1 1.987 0.1765 4.73993 0 0.0925638 -1.87671 0 1.61161 0 0 684.605 
2.101 1.987 0.1765 4.73806 0 0.0945133 -1.87671 0 1.94948 0 0 671.341 
2.102 1.987 0.1765 4.73618 0 0.0967925 -1.87671 0 2.27927 0 0 655.296 
2.103 1.987 0.1765 4.7343 0 0.0993921 -1.87671 0 2.59962 0 0 636.536 
2.104 1.987 0.1765 4.73243 0 0.102301 -1.87671 0 2.9092 0 0 615.14 
2.105 1.987 0.1765 4.73055 0 0.105508 -1.87671 0 3.20674 0 0 591.196 
2.106 1.987 0.1765 4.72867 0 0.108999 -1.87671 0 3.49098 0 0 564.803 
2.107 1.987 0.1765 4.7268 0 0.11276 -1.87671 0 3.76077 0 0 536.071 
2.108 1.987 0.1765 4.72492 0 0.116775 -1.87671 0 4.01499 0 0 505.118 
2.109 1.987 0.1765 4.72304 0 0.121027 -1.87671 0 4.25257 0 0 472.073 
2.11 1.987 0.1765 4.72117 0 0.1255 -1.87671 0 4.47253 0 0 437.072 
2.111 1.987 0.1765 4.71929 0 0.130174 -1.87671 0 4.67397 0 0 400.261 
2.112 1.987 0.1765 4.71741 0 0.13503 -1.87671 0 4.85605 0 0 361.793 
2.113 1.987 0.1765 4.71554 0 0.140048 -1.87671 0 5.01802 0 0 321.825 
2.114 1.987 0.1765 4.71366 0 0.145207 -1.87671 0 5.1592 0 0 280.524 
2.115 1.987 0.1765 4.71178 0 0.150486 -1.87671 0 5.27901 0 0 238.062 
2.116 1.987 0.1765 4.70991 0 0.155863 -1.87671 0 5.37695 0 0 194.613 
2.117 1.987 0.1765 4.70803 0 0.161316 -1.87671 0 5.45262 0 0 150.358 
2.118 1.987 0.1765 4.70615 0 0.166821 -1.87671 0 5.50571 0 0 105.481 
2.119 1.987 0.1765 4.70428 0 0.172357 -1.87671 0 5.53599 0 0 60.1664 
2.12 1.987 0.1765 4.7024 0 0.177901 -1.87671 0 5.54334 0 0 14.6027 
2.121 1.987 0.1765 4.70052 0 0.183434 -1.87671 0 5.53353 0 0 -19.4925 
2.122 1.987 0.1765 4.69865 0 0.188958 -1.87671 0 5.52372 0 0 -19.4925 
2.123 1.987 0.1765 4.69677 0 0.194472 -1.87671 0 5.51391 0 0 -19.4925 
2.124 1.987 0.1765 4.69489 0 0.199976 -1.87671 0 5.5041 0 0 -19.4925 
2.125 1.987 0.1765 4.69302 0 0.20547 -1.87671 0 5.49429 0 0 -19.4925 
2.126 1.987 0.1765 4.69114 0 0.210955 -1.87671 0 5.48448 0 0 -19.4925 
2.127 1.987 0.1765 4.68926 0 0.216429 -1.87671 0 5.47467 0 0 -19.4925 
2.128 1.987 0.1765 4.68739 0 0.221894 -1.87671 0 5.46486 0 0 -19.4925 
2.129 1.987 0.1765 4.68551 0 0.227349 -1.87671 0 5.45505 0 0 -19.4925 
2.13 1.987 0.1765 4.68363 0 0.232795 -1.87671 0 5.44524 0 0 -19.4925 
2.131 1.987 0.1765 4.68176 0 0.23823 -1.87671 0 5.43543 0 0 -19.4925 
2.132 1.987 0.1765 4.67988 0 0.243656 -1.87671 0 5.42562 0 0 -19.4925 
2.133 1.987 0.1765 4.678 0 0.249071 -1.87671 0 5.41581 0 0 -19.4925 
2.134 1.987 0.1765 4.67613 0 0.254477 -1.87671 0 5.406 0 0 -19.4925 
2.135 1.987 0.1765 4.67425 0 0.259874 -1.87671 0 5.39619 0 0 -19.4925 
2.136 1.987 0.1765 4.67237 0 0.26526 -1.87671 0 5.38638 0 0 -19.4925 
2.137 1.987 0.1765 4.67049 0 0.270637 -1.87671 0 5.37657 0 0 -19.4925 
2.138 1.987 0.1765 4.66862 0 0.276003 -1.87671 0 5.36676 0 0 -19.4925 
2.139 1.987 0.1765 4.66674 0 0.28136 -1.87671 0 5.35695 0 0 -19.4925 
2.14 1.987 0.1765 4.66486 0 0.286707 -1.87671 0 5.34714 0 0 -19.4925 
2.141 1.987 0.1765 4.66299 0 0.292045 -1.87671 0 5.33733 0 0 -19.4925 
2.142 1.987 0.1765 4.66111 0 0.297372 -1.87671 0 5.32752 0 0 -19.4925 
2.143 1.987 0.1765 4.65923 0 0.30269 -1.87671 0 5.31771 0 0 -19.4925 
2.144 1.987 0.1765 4.65736 0 0.307998 -1.87671 0 5.3079 0 0 -19.4925 
2.145 1.987 0.1765 4.65548 0 0.313296 -1.87671 0 5.29809 0 0 -19.4925 
2.146 1.987 0.1765 4.6536 0 0.318584 -1.87671 0 5.28828 0 0 -19.4925 
2.147 1.987 0.1765 4.65173 0 0.323863 -1.87671 0 5.27847 0 0 -19.4925 
2.148 1.987 0.1765 4.64985 0 0.329131 -1.87671 0 5.26866 0 0 -19.4925 
2.149 1.987 0.1765 4.64797 0 0.33439 -1.87671 0 5.25885 0 0 -19.4925 
2.15 1.987 0.1765 4.6461 0 0.339639 -1.87671 0 5.24904 0 0 -19.4925 
2.151 1.987 0.1765 4.64422 0 0.344878 -1.87671 0 5.23923 0 0 -19.4925 
2.152 1.987 0.1765 4.64234 0 0.350108 -1.87671 0 5.22942 0 0 -19.4925 
2.153 1.987 0.1765 4.64047 0 0.355327 -1.87671 0 5.21961 0 0 -19.4925 
2.154 1.987 0.1765 4.63859 0 0.360537 -1.87671 0 5.2098 0 0 -19.4925 
2.155 1.987 0.1765 4.63671 0 0.365737 -1.87671 0 5.19999 0 0 -19.4925 
2.156 1.987 0.1765 4.63484 0 0.370927 -1.87671 0 5.19018 0 0 -19.4925 
2.157 1.987 0.1765 4.63296 0 0.376108 -1.87671 0 5.18037 0 0 -19.4925 
2.158 1.987 0.1765 4.63108 0 0.381278 -1.87671 0 5.17056 0 0 -19.4925 
2.159 1.987 0.1765 4.62921 0 0.386439 -1.87671 0 5.16075 0 0 -19.4925 
2.16 1.987 0.1765 4.62733 0 0.39159 -1.87671 0 5.15094 0 0 -19.4925 
2.161 1.987 0.1765 4.62545 0 0.396731 -1.87671 0 5.14113 0 0 -19.4925 
2.162 1.987 0.1765 4.62358 0 0.401862 -1.87671 0 5.13132 0 0 -19.4925 
2.163 1.987 0.1765 4.6217 0 0.406984 -1.87671 0 5.12151 0 0 -19.4925 
2.164 1.987 0.1765 4.61982 0 0.412096 -1.87671 0 5.1117 0 0 -19.4925 
2.165 1.987 0.1765 4.61795 0 0.417198 -1.87671 0 5.10189 0 0 -19.4925 
2.166 1.987 0.1765 4.61607 0 0.42229 -1.87671 0 5.09208 0 0 -19.4925 
2.167 1.987 0.1765 4.61419 0 0.427372 -1.87671 0 5.08227 0 0 -19.4925 
2.168 1.987 0.1765 4.61232 0 0.432444 -1.87671 0 5.07246 0 0 -19.4925 
2.169 1.987 0.1765 4.61044 0 0.437507 -1.87671 0 5.06265 0 0 -19.4925 
2.17 1.987 0.1765 4.60856 0 0.44256 -1.87671 0 5.05284 0 0 -19.4925 
2.171 1.987 0.1765 4.60669 0 0.447603 -1.87671 0 5.04303 0 0 -19.4925 
2.172 1.987 0.1765 4.60481 0 0.452636 -1.87671 0 5.03322 0 0 -19.4925 
2.173 1.987 0.1765 4.60293 0 0.457659 -1.87671 0 5.02341 0 0 -19.4925 
2.174 1.987 0.1765 4.60106 0 0.462673 -1.87671 0 5.0136 0 0 -19.4925 
2.175 1.987 0.1765 4.59918 0 0.467677 -1.87671 0 5.00379 0 0 -19.4925 
2.176 1.987 0.1765 4.5973 0 0.472671 -1.87671 0 4.99398 0 0 -19.4925 
2.177 1.987 0.1765 4.59543 0 0.477655 -1.87671 0 4.98417 0 0 -19.4925 
2.178 1.987 0.1765 4.59355 0 0.482629 -1.87671 0 4.97436 0 0 -19.4925 
2.179 1.987 0.1765 4.59167 0 0.487594 -1.87671 0 4.96455 0 0 -19.4925 
2.18 1.987 0.1765 4.5898 0 0.492549 -1.87671 0 4.95474 0 0 -19.4925 
2.181 1.987 0.1765 4.58792 0 0.497494 -1.87671 0 4.94493 0 0 -19.4925 
2.182 1.987 0.1765 4.58604 0 0.502429 -1.87671 0 4.93512 0 0 -19.4925 
2.183 1.987 0.1765 4.58417 0 0.507354 -1.87671 0 4.92531 0 0 -19.4925 
2.184 1.987 0.1765 4.58229 0 0.512269 -1.87671 0 4.9155 0 0 -19.4925 
2.185 1.987 0.1765 4.58041 0 0.517175 -1.87671 0 4.90569 0 0 -19.4925 
2.186 1.987 0.1765 4.57854 0 0.522071 -1.87671 0 4.89588 0 0 -19.4925 
2.187 1.987 0.1765 4.57666 0 0.526957 -1.87671 0 4.88607 0 0 -19.4925 
2.188 1.987 0.1765 4.57478 0 0.531833 -1.87671 0 4.87626 0 0 -19.4925 
2.189 1.987 0.1765 4.57291 0 0.5367 -1.87671 0 4.86645 0 0 -19.4925 
2.19 1.987 0.1765 4.57103 0 0.541556 -1.87671 0 4.85664 0 0 -19.4925 
2.191 1.987 0.1765 4.56915 0 0.546403 -1.87671 0 4.84683 0 0 -19.4925 
2.192 1.987 0.1765 4.56728 0 0.55124 -1.87671 0 4.83702 0 0 -19.4925 
2.193 1.987 0.1765 4.5654 0 0.556067 -1.87671 0 4.82721 0 0 -19.4925 
2.194 1.987 0.1765 4.56352 0 0.560885 -1.87671 0 4.8174 0 0 -19.4925 
2.195 1.987 0.1765 4.56165 0 0.565692 -1.87671 0 4.80759 0 0 -19.4925 
2.196 1.987 0.1765 4.55977 0 0.57049 -1.87671 0 4.79778 0 0 -19.4925 
2.197 1.987 0.1765 4.55789 0 0.575278 -1.87671 0 4.78797 0 0 -19.4925 
2.198 1.987 0.1765 4.55602 0 0.580056 -1.87671 0 4.77816 0 0 -19.4925 
2.199 1.987 0.1765 4.55414 0 0.584825 -1.87671 0 4.76835 0 0 -19.4925 
2.2 1.987 0.1765 4.55226 0 0.589583 -1.87671 0 4.75854 0 0 -19.4925 
2.201 1.987 0.1765 4.55039 0 0.594332 -1.87671 0 4.74873 0 0 -19.4925 
2.202 1.987 0.1765 4.54851 0 0.599071 -1.87671 0 4.73892 0 0 -19.4925 
2.203 1.987 0.1765 4.54663 0 0.6038 -1.87671 0 4.72911 0 0 -19.4925 
2.204 1.987 0.1765 4.54476 0 0.608519 -1.87671 0 4.7193 0 0 -19.4925 
2.205 1.987 0.1765 4.54288 0 0.613229 -1.87671 0 4.70949 0 0 -19.4925 
2.206 1.987 0.1765 4.541 0 0.617928 -1.87671 0 4.69968 0 0 -19.4925 
2.207 1.987 0.1765 4.53912 0 0.622618 -1.87671 0 4.68987 0 0 -19.4925 
2.208 1.987 0.1765 4.53725 0 0.627298 -1.87671 0 4.68006 0 0 -19.4925 
2.209 1.987 0.1765 4.53537 0 0.631969 -1.87671 0 4.67025 0 0 -19.4925 
2.21 1.987 0.1765 4.53349 0 0.636629 -1.87671 0 4.66044 0 0 -19.4925 
2.211 1.987 0.1765 4.53162 0 0.64128 -1.87671 0 4.65063 0 0 -19.4925 
2.212 1.987 0.1765 4.52974 0 0.64592 -1.87671 0 4.64082 0 0 -19.4925 
2.213 1.987 0.1765 4.52786 0 0.650552 -1.87671 0 4.63101 0 0 -19.4925 
2.214 1.987 0.1765 4.52599 0 0.655173 -1.87671 0 4.6212 0 0 -19.4925 
2.215 1.987 0.1765 4.52411 0 0.659784 -1.87671 0 4.61139 0 0 -19.4925 
2.216 1.987 0.1765 4.52223 0 0.664386 -1.87671 0 4.60158 0 0 -19.4925 
2.217 1.987 0.1765 4.52036 0 0.668977 -1.87671 0 4.59177 0 0 -19.4925 
2.218 1.987 0.1765 4.51848 0 0.673559 -1.87671 0 4.58196 0 0 -19.4925 
2.219 1.987 0.1765 4.5166 0 0.678132 -1.87671 0 4.57215 0 0 -19.4925 
2.22 1.987 0.1765 4.51473 0 0.682694 -1.87671 0 4.56234 0 0 -19.4925 
2.221 1.987 0.1765 4.51285 0 0.687246 -1.87671 0 4.55253 0 0 -19.4925 
2.222 1.987 0.1765 4.51097 0 0.691789 -1.87671 0 4.54272 0 0 -19.4925 
2.223 1.987 0.1765 4.5091 0 0.696322 -1.87671 0 4.53291 0 0 -19.4925 
2.224 1.987 0.1765 4.50722 0 0.700845 -1.87671 0 4.5231 0 0 -19.4925 
2.225 1.987 0.1765 4.50534 0 0.705358 -1.87671 0 4.51329 0 0 -19.4925 
2.226 1.987 0.1765 4.50347 0 0.709862 -1.87671 0 4.50348 0 0 -19.4925 
2.227 1.987 0.1765 4.50159 0 0.714356 -1.87671 0 4.49367 0 0 -19.4925 
2.228 1.987 0.1765 4.49971 0 0.718839 -1.87671 0 4.48386 0 0 -19.4925 
2.229 1.987 0.1765 4.49784 0 0.723313 -1.87671 0 4.47405 0 0 -19.4925 
2.23 1.987 0.1765 4.49596 0 0.727778 -1.87671 0 4.46424 0 0 -19.4925 
2.231 1.987 0.1765 4.49408 0 0.732232 -1.87671 0 4.45443 0 0 -19.4925 
2.232 1.987 0.1765 4.49221 0 0.736677 -1.87671 0 4.44462 0 0 -19.4925 
2.233 1.987 0.1765 4.49033 0 0.741112 -1.87671 0 4.43481 0 0 -19.4925 
2.234 1.987 0.1765 4.48845 0 0.745537 -1.87671 0 4.425 0 0 -19.4925 
2.235 1.987 0.1765 4.48658 0 0.749952 -1.87671 0 4.41519 0 0 -19.4925 
2.236 1.987 0.1765 4.4847 0 0.754357 -1.87671 0 4.40538 0 0 -19.4925 
2.237 1.987 0.1765 4.48282 0 0.758753 -1.87671 0 4.39557 0 0 -19.4925 
2.238 1.987 0.1765 4.48095 0 0.763138 -1.87671 0 4.38576 0 0 -19.4925 
2.239 1.987 0.1765 4.47907 0 0.767514 -1.87671 0 4.37595 0 0 -19.4925 
2.24 1.987 0.1765 4.47719 0 0.77188 -1.87671 0 4.36614 0 0 -19.4925 
2.241 1.987 0.1765 4.47532 0 0.776237 -1.87671 0 4.35633 0 0 -19.4925 
2.242 1.987 0.1765 4.47344 0 0.780583 -1.87671 0 4.34652 0 0 -19.4925 
2.243 1.987 0.1765 4.47156 0 0.78492 -1.87671 0 4.33671 0 0 -19.4925 
2.244 1.987 0.1765 4.46969 0 0.789247 -1.87671 0 4.3269 0 0 -19.4925 
2.245 1.987 0.1765 4.46781 0 0.793564 -1.87671 0 4.31709 0 0 -19.4925 
2.246 1.987 0.1765 4.46593 0 0.797871 -1.87671 0 4.30728 0 0 -19.4925 
2.247 1.987 0.1765 4.46406 0 0.802169 -1.87671 0 4.29747 0 0 -19.4925 
2.248 1.987 0.1765 4.46218 0 0.806456 -1.87671 0 4.28766 0 0 -19.4925 
2.249 1.987 0.1765 4.4603 0 0.810734 -1.87671 0 4.27785 0 0 -19.4925 
2.25 1.987 0.1765 4.45843 0 0.815002 -1.87671 0 4.26804 0 0 -19.4925 
2.251 1.987 0.1765 4.45655 0 0.819261 -1.87671 0 4.25823 0 0 -19.4925 
2.252 1.987 0.1765 4.45467 0 0.823509 -1.87671 0 4.24842 0 0 -19.4925 
2.253 1.987 0.1765 4.4528 0 0.827748 -1.87671 0 4.23861 0 0 -19.4925 
2.254 1.987 0.1765 4.45092 0 0.831976 -1.87671 0 4.2288 0 0 -19.4925 
2.255 1.987 0.1765 4.44904 0 0.836195 -1.87671 0 4.21899 0 0 -19.4925 
2.256 1.987 0.1765 4.44717 0 0.840404 -1.87671 0 4.20918 0 0 -19.4925 
2.257 1.987 0.1765 4.44529 0 0.844604 -1.87671 0 4.19937 0 0 -19.4925 
2.258 1.987 0.1765 4.44341 0 0.848793 -1.87671 0 4.18956 0 0 -19.4925 
2.259 1.987 0.1765 4.44154 0 0.852973 -1.87671 0 4.17975 0 0 -19.4925 
2.26 1.987 0.1765 4.43966 0 0.857143 -1.87671 0 4.16994 0 0 -19.4925 
2.261 1.987 0.1765 4.43778 0 0.861303 -1.87671 0 4.16013 0 0 -19.4925 
2.262 1.987 0.1765 4.43591 0 0.865454 -1.87671 0 4.15032 0 0 -19.4925 
2.263 1.987 0.1765 4.43403 0 0.869594 -1.87671 0 4.14051 0 0 -19.4925 
2.264 1.987 0.1765 4.43215 0 0.873725 -1.87671 0 4.1307 0 0 -19.4925 
2.265 1.987 0.1765 4.43028 0 0.877846 -1.87671 0 4.12089 0 0 -19.4925 
2.266 1.987 0.1765 4.4284 0 0.881957 -1.87671 0 4.11108 0 0 -19.4925 
2.267 1.987 0.1765 4.42652 0 0.886058 -1.87671 0 4.10127 0 0 -19.4925 
2.268 1.987 0.1765 4.42465 0 0.890149 -1.87671 0 4.09146 0 0 -19.4925 
2.269 1.987 0.1765 4.42277 0 0.894231 -1.87671 0 4.08165 0 0 -19.4925 
2.27 1.987 0.1765 4.42089 0 0.898303 -1.87671 0 4.07184 0 0 -19.4925 
2.271 1.987 0.1765 4.41902 0 0.902365 -1.87671 0 4.06203 0 0 -19.4925 
2.272 1.987 0.1765 4.41714 0 0.906417 -1.87671 0 4.05222 0 0 -19.4925 
2.273 1.987 0.1765 4.41526 0 0.91046 -1.87671 0 4.04241 0 0 -19.4925 
2.274 1.987 0.1765 4.41339 0 0.914492 -1.87671 0 4.0326 0 0 -19.4925 
2.275 1.987 0.1765 4.41151 0 0.918515 -1.87671 0 4.02279 0 0 -19.4925 
2.276 1.987 0.1765 4.40963 0 0.922528 -1.87671 0 4.01298 0 0 -19.4925 
2.277 1.987 0.1765 4.40776 0 0.926531 -1.87671 0 4.00317 0 0 -19.4925 
2.278 1.987 0.1765 4.40588 0 0.930524 -1.87671 0 3.99336 0 0 -19.4925 
2.279 1.987 0.1765 4.404 0 0.934508 -1.87671 0 3.98355 0 0 -19.4925 
2.28 1.987 0.1765 4.40212 0 0.938482 -1.87671 0 3.97374 0 0 -19.4925 
2.281 1.987 0.1765 4.40025 0 0.942446 -1.87671 0 3.96393 0 0 -19.4925 
2.282 1.987 0.1765 4.39837 0 0.9464 -1.87671 0 3.95412 0 0 -19.4925 
2.283 1.987 0.1765 4.39649 0 0.950344 -1.87671 0 3.94431 0 0 -19.4925 
2.284 1.987 0.1765 4.39462 0 0.954279 -1.87671 0 3.9345 0 0 -19.4925 
2.285 1.987 0.1765 4.39274 0 0.958203 -1.87671 0 3.92469 0 0 -19.4925 
2.286 1.987 0.1765 4.39086 0 0.962118 -1.87671 0 3.91488 0 0 -19.4925 
2.287 1.987 0.1765 4.38899 0 0.966023 -1.87671 0 3.90507 0 0 -19.4925 
2.288 1.987 0.1765 4.38711 0 0.969918 -1.87671 0 3.89526 0 0 -19.4925 
2.289 1.987 0.1765 4.38523 0 0.973804 -1.87671 0 3.88545 0 0 -19.4925 
2.29 1.987 0.1765 4.38336 0 0.97768 -1.87671 0 3.87564 0 0 -19.4925 
2.291 1.987 0.1765 4.38148 0 0.981545 -1.87671 0 3.86583 0 0 -19.4925 
2.292 1.987 0.1765 4.3796 0 0.985401 -1.87671 0 3.85602 0 0 -19.4925 
2.293 1.987 0.1765 4.37773 0 0.989248 -1.87671 0 3.84621 0 0 -19.4925 
2.294 1.987 0.1765 4.37585 0 0.993084 -1.87671 0 3.8364 0 0 -19.4925 
2.295 1.987 0.1765 4.37397 0 0.996911 -1.87671 0 3.82659 0 0 -19.4925 
2.296 1.987 0.1765 4.3721 0 1.00073 -1.87671 0 3.81678 0 0 -19.4925 
2.297 1.987 0.1765 4.37022 0 1.00453 -1.87671 0 3.80697 0 0 -19.4925 
2.298 1.987 0.1765 4.36834 0 1.00833 -1.87671 0 3.79716 0 0 -19.4925 
2.299 1.987 0.1765 4.36647 0 1.01212 -1.87671 0 3.78735 0 0 -19.4925 
2.3 1.987 0.1765 4.36459 0 1.0159 -1.87671 0 3.77754 0 0 -19.4925 
2.301 1.987 0.1765 4.36271 0 1.01966 -1.87671 0 3.76773 0 0 -19.4925 
2.302 1.987 0.1765 4.36084 0 1.02342 -1.87671 0 3.75792 0 0 -19.4925 
2.303 1.987 0.1765 4.35896 0 1.02717 -1.87671 0 3.74811 0 0 -19.4925 
2.304 1.987 0.1765 4.35708 0 1.03091 -1.87671 0 3.7383 0 0 -19.4925 
2.305 1.987 0.1765 4.35521 0 1.03464 -1.87671 0 3.72849 0 0 -19.4925 
2.306 1.987 0.1765 4.35333 0 1.03836 -1.87671 0 3.71868 0 0 -19.4925 
2.307 1.987 0.1765 4.35145 0 1.04206 -1.87671 0 3.70887 0 0 -19.4925 
2.308 1.987 0.1765 4.34958 0 1.04576 -1.87671 0 3.69906 0 0 -19.4925 
2.309 1.987 0.1765 4.3477 0 1.04945 -1.87671 0 3.68925 0 0 -19.4925 
2.31 1.987 0.1765 4.34582 0 1.05313 -1.87671 0 3.67944 0 0 -19.4925 
2.311 1.987 0.1765 4.34395 0 1.0568 -1.87671 0 3.66963 0 0 -19.4925 
2.312 1.987 0.1765 4.34207 0 1.06046 -1.87671 0 3.65982 0 0 -19.4925 
2.313 1.987 0.1765 4.34019 0 1.06411 -1.87671 0 3.65001 0 0 -19.4925 
2.314 1.987 0.1765 4.33832 0 1.06775 -1.87671 0 3.6402 0 0 -19.4925 
2.315 1.987 0.1765 4.33644 0 1.07138 -1.87671 0 3.63039 0 0 -19.4925 
2.316 1.987 0.1765 4.33456 0 1.075 -1.87671 0 3.62058 0 0 -19.4925 
2.317 1.987 0.1765 4.33269 0 1.07861 -1.87671 0 3.61077 0 0 -19.4925 
2.318 1.987 0.1765 4.33081 0 1.08221 -1.87671 0 3.60096 0 0 -19.4925 
2.319 1.987 0.1765 4.32893 0 1.08581 -1.87671 0 3.59115 0 0 -19.4925 
2.32 1.987 0.1765 4.32706 0 1.08939 -1.87671 0 3.58134 0 0 -19.4925 
2.321 1.987 0.1765 4.32518 0 1.09296 -1.87671 0 3.57153 0 0 -19.4925 
2.322 1.987 0.1765 4.3233 0 1.09652 -1.87671 0 3.56172 0 0 -19.4925 
2.323 1.987 0.1765 4.32143 0 1.10007 -1.87671 0 3.55191 0 0 -19.4925 
2.324 1.987 0.1765 4.31955 0 1.10361 -1.87671 0 3.5421 0 0 -19.4925 
2.325 1.987 0.1765 4.31767 0 1.10715 -1.87671 0 3.53229 0 0 -19.4925 
2.326 1.987 0.1765 4.3158 0 1.11067 -1.87671 0 3.52248 0 0 -19.4925 
2.327 1.987 0.1765 4.31392 0 1.11418 -1.87671 0 3.51267 0 0 -19.4925 
2.328 1.987 0.1765 4.31204 0 1.11768 -1.87671 0 3.50286 0 0 -19.4925 
2.329 1.987 0.1765 4.31017 0 1.12118 -1.87671 0 3.49305 0 0 -19.4925 
2.33 1.987 0.1765 4.30829 0 1.12466 -1.87671 0 3.48324 0 0 -19.4925 
2.331 1.987 0.1765 4.30641 0 1.12813 -1.87671 0 3.47343 0 0 -19.4925 
2.332 1.987 0.1765 4.30454 0 1.1316 -1.87671 0 3.46362 0 0 -19.4925 
2.333 1.987 0.1765 4.30266 0 1.13505 -1.87671 0 3.45381 0 0 -19.4925 
2.334 1.987 0.1765 4.30078 0 1.1385 -1.87671 0 3.444 0 0 -19.4925 
2.335 1.987 0.1765 4.29891 0 1.14193 -1.87671 0 3.43419 0 0 -19.4925 
2.336 1.987 0.1765 4.29703 0 1.14535 -1.87671 0 3.42438 0 0 -19.4925 
2.337 1.987 0.1765 4.29515 0 1.14877 -1.87671 0 3.41457 0 0 -19.4925 
2.338 1.987 0.1765 4.29328 0 1.15217 -1.87671 0 3.40476 0 0 -19.4925 
2.339 1.987 0.1765 4.2914 0 1.15557 -1.87671 0 3.39495 0 0 -19.4925 
2.34 1.987 0.1765 4.28952 0 1.15895 -1.87671 0 3.38514 0 0 -19.4925 
2.341 1.987 0.1765 4.28765 0 1.16233 -1.87671 0 3.37533 0 0 -19.4925 
2.342 1.987 0.1765 4.28577 0 1.16569 -1.87671 0 3.36552 0 0 -19.4925 
2.343 1.987 0.1765 4.28389 0 1.16905 -1.87671 0 3.35571 0 0 -19.4925 
2.344 1.987 0.1765 4.28202 0 1.1724 -1.87671 0 3.3459 0 0 -19.4925 
2.345 1.987 0.1765 4.28014 0 1.17573 -1.87671 0 3.33609 0 0 -19.4925 
2.346 1.987 0.1765 4.27826 0 1.17906 -1.87671 0 3.32628 0 0 -19.4925 
2.347 1.987 0.1765 4.27639 0 1.18237 -1.87671 0 3.31647 0 0 -19.4925 
2.348 1.987 0.1765 4.27451 0 1.18568 -1.87671 0 3.30666 0 0 -19.4925 
2.349 1.987 0.1765 4.27263 0 1.18898 -1.87671 0 3.29685 0 0 -19.4925 
2.35 1.987 0.1765 4.27075 0 1.19227 -1.87671 0 3.28704 0 0 -19.4925 
2.351 1.987 0.1765 4.26888 0 1.19554 -1.87671 0 3.27723 0 0 -19.4925 
2.352 1.987 0.1765 4.267 0 1.19881 -1.87671 0 3.26742 0 0 -19.4925 
2.353 1.987 0.1765 4.26512 0 1.20207 -1.87671 0 3.25761 0 0 -19.4925 
2.354 1.987 0.1765 4.26325 0 1.20532 -1.87671 0 3.2478 0 0 -19.4925 
2.355 1.987 0.1765 4.26137 0 1.20855 -1.87671 0 3.23799 0 0 -19.4925 
2.356 1.987 0.1765 4.25949 0 1.21178 -1.87671 0 3.22818 0 0 -19.4925 
2.357 1.987 0.1765 4.25762 0 1.215 -1.87671 0 3.21837 0 0 -19.4925 
2.358 1.987 0.1765 4.25574 0 1.21821 -1.87671 0 3.20856 0 0 -19.4925 
2.359 1.987 0.1765 4.25386 0 1.22141 -1.87671 0 3.19875 0 0 -19.4925 
2.36 1.987 0.1765 4.25199 0 1.2246 -1.87671 0 3.18894 0 0 -19.4925 
2.361 1.987 0.1765 4.25011 0 1.22778 -1.87671 0 3.17913 0 0 -19.4925 
2.362 1.987 0.1765 4.24823 0 1.23094 -1.87671 0 3.16932 0 0 -19.4925 
2.363 1.987 0.1765 4.24636 0 1.2341 -1.87671 0 3.15951 0 0 -19.4925 
2.364 1.987 0.1765 4.24448 0 1.23725 -1.87671 0 3.1497 0 0 -19.4925 
2.365 1.987 0.1765 4.2426 0 1.24039 -1.87671 0 3.13989 0 0 -19.4925 
2.366 1.987 0.1765 4.24073 0 1.24352 -1.87671 0 3.13008 0 0 -19.4925 
2.367 1.987 0.1765 4.23885 0 1.24664 -1.87671 0 3.12027 0 0 -19.4925 
2.368 1.987 0.1765 4.23697 0 1.24975 -1.87671 0 3.11046 0 0 -19.4925 
2.369 1.987 0.1765 4.2351 0 1.25286 -1.87671 0 3.10065 0 0 -19.4925 
2.37 1.987 0.1765 4.23322 0 1.25595 -1.87671 0 3.09084 0 0 -19.4925 
2.371 1.987 0.1765 4.23134 0 1.25903 -1.87671 0 3.08103 0 0 -19.4925 
2.372 1.987 0.1765 4.22947 0 1.2621 -1.87671 0 3.07122 0 0 -19.4925 
2.373 1.987 0.1765 4.22759 0 1.26516 -1.87671 0 3.06141 0 0 -19.4925 
2.374 1.987 0.1765 4.22571 0 1.26821 -1.87671 0 3.0516 0 0 -19.4925 
2.375 1.987 0.1765 4.22384 0 1.27125 -1.87671 0 3.04179 0 0 -19.4925 
2.376 1.987 0.1765 4.22196 0 1.27429 -1.87671 0 3.03198 0 0 -19.4925 
2.377 1.987 0.1765 4.22008 0 1.27731 -1.87671 0 3.02217 0 0 -19.4925 
2.378 1.987 0.1765 4.21821 0 1.28032 -1.87671 0 3.01236 0 0 -19.4925 
2.379 1.987 0.1765 4.21633 0 1.28332 -1.87671 0 3.00255 0 0 -19.4925 
2.38 1.987 0.1765 4.21445 0 1.28631 -1.87671 0 2.99274 0 0 -19.4925 
2.381 1.987 0.1765 4.21258 0 1.2893 -1.87671 0 2.98293 0 0 -19.4925 
2.382 1.987 0.1765 4.2107 0 1.29227 -1.87671 0 2.97312 0 0 -19.4925 
2.383 1.987 0.1765 4.20882 0 1.29523 -1.87671 0 2.96331 0 0 -19.4925 
2.384 1.987 0.1765 4.20695 0 1.29819 -1.87671 0 2.9535 0 0 -19.4925 
2.385 1.987 0.1765 4.20507 0 1.30113 -1.87671 0 2.94369 0 0 -19.4925 
2.386 1.987 0.1765 4.20319 0 1.30407 -1.87671 0 2.93388 0 0 -19.4925 
2.387 1.987 0.1765 4.20132 0 1.30699 -1.87671 0 2.92407 0 0 -19.4925 
2.388 1.987 0.1765 4.19944 0 1.3099 -1.87671 0 2.91426 0 0 -19.4925 
2.389 1.987 0.1765 4.19756 0 1.31281 -1.87671 0 2.90445 0 0 -19.4925 
2.39 1.987 0.1765 4.19569 0 1.3157 -1.87671 0 2.89464 0 0 -19.4925 
2.391 1.987 0.1765 4.19381 0 1.31859 -1.87671 0 2.88483 0 0 -19.4925 
2.392 1.987 0.1765 4.19193 0 1.32146 -1.87671 0 2.87502 0 0 -19.4925 
2.393 1.987 0.1765 4.19006 0 1.32433 -1.87671 0 2.86521 0 0 -19.4925 
2.394 1.987 0.1765 4.18818 0 1.32718 -1.87671 0 2.8554 0 0 -19.4925 
2.395 1.987 0.1765 4.1863 0 1.33003 -1.87671 0 2.84559 0 0 -19.4925 
2.396 1.987 0.1765 4.18443 0 1.33286 -1.87671 0 2.83578 0 0 -19.4925 
2.397 1.987 0.1765 4.18255 0 1.33569 -1.87671 0 2.82597 0 0 -19.4925 
2.398 1.987 0.1765 4.18067 0 1.33851 -1.87671 0 2.81616 0 0 -19.4925 
2.399 1.987 0.1765 4.1788 0 1.34131 -1.87671 0 2.80635 0 0 -19.4925 
2.4 1.987 0.1765 4.17692 0 1.34411 -1.87671 0 2.79654 0 0 -19.4925 
2.401 1.987 0.1765 4.17504 0 1.3469 -1.87671 0 2.78673 0 0 -19.4925 
2.402 1.987 0.1765 4.17317 0 1.34967 -1.87671 0 2.77692 0 0 -19.4925 
2.403 1.987 0.1765 4.17129 0 1.35244 -1.87671 0 2.76711 0 0 -19.4925 
2.404 1.987 0.1765 4.16941 0 1.3552 -1.87671 0 2.7573 0 0 -19.4925 
2.405 1.987 0.1765 4.16754 0 1.35794 -1.87671 0 2.74749 0 0 -19.4925 
2.406 1.987 0.1765 4.16566 0 1.36068 -1.87671 0 2.73768 0 0 -19.4925 
2.407 1.987 0.1765 4.16378 0 1.36341 -1.87671 0 2.72787 0 0 -19.4925 
2.408 1.987 0.1765 4.16191 0 1.36613 -1.87671 0 2.71806 0 0 -19.4925 
2.409 1.987 0.1765 4.16003 0 1.36884 -1.87671 0 2.70825 0 0 -19.4925 
2.41 1.987 0.1765 4.15815 0 1.37154 -1.87671 0 2.69844 0 0 -19.4925 
2.411 1.987 0.1765 4.15628 0 1.37422 -1.87671 0 2.68863 0 0 -19.4925 
2.412 1.987 0.1765 4.1544 0 1.3769 -1.87671 0 2.67882 0 0 -19.4925 
2.413 1.987 0.1765 4.15252 0 1.37957 -1.87671 0 2.66901 0 0 -19.4925 
2.414 1.987 0.1765 4.15065 0 1.38223 -1.87671 0 2.6592 0 0 -19.4925 
2.415 1.987 0.1765 4.14877 0 1.38488 -1.87671 0 2.64939 0 0 -19.4925 
2.416 1.987 0.1765 4.14689 0 1.38752 -1.87671 0 2.63958 0 0 -19.4925 
2.417 1.987 0.1765 4.14502 0 1.39015 -1.87671 0 2.62977 0 0 -19.4925 
2.418 1.987 0.1765 4.14314 0 1.39277 -1.87671 0 2.61996 0 0 -19.4925 
2.419 1.987 0.1765 4.14126 0 1.39538 -1.87671 0 2.61015 0 0 -19.4925 
2.42 1.987 0.1765 4.13939 0 1.39798 -1.87671 0 2.60034 0 0 -19.4925 
2.421 1.987 0.1765 4.13751 0 1.40057 -1.87671 0 2.59053 0 0 -19.4925 
2.422 1.987 0.1765 4.13563 0 1.40315 -1.87671 0 2.58072 0 0 -19.4925 
2.423 1.987 0.1765 4.13375 0 1.40572 -1.87671 0 2.57091 0 0 -19.4925 
2.424 1.987 0.1765 4.13188 0 1.40828 -1.87671 0 2.5611 0 0 -19.4925 
2.425 1.987 0.1765 4.13 0 1.41083 -1.87671 0 2.55129 0 0 -19.4925 
2.426 1.987 0.1765 4.12812 0 1.41338 -1.87671 0 2.54148 0 0 -19.4925 
2.427 1.987 0.1765 4.12625 0 1.41591 -1.87671 0 2.53167 0 0 -19.4925 
2.428 1.987 0.1765 4.12437 0 1.41843 -1.87671 0 2.52186 0 0 -19.4925 
2.429 1.987 0.1765 4.12249 0 1.42094 -1.87671 0 2.51205 0 0 -19.4925 
2.43 1.987 0.1765 4.12062 0 1.42344 -1.87671 0 2.50224 0 0 -19.4925 
2.431 1.987 0.1765 4.11874 0 1.42594 -1.87671 0 2.49243 0 0 -19.4925 
2.432 1.987 0.1765 4.11686 0 1.42842 -1.87671 0 2.48262 0 0 -19.4925 
2.433 1.987 0.1765 4.11499 0 1.43089 -1.87671 0 2.47281 0 0 -19.4925 
2.434 1.987 0.1765 4.11311 0 1.43335 -1.87671 0 2.463 0 0 -19.4925 
2.435 1.987 0.1765 4.11123 0 1.43581 -1.87671 0 2.45319 0 0 -19.4925 
2.436 1.987 0.1765 4.10936 0 1.43825 -1.87671 0 2.44338 0 0 -19.4925 
2.437 1.987 0.1765 4.10748 0 1.44068 -1.87671 0 2.43357 0 0 -19.4925 
2.438 1.987 0.1765 4.1056 0 1.44311 -1.87671 0 2.42376 0 0 -19.4925 
2.439 1.987 0.1765 4.10373 0 1.44552 -1.87671 0 2.41395 0 0 -19.4925 
2.44 1.987 0.1765 4.10185 0 1.44793 -1.87671 0 2.40414 0 0 -19.4925 
2.441 1.987 0.1765 4.09997 0 1.45032 -1.87671 0 2.39433 0 0 -19.4925 
2.442 1.987 0.1765 4.0981 0 1.45271 -1.87671 0 2.38452 0 0 -19.4925 
2.443 1.987 0.1765 4.09622 0 1.45508 -1.87671 0 2.37471 0 0 -19.4925 
2.444 1.987 0.1765 4.09434 0 1.45745 -1.87671 0 2.3649 0 0 -19.4925 
2.445 1.987 0.1765 4.09247 0 1.4598 -1.87671 0 2.35509 0 0 -19.4925 
2.446 1.987 0.1765 4.09059 0 1.46215 -1.87671 0 2.34528 0 0 -19.4925 
2.447 1.987 0.1765 4.08871 0 1.46448 -1.87671 0 2.33547 0 0 -19.4925 
2.448 1.987 0.1765 4.08684 0 1.46681 -1.87671 0 2.32566 0 0 -19.4925 
2.449 1.987 0.1765 4.08496 0 1.46912 -1.87671 0 2.31585 0 0 -19.4925 
2.45 1.987 0.1765 4.08308 0 1.47143 -1.87671 0 2.30604 0 0 -19.4925 
2.451 1.987 0.1765 4.08121 0 1.47372 -1.87671 0 2.29623 0 0 -19.4925 
2.452 1.987 0.1765 4.07933 0 1.47601 -1.87671 0 2.28642 0 0 -19.4925 
2.453 1.987 0.1765 4.07745 0 1.47829 -1.87671 0 2.27661 0 0 -19.4925 
2.454 1.987 0.1765 4.07558 0 1.48055 -1.87671 0 2.2668 0 0 -19.4925 
2.455 1.987 0.1765 4.0737 0 1.48281 -1.87671 0 2.25699 0 0 -19.4925 
2.456 1.987 0.1765 4.07182 0 1.48506 -1.87671 0 2.24718 0 0 -19.4925 
2.457 1.987 0.1765 4.06995 0 1.4873 -1.87671 0 2.23737 0 0 -19.4925 
2.458 1.987 0.1765 4.06807 0 1.48952 -1.87671 0 2.22756 0 0 -19.4925 
2.459 1.987 0.1765 4.06619 0 1.49174 -1.87671 0 2.21775 0 0 -19.4925 
2.46 1.987 0.1765 4.06432 0 1.49395 -1.87671 0 2.20794 0 0 -19.4925 
2.461 1.987 0.1765 4.06244 0 1.49615 -1.87671 0 2.19813 0 0 -19.4925 
2.462 1.987 0.1765 4.06056 0 1.49834 -1.87671 0 2.18832 0 0 -19.4925 
2.463 1.987 0.1765 4.05869 0 1.50051 -1.87671 0 2.17851 0 0 -19.4925 
2.464 1.987 0.1765 4.05681 0 1.50268 -1.87671 0 2.1687 0 0 -19.4925 
2.465 1.987 0.1765 4.05493 0 1.50484 -1.87671 0 2.15889 0 0 -19.4925 
2.466 1.987 0.1765 4.05306 0 1.50699 -1.87671 0 2.14908 0 0 -19.4925 
2.467 1.987 0.1765 4.05118 0 1.50913 -1.87671 0 2.13927 0 0 -19.4925 
2.468 1.987 0.1765 4.0493 0 1.51126 -1.87671 0 2.12946 0 0 -19.4925 
2.469 1.987 0.1765 4.04743 0 1.51338 -1.87671 0 2.11965 0 0 -19.4925 
2.47 1.987 0.1765 4.04555 0 1.51549 -1.87671 0 2.10984 0 0 -19.4925 
2.471 1.987 0.1765 4.04367 0 1.51759 -1.87671 0 2.10003 0 0 -19.4925 
2.472 1.987 0.1765 4.0418 0 1.51968 -1.87671 0 2.09022 0 0 -19.4925 
2.473 1.987 0.1765 4.03992 0 1.52176 -1.87671 0 2.08041 0 0 -19.4925 
2.474 1.987 0.1765 4.03804 0 1.52383 -1.87671 0 2.0706 0 0 -19.4925 
2.475 1.987 0.1765 4.03617 0 1.52589 -1.87671 0 2.06079 0 0 -19.4925 
2.476 1.987 0.1765 4.03429 0 1.52794 -1.87671 0 2.05098 0 0 -19.4925 
2.477 1.987 0.1765 4.03241 0 1.52998 -1.87671 0 2.04117 0 0 -19.4925 
2.478 1.987 0.1765 4.03054 0 1.53201 -1.87671 0 2.03136 0 0 -19.4925 
2.479 1.987 0.1765 4.02866 0 1.53404 -1.87671 0 2.02155 0 0 -19.4925 
2.48 1.987 0.1765 4.02678 0 1.53605 -1.87671 0 2.01174 0 0 -19.4925 
2.481 1.987 0.1765 4.02491 0 1.53805 -1.87671 0 2.00193 0 0 -19.4925 
2.482 1.987 0.1765 4.02303 0 1.54004 -1.87671 0 1.99212 0 0 -19.4925 
2.483 1.987 0.1765 4.02115 0 1.54202 -1.87671 0 1.98231 0 0 -19.4925 
2.484 1.987 0.1765 4.01928 0 1.544 -1.87671 0 1.9725 0 0 -19.4925 
2.485 1.987 0.1765 4.0174 0 1.54596 -1.87671 0 1.96269 0 0 -19.4925 
2.486 1.987 0.1765 4.01552 0 1.54791 -1.87671 0 1.95288 0 0 -19.4925 
2.487 1.987 0.1765 4.01365 0 1.54986 -1.87671 0 1.94307 0 0 -19.4925 
2.488 1.987 0.1765 4.01177 0 1.55179 -1.87671 0 1.93326 0 0 -19.4925 
2.489 1.987 0.1765 4.00989 0 1.55371 -1.87671 0 1.92345 0 0 -19.4925 
2.49 1.987 0.1765 4.00802 0 1.55563 -1.87671 0 1.91364 0 0 -19.4925 
2.491 1.987 0.1765 4.00614 0 1.55753 -1.87671 0 1.90383 0 0 -19.4925 
2.492 1.987 0.1765 4.00426 0 1.55942 -1.87671 0 1.89402 0 0 -19.4925 
2.493 1.987 0.1765 4.00239 0 1.56131 -1.87671 0 1.88421 0 0 -19.4925 
2.494 1.987 0.1765 4.00051 0 1.56318 -1.87671 0 1.8744 0 0 -19.4925 
2.495 1.987 0.1765 3.99863 0 1.56505 -1.87671 0 1.86459 0 0 -19.4925 
2.496 1.987 0.1765 3.99675 0 1.5669 -1.87671 0 1.85478 0 0 -19.4925 
2.497 1.987 0.1765 3.99488 0 1.56875 -1.87671 0 1.84497 0 0 -19.4925 
2.498 1.987 0.1765 3.993 0 1.57058 -1.87671 0 1.83516 0 0 -19.4925 
2.499 1.987 0.1765 3.99112 0 1.57241 -1.87671 0 1.82535 0 0 -19.4925 
2.5 1.987 0.1765 3.98925 0 1.57422 -1.87671 0 1.81554 0 0 -19.4925 
2.501 1.987 0.1765 3.98737 0 1.57603 -1.87671 0 1.80573 0 0 -19.4925 
2.502 1.987 0.1765 3.98549 0 1.57782 -1.87671 0 1.79592 0 0 -19.4925 
2.503 1.987 0.1765 3.98362 0 1.57961 -1.87671 0 1.78611 0 0 -19.4925 
2.504 1.987 0.1765 3.98174 0 1.58139 -1.87671 0 1.7763 0 0 -19.4925 
2.505 1.987 0.1765 3.97986 0 1.58315 -1.87671 0 1.76649 0 0 -19.4925 
2.506 1.987 0.1765 3.97799 0 1.58491 -1.87671 0 1.75668 0 0 -19.4925 
2.507 1.987 0.1765 3.97611 0 1.58666 -1.87671 0 1.74687 0 0 -19.4925 
2.508 1.987 0.1765 3.97423 0 1.58839 -1.87671 0 1.73706 0 0 -19.4925 
2.509 1.987 0.1765 3.97236 0 1.59012 -1.87671 0 1.72725 0 0 -19.4925 
2.51 1.987 0.1765 3.97048 0 1.59184 -1.87671 0 1.71744 0 0 -19.4925 
2.511 1.987 0.1765 3.9686 0 1.59355 -1.87671 0 1.70763 0 0 -19.4925 
2.512 1.987 0.1765 3.96673 0 1.59524 -1.87671 0 1.69782 0 0 -19.4925 
2.513 1.987 0.1765 3.96485 0 1.59693 -1.87671 0 1.68801 0 0 -19.4925 
2.514 1.987 0.1765 3.96297 0 1.59861 -1.87671 0 1.6782 0 0 -19.4925 
2.515 1.987 0.1765 3.9611 0 1.60028 -1.87671 0 1.66839 0 0 -19.4925 
2.516 1.987 0.1765 3.95922 0 1.60194 -1.87671 0 1.65858 0 0 -19.4925 
2.517 1.987 0.1765 3.95734 0 1.60359 -1.87671 0 1.64877 0 0 -19.4925 
2.518 1.987 0.1765 3.95547 0 1.60522 -1.87671 0 1.63896 0 0 -19.4925 
2.519 1.987 0.1765 3.95359 0 1.60685 -1.87671 0 1.62915 0 0 -19.4925 
2.52 1.987 0.1765 3.95171 0 1.60847 -1.87671 0 1.61934 0 0 -19.4925 
2.521 1.987 0.1765 3.94984 0 1.61008 -1.87671 0 1.60953 0 0 -19.4925 
2.522 1.987 0.1765 3.94796 0 1.61168 -1.87671 0 1.59972 0 0 -19.4925 
2.523 1.987 0.1765 3.94608 0 1.61327 -1.87671 0 1.58991 0 0 -19.4925 
2.524 1.987 0.1765 3.94421 0 1.61485 -1.87671 0 1.5801 0 0 -19.4925 
2.525 1.987 0.1765 3.94233 0 1.61642 -1.87671 0 1.57029 0 0 -19.4925 
2.526 1.987 0.1765 3.94045 0 1.61798 -1.87671 0 1.56048 0 0 -19.4925 
2.527 1.987 0.1765 3.93858 0 1.61953 -1.87671 0 1.55067 0 0 -19.4925 
2.528 1.987 0.1765 3.9367 0 1.62107 -1.87671 0 1.54086 0 0 -19.4925 
2.529 1.987 0.1765 3.93482 0 1.62261 -1.87671 0 1.53105 0 0 -19.4925 
2.53 1.987 0.1765 3.93295 0 1.62413 -1.87671 0 1.52124 0 0 -19.4925 
2.531 1.987 0.1765 3.93107 0 1.62564 -1.87671 0 1.51143 0 0 -19.4925 
2.532 1.987 0.1765 3.92919 0 1.62714 -1.87671 0 1.50162 0 0 -19.4925 
2.533 1.987 0.1765 3.92732 0 1.62863 -1.87671 0 1.49181 0 0 -19.4925 
2.534 1.987 0.1765 3.92544 0 1.63011 -1.87671 0 1.482 0 0 -19.4925 
2.535 1.987 0.1765 3.92356 0 1.63159 -1.87671 0 1.47219 0 0 -19.4925 
2.536 1.987 0.1765 3.92169 0 1.63305 -1.87671 0 1.46238 0 0 -19.4925 
2.537 1.987 0.1765 3.91981 0 1.6345 -1.87671 0 1.45257 0 0 -19.4925 
2.538 1.987 0.1765 3.91793 0 1.63594 -1.87671 0 1.44276 0 0 -19.4925 
2.539 1.987 0.1765 3.91606 0 1.63738 -1.87671 0 1.43295 0 0 -19.4925 
2.54 1.987 0.1765 3.91418 0 1.6388 -1.87671 0 1.42314 0 0 -19.4925 
2.541 1.987 0.1765 3.9123 0 1.64021 -1.87671 0 1.41333 0 0 -19.4925 
2.542 1.987 0.1765 3.91043 0 1.64162 -1.87671 0 1.40352 0 0 -19.4925 
2.543 1.987 0.1765 3.90855 0 1.64301 -1.87671 0 1.39371 0 0 -19.4925 
2.544 1.987 0.1765 3.90667 0 1.64439 -1.87671 0 1.3839 0 0 -19.4925 
2.545 1.987 0.1765 3.9048 0 1.64577 -1.87671 0 1.37409 0 0 -19.4925 
2.546 1.987 0.1765 3.90292 0 1.64713 -1.87671 0 1.36428 0 0 -19.4925 
2.547 1.987 0.1765 3.90104 0 1.64849 -1.87671 0 1.35447 0 0 -19.4925 
2.548 1.987 0.1765 3.89917 0 1.64983 -1.87671 0 1.34466 0 0 -19.4925 
2.549 1.987 0.1765 3.89729 0 1.65117 -1.87671 0 1.33485 0 0 -19.4925 
2.55 1.987 0.1765 3.89541 0 1.65249 -1.87671 0 1.32504 0 0 -19.4925 
2.551 1.987 0.1765 3.89354 0 1.65381 -1.87671 0 1.31523 0 0 -19.4925 
2.552 1.987 0.1765 3.89166 0 1.65511 -1.87671 0 1.30542 0 0 -19.4925 
2.553 1.987 0.1765 3.88978 0 1.65641 -1.87671 0 1.29561 0 0 -19.4925 
2.554 1.987 0.1765 3.88791 0 1.65769 -1.87671 0 1.2858 0 0 -19.4925 
2.555 1.987 0.1765 3.88603 0 1.65897 -1.87671 0 1.27599 0 0 -19.4925 
2.556 1.987 0.1765 3.88415 0 1.66024 -1.87671 0 1.26618 0 0 -19.4925 
2.557 1.987 0.1765 3.88228 0 1.66149 -1.87671 0 1.25637 0 0 -19.4925 
2.558 1.987 0.1765 3.8804 0 1.66274 -1.87671 0 1.24656 0 0 -19.4925 
2.559 1.987 0.1765 3.87852 0 1.66398 -1.87671 0 1.23675 0 0 -19.4925 
2.56 1.987 0.1765 3.87665 0 1.6652 -1.87671 0 1.22694 0 0 -19.4925 
2.561 1.987 0.1765 3.87477 0 1.66642 -1.87671 0 1.21713 0 0 -19.4925 
2.562 1.987 0.1765 3.87289 0 1.66763 -1.87671 0 1.20732 0 0 -19.4925 
2.563 1.987 0.1765 3.87102 0 1.66882 -1.87671 0 1.19751 0 0 -19.4925 
2.564 1.987 0.1765 3.86914 0 1.67001 -1.87671 0 1.1877 0 0 -19.4925 
2.565 1.987 0.1765 3.86726 0 1.67119 -1.87671 0 1.17789 0 0 -19.4925 
2.566 1.987 0.1765 3.86538 0 1.67236 -1.87671 0 1.16808 0 0 -19.4925 
2.567 1.987 0.1765 3.86351 0 1.67352 -1.87671 0 1.15827 0 0 -19.4925 
2.568 1.987 0.1765 3.86163 0 1.67466 -1.87671 0 1.14846 0 0 -19.4925 
2.569 1.987 0.1765 3.85975 0 1.6758 -1.87671 0 1.13865 0 0 -19.4925 
2.57 1.987 0.1765 3.85788 0 1.67693 -1.87671 0 1.12884 0 0 -19.4925 
2.571 1.987 0.1765 3.856 0 1.67805 -1.87671 0 1.11903 0 0 -19.4925 
2.572 1.987 0.1765 3.85412 0 1.67916 -1.87671 0 1.10922 0 0 -19.4925 
2.573 1.987 0.1765 3.85225 0 1.68026 -1.87671 0 1.09941 0 0 -19.4925 
2.574 1.987 0.1765 3.85037 0 1.68135 -1.87671 0 1.0896 0 0 -19.4925 
2.575 1.987 0.1765 3.84849 0 1.68243 -1.87671 0 1.07979 0 0 -19.4925 
2.576 1.987 0.1765 3.84662 0 1.6835 -1.87671 0 1.06998 0 0 -19.4925 
2.577 1.987 0.1765 3.84474 0 1.68456 -1.87671 0 1.06017 0 0 -19.4925 
2.578 1.987 0.1765 3.84286 0 1.68561 -1.87671 0 1.05036 0 0 -19.4925 
2.579 1.987 0.1765 3.84099 0 1.68665 -1.87671 0 1.04055 0 0 -19.4925 
2.58 1.987 0.1765 3.83911 0 1.68768 -1.87671 0 1.03074 0 0 -19.4925 
2.581 1.987 0.1765 3.83723 0 1.6887 -1.87671 0 1.02093 0 0 -19.4925 
2.582 1.987 0.1765 3.83536 0 1.68971 -1.87671 0 1.01112 0 0 -19.4925 
2.583 1.987 0.1765 3.83348 0 1.69071 -1.87671 0 1.00131 0 0 -19.4925 
2.584 1.987 0.1765 3.8316 0 1.69171 -1.87671 0 0.991496 0 0 -19.4925 
2.585 1.987 0.1765 3.82973 0 1.69269 -1.87671 0 0.981686 0 0 -19.4925 
2.586 1.987 0.1765 3.82785 0 1.69366 -1.87671 0 0.971876 0 0 -19.4925 
2.587 1.987 0.1765 3.82597 0 1.69462 -1.87671 0 0.962066 0 0 -19.4925 
2.588 1.987 0.1765 3.8241 0 1.69557 -1.87671 0 0.952256 0 0 -19.4925 
2.589 1.987 0.1765 3.82222 0 1.69652 -1.87671 0 0.942446 0 0 -19.4925 
2.59 1.987 0.1765 3.82034 0 1.69745 -1.87671 0 0.932636 0 0 -19.4925 
2.591 1.987 0.1765 3.81847 0 1.69837 -1.87671 0 0.922826 0 0 -19.4925 
2.592 1.987 0.1765 3.81659 0 1.69928 -1.87671 0 0.913016 0 0 -19.4925 
2.593 1.987 0.1765 3.81471 0 1.70019 -1.87671 0 0.903206 0 0 -19.4925 
2.594 1.987 0.1765 3.81284 0 1.70108 -1.87671 0 0.893396 0 0 -19.4925 
2.595 1.987 0.1765 3.81096 0 1.70196 -1.87671 0 0.883586 0 0 -19.4925 
2.596 1.987 0.1765 3.80908 0 1.70284 -1.87671 0 0.873776 0 0 -19.4925 
2.597 1.987 0.1765 3.80721 0 1.7037 -1.87671 0 0.863966 0 0 -19.4925 
2.598 1.987 0.1765 3.80533 0 1.70456 -1.87671 0 0.854156 0 0 -19.4925 
2.599 1.987 0.1765 3.80345 0 1.7054 -1.87671 0 0.844346 0 0 -19.4925 
2.6 1.987 0.1765 3.80158 0 1.70624 -1.87671 0 0.834536 0 0 -19.4925 
2.601 1.987 0.1765 3.7997 0 1.70706 -1.87671 0 0.824726 0 0 -19.4925 
2.602 1.987 0.1765 3.79782 0 1.70788 -1.87671 0 0.814916 0 0 -19.4925 
2.603 1.987 0.1765 3.79595 0 1.70868 -1.87671 0 0.805106 0 0 -19.4925 
2.604 1.987 0.1765 3.79407 0 1.70948 -1.87671 0 0.795296 0 0 -19.4925 
2.605 1.987 0.1765 3.79219 0 1.71026 -1.87671 0 0.785486 0 0 -19.4925 
2.606 1.987 0.1765 3.79032 0 1.71104 -1.87671 0 0.775676 0 0 -19.4925 
2.607 1.987 0.1765 3.78844 0 1.7118 -1.87671 0 0.765866 0 0 -19.4925 
2.608 1.987 0.1765 3.78656 0 1.71256 -1.87671 0 0.756056 0 0 -19.4925 
2.609 1.987 0.1765 3.78469 0 1.7133 -1.87671 0 0.746246 0 0 -19.4925 
2.61 1.987 0.1765 3.78281 0 1.71404 -1.87671 0 0.736436 0 0 -19.4925 
2.611 1.987 0.1765 3.78093 0 1.71477 -1.87671 0 0.726626 0 0 -19.4925 
2.612 1.987 0.1765 3.77906 0 1.71548 -1.87671 0 0.716816 0 0 -19.4925 
2.613 1.987 0.1765 3.77718 0 1.71619 -1.87671 0 0.707006 0 0 -19.4925 
2.614 1.987 0.1765 3.7753 0 1.71689 -1.87671 0 0.697196 0 0 -19.4925 
2.615 1.987 0.1765 3.77343 0 1.71758 -1.87671 0 0.687386 0 0 -19.4925 
2.616 1.987 0.1765 3.77155 0 1.71825 -1.87671 0 0.677576 0 0 -19.4925 
2.617 1.987 0.1765 3.76967 0 1.71892 -1.87671 0 0.667766 0 0 -19.4925 
2.618 1.987 0.1765 3.7678 0 1.71958 -1.87671 0 0.657956 0 0 -19.4925 
2.619 1.987 0.1765 3.76592 0 1.72023 -1.87671 0 0.648146 0 0 -19.4925 
2.62 1.987 0.1765 3.76404 0 1.72087 -1.87671 0 0.638336 0 0 -19.4925 
2.621 1.987 0.1765 3.76217 0 1.72149 -1.87671 0 0.628526 0 0 -19.4925 
2.622 1.987 0.1765 3.76029 0 1.72211 -1.87671 0 0.618716 0 0 -19.4925 
2.623 1.987 0.1765 3.75841 0 1.72272 -1.87671 0 0.608906 0 0 -19.4925 
2.624 1.987 0.1765 3.75654 0 1.72332 -1.87671 0 0.599096 0 0 -19.4925 
2.625 1.987 0.1765 3.75466 0 1.72391 -1.87671 0 0.589286 0 0 -19.4925 
2.626 1.987 0.1765 3.75278 0 1.72449 -1.87671 0 0.579476 0 0 -19.4925 
2.627 1.987 0.1765 3.75091 0 1.72506 -1.87671 0 0.569666 0 0 -19.4925 
2.628 1.987 0.1765 3.74903 0 1.72562 -1.87671 0 0.559856 0 0 -19.4925 
2.629 1.987 0.1765 3.74715 0 1.72617 -1.87671 0 0.550046 0 0 -19.4925 
2.63 1.987 0.1765 3.74528 0 1.72671 -1.87671 0 0.540236 0 0 -19.4925 
2.631 1.987 0.1765 3.7434 0 1.72724 -1.87671 0 0.530426 0 0 -19.4925 
2.632 1.987 0.1765 3.74152 0 1.72776 -1.87671 0 0.520616 0 0 -19.4925 
2.633 1.987 0.1765 3.73965 0 1.72827 -1.87671 0 0.510806 0 0 -19.4925 
2.634 1.987 0.1765 3.73777 0 1.72877 -1.87671 0 0.500996 0 0 -19.4925 
2.635 1.987 0.1765 3.73589 0 1.72926 -1.87671 0 0.491186 0 0 -19.4925 
2.636 1.987 0.1765 3.73402 0 1.72975 -1.87671 0 0.481376 0 0 -19.4925 
2.637 1.987 0.1765 3.73214 0 1.73022 -1.87671 0 0.471566 0 0 -19.4925 
2.638 1.987 0.1765 3.73026 0 1.73068 -1.87671 0 0.461756 0 0 -19.4925 
2.639 1.987 0.1765 3.72838 0 1.73113 -1.87671 0 0.451946 0 0 -19.4925 
2.64 1.987 0.1765 3.72651 0 1.73157 -1.87671 0 0.442136 0 0 -19.4925 
2.641 1.987 0.1765 3.72463 0 1.73201 -1.87671 0 0.432326 0 0 -19.4925 
2.642 1.987 0.1765 3.72275 0 1.73243 -1.87671 0 0.422516 0 0 -19.4925 
2.643 1.987 0.1765 3.72088 0 1.73284 -1.87671 0 0.412706 0 0 -19.4925 
2.644 1.987 0.1765 3.719 0 1.73324 -1.87671 0 0.402896 0 0 -19.4925 
2.645 1.987 0.1765 3.71712 0 1.73364 -1.87671 0 0.393086 0 0 -19.4925 
2.646 1.987 0.1765 3.71525 0 1.73402 -1.87671 0 0.383276 0 0 -19.4925 
2.647 1.987 0.1765 3.71337 0 1.73439 -1.87671 0 0.373466 0 0 -19.4925 
2.648 1.987 0.1765 3.71149 0 1.73476 -1.87671 0 0.363656 0 0 -19.4925 
2.649 1.987 0.1765 3.70962 0 1.73511 -1.87671 0 0.353846 0 0 -19.4925 
2.65 1.987 0.1765 3.70774 0 1.73545 -1.87671 0 0.344036 0 0 -19.4925 
2.651 1.987 0.1765 3.70586 0 1.73579 -1.87671 0 0.334226 0 0 -19.4925 
2.652 1.987 0.1765 3.70399 0 1.73611 -1.87671 0 0.324416 0 0 -19.4925 
2.653 1.987 0.1765 3.70211 0 1.73643 -1.87671 0 0.314606 0 0 -19.4925 
2.654 1.987 0.1765 3.70023 0 1.73673 -1.87671 0 0.304796 0 0 -19.4925 
2.655 1.987 0.1765 3.69836 0 1.73703 -1.87671 0 0.294986 0 0 -19.4925 
2.656 1.987 0.1765 3.69648 0 1.73731 -1.87671 0 0.285176 0 0 -19.4925 
2.657 1.987 0.1765 3.6946 0 1.73759 -1.87671 0 0.275366 0 0 -19.4925 
2.658 1.987 0.1765 3.69273 0 1.73785 -1.87671 0 0.265556 0 0 -19.4925 
2.659 1.987 0.1765 3.69085 0 1.73811 -1.87671 0 0.255746 0 0 -19.4925 
2.66 1.987 0.1765 3.68897 0 1.73836 -1.87671 0 0.245936 0 0 -19.4925 
2.661 1.987 0.1765 3.6871 0 1.73859 -1.87671 0 0.236126 0 0 -19.4925 
2.662 1.987 0.1765 3.68522 0 1.73882 -1.87671 0 0.226316 0 0 -19.4925 
2.663 1.987 0.1765 3.68334 0 1.73903 -1.87671 0 0.216506 0 0 -19.4925 
2.664 1.987 0.1765 3.68147 0 1.73924 -1.87671 0 0.206696 0 0 -19.4925 
2.665 1.987 0.1765 3.67959 0 1.73944 -1.87671 0 0.196886 0 0 -19.4925 
2.666 1.987 0.1765 3.67771 0 1.73963 -1.87671 0 0.187076 0 0 -19.4925 
2.667 1.987 0.1765 3.67584 0 1.7398 -1.87671 0 0.177266 0 0 -19.4925 
2.668 1.987 0.1765 3.67396 0 1.73997 -1.87671 0 0.167456 0 0 -19.4925 
2.669 1.987 0.1765 3.67208 0 1.74013 -1.87671 0 0.157646 0 0 -19.4925 
2.67 1.987 0.1765 3.67021 0 1.74028 -1.87671 0 0.147836 0 0 -19.4925 
2.671 1.987 0.1765 3.66833 0 1.74041 -1.87671 0 0.138026 0 0 -19.4925 
2.672 1.987 0.1765 3.66645 0 1.74054 -1.87671 0 0.128216 0 0 -19.4925 
2.673 1.987 0.1765 3.66458 0 1.74066 -1.87671 0 0.118406 0 0 -19.4925 
2.674 1.987 0.1765 3.6627 0 1.74077 -1.87671 0 0.108596 0 0 -19.4925 
2.675 1.987 0.1765 3.66082 0 1.74087 -1.87671 0 0.0987859 0 0 -19.4925 
2.676 1.987 0.1765 3.65895 0 1.74096 -1.87671 0 0.0889759 0 0 -19.4925 
2.677 1.987 0.1765 3.65707 0 1.74104 -1.87671 0 0.0791659 0 0 -19.4925 
2.678 1.987 0.1765 3.65519 0 1.7411 -1.87671 0 0.0693559 0 0 -19.4925 
2.679 1.987 0.1765 3.65332 0 1.74116 -1.87671 0 0.0595459 0 0 -19.4925 
2.68 1.987 0.1765 3.65144 0 1.74121 -1.87671 0 0.0497359 0 0 -19.4925 
2.681 1.987 0.1765 3.64956 0 1.74125 -1.87671 0 0.0399259 0 0 -19.4925 
2.682 1.987 0.1765 3.64769 0 1.74128 -1.87671 0 0.0301159 0 0 -19.4925 
2.683 1.987 0.1765 3.64581 0 1.7413 -1.87671 0 0.0203059 0 0 -19.4925 
2.684 1.987 0.1765 3.64393 0 1.74131 -1.87671 0 0.0104959 0 0 -19.4925 
2.685 1.987 0.1765 3.64206 0 1.74132 -1.87671 0 0.00068589 0 0 -19.4925 
2.686 1.987 0.1765 3.64018 0 1.74131 -1.87671 0 -0.00912411 0 0 -19.4925 
2.687 1.987 0.1765 3.6383 0 1.74129 -1.87671 0 -0.0189341 0 0 -19.4925 
2.688 1.987 0.1765 3.63643 0 1.74126 -1.87671 0 -0.0287441 0 0 -19.4925 
2.689 1.987 0.1765 3.63455 0 1.74122 -1.87671 0 -0.0385541 0 0 -19.4925 
2.69 1.987 0.1765 3.63267 0 1.74117 -1.87671 0 -0.0483641 0 0 -19.4925 
2.691 1.987 0.1765 3.6308 0 1.74111 -1.87671 0 -0.0581741 0 0 -19.4925 
2.692 1.987 0.1765 3.62892 0 1.74105 -1.87671 0 -0.0679841 0 0 -19.4925 
2.693 1.987 0.1765 3.62704 0 1.74097 -1.87671 0 -0.0777941 0 0 -19.4925 
2.694 1.987 0.1765 3.62517 0 1.74088 -1.87671 0 -0.0876041 0 0 -19.4925 
2.695 1.987 0.1765 3.62329 0 1.74078 -1.87671 0 -0.0974141 0 0 -19.4925 
2.696 1.987 0.1765 3.62141 0 1.74068 -1.87671 0 -0.107224 0 0 -19.4925 
2.697 1.987 0.1765 3.61954 0 1.74056 -1.87671 0 -0.117034 0 0 -19.4925 
2.698 1.987 0.1765 3.61766 0 1.74043 -1.87671 0 -0.126844 0 0 -19.4925 
2.699 1.987 0.1765 3.61578 0 1.7403 -1.87671 0 -0.136654 0 0 -19.4925 
2.7 1.987 0.1765 3.61391 0 1.74015 -1.87671 0 -0.146464 0 0 -19.4925 
2.701 1.987 0.1765 3.61203 0 1.73999 -1.87671 0 -0.156274 0 0 -19.4925 
2.702 1.987 0.1765 3.61015 0 1.73983 -1.87671 0 -0.166084 0 0 -19.4925 
2.703 1.987 0.1765 3.60828 0 1.73965 -1.87671 0 -0.175894 0 0 -19.4925 
2.704 1.987 0.1765 3.6064 0 1.73946 -1.87671 0 -0.185704 0 0 -19.4925 
2.705 1.987 0.1765 3.60452 0 1.73927 -1.87671 0 -0.195514 0 0 -19.4925 
2.706 1.987 0.1765 3.60265 0 1.73906 -1.87671 0 -0.205324 0 0 -19.4925 
2.707 1.987 0.1765 3.60077 0 1.73885 -1.87671 0 -0.215134 0 0 -19.4925 
2.708 1.987 0.1765 3.59889 0 1.73862 -1.87671 0 -0.224944 0 0 -19.4925 
2.709 1.987 0.1765 3.59702 0 1.73839 -1.87671 0 -0.234754 0 0 -19.4925 
2.71 1.987 0.1765 3.59514 0 1.73814 -1.87671 0 -0.244564 0 0 -19.4925 
2.711 1.987 0.1765 3.59326 0 1.73789 -1.87671 0 -0.254374 0 0 -19.4925 
2.712 1.987 0.1765 3.59138 0 1.73763 -1.87671 0 -0.264184 0 0 -19.4925 
2.713 1.987 0.1765 3.58951 0 1.73735 -1.87671 0 -0.273994 0 0 -19.4925 
2.714 1.987 0.1765 3.58763 0 1.73707 -1.87671 0 -0.283804 0 0 -19.4925 
2.715 1.987 0.1765 3.58575 0 1.73677 -1.87671 0 -0.293614 0 0 -19.4925 
2.716 1.987 0.1765 3.58388 0 1.73647 -1.87671 0 -0.303424 0 0 -19.4925 
2.717 1.987 0.1765 3.582 0 1.73616 -1.87671 0 -0.313234 0 0 -19.4925 
2.718 1.987 0.1765 3.58012 0 1.73583 -1.87671 0 -0.323044 0 0 -19.4925 
2.719 1.987 0.1765 3.57825 0 1.7355 -1.87671 0 -0.332854 0 0 -19.4925 
2.72 1.987 0.1765 3.57637 0 1.73516 -1.87671 0 -0.342664 0 0 -19.4925 
2.721 1.987 0.1765 3.57449 0 1.73481 -1.87671 0 -0.352474 0 0 -19.4925 
2.722 1.987 0.1765 3.57262 0 1.73444 -1.87671 0 -0.362284 0 0 -19.4925 
2.723 1.987 0.1765 3.57074 0 1.73407 -1.87671 0 -0.372094 0 0 -19.4925 
2.724 1.987 0.1765 3.56886 0 1.73369 -1.87671 0 -0.381904 0 0 -19.4925 
2.725 1.987 0.1765 3.56699 0 1.7333 -1.87671 0 -0.391714 0 0 -19.4925 
2.726 1.987 0.1765 3.56511 0 1.7329 -1.87671 0 -0.401524 0 0 -19.4925 
2.727 1.987 0.1765 3.56323 0 1.73249 -1.87671 0 -0.411334 0 0 -19.4925 
2.728 1.987 0.1765 3.56136 0 1.73206 -1.87671 0 -0.421144 0 0 -19.4925 
2.729 1.987 0.1765 3.55948 0 1.73163 -1.87671 0 -0.430954 0 0 -19.4925 
2.73 1.987 0.1765 3.5576 0 1.73119 -1.87671 0 -0.440764 0 0 -19.4925 
2.731 1.987 0.1765 3.55573 0 1.73074 -1.87671 0 -0.450574 0 0 -19.4925 
2.732 1.987 0.1765 3.55385 0 1.73028 -1.87671 0 -0.460384 0 0 -19.4925 
2.733 1.987 0.1765 3.55197 0 1.72981 -1.87671 0 -0.470194 0 0 -19.4925 
2.734 1.987 0.1765 3.5501 0 1.72933 -1.87671 0 -0.480004 0 0 -19.4925 
2.735 1.987 0.1765 3.54822 0 1.72884 -1.87671 0 -0.489814 0 0 -19.4925 
2.736 1.987 0.1765 3.54634 0 1.72834 -1.87671 0 -0.499624 0 0 -19.4925 
2.737 1.987 0.1765 3.54447 0 1.72783 -1.87671 0 -0.509434 0 0 -19.4925 
2.738 1.987 0.1765 3.54259 0 1.72731 -1.87671 0 -0.519244 0 0 -19.4925 
2.739 1.987 0.1765 3.54071 0 1.72678 -1.87671 0 -0.529054 0 0 -19.4925 
2.74 1.987 0.1765 3.53884 0 1.72625 -1.87671 0 -0.538864 0 0 -19.4925 
2.741 1.987 0.1765 3.53696 0 1.7257 -1.87671 0 -0.548674 0 0 -19.4925 
2.742 1.987 0.1765 3.53508 0 1.72514 -1.87671 0 -0.558484 0 0 -19.4925 
2.743 1.987 0.1765 3.53321 0 1.72457 -1.87671 0 -0.568294 0 0 -19.4925 
2.744 1.987 0.1765 3.53133 0 1.72399 -1.87671 0 -0.578104 0 0 -19.4925 
2.745 1.987 0.1765 3.52945 0 1.7234 -1.87671 0 -0.587914 0 0 -19.4925 
2.746 1.987 0.1765 3.52758 0 1.72281 -1.87671 0 -0.597724 0 0 -19.4925 
2.747 1.987 0.1765 3.5257 0 1.7222 -1.87671 0 -0.607534 0 0 -19.4925 
2.748 1.987 0.1765 3.52382 0 1.72158 -1.87671 0 -0.617344 0 0 -19.4925 
2.749 1.987 0.1765 3.52195 0 1.72095 -1.87671 0 -0.627154 0 0 -19.4925 
2.75 1.987 0.1765 3.52007 0 1.72032 -1.87671 0 -0.636964 0 0 -19.4925 
2.751 1.987 0.1765 3.51819 0 1.71967 -1.87671 0 -0.646774 0 0 -19.4925 
2.752 1.987 0.1765 3.51632 0 1.71901 -1.87671 0 -0.656584 0 0 -19.4925 
2.753 1.987 0.1765 3.51444 0 1.71835 -1.87671 0 -0.666394 0 0 -19.4925 
2.754 1.987 0.1765 3.51256 0 1.71767 -1.87671 0 -0.676204 0 0 -19.4925 
2.755 1.987 0.1765 3.51069 0 1.71699 -1.87671 0 -0.686014 0 0 -19.4925 
2.756 1.987 0.1765 3.50881 0 1.71629 -1.87671 0 -0.695824 0 0 -19.4925 
2.757 1.987 0.1765 3.50693 0 1.71558 -1.87671 0 -0.705634 0 0 -19.4925 
2.758 1.987 0.1765 3.50506 0 1.71487 -1.87671 0 -0.715444 0 0 -19.4925 
2.759 1.987 0.1765 3.50318 0 1.71414 -1.87671 0 -0.725254 0 0 -19.4925 
2.76 1.987 0.1765 3.5013 0 1.71341 -1.87671 0 -0.735064 0 0 -19.4925 
2.761 1.987 0.1765 3.49943 0 1.71266 -1.87671 0 -0.744874 0 0 -19.4925 
2.762 1.987 0.1765 3.49755 0 1.71191 -1.87671 0 -0.754684 0 0 -19.4925 
2.763 1.987 0.1765 3.49567 0 1.71114 -1.87671 0 -0.764494 0 0 -19.4925 
2.764 1.987 0.1765 3.4938 0 1.71037 -1.87671 0 -0.774304 0 0 -19.4925 
2.765 1.987 0.1765 3.49192 0 1.70959 -1.87671 0 -0.784114 0 0 -19.4925 
2.766 1.987 0.1765 3.49004 0 1.70879 -1.87671 0 -0.793924 0 0 -19.4925 
2.767 1.987 0.1765 3.48817 0 1.70799 -1.87671 0 -0.803734 0 0 -19.4925 
2.768 1.987 0.1765 3.48629 0 1.70717 -1.87671 0 -0.813544 0 0 -19.4925 
2.769 1.987 0.1765 3.48441 0 1.70635 -1.87671 0 -0.823354 0 0 -19.4925 
2.77 1.987 0.1765 3.48254 0 1.70552 -1.87671 0 -0.833164 0 0 -19.4925 
2.771 1.987 0.1765 3.48066 0 1.70468 -1.87671 0 -0.842974 0 0 -19.4925 
2.772 1.987 0.1765 3.47878 0 1.70382 -1.87671 0 -0.852784 0 0 -19.4925 
2.773 1.987 0.1765 3.47691 0 1.70296 -1.87671 0 -0.862594 0 0 -19.4925 
2.774 1.987 0.1765 3.47503 0 1.70209 -1.87671 0 -0.872404 0 0 -19.4925 
2.775 1.987 0.1765 3.47315 0 1.70121 -1.87671 0 -0.882214 0 0 -19.4925 
2.776 1.987 0.1765 3.47128 0 1.70031 -1.87671 0 -0.892024 0 0 -19.4925 
2.777 1.987 0.1765 3.4694 0 1.69941 -1.87671 0 -0.901834 0 0 -19.4925 
2.778 1.987 0.1765 3.46752 0 1.6985 -1.87671 0 -0.911644 0 0 -19.4925 
2.779 1.987 0.1765 3.46565 0 1.69758 -1.87671 0 -0.921454 0 0 -19.4925 
2.78 1.987 0.1765 3.46377 0 1.69665 -1.87671 0 -0.931264 0 0 -19.4925 
2.781 1.987 0.1765 3.46189 0 1.69571 -1.87671 0 -0.941074 0 0 -19.4925 
2.782 1.987 0.1765 3.46001 0 1.69476 -1.87671 0 -0.950884 0 0 -19.4925 
2.783 1.987 0.1765 3.45814 0 1.69379 -1.87671 0 -0.960694 0 0 -19.4925 
2.784 1.987 0.1765 3.45626 0 1.69282 -1.87671 0 -0.970504 0 0 -19.4925 
2.785 1.987 0.1765 3.45438 0 1.69184 -1.87671 0 -0.980314 0 0 -19.4925 
2.786 1.987 0.1765 3.45251 0 1.69085 -1.87671 0 -0.990124 0 0 -19.4925 
2.787 1.987 0.1765 3.45063 0 1.68985 -1.87671 0 -0.999934 0 0 -19.4925 
2.788 1.987 0.1765 3.44875 0 1.68884 -1.87671 0 -1.00974 0 0 -19.4925 
2.789 1.987 0.1765 3.44688 0 1.68782 -1.87671 0 -1.01955 0 0 -19.4925 
2.79 1.987 0.1765 3.445 0 1.68679 -1.87671 0 -1.02936 0 0 -19.4925 
2.791 1.987 0.1765 3.44312 0 1.68576 -1.87671 0 -1.03917 0 0 -19.4925 
2.792 1.987 0.1765 3.44125 0 1.68471 -1.87671 0 -1.04898 0 0 -19.4925 
2.793 1.987 0.1765 3.43937 0 1.68365 -1.87671 0 -1.05879 0 0 -19.4925 
2.794 1.987 0.1765 3.43749 0 1.68258 -1.87671 0 -1.0686 0 0 -19.4925 
2.795 1.987 0.1765 3.43562 0 1.6815 -1.87671 0 -1.07841 0 0 -19.4925 
2.796 1.987 0.1765 3.43374 0 1.68041 -1.87671 0 -1.08822 0 0 -19.4925 
2.797 1.987 0.1765 3.43186 0 1.67931 -1.87671 0 -1.09803 0 0 -19.4925 
2.798 1.987 0.1765 3.42999 0 1.67821 -1.87671 0 -1.10784 0 0 -19.4925 
2.799 1.987 0.1765 3.42811 0 1.67709 -1.87671 0 -1.11765 0 0 -19.4925 
2.8 1.987 0.1765 3.42623 0 1.67596 -1.87671 0 -1.12746 0 0 -19.4925 
2.801 1.987 0.1765 3.42436 0 1.67482 -1.87671 0 -1.13727 0 0 -19.4925 
2.802 1.987 0.1765 3.42248 0 1.67368 -1.87671 0 -1.14708 0 0 -19.4925 
2.803 1.987 0.1765 3.4206 0 1.67252 -1.87671 0 -1.15689 0 0 -19.4925 
2.804 1.987 0.1765 3.41873 0 1.67135 -1.87671 0 -1.1667 0 0 -19.4925 
2.805 1.987 0.1765 3.41685 0 1.67018 -1.87671 0 -1.17651 0 0 -19.4925 
2.806 1.987 0.1765 3.41497 0 1.66899 -1.87671 0 -1.18632 0 0 -19.4925 
2.807 1.987 0.1765 3.4131 0 1.66779 -1.87671 0 -1.19613 0 0 -19.4925 
2.808 1.987 0.1765 3.41122 0 1.66659 -1.87671 0 -1.20594 0 0 -19.4925 
2.809 1.987 0.1765 3.40934 0 1.66537 -1.87671 0 -1.21575 0 0 -19.4925 
2.81 1.987 0.1765 3.40747 0 1.66415 -1.87671 0 -1.22556 0 0 -19.4925 
2.811 1.987 0.1765 3.40559 0 1.66291 -1.87671 0 -1.23537 0 0 -19.4925 
2.812 1.987 0.1765 3.40371 0 1.66167 -1.87671 0 -1.24518 0 0 -19.4925 
2.813 1.987 0.1765 3.40184 0 1.66041 -1.87671 0 -1.25499 0 0 -19.4925 
2.814 1.987 0.1765 3.39996 0 1.65915 -1.87671 0 -1.2648 0 0 -19.4925 
2.815 1.987 0.1765 3.39808 0 1.65787 -1.87671 0 -1.27461 0 0 -19.4925 
2.816 1.987 0.1765 3.39621 0 1.65659 -1.87671 0 -1.28442 0 0 -19.4925 
2.817 1.987 0.1765 3.39433 0 1.65529 -1.87671 0 -1.29423 0 0 -19.4925 
2.818 1.987 0.1765 3.39245 0 1.65399 -1.87671 0 -1.30404 0 0 -19.4925 
2.819 1.987 0.1765 3.39058 0 1.65268 -1.87671 0 -1.31385 0 0 -19.4925 
2.82 1.987 0.1765 3.3887 0 1.65135 -1.87671 0 -1.32366 0 0 -19.4925 
2.821 1.987 0.1765 3.38682 0 1.65002 -1.87671 0 -1.33347 0 0 -19.4925 
2.822 1.987 0.1765 3.38495 0 1.64868 -1.87671 0 -1.34328 0 0 -19.4925 
2.823 1.987 0.1765 3.38307 0 1.64732 -1.87671 0 -1.35309 0 0 -19.4925 
2.824 1.987 0.1765 3.38119 0 1.64596 -1.87671 0 -1.3629 0 0 -19.4925 
2.825 1.987 0.1765 3.37932 0 1.64459 -1.87671 0 -1.37271 0 0 -19.4925 
2.826 1.987 0.1765 3.37744 0 1.6432 -1.87671 0 -1.38252 0 0 -19.4925 
2.827 1.987 0.1765 3.37556 0 1.64181 -1.87671 0 -1.39233 0 0 -19.4925 
2.828 1.987 0.1765 3.37369 0 1.64041 -1.87671 0 -1.40214 0 0 -19.4925 
2.829 1.987 0.1765 3.37181 0 1.639 -1.87671 0 -1.41195 0 0 -19.4925 
2.83 1.987 0.1765 3.36993 0 1.63758 -1.87671 0 -1.42176 0 0 -19.4925 
2.831 1.987 0.1765 3.36806 0 1.63614 -1.87671 0 -1.43157 0 0 -19.4925 
2.832 1.987 0.1765 3.36618 0 1.6347 -1.87671 0 -1.44138 0 0 -19.4925 
2.833 1.987 0.1765 3.3643 0 1.63325 -1.87671 0 -1.45119 0 0 -19.4925 
2.834 1.987 0.1765 3.36243 0 1.63179 -1.87671 0 -1.461 0 0 -19.4925 
2.835 1.987 0.1765 3.36055 0 1.63032 -1.87671 0 -1.47081 0 0 -19.4925 
2.836 1.987 0.1765 3.35867 0 1.62884 -1.87671 0 -1.48062 0 0 -19.4925 
2.837 1.987 0.1765 3.3568 0 1.62735 -1.87671 0 -1.49043 0 0 -19.4925 
2.838 1.987 0.1765 3.35492 0 1.62585 -1.87671 0 -1.50024 0 0 -19.4925 
2.839 1.987 0.1765 3.35304 0 1.62434 -1.87671 0 -1.51005 0 0 -19.4925 
2.84 1.987 0.1765 3.35117 0 1.62282 -1.87671 0 -1.51986 0 0 -19.4925 
2.841 1.987 0.1765 3.34929 0 1.62129 -1.87671 0 -1.52967 0 0 -19.4925 
2.842 1.987 0.1765 3.34741 0 1.61975 -1.87671 0 -1.53948 0 0 -19.4925 
2.843 1.987 0.1765 3.34554 0 1.6182 -1.87671 0 -1.54929 0 0 -19.4925 
2.844 1.987 0.1765 3.34366 0 1.61664 -1.87671 0 -1.5591 0 0 -19.4925 
2.845 1.987 0.1765 3.34178 0 1.61507 -1.87671 0 -1.56891 0 0 -19.4925 
2.846 1.987 0.1765 3.33991 0 1.61349 -1.87671 0 -1.57872 0 0 -19.4925 
2.847 1.987 0.1765 3.33803 0 1.61191 -1.87671 0 -1.58853 0 0 -19.4925 
2.848 1.987 0.1765 3.33615 0 1.61031 -1.87671 0 -1.59834 0 0 -19.4925 
2.849 1.987 0.1765 3.33428 0 1.6087 -1.87671 0 -1.60815 0 0 -19.4925 
2.85 1.987 0.1765 3.3324 0 1.60708 -1.87671 0 -1.61796 0 0 -19.4925 
2.851 1.987 0.1765 3.33052 0 1.60545 -1.87671 0 -1.62777 0 0 -19.4925 
2.852 1.987 0.1765 3.32865 0 1.60382 -1.87671 0 -1.63758 0 0 -19.4925 
2.853 1.987 0.1765 3.32677 0 1.60217 -1.87671 0 -1.64739 0 0 -19.4925 
2.854 1.987 0.1765 3.32489 0 1.60051 -1.87671 0 -1.6572 0 0 -19.4925 
2.855 1.987 0.1765 3.32301 0 1.59884 -1.87671 0 -1.66701 0 0 -19.4925 
2.856 1.987 0.1765 3.32114 0 1.59717 -1.87671 0 -1.67682 0 0 -19.4925 
2.857 1.987 0.1765 3.31926 0 1.59548 -1.87671 0 -1.68663 0 0 -19.4925 
2.858 1.987 0.1765 3.31738 0 1.59378 -1.87671 0 -1.69644 0 0 -19.4925 
2.859 1.987 0.1765 3.31551 0 1.59208 -1.87671 0 -1.70625 0 0 -19.4925 
2.86 1.987 0.1765 3.31363 0 1.59036 -1.87671 0 -1.71606 0 0 -19.4925 
2.861 1.987 0.1765 3.31175 0 1.58864 -1.87671 0 -1.72587 0 0 -19.4925 
2.862 1.987 0.1765 3.30988 0 1.5869 -1.87671 0 -1.73568 0 0 -19.4925 
2.863 1.987 0.1765 3.308 0 1.58515 -1.87671 0 -1.74549 0 0 -19.4925 
2.864 1.987 0.1765 3.30612 0 1.5834 -1.87671 0 -1.7553 0 0 -19.4925 
2.865 1.987 0.1765 3.30425 0 1.58163 -1.87671 0 -1.76511 0 0 -19.4925 
2.866 1.987 0.1765 3.30237 0 1.57986 -1.87671 0 -1.77492 0 0 -19.4925 
2.867 1.987 0.1765 3.30049 0 1.57807 -1.87671 0 -1.78473 0 0 -19.4925 
2.868 1.987 0.1765 3.29862 0 1.57628 -1.87671 0 -1.79454 0 0 -19.4925 
2.869 1.987 0.1765 3.29674 0 1.57448 -1.87671 0 -1.80435 0 0 -19.4925 
2.87 1.987 0.1765 3.29486 0 1.57266 -1.87671 0 -1.81416 0 0 -19.4925 
2.871 1.987 0.1765 3.29299 0 1.57084 -1.87671 0 -1.82397 0 0 -19.4925 
2.872 1.987 0.1765 3.29111 0 1.569 -1.87671 0 -1.83378 0 0 -19.4925 
2.873 1.987 0.1765 3.28923 0 1.56716 -1.87671 0 -1.84359 0 0 -19.4925 
2.874 1.987 0.1765 3.28736 0 1.56531 -1.87671 0 -1.8534 0 0 -19.4925 
2.875 1.987 0.1765 3.28548 0 1.56344 -1.87671 0 -1.86321 0 0 -19.4925 
2.876 1.987 0.1765 3.2836 0 1.56157 -1.87671 0 -1.87302 0 0 -19.4925 
2.877 1.987 0.1765 3.28173 0 1.55969 -1.87671 0 -1.88283 0 0 -19.4925 
2.878 1.987 0.1765 3.27985 0 1.55779 -1.87671 0 -1.89264 0 0 -19.4925 
2.879 1.987 0.1765 3.27797 0 1.55589 -1.87671 0 -1.90245 0 0 -19.4925 
2.88 1.987 0.1765 3.2761 0 1.55398 -1.87671 0 -1.91226 0 0 -19.4925 
2.881 1.987 0.1765 3.27422 0 1.55206 -1.87671 0 -1.92207 0 0 -19.4925 
2.882 1.987 0.1765 3.27234 0 1.55013 -1.87671 0 -1.93188 0 0 -19.4925 
2.883 1.987 0.1765 3.27047 0 1.54818 -1.87671 0 -1.94169 0 0 -19.4925 
2.884 1.987 0.1765 3.26859 0 1.54623 -1.87671 0 -1.9515 0 0 -19.4925 
2.885 1.987 0.1765 3.26671 0 1.54427 -1.87671 0 -1.96131 0 0 -19.4925 
2.886 1.987 0.1765 3.26484 0 1.5423 -1.87671 0 -1.97112 0 0 -19.4925 
2.887 1.987 0.1765 3.26296 0 1.54032 -1.87671 0 -1.98093 0 0 -19.4925 
2.888 1.987 0.1765 3.26108 0 1.53833 -1.87671 0 -1.99074 0 0 -19.4925 
2.889 1.987 0.1765 3.25921 0 1.53633 -1.87671 0 -2.00055 0 0 -19.4925 
2.89 1.987 0.1765 3.25733 0 1.53432 -1.87671 0 -2.01036 0 0 -19.4925 
2.891 1.987 0.1765 3.25545 0 1.5323 -1.87671 0 -2.02017 0 0 -19.4925 
2.892 1.987 0.1765 3.25358 0 1.53027 -1.87671 0 -2.02998 0 0 -19.4925 
2.893 1.987 0.1765 3.2517 0 1.52823 -1.87671 0 -2.03979 0 0 -19.4925 
2.894 1.987 0.1765 3.24982 0 1.52618 -1.87671 0 -2.0496 0 0 -19.4925 
2.895 1.987 0.1765 3.24795 0 1.52412 -1.87671 0 -2.05941 0 0 -19.4925 
2.896 1.987 0.1765 3.24607 0 1.52205 -1.87671 0 -2.06922 0 0 -19.4925 
2.897 1.987 0.1765 3.24419 0 1.51997 -1.87671 0 -2.07903 0 0 -19.4925 
2.898 1.987 0.1765 3.24232 0 1.51788 -1.87671 0 -2.08884 0 0 -19.4925 
2.899 1.987 0.1765 3.24044 0 1.51578 -1.87671 0 -2.09865 0 0 -19.4925 
2.9 1.987 0.1765 3.23856 0 1.51367 -1.87671 0 -2.10846 0 0 -19.4925 
2.901 1.987 0.1765 3.23669 0 1.51156 -1.87671 0 -2.11827 0 0 -19.4925 
2.902 1.987 0.1765 3.23481 0 1.50943 -1.87671 0 -2.12808 0 0 -19.4925 
2.903 1.987 0.1765 3.23293 0 1.50729 -1.87671 0 -2.13789 0 0 -19.4925 
2.904 1.987 0.1765 3.23106 0 1.50514 -1.87671 0 -2.1477 0 0 -19.4925 
2.905 1.987 0.1765 3.22918 0 1.50299 -1.87671 0 -2.15751 0 0 -19.4925 
2.906 1.987 0.1765 3.2273 0 1.50082 -1.87671 0 -2.16732 0 0 -19.4925 
2.907 1.987 0.1765 3.22543 0 1.49864 -1.87671 0 -2.17713 0 0 -19.4925 
2.908 1.987 0.1765 3.22355 0 1.49645 -1.87671 0 -2.18694 0 0 -19.4925 
2.909 1.987 0.1765 3.22167 0 1.49426 -1.87671 0 -2.19675 0 0 -19.4925 
2.91 1.987 0.1765 3.2198 0 1.49205 -1.87671 0 -2.20656 0 0 -19.4925 
2.911 1.987 0.1765 3.21792 0 1.48983 -1.87671 0 -2.21637 0 0 -19.4925 
2.912 1.987 0.1765 3.21604 0 1.48761 -1.87671 0 -2.22618 0 0 -19.4925 
2.913 1.987 0.1765 3.21417 0 1.48537 -1.87671 0 -2.23599 0 0 -19.4925 
2.914 1.987 0.1765 3.21229 0 1.48313 -1.87671 0 -2.2458 0 0 -19.4925 
2.915 1.987 0.1765 3.21041 0 1.48087 -1.87671 0 -2.25561 0 0 -19.4925 
2.916 1.987 0.1765 3.20854 0 1.47861 -1.87671 0 -2.26542 0 0 -19.4925 
2.917 1.987 0.1765 3.20666 0 1.47633 -1.87671 0 -2.27523 0 0 -19.4925 
2.918 1.987 0.1765 3.20478 0 1.47405 -1.87671 0 -2.28504 0 0 -19.4925 
2.919 1.987 0.1765 3.20291 0 1.47175 -1.87671 0 -2.29485 0 0 -19.4925 
2.92 1.987 0.1765 3.20103 0 1.46945 -1.87671 0 -2.30466 0 0 -19.4925 
2.921 1.987 0.1765 3.19915 0 1.46713 -1.87671 0 -2.31447 0 0 -19.4925 
2.922 1.987 0.1765 3.19728 0 1.46481 -1.87671 0 -2.32428 0 0 -19.4925 
2.923 1.987 0.1765 3.1954 0 1.46247 -1.87671 0 -2.33409 0 0 -19.4925 
2.924 1.987 0.1765 3.19352 0 1.46013 -1.87671 0 -2.3439 0 0 -19.4925 
2.925 1.987 0.1765 3.19165 0 1.45778 -1.87671 0 -2.35371 0 0 -19.4925 
2.926 1.987 0.1765 3.18977 0 1.45541 -1.87671 0 -2.36352 0 0 -19.4925 
2.927 1.987 0.1765 3.18789 0 1.45304 -1.87671 0 -2.37333 0 0 -19.4925 
2.928 1.987 0.1765 3.18601 0 1.45066 -1.87671 0 -2.38314 0 0 -19.4925 
2.929 1.987 0.1765 3.18414 0 1.44826 -1.87671 0 -2.39295 0 0 -19.4925 
2.93 1.987 0.1765 3.18226 0 1.44586 -1.87671 0 -2.40276 0 0 -19.4925 
2.931 1.987 0.1765 3.18038 0 1.44345 -1.87671 0 -2.41257 0 0 -19.4925 
2.932 1.987 0.1765 3.17851 0 1.44102 -1.87671 0 -2.42238 0 0 -19.4925 
2.933 1.987 0.1765 3.17663 0 1.43859 -1.87671 0 -2.43219 0 0 -19.4925 
2.934 1.987 0.1765 3.17475 0 1.43615 -1.87671 0 -2.442 0 0 -19.4925 
2.935 1.987 0.1765 3.17288 0 1.4337 -1.87671 0 -2.45181 0 0 -19.4925 
2.936 1.987 0.1765 3.171 0 1.43124 -1.87671 0 -2.46162 0 0 -19.4925 
2.937 1.987 0.1765 3.16912 0 1.42877 -1.87671 0 -2.47143 0 0 -19.4925 
2.938 1.987 0.1765 3.16725 0 1.42628 -1.87671 0 -2.48124 0 0 -19.4925 
2.939 1.987 0.1765 3.16537 0 1.42379 -1.87671 0 -2.49105 0 0 -19.4925 
2.94 1.987 0.1765 3.16349 0 1.42129 -1.87671 0 -2.50086 0 0 -19.4925 
2.941 1.987 0.1765 3.16162 0 1.41878 -1.87671 0 -2.51067 0 0 -19.4925 
2.942 1.987 0.1765 3.15974 0 1.41626 -1.87671 0 -2.52048 0 0 -19.4925 
2.943 1.987 0.1765 3.15786 0 1.41373 -1.87671 0 -2.53029 0 0 -19.4925 
2.944 1.987 0.1765 3.15599 0 1.41119 -1.87671 0 -2.5401 0 0 -19.4925 
2.945 1.987 0.1765 3.15411 0 1.40864 -1.87671 0 -2.54991 0 0 -19.4925 
2.946 1.987 0.1765 3.15223 0 1.40608 -1.87671 0 -2.55972 0 0 -19.4925 
2.947 1.987 0.1765 3.15036 0 1.40351 -1.87671 0 -2.56953 0 0 -19.4925 
2.948 1.987 0.1765 3.14848 0 1.40093 -1.87671 0 -2.57934 0 0 -19.4925 
2.949 1.987 0.1765 3.1466 0 1.39834 -1.87671 0 -2.58915 0 0 -19.4925 
2.95 1.987 0.1765 3.14473 0 1.39574 -1.87671 0 -2.59896 0 0 -19.4925 
2.951 1.987 0.1765 3.14285 0 1.39314 -1.87671 0 -2.60877 0 0 -19.4925 
2.952 1.987 0.1765 3.14097 0 1.39052 -1.87671 0 -2.61858 0 0 -19.4925 
2.953 1.987 0.1765 3.1391 0 1.38789 -1.87671 0 -2.62839 0 0 -19.4925 
2.954 1.987 0.1765 3.13722 0 1.38525 -1.87671 0 -2.6382 0 0 -19.4925 
2.955 1.987 0.1765 3.13534 0 1.3826 -1.87671 0 -2.64801 0 0 -19.4925 
2.956 1.987 0.1765 3.13347 0 1.37994 -1.87671 0 -2.65782 0 0 -19.4925 
2.957 1.987 0.1765 3.13159 0 1.37728 -1.87671 0 -2.66763 0 0 -19.4925 
2.958 1.987 0.1765 3.12971 0 1.3746 -1.87671 0 -2.67744 0 0 -19.4925 
2.959 1.987 0.1765 3.12784 0 1.37191 -1.87671 0 -2.68725 0 0 -19.4925 
2.96 1.987 0.1765 3.12596 0 1.36921 -1.87671 0 -2.69706 0 0 -19.4925 
2.961 1.987 0.1765 3.12408 0 1.36651 -1.87671 0 -2.70687 0 0 -19.4925 
2.962 1.987 0.1765 3.12221 0 1.36379 -1.87671 0 -2.71668 0 0 -19.4925 
2.963 1.987 0.1765 3.12033 0 1.36106 -1.87671 0 -2.72649 0 0 -19.4925 
2.964 1.987 0.1765 3.11845 0 1.35833 -1.87671 0 -2.7363 0 0 -19.4925 
2.965 1.987 0.1765 3.11658 0 1.35558 -1.87671 0 -2.74611 0 0 -19.4925 
2.966 1.987 0.1765 3.1147 0 1.35283 -1.87671 0 -2.75592 0 0 -19.4925 
2.967 1.987 0.1765 3.11282 0 1.35006 -1.87671 0 -2.76573 0 0 -19.4925 
2.968 1.987 0.1765 3.11095 0 1.34729 -1.87671 0 -2.77554 0 0 -19.4925 
2.969 1.987 0.1765 3.10907 0 1.3445 -1.87671 0 -2.78535 0 0 -19.4925 
2.97 1.987 0.1765 3.10719 0 1.3417 -1.87671 0 -2.79516 0 0 -19.4925 
2.971 1.987 0.1765 3.10532 0 1.3389 -1.87671 0 -2.80497 0 0 -19.4925 
2.972 1.987 0.1765 3.10344 0 1.33608 -1.87671 0 -2.81478 0 0 -19.4925 
2.973 1.987 0.1765 3.10156 0 1.33326 -1.87671 0 -2.82459 0 0 -19.4925 
2.974 1.987 0.1765 3.09969 0 1.33043 -1.87671 0 -2.8344 0 0 -19.4925 
2.975 1.987 0.1765 3.09781 0 1.32758 -1.87671 0 -2.84421 0 0 -19.4925 
2.976 1.987 0.1765 3.09593 0 1.32473 -1.87671 0 -2.85402 0 0 -19.4925 
2.977 1.987 0.1765 3.09406 0 1.32186 -1.87671 0 -2.86383 0 0 -19.4925 
2.978 1.987 0.1765 3.09218 0 1.31899 -1.87671 0 -2.87364 0 0 -19.4925 
2.979 1.987 0.1765 3.0903 0 1.31611 -1.87671 0 -2.88345 0 0 -19.4925 
2.98 1.987 0.1765 3.08843 0 1.31321 -1.87671 0 -2.89326 0 0 -19.4925 
2.981 1.987 0.1765 3.08655 0 1.31031 -1.87671 0 -2.90307 0 0 -19.4925 
2.982 1.987 0.1765 3.08467 0 1.3074 -1.87671 0 -2.91288 0 0 -19.4925 
2.983 1.987 0.1765 3.0828 0 1.30447 -1.87671 0 -2.92269 0 0 -19.4925 
2.984 1.987 0.1765 3.08092 0 1.30154 -1.87671 0 -2.9325 0 0 -19.4925 
2.985 1.987 0.1765 3.07904 0 1.2986 -1.87671 0 -2.94231 0 0 -19.4925 
2.986 1.987 0.1765 3.07717 0 1.29565 -1.87671 0 -2.95212 0 0 -19.4925 
2.987 1.987 0.1765 3.07529 0 1.29269 -1.87671 0 -2.96193 0 0 -19.4925 
2.988 1.987 0.1765 3.07341 0 1.28971 -1.87671 0 -2.97174 0 0 -19.4925 
2.989 1.987 0.1765 3.07154 0 1.28673 -1.87671 0 -2.98155 0 0 -19.4925 
2.99 1.987 0.1765 3.06966 0 1.28374 -1.87671 0 -2.99136 0 0 -19.4925 
2.991 1.987 0.1765 3.06778 0 1.28074 -1.87671 0 -3.00117 0 0 -19.4925 
2.992 1.987 0.1765 3.06591 0 1.27773 -1.87671 0 -3.01098 0 0 -19.4925 
2.993 1.987 0.1765 3.06403 0 1.27471 -1.87671 0 -3.02079 0 0 -19.4925 
2.994 1.987 0.1765 3.06215 0 1.27168 -1.87671 0 -3.0306 0 0 -19.4925 
2.995 1.987 0.1765 3.06028 0 1.26864 -1.87671 0 -3.04041 0 0 -19.4925 
2.996 1.987 0.1765 3.0584 0 1.26559 -1.87671 0 -3.05022 0 0 -19.4925 
2.997 1.987 0.1765 3.05652 0 1.26253 -1.87671 0 -3.06003 0 0 -19.4925 
2.998 1.987 0.1765 3.05464 0 1.25946 -1.87671 0 -3.06984 0 0 -19.4925 
2.999 1.987 0.1765 3.05277 0 1.25638 -1.87671 0 -3.07965 0 0 -19.4925 
3 1.987 0.1765 3.05089 0 1.25329 -1.87671 0 -3.08946 0 0 -19.4925 
3.001 1.987 0.1765 3.04901 0 1.25019 -1.87671 0 -3.09927 0 0 -19.4925 
3.002 1.987 0.1765 3.04714 0 1.24708 -1.87671 0 -3.10908 0 0 -19.4925 
3.003 1.987 0.1765 3.04526 0 1.24396 -1.87671 0 -3.11889 0 0 -19.4925 
3.004 1.987 0.1765 3.04338 0 1.24083 -1.87671 0 -3.1287 0 0 -19.4925 
3.005 1.987 0.1765 3.04151 0 1.23769 -1.87671 0 -3.13851 0 0 -19.4925 
3.006 1.987 0.1765 3.03963 0 1.23455 -1.87671 0 -3.14832 0 0 -19.4925 
3.007 1.987 0.1765 3.03775 0 1.23139 -1.87671 0 -3.15813 0 0 -19.4925 
3.008 1.987 0.1765 3.03588 0 1.22822 -1.87671 0 -3.16794 0 0 -19.4925 
3.009 1.987 0.1765 3.034 0 1.22504 -1.87671 0 -3.17775 0 0 -19.4925 
3.01 1.987 0.1765 3.03212 0 1.22185 -1.87671 0 -3.18756 0 0 -19.4925 
3.011 1.987 0.1765 3.03025 0 1.21866 -1.87671 0 -3.19737 0 0 -19.4925 
3.012 1.987 0.1765 3.02837 0 1.21545 -1.87671 0 -3.20718 0 0 -19.4925 
3.013 1.987 0.1765 3.02649 0 1.21223 -1.87671 0 -3.21699 0 0 -19.4925 
3.014 1.987 0.1765 3.02462 0 1.20901 -1.87671 0 -3.2268 0 0 -19.4925 
3.015 1.987 0.1765 3.02274 0 1.20577 -1.87671 0 -3.23661 0 0 -19.4925 
3.016 1.987 0.1765 3.02086 0 1.20252 -1.87671 0 -3.24642 0 0 -19.4925 
3.017 1.987 0.1765 3.01899 0 1.19927 -1.87671 0 -3.25623 0 0 -19.4925 
3.018 1.987 0.1765 3.01711 0 1.196 -1.87671 0 -3.26604 0 0 -19.4925 
3.019 1.987 0.1765 3.01523 0 1.19272 -1.87671 0 -3.27585 0 0 -19.4925 
3.02 1.987 0.1765 3.01336 0 1.18944 -1.87671 0 -3.28566 0 0 -19.4925 
3.021 1.987 0.1765 3.01148 0 1.18614 -1.87671 0 -3.29547 0 0 -19.4925 
3.022 1.987 0.1765 3.0096 0 1.18284 -1.87671 0 -3.30528 0 0 -19.4925 
3.023 1.987 0.1765 3.00773 0 1.17952 -1.87671 0 -3.31509 0 0 -19.4925 
3.024 1.987 0.1765 3.00585 0 1.1762 -1.87671 0 -3.3249 0 0 -19.4925 
3.025 1.987 0.1765 3.00397 0 1.17286 -1.87671 0 -3.33471 0 0 -19.4925 
3.026 1.987 0.1765 3.0021 0 1.16952 -1.87671 0 -3.34452 0 0 -19.4925 
3.027 1.987 0.1765 3.00022 0 1.16616 -1.87671 0 -3.35433 0 0 -19.4925 
3.028 1.987 0.1765 2.99834 0 1.1628 -1.87671 0 -3.36414 0 0 -19.4925 
3.029 1.987 0.1765 2.99647 0 1.15943 -1.87671 0 -3.37395 0 0 -19.4925 
3.03 1.987 0.1765 2.99459 0 1.15604 -1.87671 0 -3.38376 0 0 -19.4925 
3.031 1.987 0.1765 2.99271 0 1.15265 -1.87671 0 -3.39357 0 0 -19.4925 
3.032 1.987 0.1765 2.99084 0 1.14925 -1.87671 0 -3.40338 0 0 -19.4925 
3.033 1.987 0.1765 2.98896 0 1.14583 -1.87671 0 -3.41319 0 0 -19.4925 
3.034 1.987 0.1765 2.98708 0 1.14241 -1.87671 0 -3.423 0 0 -19.4925 
3.035 1.987 0.1765 2.98521 0 1.13898 -1.87671 0 -3.43281 0 0 -19.4925 
3.036 1.987 0.1765 2.98333 0 1.13553 -1.87671 0 -3.44262 0 0 -19.4925 
3.037 1.987 0.1765 2.98145 0 1.13208 -1.87671 0 -3.45243 0 0 -19.4925 
3.038 1.987 0.1765 2.97958 0 1.12862 -1.87671 0 -3.46224 0 0 -19.4925 
3.039 1.987 0.1765 2.9777 0 1.12515 -1.87671 0 -3.47205 0 0 -19.4925 
3.04 1.987 0.1765 2.97582 0 1.12167 -1.87671 0 -3.48186 0 0 -19.4925 
3.041 1.987 0.1765 2.97395 0 1.11817 -1.87671 0 -3.49167 0 0 -19.4925 
3.042 1.987 0.1765 2.97207 0 1.11467 -1.87671 0 -3.50148 0 0 -19.4925 
3.043 1.987 0.1765 2.97019 0 1.11116 -1.87671 0 -3.51129 0 0 -19.4925 
3.044 1.987 0.1765 2.96832 0 1.10764 -1.87671 0 -3.5211 0 0 -19.4925 
3.045 1.987 0.1765 2.96644 0 1.10411 -1.87671 0 -3.53091 0 0 -19.4925 
3.046 1.987 0.1765 2.96456 0 1.10057 -1.87671 0 -3.54072 0 0 -19.4925 
3.047 1.987 0.1765 2.96269 0 1.09702 -1.87671 0 -3.55053 0 0 -19.4925 
3.048 1.987 0.1765 2.96081 0 1.09346 -1.87671 0 -3.56034 0 0 -19.4925 
3.049 1.987 0.1765 2.95893 0 1.08989 -1.87671 0 -3.57015 0 0 -19.4925 
3.05 1.987 0.1765 2.95706 0 1.08631 -1.87671 0 -3.57996 0 0 -19.4925 
3.051 1.987 0.1765 2.95518 0 1.08272 -1.87671 0 -3.58977 0 0 -19.4925 
3.052 1.987 0.1765 2.9533 0 1.07912 -1.87671 0 -3.59958 0 0 -19.4925 
3.053 1.987 0.1765 2.95143 0 1.07551 -1.87671 0 -3.60939 0 0 -19.4925 
3.054 1.987 0.1765 2.94955 0 1.07189 -1.87671 0 -3.6192 0 0 -19.4925 
3.055 1.987 0.1765 2.94767 0 1.06826 -1.87671 0 -3.62901 0 0 -19.4925 
3.056 1.987 0.1765 2.9458 0 1.06462 -1.87671 0 -3.63882 0 0 -19.4925 
3.057 1.987 0.1765 2.94392 0 1.06097 -1.87671 0 -3.64863 0 0 -19.4925 
3.058 1.987 0.1765 2.94204 0 1.05731 -1.87671 0 -3.65844 0 0 -19.4925 
3.059 1.987 0.1765 2.94017 0 1.05365 -1.87671 0 -3.66825 0 0 -19.4925 
3.06 1.987 0.1765 2.93829 0 1.04997 -1.87671 0 -3.67806 0 0 -19.4925 
3.061 1.987 0.1765 2.93641 0 1.04628 -1.87671 0 -3.68787 0 0 -19.4925 
3.062 1.987 0.1765 2.93454 0 1.04258 -1.87671 0 -3.69768 0 0 -19.4925 
3.063 1.987 0.1765 2.93266 0 1.03887 -1.87671 0 -3.70749 0 0 -19.4925 
3.064 1.987 0.1765 2.93078 0 1.03516 -1.87671 0 -3.7173 0 0 -19.4925 
3.065 1.987 0.1765 2.92891 0 1.03143 -1.87671 0 -3.72711 0 0 -19.4925 
3.066 1.987 0.1765 2.92703 0 1.02769 -1.87671 0 -3.73692 0 0 -19.4925 
3.067 1.987 0.1765 2.92515 0 1.02395 -1.87671 0 -3.74673 0 0 -19.4925 
3.068 1.987 0.1765 2.92328 0 1.02019 -1.87671 0 -3.75654 0 0 -19.4925 
3.069 1.987 0.1765 2.9214 0 1.01642 -1.87671 0 -3.76635 0 0 -19.4925 
3.07 1.987 0.1765 2.91952 0 1.01265 -1.87671 0 -3.77616 0 0 -19.4925 
3.071 1.987 0.1765 2.91764 0 1.00886 -1.87671 0 -3.78597 0 0 -19.4925 
3.072 1.987 0.1765 2.91577 0 1.00507 -1.87671 0 -3.79578 0 0 -19.4925 
3.073 1.987 0.1765 2.91389 0 1.00126 -1.87671 0 -3.80559 0 0 -19.4925 
3.074 1.987 0.1765 2.91201 0 0.997445 -1.87671 0 -3.8154 0 0 -19.4925 
3.075 1.987 0.1765 2.91014 0 0.99362 -1.87671 0 -3.82521 0 0 -19.4925 
3.076 1.987 0.1765 2.90826 0 0.989785 -1.87671 0 -3.83502 0 0 -19.4925 
3.077 1.987 0.1765 2.90638 0 0.98594 -1.87671 0 -3.84483 0 0 -19.4925 
3.078 1.987 0.1765 2.90451 0 0.982085 -1.87671 0 -3.85464 0 0 -19.4925 
3.079 1.987 0.1765 2.90263 0 0.978221 -1.87671 0 -3.86445 0 0 -19.4925 
3.08 1.987 0.1765 2.90075 0 0.974346 -1.87671 0 -3.87426 0 0 -19.4925 
3.081 1.987 0.1765 2.89888 0 0.970462 -1.87671 0 -3.88407 0 0 -19.4925 
3.082 1.987 0.1765 2.897 0 0.966568 -1.87671 0 -3.89388 0 0 -19.4925 
3.083 1.987 0.1765 2.89512 0 0.962665 -1.87671 0 -3.90369 0 0 -19.4925 
3.084 1.987 0.1765 2.89325 0 0.958751 -1.87671 0 -3.9135 0 0 -19.4925 
3.085 1.987 0.1765 2.89137 0 0.954828 -1.87671 0 -3.92331 0 0 -19.4925 
3.086 1.987 0.1765 2.88949 0 0.950895 -1.87671 0 -3.93312 0 0 -19.4925 
3.087 1.987 0.1765 2.88762 0 0.946952 -1.87671 0 -3.94293 0 0 -19.4925 
3.088 1.987 0.1765 2.88574 0 0.942999 -1.87671 0 -3.95274 0 0 -19.4925 
3.089 1.987 0.1765 2.88386 0 0.939037 -1.87671 0 -3.96255 0 0 -19.4925 
3.09 1.987 0.1765 2.88199 0 0.935064 -1.87671 0 -3.97236 0 0 -19.4925 
3.091 1.987 0.1765 2.88011 0 0.931082 -1.87671 0 -3.98217 0 0 -19.4925 
3.092 1.987 0.1765 2.87823 0 0.92709 -1.87671 0 -3.99198 0 0 -19.4925 
3.093 1.987 0.1765 2.87636 0 0.923088 -1.87671 0 -4.00179 0 0 -19.4925 
3.094 1.987 0.1765 2.87448 0 0.919077 -1.87671 0 -4.0116 0 0 -19.4925 
3.095 1.987 0.1765 2.8726 0 0.915055 -1.87671 0 -4.02141 0 0 -19.4925 
3.096 1.987 0.1765 2.87073 0 0.911024 -1.87671 0 -4.03122 0 0 -19.4925 
3.097 1.987 0.1765 2.86885 0 0.906983 -1.87671 0 -4.04103 0 0 -19.4925 
3.098 1.987 0.1765 2.86697 0 0.902932 -1.87671 0 -4.05084 0 0 -19.4925 
3.099 1.987 0.1765 2.8651 0 0.898872 -1.87671 0 -4.06065 0 0 -19.4925 
3.1 1.987 0.1765 2.86322 0 0.894801 -1.87671 0 -4.07046 0 0 -19.4925 
3.101 1.987 0.1765 2.86134 0 0.890721 -1.87671 0 -4.08027 0 0 -19.4925 
3.102 1.987 0.1765 2.85947 0 0.886631 -1.87671 0 -4.09008 0 0 -19.4925 
3.103 1.987 0.1765 2.85759 0 0.882531 -1.87671 0 -4.09989 0 0 -19.4925 
3.104 1.987 0.1765 2.85571 0 0.878421 -1.87671 0 -4.1097 0 0 -19.4925 
3.105 1.987 0.1765 2.85384 0 0.874302 -1.87671 0 -4.11951 0 0 -19.4925 
3.106 1.987 0.1765 2.85196 0 0.870172 -1.87671 0 -4.12932 0 0 -19.4925 
3.107 1.987 0.1765 2.85008 0 0.866033 -1.87671 0 -4.13913 0 0 -19.4925 
3.108 1.987 0.1765 2.84821 0 0.861884 -1.87671 0 -4.14894 0 0 -19.4925 
3.109 1.987 0.1765 2.84633 0 0.857725 -1.87671 0 -4.15875 0 0 -19.4925 
3.11 1.987 0.1765 2.84445 0 0.853557 -1.87671 0 -4.16856 0 0 -19.4925 
3.111 1.987 0.1765 2.84258 0 0.849378 -1.87671 0 -4.17837 0 0 -19.4925 
3.112 1.987 0.1765 2.8407 0 0.84519 -1.87671 0 -4.18818 0 0 -19.4925 
3.113 1.987 0.1765 2.83882 0 0.840992 -1.87671 0 -4.19799 0 0 -19.4925 
3.114 1.987 0.1765 2.83695 0 0.836784 -1.87671 0 -4.2078 0 0 -19.4925 
3.115 1.987 0.1765 2.83507 0 0.832567 -1.87671 0 -4.21761 0 0 -19.4925 
3.116 1.987 0.1765 2.83319 0 0.828339 -1.87671 0 -4.22742 0 0 -19.4925 
3.117 1.987 0.1765 2.83132 0 0.824102 -1.87671 0 -4.23723 0 0 -19.4925 
3.118 1.987 0.1765 2.82944 0 0.819855 -1.87671 0 -4.24704 0 0 -19.4925 
3.119 1.987 0.1765 2.82756 0 0.815598 -1.87671 0 -4.25685 0 0 -19.4925 
3.12 1.987 0.1765 2.82569 0 0.811332 -1.87671 0 -4.26666 0 0 -19.4925 
3.121 1.987 0.1765 2.82381 0 0.807055 -1.87671 0 -4.27647 0 0 -19.4925 
3.122 1.987 0.1765 2.82193 0 0.802769 -1.87671 0 -4.28628 0 0 -19.4925 
3.123 1.987 0.1765 2.82006 0 0.798473 -1.87671 0 -4.29609 0 0 -19.4925 
3.124 1.987 0.1765 2.81818 0 0.794167 -1.87671 0 -4.3059 0 0 -19.4925 
3.125 1.987 0.1765 2.8163 0 0.789851 -1.87671 0 -4.31571 0 0 -19.4925 
3.126 1.987 0.1765 2.81443 0 0.785526 -1.87671 0 -4.32552 0 0 -19.4925 
3.127 1.987 0.1765 2.81255 0 0.78119 -1.87671 0 -4.33533 0 0 -19.4925 
3.128 1.987 0.1765 2.81067 0 0.776845 -1.87671 0 -4.34514 0 0 -19.4925 
3.129 1.987 0.1765 2.8088 0 0.77249 -1.87671 0 -4.35495 0 0 -19.4925 
3.13 1.987 0.1765 2.80692 0 0.768125 -1.87671 0 -4.36476 0 0 -19.4925 
3.131 1.987 0.1765 2.80504 0 0.763751 -1.87671 0 -4.37457 0 0 -19.4925 
3.132 1.987 0.1765 2.80317 0 0.759367 -1.87671 0 -4.38438 0 0 -19.4925 
3.133 1.987 0.1765 2.80129 0 0.754972 -1.87671 0 -4.39419 0 0 -19.4925 
3.134 1.987 0.1765 2.79941 0 0.750568 -1.87671 0 -4.404 0 0 -19.4925 
3.135 1.987 0.1765 2.79754 0 0.746155 -1.87671 0 -4.41381 0 0 -19.4925 
3.136 1.987 0.1765 2.79566 0 0.741731 -1.87671 0 -4.42362 0 0 -19.4925 
3.137 1.987 0.1765 2.79378 0 0.737297 -1.87671 0 -4.43343 0 0 -19.4925 
3.138 1.987 0.1765 2.79191 0 0.732854 -1.87671 0 -4.44324 0 0 -19.4925 
3.139 1.987 0.1765 2.79003 0 0.728401 -1.87671 0 -4.45305 0 0 -19.4925 
3.14 1.987 0.1765 2.78815 0 0.723938 -1.87671 0 -4.46286 0 0 -19.4925 
3.141 1.987 0.1765 2.78627 0 0.719466 -1.87671 0 -4.47267 0 0 -19.4925 
3.142 1.987 0.1765 2.7844 0 0.714983 -1.87671 0 -4.48248 0 0 -19.4925 
3.143 1.987 0.1765 2.78252 0 0.710491 -1.87671 0 -4.49229 0 0 -19.4925 
3.144 1.987 0.1765 2.78064 0 0.705989 -1.87671 0 -4.5021 0 0 -19.4925 
3.145 1.987 0.1765 2.77877 0 0.701477 -1.87671 0 -4.51191 0 0 -19.4925 
3.146 1.987 0.1765 2.77689 0 0.696955 -1.87671 0 -4.52172 0 0 -19.4925 
3.147 1.987 0.1765 2.77501 0 0.692424 -1.87671 0 -4.53153 0 0 -19.4925 
3.148 1.987 0.1765 2.77314 0 0.687882 -1.87671 0 -4.54134 0 0 -19.4925 
3.149 1.987 0.1765 2.77126 0 0.683331 -1.87671 0 -4.55115 0 0 -19.4925 
3.15 1.987 0.1765 2.76938 0 0.67877 -1.87671 0 -4.56096 0 0 -19.4925 
3.151 1.987 0.1765 2.76751 0 0.674199 -1.87671 0 -4.57077 0 0 -19.4925 
3.152 1.987 0.1765 2.76563 0 0.669619 -1.87671 0 -4.58058 0 0 -19.4925 
3.153 1.987 0.1765 2.76375 0 0.665028 -1.87671 0 -4.59039 0 0 -19.4925 
3.154 1.987 0.1765 2.76188 0 0.660428 -1.87671 0 -4.6002 0 0 -19.4925 
3.155 1.987 0.1765 2.76 0 0.655818 -1.87671 0 -4.61001 0 0 -19.4925 
3.156 1.987 0.1765 2.75812 0 0.651198 -1.87671 0 -4.61982 0 0 -19.4925 
3.157 1.987 0.1765 2.75625 0 0.646569 -1.87671 0 -4.62963 0 0 -19.4925 
3.158 1.987 0.1765 2.75437 0 0.641929 -1.87671 0 -4.63944 0 0 -19.4925 
3.159 1.987 0.1765 2.75249 0 0.63728 -1.87671 0 -4.64925 0 0 -19.4925 
3.16 1.987 0.1765 2.75062 0 0.632621 -1.87671 0 -4.65906 0 0 -19.4925 
3.161 1.987 0.1765 2.74874 0 0.627952 -1.87671 0 -4.66887 0 0 -19.4925 
3.162 1.987 0.1765 2.74686 0 0.623273 -1.87671 0 -4.67868 0 0 -19.4925 
3.163 1.987 0.1765 2.74499 0 0.618585 -1.87671 0 -4.68849 0 0 -19.4925 
3.164 1.987 0.1765 2.74311 0 0.613887 -1.87671 0 -4.6983 0 0 -19.4925 
3.165 1.987 0.1765 2.74123 0 0.609178 -1.87671 0 -4.70811 0 0 -19.4925 
3.166 1.987 0.1765 2.73936 0 0.604461 -1.87671 0 -4.71792 0 0 -19.4925 
3.167 1.987 0.1765 2.73748 0 0.599733 -1.87671 0 -4.72773 0 0 -19.4925 
3.168 1.987 0.1765 2.7356 0 0.594995 -1.87671 0 -4.73754 0 0 -19.4925 
3.169 1.987 0.1765 2.73373 0 0.590248 -1.87671 0 -4.74735 0 0 -19.4925 
3.17 1.987 0.1765 2.73185 0 0.585491 -1.87671 0 -4.75716 0 0 -19.4925 
3.171 1.987 0.1765 2.72997 0 0.580724 -1.87671 0 -4.76697 0 0 -19.4925 
3.172 1.987 0.1765 2.7281 0 0.575947 -1.87671 0 -4.77678 0 0 -19.4925 
3.173 1.987 0.1765 2.72622 0 0.57116 -1.87671 0 -4.78659 0 0 -19.4925 
3.174 1.987 0.1765 2.72434 0 0.566364 -1.87671 0 -4.7964 0 0 -19.4925 
3.175 1.987 0.1765 2.72247 0 0.561558 -1.87671 0 -4.80621 0 0 -19.4925 
3.176 1.987 0.1765 2.72059 0 0.556742 -1.87671 0 -4.81602 0 0 -19.4925 
3.177 1.987 0.1765 2.71871 0 0.551916 -1.87671 0 -4.82583 0 0 -19.4925 
3.178 1.987 0.1765 2.71684 0 0.54708 -1.87671 0 -4.83564 0 0 -19.4925 
3.179 1.987 0.1765 2.71496 0 0.542235 -1.87671 0 -4.84545 0 0 -19.4925 
3.18 1.987 0.1765 2.71308 0 0.53738 -1.87671 0 -4.85526 0 0 -19.4925 
3.181 1.987 0.1765 2.71121 0 0.532514 -1.87671 0 -4.86507 0 0 -19.4925 
3.182 1.987 0.1765 2.70933 0 0.52764 -1.87671 0 -4.87488 0 0 -19.4925 
3.183 1.987 0.1765 2.70745 0 0.522755 -1.87671 0 -4.88469 0 0 -19.4925 
3.184 1.987 0.1765 2.70558 0 0.51786 -1.87671 0 -4.8945 0 0 -19.4925 
3.185 1.987 0.1765 2.7037 0 0.512956 -1.87671 0 -4.90431 0 0 -19.4925 
3.186 1.987 0.1765 2.70182 0 0.508042 -1.87671 0 -4.91412 0 0 -19.4925 
3.187 1.987 0.1765 2.69995 0 0.503118 -1.87671 0 -4.92393 0 0 -19.4925 
3.188 1.987 0.1765 2.69807 0 0.498184 -1.87671 0 -4.93374 0 0 -19.4925 
3.189 1.987 0.1765 2.69619 0 0.493241 -1.87671 0 -4.94355 0 0 -19.4925 
3.19 1.987 0.1765 2.69432 0 0.488287 -1.87671 0 -4.95336 0 0 -19.4925 
3.191 1.987 0.1765 2.69244 0 0.483324 -1.87671 0 -4.96317 0 0 -19.4925 
3.192 1.987 0.1765 2.69056 0 0.478351 -1.87671 0 -4.97298 0 0 -19.4925 
3.193 1.987 0.1765 2.68869 0 0.473368 -1.87671 0 -4.98279 0 0 -19.4925 
3.194 1.987 0.1765 2.68681 0 0.468376 -1.87671 0 -4.9926 0 0 -19.4925 
3.195 1.987 0.1765 2.68493 0 0.463373 -1.87671 0 -5.00241 0 0 -19.4925 
3.196 1.987 0.1765 2.68306 0 0.458361 -1.87671 0 -5.01222 0 0 -19.4925 
3.197 1.987 0.1765 2.68118 0 0.453339 -1.87671 0 -5.02203 0 0 -19.4925 
3.198 1.987 0.1765 2.6793 0 0.448307 -1.87671 0 -5.03184 0 0 -19.4925 
3.199 1.987 0.1765 2.67743 0 0.443266 -1.87671 0 -5.04165 0 0 -19.4925 
3.2 1.987 0.1765 2.67555 0 0.438214 -1.87671 0 -5.05146 0 0 -19.4925 
3.201 1.987 0.1765 2.67367 0 0.433153 -1.87671 0 -5.06127 0 0 -19.4925 
3.202 1.987 0.1765 2.6718 0 0.428082 -1.87671 0 -5.07108 0 0 -19.4925 
3.203 1.987 0.1765 2.66992 0 0.423001 -1.87671 0 -5.08089 0 0 -19.4925 
3.204 1.987 0.1765 2.66804 0 0.41791 -1.87671 0 -5.0907 0 0 -19.4925 
3.205 1.987 0.1765 2.66617 0 0.41281 -1.87671 0 -5.10051 0 0 -19.4925 
3.206 1.987 0.1765 2.66429 0 0.407699 -1.87671 0 -5.11032 0 0 -19.4925 
3.207 1.987 0.1765 2.66241 0 0.402579 -1.87671 0 -5.12013 0 0 -19.4925 
3.208 1.987 0.1765 2.66054 0 0.397449 -1.87671 0 -5.12994 0 0 -19.4925 
3.209 1.987 0.1765 2.65866 0 0.39231 -1.87671 0 -5.13975 0 0 -19.4925 
3.21 1.987 0.1765 2.65678 0 0.38716 -1.87671 0 -5.14956 0 0 -19.4925 
3.211 1.987 0.1765 2.65491 0 0.382001 -1.87671 0 -5.15937 0 0 -19.4925 
3.212 1.987 0.1765 2.65303 0 0.376831 -1.87671 0 -5.16918 0 0 -19.4925 
3.213 1.987 0.1765 2.65115 0 0.371652 -1.87671 0 -5.17899 0 0 -19.4925 
3.214 1.987 0.1765 2.64927 0 0.366464 -1.87671 0 -5.1888 0 0 -19.4925 
3.215 1.987 0.1765 2.6474 0 0.361265 -1.87671 0 -5.19861 0 0 -19.4925 
3.216 1.987 0.1765 2.64552 0 0.356057 -1.87671 0 -5.20842 0 0 -19.4925 
3.217 1.987 0.1765 2.64364 0 0.350838 -1.87671 0 -5.21823 0 0 -19.4925 
3.218 1.987 0.1765 2.64177 0 0.34561 -1.87671 0 -5.22804 0 0 -19.4925 
3.219 1.987 0.1765 2.63989 0 0.340372 -1.87671 0 -5.23785 0 0 -19.4925 
3.22 1.987 0.1765 2.63801 0 0.335125 -1.87671 0 -5.24766 0 0 -19.4925 
3.221 1.987 0.1765 2.63614 0 0.329867 -1.87671 0 -5.25747 0 0 -19.4925 
3.222 1.987 0.1765 2.63426 0 0.3246 -1.87671 0 -5.26728 0 0 -19.4925 
3.223 1.987 0.1765 2.63238 0 0.319323 -1.87671 0 -5.27709 0 0 -19.4925 
3.224 1.987 0.1765 2.63051 0 0.314036 -1.87671 0 -5.2869 0 0 -19.4925 
3.225 1.987 0.1765 2.62863 0 0.308739 -1.87671 0 -5.29671 0 0 -19.4925 
3.226 1.987 0.1765 2.62675 0 0.303433 -1.87671 0 -5.30652 0 0 -19.4925 
3.227 1.987 0.1765 2.62488 0 0.298116 -1.87671 0 -5.31633 0 0 -19.4925 
3.228 1.987 0.1765 2.623 0 0.29279 -1.87671 0 -5.32614 0 0 -19.4925 
3.229 1.987 0.1765 2.62112 0 0.287454 -1.87671 0 -5.33595 0 0 -19.4925 
3.23 1.987 0.1765 2.61925 0 0.282109 -1.87671 0 -5.34576 0 0 -19.4925 
3.231 1.987 0.1765 2.61737 0 0.276753 -1.87671 0 -5.35557 0 0 -19.4925 
3.232 1.987 0.1765 2.61549 0 0.271388 -1.87671 0 -5.36538 0 0 -19.4925 
3.233 1.987 0.1765 2.61362 0 0.266012 -1.87671 0 -5.37519 0 0 -19.4925 
3.234 1.987 0.1765 2.61174 0 0.260627 -1.87671 0 -5.385 0 0 -19.4925 
3.235 1.987 0.1765 2.60986 0 0.255233 -1.87671 0 -5.39481 0 0 -19.4925 
3.236 1.987 0.1765 2.60799 0 0.249828 -1.87671 0 -5.40462 0 0 -19.4925 
3.237 1.987 0.1765 2.60611 0 0.244414 -1.87671 0 -5.41443 0 0 -19.4925 
3.238 1.987 0.1765 2.60423 0 0.238989 -1.87671 0 -5.42424 0 0 -19.4925 
3.239 1.987 0.1765 2.60236 0 0.233555 -1.87671 0 -5.43405 0 0 -19.4925 
3.24 1.987 0.1765 2.60048 0 0.228111 -1.87671 0 -5.44386 0 0 -19.4925 
3.241 1.987 0.1765 2.5986 0 0.222658 -1.87671 0 -5.45367 0 0 -19.4925 
3.242 1.987 0.1765 2.59673 0 0.217194 -1.87671 0 -5.46348 0 0 -19.4925 
3.243 1.987 0.1765 2.59485 0 0.211721 -1.87671 0 -5.47329 0 0 -19.4925 
3.244 1.987 0.1765 2.59297 0 0.206238 -1.87671 0 -5.4831 0 0 -19.4925 
3.245 1.987 0.1765 2.5911 0 0.200745 -1.87671 0 -5.49291 0 0 -19.4925 
3.246 1.987 0.1765 2.58922 0 0.195242 -1.87671 0 -5.50272 0 0 -19.4925 
3.247 1.987 0.1765 2.58734 0 0.18973 -1.87671 0 -5.51253 0 0 -19.4925 
3.248 1.987 0.1765 2.58547 0 0.184207 -1.87671 0 -5.52234 0 0 -19.4925 
3.249 1.987 0.1765 2.58359 0 0.178675 -1.87671 0 -5.53215 0 0 -19.4925 
3.25 1.987 0.1765 2.58171 0 0.173133 -1.87671 0 -5.54196 0 0 -19.4925 
3.251 1.987 0.1765 2.57984 0 0.167595 -1.87671 0 -5.53783 0 0 8.21801 
3.252 1.987 0.1765 2.57796 0 0.162085 -1.87671 0 -5.51075 0 0 53.7969 
3.253 1.987 0.1765 2.57608 0 0.156624 -1.87671 0 -5.46085 0 0 99.1529 
3.254 1.987 0.1765 2.57421 0 0.151235 -1.87671 0 -5.38833 0 0 144.098 
3.255 1.987 0.1765 2.57233 0 0.145942 -1.87671 0 -5.29349 0 0 188.447 
3.256 1.987 0.1765 2.57045 0 0.140765 -1.87671 0 -5.17673 0 0 232.015 
3.257 1.987 0.1765 2.56858 0 0.135727 -1.87671 0 -5.03852 0 0 274.621 
3.258 1.987 0.1765 2.5667 0 0.130847 -1.87671 0 -4.87944 0 0 316.091 
3.259 1.987 0.1765 2.56482 0 0.126147 -1.87671 0 -4.70015 0 0 356.251 
3.26 1.987 0.1765 2.56295 0 0.121646 -1.87671 0 -4.50139 0 0 394.935 
3.261 1.987 0.1765 2.56107 0 0.117362 -1.87671 0 -4.28398 0 0 431.983 
3.262 1.987 0.1765 2.55919 0 0.113313 -1.87671 0 -4.04883 0 0 467.243 
3.263 1.987 0.1765 2.55732 0 0.109516 -1.87671 0 -3.79691 0 0 500.566 
3.264 1.987 0.1765 2.55544 0 0.105987 -1.87671 0 -3.52926 0 0 531.817 
3.265 1.987 0.1765 2.55356 0 0.10274 -1.87671 0 -3.247 0 0 560.864 
3.266 1.987 0.1765 2.55169 0 0.0997884 -1.87671 0 -2.95128 0 0 587.588 
3.267 1.987 0.1765 2.54981 0 0.0971451 -1.87671 0 -2.64334 0 0 611.879 
3.268 1.987 0.1765 2.54793 0 0.0948206 -1.87671 0 -2.32445 0 0 633.635 
3.269 1.987 0.1765 2.54606 0 0.0928247 -1.87671 0 -1.99593 0 0 652.766 
3.27 1.987 0.1765 2.54418 0 0.0911656 -1.87671 0 -1.65915 0 0 669.193 
3.271 1.987 0.1765 2.5423 0 0.0898501 -1.87671 0 -1.31549 0 0 682.849 
3.272 1.987 0.1765 2.54043 0 0.0888837 -1.87671 0 -0.966381 0 0 693.676 
3.273 1.987 0.1765 2.53855 0 0.0882704 -1.87671 0 -0.613271 0 0 701.63 
3.274 1.987 0.1765 2.53667 0 0.0880128 -1.87671 0 -0.25762 0 0 706.677 
3.275 1.987 0.1765 2.5348 0 0.0881119 -1.87671 0 0.0990973 0 0 708.798 
3.276 1.987 0.1765 2.53292 0 0.0885673 -1.87671 0 0.455404 0 0 707.982 
3.277 1.987 0.1765 2.53104 0 0.0893771 -1.87671 0 0.809825 0 0 704.234 
3.278 1.987 0.1765 2.52917 0 0.090538 -1.87671 0 1.16089 0 0 697.569 
3.279 1.987 0.1765 2.52729 0 0.0920452 -1.87671 0 1.50715 0 0 688.014 
3.28 1.987 0.1765 2.52541 0 0.0938923 -1.87671 0 1.84716 0 0 675.609 
3.281 1.987 0.1765 2.52354 0 0.0960719 -1.87671 0 2.17953 0 0 660.406 
3.282 1.987 0.1765 2.52166 0 0.0985747 -1.87671 0 2.50286 0 0 642.468 
3.283 1.987 0.1765 2.51978 0 0.101391 -1.87671 0 2.81583 0 0 621.868 
3.284 1.987 0.1765 2.51791 0 0.104508 -1.87671 0 3.11714 0 0 598.693 
3.285 1.987 0.1765 2.51603 0 0.107913 -1.87671 0 3.40553 0 0 573.037 
3.286 1.987 0.1765 2.51415 0 0.111593 -1.87671 0 3.67982 0 0 545.008 
3.287 1.987 0.1765 2.51227 0 0.115532 -1.87671 0 3.93886 0 0 514.722 
3.288 1.987 0.1765 2.5104 0 0.119713 -1.87671 0 4.18159 0 0 482.303 
3.289 1.987 0.1765 2.50852 0 0.12412 -1.87671 0 4.407 0 0 447.887 
3.29 1.987 0.1765 2.50664 0 0.128735 -1.87671 0 4.61415 0 0 411.615 
3.291 1.987 0.1765 2.50477 0 0.133537 -1.87671 0 4.80219 0 0 373.638 
3.292 1.987 0.1765 2.50289 0 0.138507 -1.87671 0 4.97034 0 0 334.114 
3.293 1.987 0.1765 2.50101 0 0.143625 -1.87671 0 5.11791 0 0 293.206 
3.294 1.987 0.1765 2.49914 0 0.148869 -1.87671 0 5.24427 0 0 251.083 
3.295 1.987 0.1765 2.49726 0 0.154218 -1.87671 0 5.34891 0 0 207.92 
3.296 1.987 0.1765 2.49538 0 0.15965 -1.87671 0 5.43139 0 0 163.896 
3.297 1.987 0.1765 2.49351 0 0.165141 -1.87671 0 5.49138 0 0 119.194 
3.298 1.987 0.1765 2.49163 0 0.17067 -1.87671 0 5.52862 0 0 73.9971 
3.299 1.987 0.1765 2.48975 0 0.176213 -1.87671 0 5.54296 0 0 28.494 
3.3 1.987 0.1765 2.48788 0 0.181747 -1.87671 0 5.53434 0 0 -17.1271 
3.301 1.987 0.1765 2.486 0 0.187271 -1.87671 0 5.52453 0 0 -19.4925 
3.302 1.987 0.1765 2.48412 0 0.192786 -1.87671 0 5.51472 0 0 -19.4925 
3.303 1.987 0.1765 2.48225 0 0.198291 -1.87671 0 5.50491 0 0 -19.4925 
3.304 1.987 0.1765 2.48037 0 0.203786 -1.87671 0 5.4951 0 0 -19.4925 
3.305 1.987 0.1765 2.47849 0 0.209272 -1.87671 0 5.48529 0 0 -19.4925 
3.306 1.987 0.1765 2.47662 0 0.214747 -1.87671 0 5.47548 0 0 -19.4925 
3.307 1.987 0.1765 2.47474 0 0.220213 -1.87671 0 5.46567 0 0 -19.4925 
3.308 1.987 0.1765 2.47286 0 0.225669 -1.87671 0 5.45586 0 0 -19.4925 
3.309 1.987 0.1765 2.47099 0 0.231115 -1.87671 0 5.44605 0 0 -19.4925 
3.31 1.987 0.1765 2.46911 0 0.236551 -1.87671 0 5.43624 0 0 -19.4925 
3.311 1.987 0.1765 2.46723 0 0.241977 -1.87671 0 5.42643 0 0 -19.4925 
3.312 1.987 0.1765 2.46536 0 0.247394 -1.87671 0 5.41662 0 0 -19.4925 
3.313 1.987 0.1765 2.46348 0 0.252801 -1.87671 0 5.40681 0 0 -19.4925 
3.314 1.987 0.1765 2.4616 0 0.258198 -1.87671 0 5.397 0 0 -19.4925 
3.315 1.987 0.1765 2.45973 0 0.263585 -1.87671 0 5.38719 0 0 -19.4925 
3.316 1.987 0.1765 2.45785 0 0.268962 -1.87671 0 5.37738 0 0 -19.4925 
3.317 1.987 0.1765 2.45597 0 0.27433 -1.87671 0 5.36757 0 0 -19.4925 
3.318 1.987 0.1765 2.4541 0 0.279688 -1.87671 0 5.35776 0 0 -19.4925 
3.319 1.987 0.1765 2.45222 0 0.285036 -1.87671 0 5.34795 0 0 -19.4925 
3.32 1.987 0.1765 2.45034 0 0.290374 -1.87671 0 5.33814 0 0 -19.4925 
3.321 1.987 0.1765 2.44847 0 0.295702 -1.87671 0 5.32833 0 0 -19.4925 
3.322 1.987 0.1765 2.44659 0 0.301021 -1.87671 0 5.31852 0 0 -19.4925 
3.323 1.987 0.1765 2.44471 0 0.306329 -1.87671 0 5.30871 0 0 -19.4925 
3.324 1.987 0.1765 2.44284 0 0.311628 -1.87671 0 5.2989 0 0 -19.4925 
3.325 1.987 0.1765 2.44096 0 0.316917 -1.87671 0 5.28909 0 0 -19.4925 
3.326 1.987 0.1765 2.43908 0 0.322197 -1.87671 0 5.27928 0 0 -19.4925 
3.327 1.987 0.1765 2.43721 0 0.327466 -1.87671 0 5.26947 0 0 -19.4925 
3.328 1.987 0.1765 2.43533 0 0.332726 -1.87671 0 5.25966 0 0 -19.4925 
3.329 1.987 0.1765 2.43345 0 0.337975 -1.87671 0 5.24985 0 0 -19.4925 
3.33 1.987 0.1765 2.43158 0 0.343216 -1.87671 0 5.24004 0 0 -19.4925 
3.331 1.987 0.1765 2.4297 0 0.348446 -1.87671 0 5.23023 0 0 -19.4925 
3.332 1.987 0.1765 2.42782 0 0.353666 -1.87671 0 5.22042 0 0 -19.4925 
3.333 1.987 0.1765 2.42595 0 0.358877 -1.87671 0 5.21061 0 0 -19.4925 
3.334 1.987 0.1765 2.42407 0 0.364078 -1.87671 0 5.2008 0 0 -19.4925 
3.335 1.987 0.1765 2.42219 0 0.369269 -1.87671 0 5.19099 0 0 -19.4925 
3.336 1.987 0.1765 2.42032 0 0.37445 -1.87671 0 5.18118 0 0 -19.4925 
3.337 1.987 0.1765 2.41844 0 0.379621 -1.87671 0 5.17137 0 0 -19.4925 
3.338 1.987 0.1765 2.41656 0 0.384783 -1.87671 0 5.16156 0 0 -19.4925 
3.339 1.987 0.1765 2.41469 0 0.389934 -1.87671 0 5.15175 0 0 -19.4925 
3.34 1.987 0.1765 2.41281 0 0.395076 -1.87671 0 5.14194 0 0 -19.4925 
3.341 1.987 0.1765 2.41093 0 0.400209 -1.87671 0 5.13213 0 0 -19.4925 
3.342 1.987 0.1765 2.40906 0 0.405331 -1.87671 0 5.12232 0 0 -19.4925 
3.343 1.987 0.1765 2.40718 0 0.410443 -1.87671 0 5.11251 0 0 -19.4925 
3.344 1.987 0.1765 2.4053 0 0.415546 -1.87671 0 5.1027 0 0 -19.4925 
3.345 1.987 0.1765 2.40343 0 0.420639 -1.87671 0 5.09289 0 0 -19.4925 
3.346 1.987 0.1765 2.40155 0 0.425722 -1.87671 0 5.08308 0 0 -19.4925 
3.347 1.987 0.1765 2.39967 0 0.430795 -1.87671 0 5.07327 0 0 -19.4925 
3.348 1.987 0.1765 2.3978 0 0.435859 -1.87671 0 5.06346 0 0 -19.4925 
3.349 1.987 0.1765 2.39592 0 0.440912 -1.87671 0 5.05365 0 0 -19.4925 
3.35 1.987 0.1765 2.39404 0 0.445956 -1.87671 0 5.04384 0 0 -19.4925 
3.351 1.987 0.1765 2.39217 0 0.45099 -1.87671 0 5.03403 0 0 -19.4925 
3.352 1.987 0.1765 2.39029 0 0.456015 -1.87671 0 5.02422 0 0 -19.4925 
3.353 1.987 0.1765 2.38841 0 0.461029 -1.87671 0 5.01441 0 0 -19.4925 
3.354 1.987 0.1765 2.38654 0 0.466034 -1.87671 0 5.0046 0 0 -19.4925 
3.355 1.987 0.1765 2.38466 0 0.471028 -1.87671 0 4.99479 0 0 -19.4925 
3.356 1.987 0.1765 2.38278 0 0.476013 -1.87671 0 4.98498 0 0 -19.4925 
3.357 1.987 0.1765 2.3809 0 0.480988 -1.87671 0 4.97517 0 0 -19.4925 
3.358 1.987 0.1765 2.37903 0 0.485954 -1.87671 0 4.96536 0 0 -19.4925 
3.359 1.987 0.1765 2.37715 0 0.490909 -1.87671 0 4.95555 0 0 -19.4925 
3.36 1.987 0.1765 2.37527 0 0.495855 -1.87671 0 4.94574 0 0 -19.4925 
3.361 1.987 0.1765 2.3734 0 0.500791 -1.87671 0 4.93593 0 0 -19.4925 
3.362 1.987 0.1765 2.37152 0 0.505717 -1.87671 0 4.92612 0 0 -19.4925 
3.363 1.987 0.1765 2.36964 0 0.510633 -1.87671 0 4.91631 0 0 -19.4925 
3.364 1.987 0.1765 2.36777 0 0.51554 -1.87671 0 4.9065 0 0 -19.4925 
3.365 1.987 0.1765 2.36589 0 0.520437 -1.87671 0 4.89669 0 0 -19.4925 
3.366 1.987 0.1765 2.36401 0 0.525324 -1.87671 0 4.88688 0 0 -19.4925 
3.367 1.987 0.1765 2.36214 0 0.530201 -1.87671 0 4.87707 0 0 -19.4925 
3.368 1.987 0.1765 2.36026 0 0.535068 -1.87671 0 4.86726 0 0 -19.4925 
3.369 1.987 0.1765 2.35838 0 0.539925 -1.87671 0 4.85745 0 0 -19.4925 
3.37 1.987 0.1765 2.35651 0 0.544773 -1.87671 0 4.84764 0 0 -19.4925 
3.371 1.987 0.1765 2.35463 0 0.549611 -1.87671 0 4.83783 0 0 -19.4925 
3.372 1.987 0.1765 2.35275 0 0.554439 -1.87671 0 4.82802 0 0 -19.4925 
3.373 1.987 0.1765 2.35088 0 0.559257 -1.87671 0 4.81821 0 0 -19.4925 
3.374 1.987 0.1765 2.349 0 0.564065 -1.87671 0 4.8084 0 0 -19.4925 
3.375 1.987 0.1765 2.34712 0 0.568864 -1.87671 0 4.79859 0 0 -19.4925 
3.376 1.987 0.1765 2.34525 0 0.573653 -1.87671 0 4.78878 0 0 -19.4925 
3.377 1.987 0.1765 2.34337 0 0.578432 -1.87671 0 4.77897 0 0 -19.4925 
3.378 1.987 0.1765 2.34149 0 0.583201 -1.87671 0 4.76916 0 0 -19.4925 
3.379 1.987 0.1765 2.33962 0 0.58796 -1.87671 0 4.75935 0 0 -19.4925 
3.38 1.987 0.1765 2.33774 0 0.59271 -1.87671 0 4.74954 0 0 -19.4925 
3.381 1.987 0.1765 2.33586 0 0.59745 -1.87671 0 4.73973 0 0 -19.4925 
3.382 1.987 0.1765 2.33399 0 0.60218 -1.87671 0 4.72992 0 0 -19.4925 
3.383 1.987 0.1765 2.33211 0 0.6069 -1.87671 0 4.72011 0 0 -19.4925 
3.384 1.987 0.1765 2.33023 0 0.61161 -1.87671 0 4.7103 0 0 -19.4925 
3.385 1.987 0.1765 2.32836 0 0.61631 -1.87671 0 4.70049 0 0 -19.4925 
3.386 1.987 0.1765 2.32648 0 0.621001 -1.87671 0 4.69068 0 0 -19.4925 
3.387 1.987 0.1765 2.3246 0 0.625682 -1.87671 0 4.68087 0 0 -19.4925 
3.388 1.987 0.1765 2.32273 0 0.630353 -1.87671 0 4.67106 0 0 -19.4925 
3.389 1.987 0.1765 2.32085 0 0.635014 -1.87671 0 4.66125 0 0 -19.4925 
3.39 1.987 0.1765 2.31897 0 0.639666 -1.87671 0 4.65144 0 0 -19.4925 
3.391 1.987 0.1765 2.3171 0 0.644307 -1.87671 0 4.64163 0 0 -19.4925 
3.392 1.987 0.1765 2.31522 0 0.648939 -1.87671 0 4.63182 0 0 -19.4925 
3.393 1.987 0.1765 2.31334 0 0.653561 -1.87671 0 4.62201 0 0 -19.4925 
3.394 1.987 0.1765 2.31147 0 0.658173 -1.87671 0 4.6122 0 0 -19.4925 
3.395 1.987 0.1765 2.30959 0 0.662776 -1.87671 0 4.60239 0 0 -19.4925 
3.396 1.987 0.1765 2.30771 0 0.667368 -1.87671 0 4.59258 0 0 -19.4925 
3.397 1.987 0.1765 2.30584 0 0.671951 -1.87671 0 4.58277 0 0 -19.4925 
3.398 1.987 0.1765 2.30396 0 0.676524 -1.87671 0 4.57296 0 0 -19.4925 
3.399 1.987 0.1765 2.30208 0 0.681087 -1.87671 0 4.56315 0 0 -19.4925 
3.4 1.987 0.1765 2.30021 0 0.685641 -1.87671 0 4.55334 0 0 -19.4925 
3.401 1.987 0.1765 2.29833 0 0.690184 -1.87671 0 4.54353 0 0 -19.4925 
3.402 1.987 0.1765 2.29645 0 0.694718 -1.87671 0 4.53372 0 0 -19.4925 
3.403 1.987 0.1765 2.29458 0 0.699242 -1.87671 0 4.52391 0 0 -19.4925 
3.404 1.987 0.1765 2.2927 0 0.703756 -1.87671 0 4.5141 0 0 -19.4925 
3.405 1.987 0.1765 2.29082 0 0.70826 -1.87671 0 4.50429 0 0 -19.4925 
3.406 1.987 0.1765 2.28895 0 0.712755 -1.87671 0 4.49448 0 0 -19.4925 
3.407 1.987 0.1765 2.28707 0 0.717239 -1.87671 0 4.48467 0 0 -19.4925 
3.408 1.987 0.1765 2.28519 0 0.721714 -1.87671 0 4.47486 0 0 -19.4925 
3.409 1.987 0.1765 2.28332 0 0.726179 -1.87671 0 4.46505 0 0 -19.4925 
3.41 1.987 0.1765 2.28144 0 0.730634 -1.87671 0 4.45524 0 0 -19.4925 
3.411 1.987 0.1765 2.27956 0 0.73508 -1.87671 0 4.44543 0 0 -19.4925 
3.412 1.987 0.1765 2.27769 0 0.739516 -1.87671 0 4.43562 0 0 -19.4925 
3.413 1.987 0.1765 2.27581 0 0.743941 -1.87671 0 4.42581 0 0 -19.4925 
3.414 1.987 0.1765 2.27393 0 0.748357 -1.87671 0 4.416 0 0 -19.4925 
3.415 1.987 0.1765 2.27206 0 0.752764 -1.87671 0 4.40619 0 0 -19.4925 
3.416 1.987 0.1765 2.27018 0 0.75716 -1.87671 0 4.39638 0 0 -19.4925 
3.417 1.987 0.1765 2.2683 0 0.761546 -1.87671 0 4.38657 0 0 -19.4925 
3.418 1.987 0.1765 2.26643 0 0.765923 -1.87671 0 4.37676 0 0 -19.4925 
3.419 1.987 0.1765 2.26455 0 0.77029 -1.87671 0 4.36695 0 0 -19.4925 
3.42 1.987 0.1765 2.26267 0 0.774647 -1.87671 0 4.35714 0 0 -19.4925 
3.421 1.987 0.1765 2.2608 0 0.778995 -1.87671 0 4.34733 0 0 -19.4925 
3.422 1.987 0.1765 2.25892 0 0.783332 -1.87671 0 4.33752 0 0 -19.4925 
3.423 1.987 0.1765 2.25704 0 0.78766 -1.87671 0 4.32771 0 0 -19.4925 
3.424 1.987 0.1765 2.25517 0 0.791978 -1.87671 0 4.3179 0 0 -19.4925 
3.425 1.987 0.1765 2.25329 0 0.796286 -1.87671 0 4.30809 0 0 -19.4925 
3.426 1.987 0.1765 2.25141 0 0.800584 -1.87671 0 4.29828 0 0 -19.4925 
3.427 1.987 0.1765 2.24954 0 0.804873 -1.87671 0 4.28847 0 0 -19.4925 
3.428 1.987 0.1765 2.24766 0 0.809151 -1.87671 0 4.27866 0 0 -19.4925 
3.429 1.987 0.1765 2.24578 0 0.81342 -1.87671 0 4.26885 0 0 -19.4925 
3.43 1.987 0.1765 2.2439 0 0.817679 -1.87671 0 4.25904 0 0 -19.4925 
3.431 1.987 0.1765 2.24203 0 0.821928 -1.87671 0 4.24923 0 0 -19.4925 
3.432 1.987 0.1765 2.24015 0 0.826168 -1.87671 0 4.23942 0 0 -19.4925 
3.433 1.987 0.1765 2.23827 0 0.830397 -1.87671 0 4.22961 0 0 -19.4925 
3.434 1.987 0.1765 2.2364 0 0.834617 -1.87671 0 4.2198 0 0 -19.4925 
3.435 1.987 0.1765 2.23452 0 0.838827 -1.87671 0 4.20999 0 0 -19.4925 
3.436 1.987 0.1765 2.23264 0 0.843027 -1.87671 0 4.20018 0 0 -19.4925 
3.437 1.987 0.1765 2.23077 0 0.847218 -1.87671 0 4.19037 0 0 -19.4925 
3.438 1.987 0.1765 2.22889 0 0.851398 -1.87671 0 4.18056 0 0 -19.4925 
3.439 1.987 0.1765 2.22701 0 0.855569 -1.87671 0 4.17075 0 0 -19.4925 
3.44 1.987 0.1765 2.22514 0 0.85973 -1.87671 0 4.16094 0 0 -19.4925 
3.441 1.987 0.1765 2.22326 0 0.863881 -1.87671 0 4.15113 0 0 -19.4925 
3.442 1.987 0.1765 2.22138 0 0.868022 -1.87671 0 4.14132 0 0 -19.4925 
3.443 1.987 0.1765 2.21951 0 0.872154 -1.87671 0 4.13151 0 0 -19.4925 
3.444 1.987 0.1765 2.21763 0 0.876276 -1.87671 0 4.1217 0 0 -19.4925 
3.445 1.987 0.1765 2.21575 0 0.880388 -1.87671 0 4.11189 0 0 -19.4925 
3.446 1.987 0.1765 2.21388 0 0.88449 -1.87671 0 4.10208 0 0 -19.4925 
3.447 1.987 0.1765 2.212 0 0.888582 -1.87671 0 4.09227 0 0 -19.4925 
3.448 1.987 0.1765 2.21012 0 0.892664 -1.87671 0 4.08246 0 0 -19.4925 
3.449 1.987 0.1765 2.20825 0 0.896737 -1.87671 0 4.07265 0 0 -19.4925 
3.45 1.987 0.1765 2.20637 0 0.9008 -1.87671 0 4.06284 0 0 -19.4925 
3.451 1.987 0.1765 2.20449 0 0.904853 -1.87671 0 4.05303 0 0 -19.4925 
3.452 1.987 0.1765 2.20262 0 0.908896 -1.87671 0 4.04322 0 0 -19.4925 
3.453 1.987 0.1765 2.20074 0 0.91293 -1.87671 0 4.03341 0 0 -19.4925 
3.454 1.987 0.1765 2.19886 0 0.916953 -1.87671 0 4.0236 0 0 -19.4925 
3.455 1.987 0.1765 2.19699 0 0.920967 -1.87671 0 4.01379 0 0 -19.4925 
3.456 1.987 0.1765 2.19511 0 0.924971 -1.87671 0 4.00398 0 0 -19.4925 
3.457 1.987 0.1765 2.19323 0 0.928965 -1.87671 0 3.99417 0 0 -19.4925 
3.458 1.987 0.1765 2.19136 0 0.932949 -1.87671 0 3.98436 0 0 -19.4925 
3.459 1.987 0.1765 2.18948 0 0.936924 -1.87671 0 3.97455 0 0 -19.4925 
3.46 1.987 0.1765 2.1876 0 0.940889 -1.87671 0 3.96474 0 0 -19.4925 
3.461 1.987 0.1765 2.18573 0 0.944844 -1.87671 0 3.95493 0 0 -19.4925 
3.462 1.987 0.1765 2.18385 0 0.948789 -1.87671 0 3.94512 0 0 -19.4925 
3.463 1.987 0.1765 2.18197 0 0.952724 -1.87671 0 3.93531 0 0 -19.4925 
3.464 1.987 0.1765 2.1801 0 0.95665 -1.87671 0 3.9255 0 0 -19.4925 
3.465 1.987 0.1765 2.17822 0 0.960565 -1.87671 0 3.91569 0 0 -19.4925 
3.466 1.987 0.1765 2.17634 0 0.964471 -1.87671 0 3.90588 0 0 -19.4925 
3.467 1.987 0.1765 2.17447 0 0.968367 -1.87671 0 3.89607 0 0 -19.4925 
3.468 1.987 0.1765 2.17259 0 0.972254 -1.87671 0 3.88626 0 0 -19.4925 
3.469 1.987 0.1765 2.17071 0 0.97613 -1.87671 0 3.87645 0 0 -19.4925 
3.47 1.987 0.1765 2.16884 0 0.979997 -1.87671 0 3.86664 0 0 -19.4925 
3.471 1.987 0.1765 2.16696 0 0.983853 -1.87671 0 3.85683 0 0 -19.4925 
3.472 1.987 0.1765 2.16508 0 0.9877 -1.87671 0 3.84702 0 0 -19.4925 
3.473 1.987 0.1765 2.16321 0 0.991538 -1.87671 0 3.83721 0 0 -19.4925 
3.474 1.987 0.1765 2.16133 0 0.995365 -1.87671 0 3.8274 0 0 -19.4925 
3.475 1.987 0.1765 2.15945 0 0.999183 -1.87671 0 3.81759 0 0 -19.4925 
3.476 1.987 0.1765 2.15758 0 1.00299 -1.87671 0 3.80778 0 0 -19.4925 
3.477 1.987 0.1765 2.1557 0 1.00679 -1.87671 0 3.79797 0 0 -19.4925 
3.478 1.987 0.1765 2.15382 0 1.01058 -1.87671 0 3.78816 0 0 -19.4925 
3.479 1.987 0.1765 2.15195 0 1.01435 -1.87671 0 3.77835 0 0 -19.4925 
3.48 1.987 0.1765 2.15007 0 1.01812 -1.87671 0 3.76854 0 0 -19.4925 
3.481 1.987 0.1765 2.14819 0 1.02188 -1.87671 0 3.75873 0 0 -19.4925 
3.482 1.987 0.1765 2.14632 0 1.02563 -1.87671 0 3.74892 0 0 -19.4925 
3.483 1.987 0.1765 2.14444 0 1.02937 -1.87671 0 3.73911 0 0 -19.4925 
3.484 1.987 0.1765 2.14256 0 1.0331 -1.87671 0 3.7293 0 0 -19.4925 
3.485 1.987 0.1765 2.14069 0 1.03682 -1.87671 0 3.71949 0 0 -19.4925 
3.486 1.987 0.1765 2.13881 0 1.04053 -1.87671 0 3.70968 0 0 -19.4925 
3.487 1.987 0.1765 2.13693 0 1.04423 -1.87671 0 3.69987 0 0 -19.4925 
3.488 1.987 0.1765 2.13506 0 1.04792 -1.87671 0 3.69006 0 0 -19.4925 
3.489 1.987 0.1765 2.13318 0 1.0516 -1.87671 0 3.68025 0 0 -19.4925 
3.49 1.987 0.1765 2.1313 0 1.05527 -1.87671 0 3.67044 0 0 -19.4925 
3.491 1.987 0.1765 2.12943 0 1.05893 -1.87671 0 3.66063 0 0 -19.4925 
3.492 1.987 0.1765 2.12755 0 1.06258 -1.87671 0 3.65082 0 0 -19.4925 
3.493 1.987 0.1765 2.12567 0 1.06622 -1.87671 0 3.64101 0 0 -19.4925 
3.494 1.987 0.1765 2.1238 0 1.06985 -1.87671 0 3.6312 0 0 -19.4925 
3.495 1.987 0.1765 2.12192 0 1.07347 -1.87671 0 3.62139 0 0 -19.4925 
3.496 1.987 0.1765 2.12004 0 1.07709 -1.87671 0 3.61158 0 0 -19.4925 
3.497 1.987 0.1765 2.11817 0 1.08069 -1.87671 0 3.60177 0 0 -19.4925 
3.498 1.987 0.1765 2.11629 0 1.08428 -1.87671 0 3.59196 0 0 -19.4925 
3.499 1.987 0.1765 2.11441 0 1.08786 -1.87671 0 3.58215 0 0 -19.4925 
3.5 1.987 0.1765 2.11254 0 1.09143 -1.87671 0 3.57234 0 0 -19.4925 
3.501 1.987 0.1765 2.11066 0 1.095 -1.87671 0 3.56253 0 0 -19.4925 
3.502 1.987 0.1765 2.10878 0 1.09855 -1.87671 0 3.55272 0 0 -19.4925 
3.503 1.987 0.1765 2.1069 0 1.10209 -1.87671 0 3.54291 0 0 -19.4925 
3.504 1.987 0.1765 2.10503 0 1.10563 -1.87671 0 3.5331 0 0 -19.4925 
3.505 1.987 0.1765 2.10315 0 1.10915 -1.87671 0 3.52329 0 0 -19.4925 
3.506 1.987 0.1765 2.10127 0 1.11266 -1.87671 0 3.51348 0 0 -19.4925 
3.507 1.987 0.1765 2.0994 0 1.11617 -1.87671 0 3.50367 0 0 -19.4925 
3.508 1.987 0.1765 2.09752 0 1.11966 -1.87671 0 3.49386 0 0 -19.4925 
3.509 1.987 0.1765 2.09564 0 1.12314 -1.87671 0 3.48405 0 0 -19.4925 
3.51 1.987 0.1765 2.09377 0 1.12662 -1.87671 0 3.47424 0 0 -19.4925 
3.511 1.987 0.1765 2.09189 0 1.13008 -1.87671 0 3.46443 0 0 -19.4925 
3.512 1.987 0.1765 2.09001 0 1.13354 -1.87671 0 3.45462 0 0 -19.4925 
3.513 1.987 0.1765 2.08814 0 1.13698 -1.87671 0 3.44481 0 0 -19.4925 
3.514 1.987 0.1765 2.08626 0 1.14042 -1.87671 0 3.435 0 0 -19.4925 
3.515 1.987 0.1765 2.08438 0 1.14384 -1.87671 0 3.42519 0 0 -19.4925 
3.516 1.987 0.1765 2.08251 0 1.14726 -1.87671 0 3.41538 0 0 -19.4925 
3.517 1.987 0.1765 2.08063 0 1.15066 -1.87671 0 3.40557 0 0 -19.4925 
3.518 1.987 0.1765 2.07875 0 1.15406 -1.87671 0 3.39576 0 0 -19.4925 
3.519 1.987 0.1765 2.07688 0 1.15744 -1.87671 0 3.38595 0 0 -19.4925 
3.52 1.987 0.1765 2.075 0 1.16082 -1.87671 0 3.37614 0 0 -19.4925 
3.521 1.987 0.1765 2.07312 0 1.16419 -1.87671 0 3.36633 0 0 -19.4925 
3.522 1.987 0.1765 2.07125 0 1.16754 -1.87671 0 3.35652 0 0 -19.4925 
3.523 1.987 0.1765 2.06937 0 1.17089 -1.87671 0 3.34671 0 0 -19.4925 
3.524 1.987 0.1765 2.06749 0 1.17423 -1.87671 0 3.3369 0 0 -19.4925 
3.525 1.987 0.1765 2.06562 0 1.17755 -1.87671 0 3.32709 0 0 -19.4925 
3.526 1.987 0.1765 2.06374 0 1.18087 -1.87671 0 3.31728 0 0 -19.4925 
3.527 1.987 0.1765 2.06186 0 1.18418 -1.87671 0 3.30747 0 0 -19.4925 
3.528 1.987 0.1765 2.05999 0 1.18748 -1.87671 0 3.29766 0 0 -19.4925 
3.529 1.987 0.1765 2.05811 0 1.19076 -1.87671 0 3.28785 0 0 -19.4925 
3.53 1.987 0.1765 2.05623 0 1.19404 -1.87671 0 3.27804 0 0 -19.4925 
3.531 1.987 0.1765 2.05436 0 1.19731 -1.87671 0 3.26823 0 0 -19.4925 
3.532 1.987 0.1765 2.05248 0 1.20057 -1.87671 0 3.25842 0 0 -19.4925 
3.533 1.987 0.1765 2.0506 0 1.20382 -1.87671 0 3.24861 0 0 -19.4925 
3.534 1.987 0.1765 2.04873 0 1.20706 -1.87671 0 3.2388 0 0 -19.4925 
3.535 1.987 0.1765 2.04685 0 1.21029 -1.87671 0 3.22899 0 0 -19.4925 
3.536 1.987 0.1765 2.04497 0 1.21351 -1.87671 0 3.21918 0 0 -19.4925 
3.537 1.987 0.1765 2.0431 0 1.21671 -1.87671 0 3.20937 0 0 -19.4925 
3.538 1.987 0.1765 2.04122 0 1.21991 -1.87671 0 3.19956 0 0 -19.4925 
3.539 1.987 0.1765 2.03934 0 1.2231 -1.87671 0 3.18975 0 0 -19.4925 
3.54 1.987 0.1765 2.03747 0 1.22628 -1.87671 0 3.17994 0 0 -19.4925 
3.541 1.987 0.1765 2.03559 0 1.22945 -1.87671 0 3.17013 0 0 -19.4925 
3.542 1.987 0.1765 2.03371 0 1.23261 -1.87671 0 3.16032 0 0 -19.4925 
3.543 1.987 0.1765 2.03184 0 1.23576 -1.87671 0 3.15051 0 0 -19.4925 
3.544 1.987 0.1765 2.02996 0 1.23891 -1.87671 0 3.1407 0 0 -19.4925 
3.545 1.987 0.1765 2.02808 0 1.24204 -1.87671 0 3.13089 0 0 -19.4925 
3.546 1.987 0.1765 2.02621 0 1.24516 -1.87671 0 3.12108 0 0 -19.4925 
3.547 1.987 0.1765 2.02433 0 1.24827 -1.87671 0 3.11127 0 0 -19.4925 
3.548 1.987 0.1765 2.02245 0 1.25137 -1.87671 0 3.10146 0 0 -19.4925 
3.549 1.987 0.1765 2.02058 0 1.25446 -1.87671 0 3.09165 0 0 -19.4925 
3.55 1.987 0.1765 2.0187 0 1.25754 -1.87671 0 3.08184 0 0 -19.4925 
3.551 1.987 0.1765 2.01682 0 1.26062 -1.87671 0 3.07203 0 0 -19.4925 
3.552 1.987 0.1765 2.01495 0 1.26368 -1.87671 0 3.06222 0 0 -19.4925 
3.553 1.987 0.1765 2.01307 0 1.26673 -1.87671 0 3.05241 0 0 -19.4925 
3.554 1.987 0.1765 2.01119 0 1.26977 -1.87671 0 3.0426 0 0 -19.4925 
3.555 1.987 0.1765 2.00932 0 1.27281 -1.87671 0 3.03279 0 0 -19.4925 
3.556 1.987 0.1765 2.00744 0 1.27583 -1.87671 0 3.02298 0 0 -19.4925 
3.557 1.987 0.1765 2.00556 0 1.27884 -1.87671 0 3.01317 0 0 -19.4925 
3.558 1.987 0.1765 2.00369 0 1.28185 -1.87671 0 3.00336 0 0 -19.4925 
3.559 1.987 0.1765 2.00181 0 1.28484 -1.87671 0 2.99355 0 0 -19.4925 
3.56 1.987 0.1765 1.99993 0 1.28782 -1.87671 0 2.98374 0 0 -19.4925 
3.561 1.987 0.1765 1.99806 0 1.2908 -1.87671 0 2.97393 0 0 -19.4925 
3.562 1.987 0.1765 1.99618 0 1.29376 -1.87671 0 2.96412 0 0 -19.4925 
3.563 1.987 0.1765 1.9943 0 1.29671 -1.87671 0 2.95431 0 0 -19.4925 
3.564 1.987 0.1765 1.99243 0 1.29966 -1.87671 0 2.9445 0 0 -19.4925 
3.565 1.987 0.1765 1.99055 0 1.30259 -1.87671 0 2.93469 0 0 -19.4925 
3.566 1.987 0.1765 1.98867 0 1.30552 -1.87671 0 2.92488 0 0 -19.4925 
3.567 1.987 0.1765 1.9868 0 1.30843 -1.87671 0 2.91507 0 0 -19.4925 
3.568 1.987 0.1765 1.98492 0 1.31134 -1.87671 0 2.90526 0 0 -19.4925 
3.569 1.987 0.1765 1.98304 0 1.31423 -1.87671 0 2.89545 0 0 -19.4925 
3.57 1.987 0.1765 1.98117 0 1.31712 -1.87671 0 2.88564 0 0 -19.4925 
3.571 1.987 0.1765 1.97929 0 1.32 -1.87671 0 2.87583 0 0 -19.4925 
3.572 1.987 0.1765 1.97741 0 1.32286 -1.87671 0 2.86602 0 0 -19.4925 
3.573 1.987 0.1765 1.97553 0 1.32572 -1.87671 0 2.85621 0 0 -19.4925 
3.574 1.987 0.1765 1.97366 0 1.32856 -1.87671 0 2.8464 0 0 -19.4925 
3.575 1.987 0.1765 1.97178 0 1.3314 -1.87671 0 2.83659 0 0 -19.4925 
3.576 1.987 0.1765 1.9699 0 1.33423 -1.87671 0 2.82678 0 0 -19.4925 
3.577 1.987 0.1765 1.96803 0 1.33705 -1.87671 0 2.81697 0 0 -19.4925 
3.578 1.987 0.1765 1.96615 0 1.33985 -1.87671 0 2.80716 0 0 -19.4925 
3.579 1.987 0.1765 1.96427 0 1.34265 -1.87671 0 2.79735 0 0 -19.4925 
3.58 1.987 0.1765 1.9624 0 1.34544 -1.87671 0 2.78754 0 0 -19.4925 
3.581 1.987 0.1765 1.96052 0 1.34821 -1.87671 0 2.77773 0 0 -19.4925 
3.582 1.987 0.1765 1.95864 0 1.35098 -1.87671 0 2.76792 0 0 -19.4925 
3.583 1.987 0.1765 1.95677 0 1.35374 -1.87671 0 2.75811 0 0 -19.4925 
3.584 1.987 0.1765 1.95489 0 1.35649 -1.87671 0 2.7483 0 0 -19.4925 
3.585 1.987 0.1765 1.95301 0 1.35923 -1.87671 0 2.73849 0 0 -19.4925 
3.586 1.987 0.1765 1.95114 0 1.36196 -1.87671 0 2.72868 0 0 -19.4925 
3.587 1.987 0.1765 1.94926 0 1.36468 -1.87671 0 2.71887 0 0 -19.4925 
3.588 1.987 0.1765 1.94738 0 1.36738 -1.87671 0 2.70906 0 0 -19.4925 
3.589 1.987 0.1765 1.94551 0 1.37008 -1.87671 0 2.69925 0 0 -19.4925 
3.59 1.987 0.1765 1.94363 0 1.37277 -1.87671 0 2.68944 0 0 -19.4925 
3.591 1.987 0.1765 1.94175 0 1.37545 -1.87671 0 2.67963 0 0 -19.4925 
3.592 1.987 0.1765 1.93988 0 1.37812 -1.87671 0 2.66982 0 0 -19.4925 
3.593 1.987 0.1765 1.938 0 1.38078 -1.87671 0 2.66001 0 0 -19.4925 
3.594 1.987 0.1765 1.93612 0 1.38343 -1.87671 0 2.6502 0 0 -19.4925 
3.595 1.987 0.1765 1.93425 0 1.38607 -1.87671 0 2.64039 0 0 -19.4925 
3.596 1.987 0.1765 1.93237 0 1.3887 -1.87671 0 2.63058 0 0 -19.4925 
3.597 1.987 0.1765 1.93049 0 1.39132 -1.87671 0 2.62077 0 0 -19.4925 
3.598 1.987 0.1765 1.92862 0 1.39394 -1.87671 0 2.61096 0 0 -19.4925 
3.599 1.987 0.1765 1.92674 0 1.39654 -1.87671 0 2.60115 0 0 -19.4925 
3.6 1.987 0.1765 1.92486 0 1.39913 -1.87671 0 2.59134 0 0 -19.4925 
3.601 1.987 0.1765 1.92299 0 1.40171 -1.87671 0 2.58153 0 0 -19.4925 
3.602 1.987 0.1765 1.92111 0 1.40428 -1.87671 0 2.57172 0 0 -19.4925 
3.603 1.987 0.1765 1.91923 0 1.40684 -1.87671 0 2.56191 0 0 -19.4925 
3.604 1.987 0.1765 1.91736 0 1.4094 -1.87671 0 2.5521 0 0 -19.4925 
3.605 1.987 0.1765 1.91548 0 1.41194 -1.87671 0 2.54229 0 0 -19.4925 
3.606 1.987 0.1765 1.9136 0 1.41447 -1.87671 0 2.53248 0 0 -19.4925 
3.607 1.987 0.1765 1.91173 0 1.41699 -1.87671 0 2.52267 0 0 -19.4925 
3.608 1.987 0.1765 1.90985 0 1.41951 -1.87671 0 2.51286 0 0 -19.4925 
3.609 1.987 0.1765 1.90797 0 1.42201 -1.87671 0 2.50305 0 0 -19.4925 
3.61 1.987 0.1765 1.9061 0 1.4245 -1.87671 0 2.49324 0 0 -19.4925 
3.611 1.987 0.1765 1.90422 0 1.42699 -1.87671 0 2.48343 0 0 -19.4925 
3.612 1.987 0.1765 1.90234 0 1.42946 -1.87671 0 2.47362 0 0 -19.4925 
3.613 1.987 0.1765 1.90047 0 1.43192 -1.87671 0 2.46381 0 0 -19.4925 
3.614 1.987 0.1765 1.89859 0 1.43438 -1.87671 0 2.454 0 0 -19.4925 
3.615 1.987 0.1765 1.89671 0 1.43682 -1.87671 0 2.44419 0 0 -19.4925 
3.616 1.987 0.1765 1.89484 0 1.43926 -1.87671 0 2.43438 0 0 -19.4925 
3.617 1.987 0.1765 1.89296 0 1.44168 -1.87671 0 2.42457 0 0 -19.4925 
3.618 1.987 0.1765 1.89108 0 1.44409 -1.87671 0 2.41476 0 0 -19.4925 
3.619 1.987 0.1765 1.88921 0 1.4465 -1.87671 0 2.40495 0 0 -19.4925 
3.62 1.987 0.1765 1.88733 0 1.44889 -1.87671 0 2.39514 0 0 -19.4925 
3.621 1.987 0.1765 1.88545 0 1.45128 -1.87671 0 2.38533 0 0 -19.4925 
3.622 1.987 0.1765 1.88358 0 1.45366 -1.87671 0 2.37552 0 0 -19.4925 
3.623 1.987 0.1765 1.8817 0 1.45602 -1.87671 0 2.36571 0 0 -19.4925 
3.624 1.987 0.1765 1.87982 0 1.45838 -1.87671 0 2.3559 0 0 -19.4925 
3.625 1.987 0.1765 1.87795 0 1.46072 -1.87671 0 2.34609 0 0 -19.4925 
3.626 1.987 0.1765 1.87607 0 1.46306 -1.87671 0 2.33628 0 0 -19.4925 
3.627 1.987 0.1765 1.87419 0 1.46539 -1.87671 0 2.32647 0 0 -19.4925 
3.628 1.987 0.1765 1.87232 0 1.4677 -1.87671 0 2.31666 0 0 -19.4925 
3.629 1.987 0.1765 1.87044 0 1.47001 -1.87671 0 2.30685 0 0 -19.4925 
3.63 1.987 0.1765 1.86856 0 1.47231 -1.87671 0 2.29704 0 0 -19.4925 
3.631 1.987 0.1765 1.86669 0 1.47459 -1.87671 0 2.28723 0 0 -19.4925 
3.632 1.987 0.1765 1.86481 0 1.47687 -1.87671 0 2.27742 0 0 -19.4925 
3.633 1.987 0.1765 1.86293 0 1.47914 -1.87671 0 2.26761 0 0 -19.4925 
3.634 1.987 0.1765 1.86106 0 1.4814 -1.87671 0 2.2578 0 0 -19.4925 
3.635 1.987 0.1765 1.85918 0 1.48364 -1.87671 0 2.24799 0 0 -19.4925 
3.636 1.987 0.1765 1.8573 0 1.48588 -1.87671 0 2.23818 0 0 -19.4925 
3.637 1.987 0.1765 1.85543 0 1.48811 -1.87671 0 2.22837 0 0 -19.4925 
3.638 1.987 0.1765 1.85355 0 1.49033 -1.87671 0 2.21856 0 0 -19.4925 
3.639 1.987 0.1765 1.85167 0 1.49254 -1.87671 0 2.20875 0 0 -19.4925 
3.64 1.987 0.1765 1.8498 0 1.49474 -1.87671 0 2.19894 0 0 -19.4925 
3.641 1.987 0.1765 1.84792 0 1.49693 -1.87671 0 2.18913 0 0 -19.4925 
3.642 1.987 0.1765 1.84604 0 1.49911 -1.87671 0 2.17932 0 0 -19.4925 
3.643 1.987 0.1765 1.84417 0 1.50128 -1.87671 0 2.16951 0 0 -19.4925 
3.644 1.987 0.1765 1.84229 0 1.50343 -1.87671 0 2.1597 0 0 -19.4925 
3.645 1.987 0.1765 1.84041 0 1.50558 -1.87671 0 2.14989 0 0 -19.4925 
3.646 1.987 0.1765 1.83853 0 1.50772 -1.87671 0 2.14008 0 0 -19.4925 
3.647 1.987 0.1765 1.83666 0 1.50986 -1.87671 0 2.13027 0 0 -19.4925 
3.648 1.987 0.1765 1.83478 0 1.51198 -1.87671 0 2.12046 0 0 -19.4925 
3.649 1.987 0.1765 1.8329 0 1.51409 -1.87671 0 2.11065 0 0 -19.4925 
3.65 1.987 0.1765 1.83103 0 1.51619 -1.87671 0 2.10084 0 0 -19.4925 
3.651 1.987 0.1765 1.82915 0 1.51828 -1.87671 0 2.09103 0 0 -19.4925 
3.652 1.987 0.1765 1.82727 0 1.52036 -1.87671 0 2.08122 0 0 -19.4925 
3.653 1.987 0.1765 1.8254 0 1.52243 -1.87671 0 2.07141 0 0 -19.4925 
3.654 1.987 0.1765 1.82352 0 1.52449 -1.87671 0 2.0616 0 0 -19.4925 
3.655 1.987 0.1765 1.82164 0 1.52654 -1.87671 0 2.05179 0 0 -19.4925 
3.656 1.987 0.1765 1.81977 0 1.52859 -1.87671 0 2.04198 0 0 -19.4925 
3.657 1.987 0.1765 1.81789 0 1.53062 -1.87671 0 2.03217 0 0 -19.4925 
3.658 1.987 0.1765 1.81601 0 1.53264 -1.87671 0 2.02236 0 0 -19.4925 
3.659 1.987 0.1765 1.81414 0 1.53465 -1.87671 0 2.01255 0 0 -19.4925 
3.66 1.987 0.1765 1.81226 0 1.53666 -1.87671 0 2.00274 0 0 -19.4925 
3.661 1.987 0.1765 1.81038 0 1.53865 -1.87671 0 1.99293 0 0 -19.4925 
3.662 1.987 0.1765 1.80851 0 1.54063 -1.87671 0 1.98312 0 0 -19.4925 
3.663 1.987 0.1765 1.80663 0 1.54261 -1.87671 0 1.97331 0 0 -19.4925 
3.664 1.987 0.1765 1.80475 0 1.54457 -1.87671 0 1.9635 0 0 -19.4925 
3.665 1.987 0.1765 1.80288 0 1.54652 -1.87671 0 1.95369 0 0 -19.4925 
3.666 1.987 0.1765 1.801 0 1.54847 -1.87671 0 1.94388 0 0 -19.4925 
3.667 1.987 0.1765 1.79912 0 1.5504 -1.87671 0 1.93407 0 0 -19.4925 
3.668 1.987 0.1765 1.79725 0 1.55232 -1.87671 0 1.92426 0 0 -19.4925 
3.669 1.987 0.1765 1.79537 0 1.55424 -1.87671 0 1.91445 0 0 -19.4925 
3.67 1.987 0.1765 1.79349 0 1.55614 -1.87671 0 1.90464 0 0 -19.4925 
3.671 1.987 0.1765 1.79162 0 1.55804 -1.87671 0 1.89483 0 0 -19.4925 
3.672 1.987 0.1765 1.78974 0 1.55992 -1.87671 0 1.88502 0 0 -19.4925 
3.673 1.987 0.1765 1.78786 0 1.5618 -1.87671 0 1.87521 0 0 -19.4925 
3.674 1.987 0.1765 1.78599 0 1.56366 -1.87671 0 1.8654 0 0 -19.4925 
3.675 1.987 0.1765 1.78411 0 1.56552 -1.87671 0 1.85559 0 0 -19.4925 
3.676 1.987 0.1765 1.78223 0 1.56737 -1.87671 0 1.84578 0 0 -19.4925 
3.677 1.987 0.1765 1.78036 0 1.5692 -1.87671 0 1.83597 0 0 -19.4925 
3.678 1.987 0.1765 1.77848 0 1.57103 -1.87671 0 1.82616 0 0 -19.4925 
3.679 1.987 0.1765 1.7766 0 1.57284 -1.87671 0 1.81635 0 0 -19.4925 
3.68 1.987 0.1765 1.77473 0 1.57465 -1.87671 0 1.80654 0 0 -19.4925 
3.681 1.987 0.1765 1.77285 0 1.57645 -1.87671 0 1.79673 0 0 -19.4925 
3.682 1.987 0.1765 1.77097 0 1.57823 -1.87671 0 1.78692 0 0 -19.4925 
3.683 1.987 0.1765 1.7691 0 1.58001 -1.87671 0 1.77711 0 0 -19.4925 
3.684 1.987 0.1765 1.76722 0 1.58178 -1.87671 0 1.7673 0 0 -19.4925 
3.685 1.987 0.1765 1.76534 0 1.58354 -1.87671 0 1.75749 0 0 -19.4925 
3.686 1.987 0.1765 1.76347 0 1.58528 -1.87671 0 1.74768 0 0 -19.4925 
3.687 1.987 0.1765 1.76159 0 1.58702 -1.87671 0 1.73787 0 0 -19.4925 
3.688 1.987 0.1765 1.75971 0 1.58875 -1.87671 0 1.72806 0 0 -19.4925 
3.689 1.987 0.1765 1.75784 0 1.59047 -1.87671 0 1.71825 0 0 -19.4925 
3.69 1.987 0.1765 1.75596 0 1.59218 -1.87671 0 1.70844 0 0 -19.4925 
3.691 1.987 0.1765 1.75408 0 1.59388 -1.87671 0 1.69863 0 0 -19.4925 
3.692 1.987 0.1765 1.75221 0 1.59556 -1.87671 0 1.68882 0 0 -19.4925 
3.693 1.987 0.1765 1.75033 0 1.59724 -1.87671 0 1.67901 0 0 -19.4925 
3.694 1.987 0.1765 1.74845 0 1.59891 -1.87671 0 1.6692 0 0 -19.4925 
3.695 1.987 0.1765 1.74658 0 1.60057 -1.87671 0 1.65939 0 0 -19.4925 
3.696 1.987 0.1765 1.7447 0 1.60222 -1.87671 0 1.64958 0 0 -19.4925 
3.697 1.987 0.1765 1.74282 0 1.60386 -1.87671 0 1.63977 0 0 -19.4925 
3.698 1.987 0.1765 1.74095 0 1.60549 -1.87671 0 1.62996 0 0 -19.4925 
3.699 1.987 0.1765 1.73907 0 1.60711 -1.87671 0 1.62015 0 0 -19.4925 
3.7 1.987 0.1765 1.73719 0 1.60872 -1.87671 0 1.61034 0 0 -19.4925 
3.701 1.987 0.1765 1.73532 0 1.61032 -1.87671 0 1.60053 0 0 -19.4925 
3.702 1.987 0.1765 1.73344 0 1.61191 -1.87671 0 1.59072 0 0 -19.4925 
3.703 1.987 0.1765 1.73156 0 1.61349 -1.87671 0 1.58091 0 0 -19.4925 
3.704 1.987 0.1765 1.72969 0 1.61506 -1.87671 0 1.5711 0 0 -19.4925 
3.705 1.987 0.1765 1.72781 0 1.61663 -1.87671 0 1.56129 0 0 -19.4925 
3.706 1.987 0.1765 1.72593 0 1.61818 -1.87671 0 1.55148 0 0 -19.4925 
3.707 1.987 0.1765 1.72406 0 1.61972 -1.87671 0 1.54167 0 0 -19.4925 
3.708 1.987 0.1765 1.72218 0 1.62125 -1.87671 0 1.53186 0 0 -19.4925 
3.709 1.987 0.1765 1.7203 0 1.62277 -1.87671 0 1.52205 0 0 -19.4925 
3.71 1.987 0.1765 1.71843 0 1.62429 -1.87671 0 1.51224 0 0 -19.4925 
3.711 1.987 0.1765 1.71655 0 1.62579 -1.87671 0 1.50243 0 0 -19.4925 
3.712 1.987 0.1765 1.71467 0 1.62728 -1.87671 0 1.49262 0 0 -19.4925 
3.713 1.987 0.1765 1.7128 0 1.62876 -1.87671 0 1.48281 0 0 -19.4925 
3.714 1.987 0.1765 1.71092 0 1.63024 -1.87671 0 1.473 0 0 -19.4925 
3.715 1.987 0.1765 1.70904 0 1.6317 -1.87671 0 1.46319 0 0 -19.4925 
3.716 1.987 0.1765 1.70717 0 1.63315 -1.87671 0 1.45338 0 0 -19.4925 
3.717 1.987 0.1765 1.70529 0 1.6346 -1.87671 0 1.44357 0 0 -19.4925 
3.718 1.987 0.1765 1.70341 0 1.63603 -1.87671 0 1.43376 0 0 -19.4925 
3.719 1.987 0.1765 1.70153 0 1.63745 -1.87671 0 1.42395 0 0 -19.4925 
3.72 1.987 0.1765 1.69966 0 1.63887 -1.87671 0 1.41414 0 0 -19.4925 
3.721 1.987 0.1765 1.69778 0 1.64027 -1.87671 0 1.40433 0 0 -19.4925 
3.722 1.987 0.1765 1.6959 0 1.64167 -1.87671 0 1.39452 0 0 -19.4925 
3.723 1.987 0.1765 1.69403 0 1.64305 -1.87671 0 1.38471 0 0 -19.4925 
3.724 1.987 0.1765 1.69215 0 1.64443 -1.87671 0 1.3749 0 0 -19.4925 
3.725 1.987 0.1765 1.69027 0 1.64579 -1.87671 0 1.36509 0 0 -19.4925 
3.726 1.987 0.1765 1.6884 0 1.64715 -1.87671 0 1.35528 0 0 -19.4925 
3.727 1.987 0.1765 1.68652 0 1.64849 -1.87671 0 1.34547 0 0 -19.4925 
3.728 1.987 0.1765 1.68464 0 1.64983 -1.87671 0 1.33566 0 0 -19.4925 
3.729 1.987 0.1765 1.68277 0 1.65115 -1.87671 0 1.32585 0 0 -19.4925 
3.73 1.987 0.1765 1.68089 0 1.65247 -1.87671 0 1.31604 0 0 -19.4925 
3.731 1.987 0.1765 1.67901 0 1.65378 -1.87671 0 1.30623 0 0 -19.4925 
3.732 1.987 0.1765 1.67714 0 1.65507 -1.87671 0 1.29642 0 0 -19.4925 
3.733 1.987 0.1765 1.67526 0 1.65636 -1.87671 0 1.28661 0 0 -19.4925 
3.734 1.987 0.1765 1.67338 0 1.65764 -1.87671 0 1.2768 0 0 -19.4925 
3.735 1.987 0.1765 1.67151 0 1.6589 -1.87671 0 1.26699 0 0 -19.4925 
3.736 1.987 0.1765 1.66963 0 1.66016 -1.87671 0 1.25718 0 0 -19.4925 
3.737 1.987 0.1765 1.66775 0 1.66141 -1.87671 0 1.24737 0 0 -19.4925 
3.738 1.987 0.1765 1.66588 0 1.66265 -1.87671 0 1.23756 0 0 -19.4925 
3.739 1.987 0.1765 1.664 0 1.66387 -1.87671 0 1.22775 0 0 -19.4925 
3.74 1.987 0.1765 1.66212 0 1.66509 -1.87671 0 1.21794 0 0 -19.4925 
3.741 1.987 0.1765 1.66025 0 1.6663 -1.87671 0 1.20813 0 0 -19.4925 
3.742 1.987 0.1765 1.65837 0 1.6675 -1.87671 0 1.19832 0 0 -19.4925 
3.743 1.987 0.1765 1.65649 0 1.66869 -1.87671 0 1.18851 0 0 -19.4925 
3.744 1.987 0.1765 1.65462 0 1.66986 -1.87671 0 1.1787 0 0 -19.4925 
3.745 1.987 0.1765 1.65274 0 1.67103 -1.87671 0 1.16889 0 0 -19.4925 
3.746 1.987 0.1765 1.65086 0 1.67219 -1.87671 0 1.15908 0 0 -19.4925 
3.747 1.987 0.1765 1.64899 0 1.67334 -1.87671 0 1.14927 0 0 -19.4925 
3.748 1.987 0.1765 1.64711 0 1.67448 -1.87671 0 1.13946 0 0 -19.4925 
3.749 1.987 0.1765 1.64523 0 1.67561 -1.87671 0 1.12965 0 0 -19.4925 
3.75 1.987 0.1765 1.64336 0 1.67673 -1.87671 0 1.11984 0 0 -19.4925 
3.751 1.987 0.1765 1.64148 0 1.67784 -1.87671 0 1.11003 0 0 -19.4925 
3.752 1.987 0.1765 1.6396 0 1.67894 -1.87671 0 1.10022 0 0 -19.4925 
3.753 1.987 0.1765 1.63773 0 1.68003 -1.87671 0 1.09041 0 0 -19.4925 
3.754 1.987 0.1765 1.63585 0 1.68111 -1.87671 0 1.0806 0 0 -19.4925 
3.755 1.987 0.1765 1.63397 0 1.68218 -1.87671 0 1.07079 0 0 -19.4925 
3.756 1.987 0.1765 1.6321 0 1.68324 -1.87671 0 1.06098 0 0 -19.4925 
3.757 1.987 0.1765 1.63022 0 1.6843 -1.87671 0 1.05117 0 0 -19.4925 
3.758 1.987 0.1765 1.62834 0 1.68534 -1.87671 0 1.04136 0 0 -19.4925 
3.759 1.987 0.1765 1.62647 0 1.68637 -1.87671 0 1.03155 0 0 -19.4925 
3.76 1.987 0.1765 1.62459 0 1.68739 -1.87671 0 1.02174 0 0 -19.4925 
3.761 1.987 0.1765 1.62271 0 1.6884 -1.87671 0 1.01193 0 0 -19.4925 
3.762 1.987 0.1765 1.62084 0 1.6894 -1.87671 0 1.00212 0 0 -19.4925 
3.763 1.987 0.1765 1.61896 0 1.6904 -1.87671 0 0.992311 0 0 -19.4925 
3.764 1.987 0.1765 1.61708 0 1.69138 -1.87671 0 0.982501 0 0 -19.4925 
3.765 1.987 0.1765 1.61521 0 1.69235 -1.87671 0 0.972691 0 0 -19.4925 
3.766 1.987 0.1765 1.61333 0 1.69331 -1.87671 0 0.962881 0 0 -19.4925 
3.767 1.987 0.1765 1.61145 0 1.69427 -1.87671 0 0.953071 0 0 -19.4925 
3.768 1.987 0.1765 1.60958 0 1.69521 -1.87671 0 0.943261 0 0 -19.4925 
3.769 1.987 0.1765 1.6077 0 1.69614 -1.87671 0 0.933451 0 0 -19.4925 
3.77 1.987 0.1765 1.60582 0 1.69707 -1.87671 0 0.923641 0 0 -19.4925 
3.771 1.987 0.1765 1.60395 0 1.69798 -1.87671 0 0.913831 0 0 -19.4925 
3.772 1.987 0.1765 1.60207 0 1.69889 -1.87671 0 0.904021 0 0 -19.4925 
3.773 1.987 0.1765 1.60019 0 1.69978 -1.87671 0 0.894211 0 0 -19.4925 
3.774 1.987 0.1765 1.59832 0 1.70066 -1.87671 0 0.884401 0 0 -19.4925 
3.775 1.987 0.1765 1.59644 0 1.70154 -1.87671 0 0.874591 0 0 -19.4925 
3.776 1.987 0.1765 1.59456 0 1.7024 -1.87671 0 0.864781 0 0 -19.4925 
3.777 1.987 0.1765 1.59269 0 1.70326 -1.87671 0 0.854971 0 0 -19.4925 
3.778 1.987 0.1765 1.59081 0 1.7041 -1.87671 0 0.845161 0 0 -19.4925 
3.779 1.987 0.1765 1.58893 0 1.70494 -1.87671 0 0.835351 0 0 -19.4925 
3.78 1.987 0.1765 1.58706 0 1.70576 -1.87671 0 0.825541 0 0 -19.4925 
3.781 1.987 0.1765 1.58518 0 1.70658 -1.87671 0 0.815731 0 0 -19.4925 
3.782 1.987 0.1765 1.5833 0 1.70739 -1.87671 0 0.805921 0 0 -19.4925 
3.783 1.987 0.1765 1.58143 0 1.70818 -1.87671 0 0.796111 0 0 -19.4925 
3.784 1.987 0.1765 1.57955 0 1.70897 -1.87671 0 0.786301 0 0 -19.4925 
3.785 1.987 0.1765 1.57767 0 1.70974 -1.87671 0 0.776491 0 0 -19.4925 
3.786 1.987 0.1765 1.5758 0 1.71051 -1.87671 0 0.766681 0 0 -19.4925 
3.787 1.987 0.1765 1.57392 0 1.71127 -1.87671 0 0.756871 0 0 -19.4925 
3.788 1.987 0.1765 1.57204 0 1.71202 -1.87671 0 0.747061 0 0 -19.4925 
3.789 1.987 0.1765 1.57016 0 1.71275 -1.87671 0 0.737251 0 0 -19.4925 
3.79 1.987 0.1765 1.56829 0 1.71348 -1.87671 0 0.727441 0 0 -19.4925 
3.791 1.987 0.1765 1.56641 0 1.7142 -1.87671 0 0.717631 0 0 -19.4925 
3.792 1.987 0.1765 1.56453 0 1.71491 -1.87671 0 0.707821 0 0 -19.4925 
3.793 1.987 0.1765 1.56266 0 1.7156 -1.87671 0 0.698011 0 0 -19.4925 
3.794 1.987 0.1765 1.56078 0 1.71629 -1.87671 0 0.688201 0 0 -19.4925 
3.795 1.987 0.1765 1.5589 0 1.71697 -1.87671 0 0.678391 0 0 -19.4925 
3.796 1.987 0.1765 1.55703 0 1.71764 -1.87671 0 0.668581 0 0 -19.4925 
3.797 1.987 0.1765 1.55515 0 1.7183 -1.87671 0 0.658771 0 0 -19.4925 
3.798 1.987 0.1765 1.55327 0 1.71895 -1.87671 0 0.648961 0 0 -19.4925 
3.799 1.987 0.1765 1.5514 0 1.71959 -1.87671 0 0.639151 0 0 -19.4925 
3.8 1.987 0.1765 1.54952 0 1.72022 -1.87671 0 0.629341 0 0 -19.4925 
3.801 1.987 0.1765 1.54764 0 1.72083 -1.87671 0 0.619531 0 0 -19.4925 
3.802 1.987 0.1765 1.54577 0 1.72144 -1.87671 0 0.609721 0 0 -19.4925 
3.803 1.987 0.1765 1.54389 0 1.72204 -1.87671 0 0.599911 0 0 -19.4925 
3.804 1.987 0.1765 1.54201 0 1.72263 -1.87671 0 0.590101 0 0 -19.4925 
3.805 1.987 0.1765 1.54014 0 1.72321 -1.87671 0 0.580291 0 0 -19.4925 
3.806 1.987 0.1765 1.53826 0 1.72379 -1.87671 0 0.570481 0 0 -19.4925 
3.807 1.987 0.1765 1.53638 0 1.72435 -1.87671 0 0.560671 0 0 -19.4925 
3.808 1.987 0.1765 1.53451 0 1.7249 -1.87671 0 0.550861 0 0 -19.4925 
3.809 1.987 0.1765 1.53263 0 1.72544 -1.87671 0 0.541051 0 0 -19.4925 
3.81 1.987 0.1765 1.53075 0 1.72597 -1.87671 0 0.531241 0 0 -19.4925 
3.811 1.987 0.1765 1.52888 0 1.72649 -1.87671 0 0.521431 0 0 -19.4925 
3.812 1.987 0.1765 1.527 0 1.727 -1.87671 0 0.511621 0 0 -19.4925 
3.813 1.987 0.1765 1.52512 0 1.7275 -1.87671 0 0.501811 0 0 -19.4925 
3.814 1.987 0.1765 1.52325 0 1.728 -1.87671 0 0.492001 0 0 -19.4925 
3.815 1.987 0.1765 1.52137 0 1.72848 -1.87671 0 0.482191 0 0 -19.4925 
3.816 1.987 0.1765 1.51949 0 1.72895 -1.87671 0 0.472381 0 0 -19.4925 
3.817 1.987 0.1765 1.51762 0 1.72941 -1.87671 0 0.462571 0 0 -19.4925 
3.818 1.987 0.1765 1.51574 0 1.72987 -1.87671 0 0.452761 0 0 -19.4925 
3.819 1.987 0.1765 1.51386 0 1.73031 -1.87671 0 0.442951 0 0 -19.4925 
3.82 1.987 0.1765 1.51199 0 1.73074 -1.87671 0 0.433141 0 0 -19.4925 
3.821 1.987 0.1765 1.51011 0 1.73117 -1.87671 0 0.423331 0 0 -19.4925 
3.822 1.987 0.1765 1.50823 0 1.73158 -1.87671 0 0.413521 0 0 -19.4925 
3.823 1.987 0.1765 1.50636 0 1.73198 -1.87671 0 0.403711 0 0 -19.4925 
3.824 1.987 0.1765 1.50448 0 1.73238 -1.87671 0 0.393901 0 0 -19.4925 
3.825 1.987 0.1765 1.5026 0 1.73276 -1.87671 0 0.384091 0 0 -19.4925 
3.826 1.987 0.1765 1.50073 0 1.73313 -1.87671 0 0.374281 0 0 -19.4925 
3.827 1.987 0.1765 1.49885 0 1.7335 -1.87671 0 0.364471 0 0 -19.4925 
3.828 1.987 0.1765 1.49697 0 1.73385 -1.87671 0 0.354661 0 0 -19.4925 
3.829 1.987 0.1765 1.4951 0 1.7342 -1.87671 0 0.344851 0 0 -19.4925 
3.83 1.987 0.1765 1.49322 0 1.73453 -1.87671 0 0.335041 0 0 -19.4925 
3.831 1.987 0.1765 1.49134 0 1.73486 -1.87671 0 0.325231 0 0 -19.4925 
3.832 1.987 0.1765 1.48947 0 1.73517 -1.87671 0 0.315421 0 0 -19.4925 
3.833 1.987 0.1765 1.48759 0 1.73548 -1.87671 0 0.305611 0 0 -19.4925 
3.834 1.987 0.1765 1.48571 0 1.73578 -1.87671 0 0.295801 0 0 -19.4925 
3.835 1.987 0.1765 1.48384 0 1.73606 -1.87671 0 0.285991 0 0 -19.4925 
3.836 1.987 0.1765 1.48196 0 1.73634 -1.87671 0 0.276181 0 0 -19.4925 
3.837 1.987 0.1765 1.48008 0 1.7366 -1.87671 0 0.266371 0 0 -19.4925 
3.838 1.987 0.1765 1.47821 0 1.73686 -1.87671 0 0.256561 0 0 -19.4925 
3.839 1.987 0.1765 1.47633 0 1.73711 -1.87671 0 0.246751 0 0 -19.4925 
3.84 1.987 0.1765 1.47445 0 1.73734 -1.87671 0 0.236941 0 0 -19.4925 
3.841 1.987 0.1765 1.47258 0 1.73757 -1.87671 0 0.227131 0 0 -19.4925 
3.842 1.987 0.1765 1.4707 0 1.73779 -1.87671 0 0.217321 0 0 -19.4925 
3.843 1.987 0.1765 1.46882 0 1.738 -1.87671 0 0.207511 0 0 -19.4925 
3.844 1.987 0.1765 1.46695 0 1.73819 -1.87671 0 0.197701 0 0 -19.4925 
3.845 1.987 0.1765 1.46507 0 1.73838 -1.87671 0 0.187891 0 0 -19.4925 
3.846 1.987 0.1765 1.46319 0 1.73856 -1.87671 0 0.178081 0 0 -19.4925 
3.847 1.987 0.1765 1.46132 0 1.73873 -1.87671 0 0.168271 0 0 -19.4925 
3.848 1.987 0.1765 1.45944 0 1.73889 -1.87671 0 0.158461 0 0 -19.4925 
3.849 1.987 0.1765 1.45756 0 1.73904 -1.87671 0 0.148651 0 0 -19.4925 
3.85 1.987 0.1765 1.45569 0 1.73917 -1.87671 0 0.138841 0 0 -19.4925 
3.851 1.987 0.1765 1.45381 0 1.7393 -1.87671 0 0.129031 0 0 -19.4925 
3.852 1.987 0.1765 1.45193 0 1.73942 -1.87671 0 0.119221 0 0 -19.4925 
3.853 1.987 0.1765 1.45006 0 1.73953 -1.87671 0 0.109411 0 0 -19.4925 
3.854 1.987 0.1765 1.44818 0 1.73963 -1.87671 0 0.0996014 0 0 -19.4925 
3.855 1.987 0.1765 1.4463 0 1.73972 -1.87671 0 0.0897914 0 0 -19.4925 
3.856 1.987 0.1765 1.44443 0 1.7398 -1.87671 0 0.0799814 0 0 -19.4925 
3.857 1.987 0.1765 1.44255 0 1.73987 -1.87671 0 0.0701714 0 0 -19.4925 
3.858 1.987 0.1765 1.44067 0 1.73993 -1.87671 0 0.0603614 0 0 -19.4925 
3.859 1.987 0.1765 1.4388 0 1.73998 -1.87671 0 0.0505514 0 0 -19.4925 
3.86 1.987 0.1765 1.43692 0 1.74002 -1.87671 0 0.0407414 0 0 -19.4925 
3.861 1.987 0.1765 1.43504 0 1.74005 -1.87671 0 0.0309314 0 0 -19.4925 
3.862 1.987 0.1765 1.43316 0 1.74008 -1.87671 0 0.0211214 0 0 -19.4925 
3.863 1.987 0.1765 1.43129 0 1.74009 -1.87671 0 0.0113114 0 0 -19.4925 
3.864 1.987 0.1765 1.42941 0 1.74009 -1.87671 0 0.00150137 0 0 -19.4925 
3.865 1.987 0.1765 1.42753 0 1.74008 -1.87671 0 -0.00830863 0 0 -19.4925 
3.866 1.987 0.1765 1.42566 0 1.74006 -1.87671 0 -0.0181186 0 0 -19.4925 
3.867 1.987 0.1765 1.42378 0 1.74003 -1.87671 0 -0.0279286 0 0 -19.4925 
3.868 1.987 0.1765 1.4219 0 1.74 -1.87671 0 -0.0377386 0 0 -19.4925 
3.869 1.987 0.1765 1.42003 0 1.73995 -1.87671 0 -0.0475486 0 0 -19.4925 
3.87 1.987 0.1765 1.41815 0 1.73989 -1.87671 0 -0.0573586 0 0 -19.4925 
3.871 1.987 0.1765 1.41627 0 1.73982 -1.87671 0 -0.0671686 0 0 -19.4925 
3.872 1.987 0.1765 1.4144 0 1.73975 -1.87671 0 -0.0769786 0 0 -19.4925 
3.873 1.987 0.1765 1.41252 0 1.73966 -1.87671 0 -0.0867886 0 0 -19.4925 
3.874 1.987 0.1765 1.41064 0 1.73956 -1.87671 0 -0.0965986 0 0 -19.4925 
3.875 1.987 0.1765 1.40877 0 1.73946 -1.87671 0 -0.106409 0 0 -19.4925 
3.876 1.987 0.1765 1.40689 0 1.73934 -1.87671 0 -0.116219 0 0 -19.4925 
3.877 1.987 0.1765 1.40501 0 1.73921 -1.87671 0 -0.126029 0 0 -19.4925 
3.878 1.987 0.1765 1.40314 0 1.73908 -1.87671 0 -0.135839 0 0 -19.4925 
3.879 1.987 0.1765 1.40126 0 1.73893 -1.87671 0 -0.145649 0 0 -19.4925 
3.88 1.987 0.1765 1.39938 0 1.73878 -1.87671 0 -0.155459 0 0 -19.4925 
3.881 1.987 0.1765 1.39751 0 1.73861 -1.87671 0 -0.165269 0 0 -19.4925 
3.882 1.987 0.1765 1.39563 0 1.73844 -1.87671 0 -0.175079 0 0 -19.4925 
3.883 1.987 0.1765 1.39375 0 1.73825 -1.87671 0 -0.184889 0 0 -19.4925 
3.884 1.987 0.1765 1.39188 0 1.73806 -1.87671 0 -0.194699 0 0 -19.4925 
3.885 1.987 0.1765 1.39 0 1.73785 -1.87671 0 -0.204509 0 0 -19.4925 
3.886 1.987 0.1765 1.38812 0 1.73764 -1.87671 0 -0.214319 0 0 -19.4925 
3.887 1.987 0.1765 1.38625 0 1.73742 -1.87671 0 -0.224129 0 0 -19.4925 
3.888 1.987 0.1765 1.38437 0 1.73718 -1.87671 0 -0.233939 0 0 -19.4925 
3.889 1.987 0.1765 1.38249 0 1.73694 -1.87671 0 -0.243749 0 0 -19.4925 
3.89 1.987 0.1765 1.38062 0 1.73668 -1.87671 0 -0.253559 0 0 -19.4925 
3.891 1.987 0.1765 1.37874 0 1.73642 -1.87671 0 -0.263369 0 0 -19.4925 
3.892 1.987 0.1765 1.37686 0 1.73615 -1.87671 0 -0.273179 0 0 -19.4925 
3.893 1.987 0.1765 1.37499 0 1.73586 -1.87671 0 -0.282989 0 0 -19.4925 
3.894 1.987 0.1765 1.37311 0 1.73557 -1.87671 0 -0.292799 0 0 -19.4925 
3.895 1.987 0.1765 1.37123 0 1.73527 -1.87671 0 -0.302609 0 0 -19.4925 
3.896 1.987 0.1765 1.36936 0 1.73496 -1.87671 0 -0.312419 0 0 -19.4925 
3.897 1.987 0.1765 1.36748 0 1.73463 -1.87671 0 -0.322229 0 0 -19.4925 
3.898 1.987 0.1765 1.3656 0 1.7343 -1.87671 0 -0.332039 0 0 -19.4925 
3.899 1.987 0.1765 1.36373 0 1.73396 -1.87671 0 -0.341849 0 0 -19.4925 
3.9 1.987 0.1765 1.36185 0 1.73361 -1.87671 0 -0.351659 0 0 -19.4925 
3.901 1.987 0.1765 1.35997 0 1.73325 -1.87671 0 -0.361469 0 0 -19.4925 
3.902 1.987 0.1765 1.3581 0 1.73288 -1.87671 0 -0.371279 0 0 -19.4925 
3.903 1.987 0.1765 1.35622 0 1.73249 -1.87671 0 -0.381089 0 0 -19.4925 
3.904 1.987 0.1765 1.35434 0 1.7321 -1.87671 0 -0.390899 0 0 -19.4925 
3.905 1.987 0.1765 1.35247 0 1.7317 -1.87671 0 -0.400709 0 0 -19.4925 
3.906 1.987 0.1765 1.35059 0 1.73129 -1.87671 0 -0.410519 0 0 -19.4925 
3.907 1.987 0.1765 1.34871 0 1.73087 -1.87671 0 -0.420329 0 0 -19.4925 
3.908 1.987 0.1765 1.34684 0 1.73044 -1.87671 0 -0.430139 0 0 -19.4925 
3.909 1.987 0.1765 1.34496 0 1.73 -1.87671 0 -0.439949 0 0 -19.4925 
3.91 1.987 0.1765 1.34308 0 1.72955 -1.87671 0 -0.449759 0 0 -19.4925 
3.911 1.987 0.1765 1.34121 0 1.72909 -1.87671 0 -0.459569 0 0 -19.4925 
3.912 1.987 0.1765 1.33933 0 1.72862 -1.87671 0 -0.469379 0 0 -19.4925 
3.913 1.987 0.1765 1.33745 0 1.72814 -1.87671 0 -0.479189 0 0 -19.4925 
3.914 1.987 0.1765 1.33558 0 1.72766 -1.87671 0 -0.488999 0 0 -19.4925 
3.915 1.987 0.1765 1.3337 0 1.72716 -1.87671 0 -0.498809 0 0 -19.4925 
3.916 1.987 0.1765 1.33182 0 1.72665 -1.87671 0 -0.508619 0 0 -19.4925 
3.917 1.987 0.1765 1.32995 0 1.72613 -1.87671 0 -0.518429 0 0 -19.4925 
3.918 1.987 0.1765 1.32807 0 1.7256 -1.87671 0 -0.528239 0 0 -19.4925 
3.919 1.987 0.1765 1.32619 0 1.72506 -1.87671 0 -0.538049 0 0 -19.4925 
3.92 1.987 0.1765 1.32432 0 1.72452 -1.87671 0 -0.547859 0 0 -19.4925 
3.921 1.987 0.1765 1.32244 0 1.72396 -1.87671 0 -0.557669 0 0 -19.4925 
3.922 1.987 0.1765 1.32056 0 1.72339 -1.87671 0 -0.567479 0 0 -19.4925 
3.923 1.987 0.1765 1.31869 0 1.72281 -1.87671 0 -0.577289 0 0 -19.4925 
3.924 1.987 0.1765 1.31681 0 1.72223 -1.87671 0 -0.587099 0 0 -19.4925 
3.925 1.987 0.1765 1.31493 0 1.72163 -1.87671 0 -0.596909 0 0 -19.4925 
3.926 1.987 0.1765 1.31306 0 1.72102 -1.87671 0 -0.606719 0 0 -19.4925 
3.927 1.987 0.1765 1.31118 0 1.72041 -1.87671 0 -0.616529 0 0 -19.4925 
3.928 1.987 0.1765 1.3093 0 1.71978 -1.87671 0 -0.626339 0 0 -19.4925 
3.929 1.987 0.1765 1.30743 0 1.71914 -1.87671 0 -0.636149 0 0 -19.4925 
3.93 1.987 0.1765 1.30555 0 1.7185 -1.87671 0 -0.645959 0 0 -19.4925 
3.931 1.987 0.1765 1.30367 0 1.71784 -1.87671 0 -0.655769 0 0 -19.4925 
3.932 1.987 0.1765 1.30179 0 1.71718 -1.87671 0 -0.665579 0 0 -19.4925 
3.933 1.987 0.1765 1.29992 0 1.7165 -1.87671 0 -0.675389 0 0 -19.4925 
3.934 1.987 0.1765 1.29804 0 1.71582 -1.87671 0 -0.685199 0 0 -19.4925 
3.935 1.987 0.1765 1.29616 0 1.71512 -1.87671 0 -0.695009 0 0 -19.4925 
3.936 1.987 0.1765 1.29429 0 1.71442 -1.87671 0 -0.704819 0 0 -19.4925 
3.937 1.987 0.1765 1.29241 0 1.7137 -1.87671 0 -0.714629 0 0 -19.4925 
3.938 1.987 0.1765 1.29053 0 1.71298 -1.87671 0 -0.724439 0 0 -19.4925 
3.939 1.987 0.1765 1.28866 0 1.71224 -1.87671 0 -0.734249 0 0 -19.4925 
3.94 1.987 0.1765 1.28678 0 1.7115 -1.87671 0 -0.744059 0 0 -19.4925 
3.941 1.987 0.1765 1.2849 0 1.71074 -1.87671 0 -0.753869 0 0 -19.4925 
3.942 1.987 0.1765 1.28303 0 1.70998 -1.87671 0 -0.763679 0 0 -19.4925 
3.943 1.987 0.1765 1.28115 0 1.70921 -1.87671 0 -0.773489 0 0 -19.4925 
3.944 1.987 0.1765 1.27927 0 1.70842 -1.87671 0 -0.783299 0 0 -19.4925 
3.945 1.987 0.1765 1.2774 0 1.70763 -1.87671 0 -0.793109 0 0 -19.4925 
3.946 1.987 0.1765 1.27552 0 1.70683 -1.87671 0 -0.802919 0 0 -19.4925 
3.947 1.987 0.1765 1.27364 0 1.70602 -1.87671 0 -0.812729 0 0 -19.4925 
3.948 1.987 0.1765 1.27177 0 1.70519 -1.87671 0 -0.822539 0 0 -19.4925 
3.949 1.987 0.1765 1.26989 0 1.70436 -1.87671 0 -0.832349 0 0 -19.4925 
3.95 1.987 0.1765 1.26801 0 1.70352 -1.87671 0 -0.842159 0 0 -19.4925 
3.951 1.987 0.1765 1.26614 0 1.70267 -1.87671 0 -0.851969 0 0 -19.4925 
3.952 1.987 0.1765 1.26426 0 1.7018 -1.87671 0 -0.861779 0 0 -19.4925 
3.953 1.987 0.1765 1.26238 0 1.70093 -1.87671 0 -0.871589 0 0 -19.4925 
3.954 1.987 0.1765 1.26051 0 1.70005 -1.87671 0 -0.881399 0 0 -19.4925 
3.955 1.987 0.1765 1.25863 0 1.69916 -1.87671 0 -0.891209 0 0 -19.4925 
3.956 1.987 0.1765 1.25675 0 1.69826 -1.87671 0 -0.901019 0 0 -19.4925 
3.957 1.987 0.1765 1.25488 0 1.69735 -1.87671 0 -0.910829 0 0 -19.4925 
3.958 1.987 0.1765 1.253 0 1.69643 -1.87671 0 -0.920639 0 0 -19.4925 
3.959 1.987 0.1765 1.25112 0 1.6955 -1.87671 0 -0.930449 0 0 -19.4925 
3.96 1.987 0.1765 1.24925 0 1.69456 -1.87671 0 -0.940259 0 0 -19.4925 
3.961 1.987 0.1765 1.24737 0 1.69361 -1.87671 0 -0.950069 0 0 -19.4925 
3.962 1.987 0.1765 1.24549 0 1.69265 -1.87671 0 -0.959879 0 0 -19.4925 
3.963 1.987 0.1765 1.24362 0 1.69168 -1.87671 0 -0.969689 0 0 -19.4925 
3.964 1.987 0.1765 1.24174 0 1.6907 -1.87671 0 -0.979499 0 0 -19.4925 
3.965 1.987 0.1765 1.23986 0 1.68971 -1.87671 0 -0.989309 0 0 -19.4925 
3.966 1.987 0.1765 1.23799 0 1.68871 -1.87671 0 -0.999119 0 0 -19.4925 
3.967 1.987 0.1765 1.23611 0 1.6877 -1.87671 0 -1.00893 0 0 -19.4925 
3.968 1.987 0.1765 1.23423 0 1.68668 -1.87671 0 -1.01874 0 0 -19.4925 
3.969 1.987 0.1765 1.23236 0 1.68565 -1.87671 0 -1.02855 0 0 -19.4925 
3.97 1.987 0.1765 1.23048 0 1.68461 -1.87671 0 -1.03836 0 0 -19.4925 
3.971 1.987 0.1765 1.2286 0 1.68357 -1.87671 0 -1.04817 0 0 -19.4925 
3.972 1.987 0.1765 1.22673 0 1.68251 -1.87671 0 -1.05798 0 0 -19.4925 
3.973 1.987 0.1765 1.22485 0 1.68144 -1.87671 0 -1.06779 0 0 -19.4925 
3.974 1.987 0.1765 1.22297 0 1.68036 -1.87671 0 -1.0776 0 0 -19.4925 
3.975 1.987 0.1765 1.2211 0 1.67928 -1.87671 0 -1.08741 0 0 -19.4925 
3.976 1.987 0.1765 1.21922 0 1.67818 -1.87671 0 -1.09722 0 0 -19.4925 
3.977 1.987 0.1765 1.21734 0 1.67707 -1.87671 0 -1.10703 0 0 -19.4925 
3.978 1.987 0.1765 1.21547 0 1.67595 -1.87671 0 -1.11684 0 0 -19.4925 
3.979 1.987 0.1765 1.21359 0 1.67483 -1.87671 0 -1.12665 0 0 -19.4925 
3.98 1.987 0.1765 1.21171 0 1.67369 -1.87671 0 -1.13646 0 0 -19.4925 
3.981 1.987 0.1765 1.20984 0 1.67255 -1.87671 0 -1.14627 0 0 -19.4925 
3.982 1.987 0.1765 1.20796 0 1.67139 -1.87671 0 -1.15608 0 0 -19.4925 
3.983 1.987 0.1765 1.20608 0 1.67022 -1.87671 0 -1.16589 0 0 -19.4925 
3.984 1.987 0.1765 1.20421 0 1.66905 -1.87671 0 -1.1757 0 0 -19.4925 
3.985 1.987 0.1765 1.20233 0 1.66786 -1.87671 0 -1.18551 0 0 -19.4925 
3.986 1.987 0.1765 1.20045 0 1.66667 -1.87671 0 -1.19532 0 0 -19.4925 
3.987 1.987 0.1765 1.19858 0 1.66546 -1.87671 0 -1.20513 0 0 -19.4925 
3.988 1.987 0.1765 1.1967 0 1.66425 -1.87671 0 -1.21494 0 0 -19.4925 
3.989 1.987 0.1765 1.19482 0 1.66302 -1.87671 0 -1.22475 0 0 -19.4925 
3.99 1.987 0.1765 1.19295 0 1.66179 -1.87671 0 -1.23456 0 0 -19.4925 
3.991 1.987 0.1765 1.19107 0 1.66054 -1.87671 0 -1.24437 0 0 -19.4925 
3.992 1.987 0.1765 1.18919 0 1.65929 -1.87671 0 -1.25418 0 0 -19.4925 
3.993 1.987 0.1765 1.18732 0 1.65803 -1.87671 0 -1.26399 0 0 -19.4925 
3.994 1.987 0.1765 1.18544 0 1.65675 -1.87671 0 -1.2738 0 0 -19.4925 
3.995 1.987 0.1765 1.18356 0 1.65547 -1.87671 0 -1.28361 0 0 -19.4925 
3.996 1.987 0.1765 1.18169 0 1.65417 -1.87671 0 -1.29342 0 0 -19.4925 
3.997 1.987 0.1765 1.17981 0 1.65287 -1.87671 0 -1.30323 0 0 -19.4925 
3.998 1.987 0.1765 1.17793 0 1.65156 -1.87671 0 -1.31304 0 0 -19.4925 
3.999 1.987 0.1765 1.17606 0 1.65024 -1.87671 0 -1.32285 0 0 -19.4925 
4 1.987 0.1765 1.17418 0 1.6489 -1.87671 0 -1.33266 0 0 -19.4925 
4.001 1.987 0.1765 1.1723 0 1.64756 -1.87671 0 -1.34247 0 0 -19.4925 
4.002 1.987 0.1765 1.17043 0 1.64621 -1.87671 0 -1.35228 0 0 -19.4925 
4.003 1.987 0.1765 1.16855 0 1.64485 -1.87671 0 -1.36209 0 0 -19.4925 
4.004 1.987 0.1765 1.16667 0 1.64347 -1.87671 0 -1.3719 0 0 -19.4925 
4.005 1.987 0.1765 1.16479 0 1.64209 -1.87671 0 -1.38171 0 0 -19.4925 
4.006 1.987 0.1765 1.16292 0 1.6407 -1.87671 0 -1.39152 0 0 -19.4925 
4.007 1.987 0.1765 1.16104 0 1.6393 -1.87671 0 -1.40133 0 0 -19.4925 
4.008 1.987 0.1765 1.15916 0 1.63789 -1.87671 0 -1.41114 0 0 -19.4925 
4.009 1.987 0.1765 1.15729 0 1.63647 -1.87671 0 -1.42095 0 0 -19.4925 
4.01 1.987 0.1765 1.15541 0 1.63504 -1.87671 0 -1.43076 0 0 -19.4925 
4.011 1.987 0.1765 1.15353 0 1.6336 -1.87671 0 -1.44057 0 0 -19.4925 
4.012 1.987 0.1765 1.15166 0 1.63215 -1.87671 0 -1.45038 0 0 -19.4925 
4.013 1.987 0.1765 1.14978 0 1.63069 -1.87671 0 -1.46019 0 0 -19.4925 
4.014 1.987 0.1765 1.1479 0 1.62922 -1.87671 0 -1.47 0 0 -19.4925 
4.015 1.987 0.1765 1.14603 0 1.62774 -1.87671 0 -1.47981 0 0 -19.4925 
4.016 1.987 0.1765 1.14415 0 1.62625 -1.87671 0 -1.48962 0 0 -19.4925 
4.017 1.987 0.1765 1.14227 0 1.62475 -1.87671 0 -1.49943 0 0 -19.4925 
4.018 1.987 0.1765 1.1404 0 1.62324 -1.87671 0 -1.50924 0 0 -19.4925 
4.019 1.987 0.1765 1.13852 0 1.62172 -1.87671 0 -1.51905 0 0 -19.4925 
4.02 1.987 0.1765 1.13664 0 1.62019 -1.87671 0 -1.52886 0 0 -19.4925 
4.021 1.987 0.1765 1.13477 0 1.61865 -1.87671 0 -1.53867 0 0 -19.4925 
4.022 1.987 0.1765 1.13289 0 1.6171 -1.87671 0 -1.54848 0 0 -19.4925 
4.023 1.987 0.1765 1.13101 0 1.61554 -1.87671 0 -1.55829 0 0 -19.4925 
4.024 1.987 0.1765 1.12914 0 1.61398 -1.87671 0 -1.5681 0 0 -19.4925 
4.025 1.987 0.1765 1.12726 0 1.6124 -1.87671 0 -1.57791 0 0 -19.4925 
4.026 1.987 0.1765 1.12538 0 1.61081 -1.87671 0 -1.58772 0 0 -19.4925 
4.027 1.987 0.1765 1.12351 0 1.60921 -1.87671 0 -1.59753 0 0 -19.4925 
4.028 1.987 0.1765 1.12163 0 1.60761 -1.87671 0 -1.60734 0 0 -19.4925 
4.029 1.987 0.1765 1.11975 0 1.60599 -1.87671 0 -1.61715 0 0 -19.4925 
4.03 1.987 0.1765 1.11788 0 1.60436 -1.87671 0 -1.62696 0 0 -19.4925 
4.031 1.987 0.1765 1.116 0 1.60272 -1.87671 0 -1.63677 0 0 -19.4925 
4.032 1.987 0.1765 1.11412 0 1.60108 -1.87671 0 -1.64658 0 0 -19.4925 
4.033 1.987 0.1765 1.11225 0 1.59942 -1.87671 0 -1.65639 0 0 -19.4925 
4.034 1.987 0.1765 1.11037 0 1.59776 -1.87671 0 -1.6662 0 0 -19.4925 
4.035 1.987 0.1765 1.10849 0 1.59608 -1.87671 0 -1.67601 0 0 -19.4925 
4.036 1.987 0.1765 1.10662 0 1.59439 -1.87671 0 -1.68582 0 0 -19.4925 
4.037 1.987 0.1765 1.10474 0 1.5927 -1.87671 0 -1.69563 0 0 -19.4925 
4.038 1.987 0.1765 1.10286 0 1.59099 -1.87671 0 -1.70544 0 0 -19.4925 
4.039 1.987 0.1765 1.10099 0 1.58928 -1.87671 0 -1.71525 0 0 -19.4925 
4.04 1.987 0.1765 1.09911 0 1.58755 -1.87671 0 -1.72506 0 0 -19.4925 
4.041 1.987 0.1765 1.09723 0 1.58582 -1.87671 0 -1.73487 0 0 -19.4925 
4.042 1.987 0.1765 1.09536 0 1.58407 -1.87671 0 -1.74468 0 0 -19.4925 
4.043 1.987 0.1765 1.09348 0 1.58232 -1.87671 0 -1.75449 0 0 -19.4925 
4.044 1.987 0.1765 1.0916 0 1.58055 -1.87671 0 -1.7643 0 0 -19.4925 
4.045 1.987 0.1765 1.08973 0 1.57878 -1.87671 0 -1.77411 0 0 -19.4925 
4.046 1.987 0.1765 1.08785 0 1.577 -1.87671 0 -1.78392 0 0 -19.4925 
4.047 1.987 0.1765 1.08597 0 1.5752 -1.87671 0 -1.79373 0 0 -19.4925 
4.048 1.987 0.1765 1.0841 0 1.5734 -1.87671 0 -1.80354 0 0 -19.4925 
4.049 1.987 0.1765 1.08222 0 1.57158 -1.87671 0 -1.81335 0 0 -19.4925 
4.05 1.987 0.1765 1.08034 0 1.56976 -1.87671 0 -1.82316 0 0 -19.4925 
4.051 1.987 0.1765 1.07847 0 1.56793 -1.87671 0 -1.83297 0 0 -19.4925 
4.052 1.987 0.1765 1.07659 0 1.56609 -1.87671 0 -1.84278 0 0 -19.4925 
4.053 1.987 0.1765 1.07471 0 1.56423 -1.87671 0 -1.85259 0 0 -19.4925 
4.054 1.987 0.1765 1.07284 0 1.56237 -1.87671 0 -1.8624 0 0 -19.4925 
4.055 1.987 0.1765 1.07096 0 1.5605 -1.87671 0 -1.87221 0 0 -19.4925 
4.056 1.987 0.1765 1.06908 0 1.55862 -1.87671 0 -1.88202 0 0 -19.4925 
4.057 1.987 0.1765 1.06721 0 1.55672 -1.87671 0 -1.89183 0 0 -19.4925 
4.058 1.987 0.1765 1.06533 0 1.55482 -1.87671 0 -1.90164 0 0 -19.4925 
4.059 1.987 0.1765 1.06345 0 1.55291 -1.87671 0 -1.91145 0 0 -19.4925 
4.06 1.987 0.1765 1.06158 0 1.55099 -1.87671 0 -1.92126 0 0 -19.4925 
4.061 1.987 0.1765 1.0597 0 1.54906 -1.87671 0 -1.93107 0 0 -19.4925 
4.062 1.987 0.1765 1.05782 0 1.54712 -1.87671 0 -1.94088 0 0 -19.4925 
4.063 1.987 0.1765 1.05595 0 1.54517 -1.87671 0 -1.95069 0 0 -19.4925 
4.064 1.987 0.1765 1.05407 0 1.54321 -1.87671 0 -1.9605 0 0 -19.4925 
4.065 1.987 0.1765 1.05219 0 1.54124 -1.87671 0 -1.97031 0 0 -19.4925 
4.066 1.987 0.1765 1.05032 0 1.53926 -1.87671 0 -1.98012 0 0 -19.4925 
4.067 1.987 0.1765 1.04844 0 1.53727 -1.87671 0 -1.98993 0 0 -19.4925 
4.068 1.987 0.1765 1.04656 0 1.53527 -1.87671 0 -1.99974 0 0 -19.4925 
4.069 1.987 0.1765 1.04469 0 1.53326 -1.87671 0 -2.00955 0 0 -19.4925 
4.07 1.987 0.1765 1.04281 0 1.53124 -1.87671 0 -2.01936 0 0 -19.4925 
4.071 1.987 0.1765 1.04093 0 1.52921 -1.87671 0 -2.02917 0 0 -19.4925 
4.072 1.987 0.1765 1.03906 0 1.52717 -1.87671 0 -2.03898 0 0 -19.4925 
4.073 1.987 0.1765 1.03718 0 1.52512 -1.87671 0 -2.04879 0 0 -19.4925 
4.074 1.987 0.1765 1.0353 0 1.52306 -1.87671 0 -2.0586 0 0 -19.4925 
4.075 1.987 0.1765 1.03343 0 1.52099 -1.87671 0 -2.06841 0 0 -19.4925 
4.076 1.987 0.1765 1.03155 0 1.51892 -1.87671 0 -2.07822 0 0 -19.4925 
4.077 1.987 0.1765 1.02967 0 1.51683 -1.87671 0 -2.08803 0 0 -19.4925 
4.078 1.987 0.1765 1.02779 0 1.51473 -1.87671 0 -2.09784 0 0 -19.4925 
4.079 1.987 0.1765 1.02592 0 1.51262 -1.87671 0 -2.10765 0 0 -19.4925 
4.08 1.987 0.1765 1.02404 0 1.51051 -1.87671 0 -2.11746 0 0 -19.4925 
4.081 1.987 0.1765 1.02216 0 1.50838 -1.87671 0 -2.12727 0 0 -19.4925 
4.082 1.987 0.1765 1.02029 0 1.50624 -1.87671 0 -2.13708 0 0 -19.4925 
4.083 1.987 0.1765 1.01841 0 1.50409 -1.87671 0 -2.14689 0 0 -19.4925 
4.084 1.987 0.1765 1.01653 0 1.50194 -1.87671 0 -2.1567 0 0 -19.4925 
4.085 1.987 0.1765 1.01466 0 1.49977 -1.87671 0 -2.16651 0 0 -19.4925 
4.086 1.987 0.1765 1.01278 0 1.49759 -1.87671 0 -2.17632 0 0 -19.4925 
4.087 1.987 0.1765 1.0109 0 1.49541 -1.87671 0 -2.18613 0 0 -19.4925 
4.088 1.987 0.1765 1.00903 0 1.49321 -1.87671 0 -2.19594 0 0 -19.4925 
4.089 1.987 0.1765 1.00715 0 1.49101 -1.87671 0 -2.20575 0 0 -19.4925 
4.09 1.987 0.1765 1.00527 0 1.48879 -1.87671 0 -2.21556 0 0 -19.4925 
4.091 1.987 0.1765 1.0034 0 1.48657 -1.87671 0 -2.22537 0 0 -19.4925 
4.092 1.987 0.1765 1.00152 0 1.48433 -1.87671 0 -2.23518 0 0 -19.4925 
4.093 1.987 0.1765 0.999644 0 1.48209 -1.87671 0 -2.24499 0 0 -19.4925 
4.094 1.987 0.1765 0.997767 0 1.47983 -1.87671 0 -2.2548 0 0 -19.4925 
4.095 1.987 0.1765 0.995891 0 1.47757 -1.87671 0 -2.26461 0 0 -19.4925 
4.096 1.987 0.1765 0.994014 0 1.47529 -1.87671 0 -2.27442 0 0 -19.4925 
4.097 1.987 0.1765 0.992137 0 1.47301 -1.87671 0 -2.28423 0 0 -19.4925 
4.098 1.987 0.1765 0.990261 0 1.47071 -1.87671 0 -2.29404 0 0 -19.4925 
4.099 1.987 0.1765 0.988384 0 1.46841 -1.87671 0 -2.30385 0 0 -19.4925 
4.1 1.987 0.1765 0.986507 0 1.4661 -1.87671 0 -2.31366 0 0 -19.4925 
4.101 1.987 0.1765 0.98463 0 1.46377 -1.87671 0 -2.32347 0 0 -19.4925 
4.102 1.987 0.1765 0.982754 0 1.46144 -1.87671 0 -2.33328 0 0 -19.4925 
4.103 1.987 0.1765 0.980877 0 1.4591 -1.87671 0 -2.34309 0 0 -19.4925 
4.104 1.987 0.1765 0.979 0 1.45674 -1.87671 0 -2.3529 0 0 -19.4925 
4.105 1.987 0.1765 0.977124 0 1.45438 -1.87671 0 -2.36271 0 0 -19.4925 
4.106 1.987 0.1765 0.975247 0 1.45201 -1.87671 0 -2.37252 0 0 -19.4925 
4.107 1.987 0.1765 0.97337 0 1.44963 -1.87671 0 -2.38233 0 0 -19.4925 
4.108 1.987 0.1765 0.971494 0 1.44723 -1.87671 0 -2.39214 0 0 -19.4925 
4.109 1.987 0.1765 0.969617 0 1.44483 -1.87671 0 -2.40195 0 0 -19.4925 
4.11 1.987 0.1765 0.96774 0 1.44242 -1.87671 0 -2.41176 0 0 -19.4925 
4.111 1.987 0.1765 0.965863 0 1.44 -1.87671 0 -2.42157 0 0 -19.4925 
4.112 1.987 0.1765 0.963987 0 1.43757 -1.87671 0 -2.43138 0 0 -19.4925 
4.113 1.987 0.1765 0.96211 0 1.43513 -1.87671 0 -2.44119 0 0 -19.4925 
4.114 1.987 0.1765 0.960233 0 1.43267 -1.87671 0 -2.451 0 0 -19.4925 
4.115 1.987 0.1765 0.958357 0 1.43021 -1.87671 0 -2.46081 0 0 -19.4925 
4.116 1.987 0.1765 0.95648 0 1.42774 -1.87671 0 -2.47062 0 0 -19.4925 
4.117 1.987 0.1765 0.954603 0 1.42526 -1.87671 0 -2.48043 0 0 -19.4925 
4.118 1.987 0.1765 0.952726 0 1.42277 -1.87671 0 -2.49024 0 0 -19.4925 
4.119 1.987 0.1765 0.95085 0 1.42027 -1.87671 0 -2.50005 0 0 -19.4925 
4.12 1.987 0.1765 0.948973 0 1.41776 -1.87671 0 -2.50986 0 0 -19.4925 
4.121 1.987 0.1765 0.947096 0 1.41524 -1.87671 0 -2.51967 0 0 -19.4925 
4.122 1.987 0.1765 0.94522 0 1.41271 -1.87671 0 -2.52948 0 0 -19.4925 
4.123 1.987 0.1765 0.943343 0 1.41017 -1.87671 0 -2.53929 0 0 -19.4925 
4.124 1.987 0.1765 0.941466 0 1.40763 -1.87671 0 -2.5491 0 0 -19.4925 
4.125 1.987 0.1765 0.939589 0 1.40507 -1.87671 0 -2.55891 0 0 -19.4925 
4.126 1.987 0.1765 0.937713 0 1.4025 -1.87671 0 -2.56872 0 0 -19.4925 
4.127 1.987 0.1765 0.935836 0 1.39992 -1.87671 0 -2.57853 0 0 -19.4925 
4.128 1.987 0.1765 0.933959 0 1.39733 -1.87671 0 -2.58834 0 0 -19.4925 
4.129 1.987 0.1765 0.932083 0 1.39473 -1.87671 0 -2.59815 0 0 -19.4925 
4.13 1.987 0.1765 0.930206 0 1.39212 -1.87671 0 -2.60796 0 0 -19.4925 
4.131 1.987 0.1765 0.928329 0 1.38951 -1.87671 0 -2.61777 0 0 -19.4925 
4.132 1.987 0.1765 0.926452 0 1.38688 -1.87671 0 -2.62758 0 0 -19.4925 
4.133 1.987 0.1765 0.924576 0 1.38424 -1.87671 0 -2.63739 0 0 -19.4925 
4.134 1.987 0.1765 0.922699 0 1.38159 -1.87671 0 -2.6472 0 0 -19.4925 
4.135 1.987 0.1765 0.920822 0 1.37894 -1.87671 0 -2.65701 0 0 -19.4925 
4.136 1.987 0.1765 0.918946 0 1.37627 -1.87671 0 -2.66682 0 0 -19.4925 
4.137 1.987 0.1765 0.917069 0 1.37359 -1.87671 0 -2.67663 0 0 -19.4925 
4.138 1.987 0.1765 0.915192 0 1.37091 -1.87671 0 -2.68644 0 0 -19.4925 
4.139 1.987 0.1765 0.913315 0 1.36821 -1.87671 0 -2.69625 0 0 -19.4925 
4.14 1.987 0.1765 0.911439 0 1.36551 -1.87671 0 -2.70606 0 0 -19.4925 
4.141 1.987 0.1765 0.909562 0 1.36279 -1.87671 0 -2.71587 0 0 -19.4925 
4.142 1.987 0.1765 0.907685 0 1.36006 -1.87671 0 -2.72568 0 0 -19.4925 
4.143 1.987 0.1765 0.905809 0 1.35733 -1.87671 0 -2.73549 0 0 -19.4925 
4.144 1.987 0.1765 0.903932 0 1.35458 -1.87671 0 -2.7453 0 0 -19.4925 
4.145 1.987 0.1765 0.902055 0 1.35183 -1.87671 0 -2.75511 0 0 -19.4925 
4.146 1.987 0.1765 0.900178 0 1.34906 -1.87671 0 -2.76492 0 0 -19.4925 
4.147 1.987 0.1765 0.898302 0 1.34629 -1.87671 0 -2.77473 0 0 -19.4925 
4.148 1.987 0.1765 0.896425 0 1.3435 -1.87671 0 -2.78454 0 0 -19.4925 
4.149 1.987 0.1765 0.894548 0 1.34071 -1.87671 0 -2.79435 0 0 -19.4925 
4.15 1.987 0.1765 0.892672 0 1.33791 -1.87671 0 -2.80416 0 0 -19.4925 
4.151 1.987 0.1765 0.890795 0 1.33509 -1.87671 0 -2.81397 0 0 -19.4925 
4.152 1.987 0.1765 0.888918 0 1.33227 -1.87671 0 -2.82378 0 0 -19.4925 
4.153 1.987 0.1765 0.887041 0 1.32943 -1.87671 0 -2.83359 0 0 -19.4925 
4.154 1.987 0.1765 0.885165 0 1.32659 -1.87671 0 -2.8434 0 0 -19.4925 
4.155 1.987 0.1765 0.883288 0 1.32374 -1.87671 0 -2.85321 0 0 -19.4925 
4.156 1.987 0.1765 0.881411 0 1.32087 -1.87671 0 -2.86302 0 0 -19.4925 
4.157 1.987 0.1765 0.879535 0 1.318 -1.87671 0 -2.87283 0 0 -19.4925 
4.158 1.987 0.1765 0.877658 0 1.31512 -1.87671 0 -2.88264 0 0 -19.4925 
4.159 1.987 0.1765 0.875781 0 1.31223 -1.87671 0 -2.89245 0 0 -19.4925 
4.16 1.987 0.1765 0.873904 0 1.30932 -1.87671 0 -2.90226 0 0 -19.4925 
4.161 1.987 0.1765 0.872028 0 1.30641 -1.87671 0 -2.91207 0 0 -19.4925 
4.162 1.987 0.1765 0.870151 0 1.30349 -1.87671 0 -2.92188 0 0 -19.4925 
4.163 1.987 0.1765 0.868274 0 1.30056 -1.87671 0 -2.93169 0 0 -19.4925 
4.164 1.987 0.1765 0.866398 0 1.29762 -1.87671 0 -2.9415 0 0 -19.4925 
4.165 1.987 0.1765 0.864521 0 1.29467 -1.87671 0 -2.95131 0 0 -19.4925 
4.166 1.987 0.1765 0.862644 0 1.2917 -1.87671 0 -2.96112 0 0 -19.4925 
4.167 1.987 0.1765 0.860767 0 1.28873 -1.87671 0 -2.97093 0 0 -19.4925 
4.168 1.987 0.1765 0.858891 0 1.28575 -1.87671 0 -2.98074 0 0 -19.4925 
4.169 1.987 0.1765 0.857014 0 1.28276 -1.87671 0 -2.99055 0 0 -19.4925 
4.17 1.987 0.1765 0.855137 0 1.27976 -1.87671 0 -3.00036 0 0 -19.4925 
4.171 1.987 0.1765 0.853261 0 1.27675 -1.87671 0 -3.01017 0 0 -19.4925 
4.172 1.987 0.1765 0.851384 0 1.27373 -1.87671 0 -3.01998 0 0 -19.4925 
4.173 1.987 0.1765 0.849507 0 1.2707 -1.87671 0 -3.02979 0 0 -19.4925 
4.174 1.987 0.1765 0.84763 0 1.26766 -1.87671 0 -3.0396 0 0 -19.4925 
4.175 1.987 0.1765 0.845754 0 1.26461 -1.87671 0 -3.04941 0 0 -19.4925 
4.176 1.987 0.1765 0.843877 0 1.26155 -1.87671 0 -3.05922 0 0 -19.4925 
4.177 1.987 0.1765 0.842 0 1.25848 -1.87671 0 -3.06903 0 0 -19.4925 
4.178 1.987 0.1765 0.840124 0 1.25541 -1.87671 0 -3.07884 0 0 -19.4925 
4.179 1.987 0.1765 0.838247 0 1.25232 -1.87671 0 -3.08865 0 0 -19.4925 
4.18 1.987 0.1765 0.83637 0 1.24922 -1.87671 0 -3.09846 0 0 -19.4925 
4.181 1.987 0.1765 0.834493 0 1.24611 -1.87671 0 -3.10827 0 0 -19.4925 
4.182 1.987 0.1765 0.832617 0 1.24299 -1.87671 0 -3.11808 0 0 -19.4925 
4.183 1.987 0.1765 0.83074 0 1.23986 -1.87671 0 -3.12789 0 0 -19.4925 
4.184 1.987 0.1765 0.828863 0 1.23673 -1.87671 0 -3.1377 0 0 -19.4925 
4.185 1.987 0.1765 0.826987 0 1.23358 -1.87671 0 -3.14751 0 0 -19.4925 
4.186 1.987 0.1765 0.82511 0 1.23042 -1.87671 0 -3.15732 0 0 -19.4925 
4.187 1.987 0.1765 0.823233 0 1.22726 -1.87671 0 -3.16713 0 0 -19.4925 
4.188 1.987 0.1765 0.821356 0 1.22408 -1.87671 0 -3.17694 0 0 -19.4925 
4.189 1.987 0.1765 0.81948 0 1.22089 -1.87671 0 -3.18675 0 0 -19.4925 
4.19 1.987 0.1765 0.817603 0 1.21769 -1.87671 0 -3.19656 0 0 -19.4925 
4.191 1.987 0.1765 0.815726 0 1.21449 -1.87671 0 -3.20637 0 0 -19.4925 
4.192 1.987 0.1765 0.81385 0 1.21127 -1.87671 0 -3.21618 0 0 -19.4925 
4.193 1.987 0.1765 0.811973 0 1.20805 -1.87671 0 -3.22599 0 0 -19.4925 
4.194 1.987 0.1765 0.810096 0 1.20481 -1.87671 0 -3.2358 0 0 -19.4925 
4.195 1.987 0.1765 0.808219 0 1.20156 -1.87671 0 -3.24561 0 0 -19.4925 
4.196 1.987 0.1765 0.806343 0 1.19831 -1.87671 0 -3.25542 0 0 -19.4925 
4.197 1.987 0.1765 0.804466 0 1.19504 -1.87671 0 -3.26523 0 0 -19.4925 
4.198 1.987 0.1765 0.802589 0 1.19177 -1.87671 0 -3.27504 0 0 -19.4925 
4.199 1.987 0.1765 0.800713 0 1.18848 -1.87671 0 -3.28485 0 0 -19.4925 
4.2 1.987 0.1765 0.798836 0 1.18519 -1.87671 0 -3.29466 0 0 -19.4925 
4.201 1.987 0.1765 0.796959 0 1.18189 -1.87671 0 -3.30447 0 0 -19.4925 
4.202 1.987 0.1765 0.795082 0 1.17857 -1.87671 0 -3.31428 0 0 -19.4925 
4.203 1.987 0.1765 0.793206 0 1.17525 -1.87671 0 -3.32409 0 0 -19.4925 
4.204 1.987 0.1765 0.791329 0 1.17191 -1.87671 0 -3.3339 0 0 -19.4925 
4.205 1.987 0.1765 0.789452 0 1.16857 -1.87671 0 -3.34371 0 0 -19.4925 
4.206 1.987 0.1765 0.787576 0 1.16522 -1.87671 0 -3.35352 0 0 -19.4925 
4.207 1.987 0.1765 0.785699 0 1.16185 -1.87671 0 -3.36333 0 0 -19.4925 
4.208 1.987 0.1765 0.783822 0 1.15848 -1.87671 0 -3.37314 0 0 -19.4925 
4.209 1.987 0.1765 0.781945 0 1.1551 -1.87671 0 -3.38295 0 0 -19.4925 
4.21 1.987 0.1765 0.780069 0 1.1517 -1.87671 0 -3.39276 0 0 -19.4925 
4.211 1.987 0.1765 0.778192 0 1.1483 -1.87671 0 -3.40257 0 0 -19.4925 
4.212 1.987 0.1765 0.776315 0 1.14489 -1.87671 0 -3.41238 0 0 -19.4925 
4.213 1.987 0.1765 0.774439 0 1.14147 -1.87671 0 -3.42219 0 0 -19.4925 
4.214 1.987 0.1765 0.772562 0 1.13803 -1.87671 0 -3.432 0 0 -19.4925 
4.215 1.987 0.1765 0.770685 0 1.13459 -1.87671 0 -3.44181 0 0 -19.4925 
4.216 1.987 0.1765 0.768808 0 1.13114 -1.87671 0 -3.45162 0 0 -19.4925 
4.217 1.987 0.1765 0.766932 0 1.12768 -1.87671 0 -3.46143 0 0 -19.4925 
4.218 1.987 0.1765 0.765055 0 1.12421 -1.87671 0 -3.47124 0 0 -19.4925 
4.219 1.987 0.1765 0.763178 0 1.12073 -1.87671 0 -3.48105 0 0 -19.4925 
4.22 1.987 0.1765 0.761302 0 1.11724 -1.87671 0 -3.49086 0 0 -19.4925 
4.221 1.987 0.1765 0.759425 0 1.11374 -1.87671 0 -3.50067 0 0 -19.4925 
4.222 1.987 0.1765 0.757548 0 1.11023 -1.87671 0 -3.51048 0 0 -19.4925 
4.223 1.987 0.1765 0.755672 0 1.1067 -1.87671 0 -3.52029 0 0 -19.4925 
4.224 1.987 0.1765 0.753795 0 1.10317 -1.87671 0 -3.5301 0 0 -19.4925 
4.225 1.987 0.1765 0.751918 0 1.09963 -1.87671 0 -3.53991 0 0 -19.4925 
4.226 1.987 0.1765 0.750041 0 1.09609 -1.87671 0 -3.54972 0 0 -19.4925 
4.227 1.987 0.1765 0.748165 0 1.09253 -1.87671 0 -3.55953 0 0 -19.4925 
4.228 1.987 0.1765 0.746288 0 1.08896 -1.87671 0 -3.56934 0 0 -19.4925 
4.229 1.987 0.1765 0.744411 0 1.08538 -1.87671 0 -3.57915 0 0 -19.4925 
4.23 1.987 0.1765 0.742535 0 1.08179 -1.87671 0 -3.58896 0 0 -19.4925 
4.231 1.987 0.1765 0.740658 0 1.07819 -1.87671 0 -3.59877 0 0 -19.4925 
4.232 1.987 0.1765 0.738781 0 1.07458 -1.87671 0 -3.60858 0 0 -19.4925 
4.233 1.987 0.1765 0.736904 0 1.07096 -1.87671 0 -3.61839 0 0 -19.4925 
4.234 1.987 0.1765 0.735028 0 1.06733 -1.87671 0 -3.6282 0 0 -19.4925 
4.235 1.987 0.1765 0.733151 0 1.0637 -1.87671 0 -3.63801 0 0 -19.4925 
4.236 1.987 0.1765 0.731274 0 1.06005 -1.87671 0 -3.64782 0 0 -19.4925 
4.237 1.987 0.1765 0.729398 0 1.05639 -1.87671 0 -3.65763 0 0 -19.4925 
4.238 1.987 0.1765 0.727521 0 1.05272 -1.87671 0 -3.66744 0 0 -19.4925 
4.239 1.987 0.1765 0.725644 0 1.04905 -1.87671 0 -3.67725 0 0 -19.4925 
4.24 1.987 0.1765 0.723767 0 1.04536 -1.87671 0 -3.68706 0 0 -19.4925 
4.241 1.987 0.1765 0.721891 0 1.04166 -1.87671 0 -3.69687 0 0 -19.4925 
4.242 1.987 0.1765 0.720014 0 1.03796 -1.87671 0 -3.70668 0 0 -19.4925 
4.243 1.987 0.1765 0.718137 0 1.03424 -1.87671 0 -3.71649 0 0 -19.4925 
4.244 1.987 0.1765 0.716261 0 1.03051 -1.87671 0 -3.7263 0 0 -19.4925 
4.245 1.987 0.1765 0.714384 0 1.02678 -1.87671 0 -3.73611 0 0 -19.4925 
4.246 1.987 0.1765 0.712507 0 1.02303 -1.87671 0 -3.74592 0 0 -19.4925 
4.247 1.987 0.1765 0.71063 0 1.01928 -1.87671 0 -3.75573 0 0 -19.4925 
4.248 1.987 0.1765 0.708754 0 1.01551 -1.87671 0 -3.76554 0 0 -19.4925 
4.249 1.987 0.1765 0.706877 0 1.01173 -1.87671 0 -3.77535 0 0 -19.4925 
4.25 1.987 0.1765 0.705 0 1.00795 -1.87671 0 -3.78516 0 0 -19.4925 
4.251 1.987 0.1765 0.703124 0 1.00415 -1.87671 0 -3.79497 0 0 -19.4925 
4.252 1.987 0.1765 0.701247 0 1.00035 -1.87671 0 -3.80478 0 0 -19.4925 
4.253 1.987 0.1765 0.69937 0 0.996535 -1.87671 0 -3.81459 0 0 -19.4925 
4.254 1.987 0.1765 0.697493 0 0.99271 -1.87671 0 -3.8244 0 0 -19.4925 
4.255 1.987 0.1765 0.695617 0 0.988876 -1.87671 0 -3.83421 0 0 -19.4925 
4.256 1.987 0.1765 0.69374 0 0.985032 -1.87671 0 -3.84402 0 0 -19.4925 
4.257 1.987 0.1765 0.691863 0 0.981178 -1.87671 0 -3.85383 0 0 -19.4925 
4.258 1.987 0.1765 0.689987 0 0.977315 -1.87671 0 -3.86364 0 0 -19.4925 
4.259 1.987 0.1765 0.68811 0 0.973441 -1.87671 0 -3.87345 0 0 -19.4925 
4.26 1.987 0.1765 0.686233 0 0.969558 -1.87671 0 -3.88326 0 0 -19.4925 
4.261 1.987 0.1765 0.684356 0 0.965665 -1.87671 0 -3.89307 0 0 -19.4925 
4.262 1.987 0.1765 0.68248 0 0.961762 -1.87671 0 -3.90288 0 0 -19.4925 
4.263 1.987 0.1765 0.680603 0 0.957849 -1.87671 0 -3.91269 0 0 -19.4925 
4.264 1.987 0.1765 0.678726 0 0.953927 -1.87671 0 -3.9225 0 0 -19.4925 
4.265 1.987 0.1765 0.67685 0 0.949994 -1.87671 0 -3.93231 0 0 -19.4925 
4.266 1.987 0.1765 0.674973 0 0.946052 -1.87671 0 -3.94212 0 0 -19.4925 
4.267 1.987 0.1765 0.673096 0 0.9421 -1.87671 0 -3.95193 0 0 -19.4925 
4.268 1.987 0.1765 0.671219 0 0.938139 -1.87671 0 -3.96174 0 0 -19.4925 
4.269 1.987 0.1765 0.669343 0 0.934167 -1.87671 0 -3.97155 0 0 -19.4925 
4.27 1.987 0.1765 0.667466 0 0.930186 -1.87671 0 -3.98136 0 0 -19.4925 
4.271 1.987 0.1765 0.665589 0 0.926195 -1.87671 0 -3.99117 0 0 -19.4925 
4.272 1.987 0.1765 0.663713 0 0.922194 -1.87671 0 -4.00098 0 0 -19.4925 
4.273 1.987 0.1765 0.661836 0 0.918183 -1.87671 0 -4.01079 0 0 -19.4925 
4.274 1.987 0.1765 0.659959 0 0.914162 -1.87671 0 -4.0206 0 0 -19.4925 
4.275 1.987 0.1765 0.658082 0 0.910132 -1.87671 0 -4.03041 0 0 -19.4925 
4.276 1.987 0.1765 0.656206 0 0.906092 -1.87671 0 -4.04022 0 0 -19.4925 
4.277 1.987 0.1765 0.654329 0 0.902042 -1.87671 0 -4.05003 0 0 -19.4925 
4.278 1.987 0.1765 0.652452 0 0.897982 -1.87671 0 -4.05984 0 0 -19.4925 
4.279 1.987 0.1765 0.650576 0 0.893912 -1.87671 0 -4.06965 0 0 -19.4925 
4.28 1.987 0.1765 0.648699 0 0.889833 -1.87671 0 -4.07946 0 0 -19.4925 
4.281 1.987 0.1765 0.646822 0 0.885743 -1.87671 0 -4.08927 0 0 -19.4925 
4.282 1.987 0.1765 0.644945 0 0.881644 -1.87671 0 -4.09908 0 0 -19.4925 
4.283 1.987 0.1765 0.643069 0 0.877535 -1.87671 0 -4.10889 0 0 -19.4925 
4.284 1.987 0.1765 0.641192 0 0.873417 -1.87671 0 -4.1187 0 0 -19.4925 
4.285 1.987 0.1765 0.639315 0 0.869288 -1.87671 0 -4.12851 0 0 -19.4925 
4.286 1.987 0.1765 0.637439 0 0.86515 -1.87671 0 -4.13832 0 0 -19.4925 
4.287 1.987 0.1765 0.635562 0 0.861002 -1.87671 0 -4.14813 0 0 -19.4925 
4.288 1.987 0.1765 0.633685 0 0.856844 -1.87671 0 -4.15794 0 0 -19.4925 
4.289 1.987 0.1765 0.631808 0 0.852676 -1.87671 0 -4.16775 0 0 -19.4925 
4.29 1.987 0.1765 0.629932 0 0.848498 -1.87671 0 -4.17756 0 0 -19.4925 
4.291 1.987 0.1765 0.628055 0 0.844311 -1.87671 0 -4.18737 0 0 -19.4925 
4.292 1.987 0.1765 0.626178 0 0.840114 -1.87671 0 -4.19718 0 0 -19.4925 
4.293 1.987 0.1765 0.624302 0 0.835907 -1.87671 0 -4.20699 0 0 -19.4925 
4.294 1.987 0.1765 0.622425 0 0.83169 -1.87671 0 -4.2168 0 0 -19.4925 
4.295 1.987 0.1765 0.620548 0 0.827464 -1.87671 0 -4.22661 0 0 -19.4925 
4.296 1.987 0.1765 0.618671 0 0.823227 -1.87671 0 -4.23642 0 0 -19.4925 
4.297 1.987 0.1765 0.616795 0 0.818981 -1.87671 0 -4.24623 0 0 -19.4925 
4.298 1.987 0.1765 0.614918 0 0.814725 -1.87671 0 -4.25604 0 0 -19.4925 
4.299 1.987 0.1765 0.613041 0 0.810459 -1.87671 0 -4.26585 0 0 -19.4925 
4.3 1.987 0.1765 0.611165 0 0.806183 -1.87671 0 -4.27566 0 0 -19.4925 
4.301 1.987 0.1765 0.609288 0 0.801898 -1.87671 0 -4.28547 0 0 -19.4925 
4.302 1.987 0.1765 0.607411 0 0.797603 -1.87671 0 -4.29528 0 0 -19.4925 
4.303 1.987 0.1765 0.605534 0 0.793297 -1.87671 0 -4.30509 0 0 -19.4925 
4.304 1.987 0.1765 0.603658 0 0.788983 -1.87671 0 -4.3149 0 0 -19.4925 
4.305 1.987 0.1765 0.601781 0 0.784658 -1.87671 0 -4.32471 0 0 -19.4925 
4.306 1.987 0.1765 0.599904 0 0.780323 -1.87671 0 -4.33452 0 0 -19.4925 
4.307 1.987 0.1765 0.598028 0 0.775979 -1.87671 0 -4.34433 0 0 -19.4925 
4.308 1.987 0.1765 0.596151 0 0.771625 -1.87671 0 -4.35414 0 0 -19.4925 
4.309 1.987 0.1765 0.594274 0 0.767261 -1.87671 0 -4.36395 0 0 -19.4925 
4.31 1.987 0.1765 0.592397 0 0.762887 -1.87671 0 -4.37376 0 0 -19.4925 
4.311 1.987 0.1765 0.590521 0 0.758504 -1.87671 0 -4.38357 0 0 -19.4925 
4.312 1.987 0.1765 0.588644 0 0.75411 -1.87671 0 -4.39338 0 0 -19.4925 
4.313 1.987 0.1765 0.586767 0 0.749707 -1.87671 0 -4.40319 0 0 -19.4925 
4.314 1.987 0.1765 0.584891 0 0.745294 -1.87671 0 -4.413 0 0 -19.4925 
4.315 1.987 0.1765 0.583014 0 0.740871 -1.87671 0 -4.42281 0 0 -19.4925 
4.316 1.987 0.1765 0.581137 0 0.736439 -1.87671 0 -4.43262 0 0 -19.4925 
4.317 1.987 0.1765 0.57926 0 0.731996 -1.87671 0 -4.44243 0 0 -19.4925 
4.318 1.987 0.1765 0.577384 0 0.727544 -1.87671 0 -4.45224 0 0 -19.4925 
4.319 1.987 0.1765 0.575507 0 0.723082 -1.87671 0 -4.46205 0 0 -19.4925 
4.32 1.987 0.1765 0.57363 0 0.71861 -1.87671 0 -4.47186 0 0 -19.4925 
4.321 1.987 0.1765 0.571754 0 0.714128 -1.87671 0 -4.48167 0 0 -19.4925 
4.322 1.987 0.1765 0.569877 0 0.709637 -1.87671 0 -4.49148 0 0 -19.4925 
4.323 1.987 0.1765 0.568 0 0.705136 -1.87671 0 -4.50129 0 0 -19.4925 
4.324 1.987 0.1765 0.566123 0 0.700625 -1.87671 0 -4.5111 0 0 -19.4925 
4.325 1.987 0.1765 0.564247 0 0.696104 -1.87671 0 -4.52091 0 0 -19.4925 
4.326 1.987 0.1765 0.56237 0 0.691573 -1.87671 0 -4.53072 0 0 -19.4925 
4.327 1.987 0.1765 0.560493 0 0.687032 -1.87671 0 -4.54053 0 0 -19.4925 
4.328 1.987 0.1765 0.558617 0 0.682482 -1.87671 0 -4.55034 0 0 -19.4925 
4.329 1.987 0.1765 0.55674 0 0.677922 -1.87671 0 -4.56015 0 0 -19.4925 
4.33 1.987 0.1765 0.554863 0 0.673352 -1.87671 0 -4.56996 0 0 -19.4925 
4.331 1.987 0.1765 0.552986 0 0.668772 -1.87671 0 -4.57977 0 0 -19.4925 
4.332 1.987 0.1765 0.55111 0 0.664183 -1.87671 0 -4.58958 0 0 -19.4925 
4.333 1.987 0.1765 0.549233 0 0.659583 -1.87671 0 -4.59939 0 0 -19.4925 
4.334 1.987 0.1765 0.547356 0 0.654974 -1.87671 0 -4.6092 0 0 -19.4925 
4.335 1.987 0.1765 0.54548 0 0.650355 -1.87671 0 -4.61901 0 0 -19.4925 
4.336 1.987 0.1765 0.543603 0 0.645726 -1.87671 0 -4.62882 0 0 -19.4925 
4.337 1.987 0.1765 0.541726 0 0.641088 -1.87671 0 -4.63863 0 0 -19.4925 
4.338 1.987 0.1765 0.53985 0 0.636439 -1.87671 0 -4.64844 0 0 -19.4925 
4.339 1.987 0.1765 0.537973 0 0.631781 -1.87671 0 -4.65825 0 0 -19.4925 
4.34 1.987 0.1765 0.536096 0 0.627113 -1.87671 0 -4.66806 0 0 -19.4925 
4.341 1.987 0.1765 0.534219 0 0.622435 -1.87671 0 -4.67787 0 0 -19.4925 
4.342 1.987 0.1765 0.532343 0 0.617747 -1.87671 0 -4.68768 0 0 -19.4925 
4.343 1.987 0.1765 0.530466 0 0.61305 -1.87671 0 -4.69749 0 0 -19.4925 
4.344 1.987 0.1765 0.528589 0 0.608342 -1.87671 0 -4.7073 0 0 -19.4925 
4.345 1.987 0.1765 0.526713 0 0.603625 -1.87671 0 -4.71711 0 0 -19.4925 
4.346 1.987 0.1765 0.524836 0 0.598898 -1.87671 0 -4.72692 0 0 -19.4925 
4.347 1.987 0.1765 0.522959 0 0.594162 -1.87671 0 -4.73673 0 0 -19.4925 
4.348 1.987 0.1765 0.521082 0 0.589415 -1.87671 0 -4.74654 0 0 -19.4925 
4.349 1.987 0.1765 0.519206 0 0.584659 -1.87671 0 -4.75635 0 0 -19.4925 
4.35 1.987 0.1765 0.517329 0 0.579893 -1.87671 0 -4.76616 0 0 -19.4925 
4.351 1.987 0.1765 0.515452 0 0.575117 -1.87671 0 -4.77597 0 0 -19.4925 
4.352 1.987 0.1765 0.513576 0 0.570331 -1.87671 0 -4.78578 0 0 -19.4925 
4.353 1.987 0.1765 0.511699 0 0.565535 -1.87671 0 -4.79559 0 0 -19.4925 
4.354 1.987 0.1765 0.509822 0 0.56073 -1.87671 0 -4.8054 0 0 -19.4925 
4.355 1.987 0.1765 0.507945 0 0.555915 -1.87671 0 -4.81521 0 0 -19.4925 
4.356 1.987 0.1765 0.506069 0 0.55109 -1.87671 0 -4.82502 0 0 -19.4925 
4.357 1.987 0.1765 0.504192 0 0.546255 -1.87671 0 -4.83483 0 0 -19.4925 
4.358 1.987 0.1765 0.502315 0 0.54141 -1.87671 0 -4.84464 0 0 -19.4925 
4.359 1.987 0.1765 0.500439 0 0.536556 -1.87671 0 -4.85445 0 0 -19.4925 
4.36 1.987 0.1765 0.498562 0 0.531692 -1.87671 0 -4.86426 0 0 -19.4925 
4.361 1.987 0.1765 0.496685 0 0.526817 -1.87671 0 -4.87407 0 0 -19.4925 
4.362 1.987 0.1765 0.494808 0 0.521934 -1.87671 0 -4.88388 0 0 -19.4925 
4.363 1.987 0.1765 0.492932 0 0.51704 -1.87671 0 -4.89369 0 0 -19.4925 
4.364 1.987 0.1765 0.491055 0 0.512136 -1.87671 0 -4.9035 0 0 -19.4925 
4.365 1.987 0.1765 0.489178 0 0.507223 -1.87671 0 -4.91331 0 0 -19.4925 
4.366 1.987 0.1765 0.487302 0 0.5023 -1.87671 0 -4.92312 0 0 -19.4925 
4.367 1.987 0.1765 0.485425 0 0.497367 -1.87671 0 -4.93293 0 0 -19.4925 
4.368 1.987 0.1765 0.483548 0 0.492424 -1.87671 0 -4.94274 0 0 -19.4925 
4.369 1.987 0.1765 0.481671 0 0.487472 -1.87671 0 -4.95255 0 0 -19.4925 
4.37 1.987 0.1765 0.479795 0 0.482509 -1.87671 0 -4.96236 0 0 -19.4925 
4.371 1.987 0.1765 0.477918 0 0.477537 -1.87671 0 -4.97217 0 0 -19.4925 
4.372 1.987 0.1765 0.476041 0 0.472555 -1.87671 0 -4.98198 0 0 -19.4925 
4.373 1.987 0.1765 0.474165 0 0.467563 -1.87671 0 -4.99179 0 0 -19.4925 
4.374 1.987 0.1765 0.472288 0 0.462562 -1.87671 0 -5.0016 0 0 -19.4925 
4.375 1.987 0.1765 0.470411 0 0.45755 -1.87671 0 -5.01141 0 0 -19.4925 
4.376 1.987 0.1765 0.468534 0 0.452529 -1.87671 0 -5.02122 0 0 -19.4925 
4.377 1.987 0.1765 0.466658 0 0.447498 -1.87671 0 -5.03103 0 0 -19.4925 
4.378 1.987 0.1765 0.464781 0 0.442457 -1.87671 0 -5.04084 0 0 -19.4925 
4.379 1.987 0.1765 0.462904 0 0.437407 -1.87671 0 -5.05065 0 0 -19.4925 
4.38 1.987 0.1765 0.461028 0 0.432346 -1.87671 0 -5.06046 0 0 -19.4925 
4.381 1.987 0.1765 0.459151 0 0.427276 -1.87671 0 -5.07027 0 0 -19.4925 
4.382 1.987 0.1765 0.457274 0 0.422196 -1.87671 0 -5.08008 0 0 -19.4925 
4.383 1.987 0.1765 0.455397 0 0.417106 -1.87671 0 -5.08989 0 0 -19.4925 
4.384 1.987 0.1765 0.453521 0 0.412006 -1.87671 0 -5.0997 0 0 -19.4925 
4.385 1.987 0.1765 0.451644 0 0.406897 -1.87671 0 -5.10951 0 0 -19.4925 
4.386 1.987 0.1765 0.449767 0 0.401777 -1.87671 0 -5.11932 0 0 -19.4925 
4.387 1.987 0.1765 0.447891 0 0.396648 -1.87671 0 -5.12913 0 0 -19.4925 
4.388 1.987 0.1765 0.446014 0 0.391509 -1.87671 0 -5.13894 0 0 -19.4925 
4.389 1.987 0.1765 0.444137 0 0.386361 -1.87671 0 -5.14875 0 0 -19.4925 
4.39 1.987 0.1765 0.44226 0 0.381202 -1.87671 0 -5.15856 0 0 -19.4925 
4.391 1.987 0.1765 0.440384 0 0.376034 -1.87671 0 -5.16837 0 0 -19.4925 
4.392 1.987 0.1765 0.438507 0 0.370856 -1.87671 0 -5.17818 0 0 -19.4925 
4.393 1.987 0.1765 0.43663 0 0.365668 -1.87671 0 -5.18799 0 0 -19.4925 
4.394 1.987 0.1765 0.434754 0 0.36047 -1.87671 0 -5.1978 0 0 -19.4925 
4.395 1.987 0.1765 0.432877 0 0.355262 -1.87671 0 -5.20761 0 0 -19.4925 
4.396 1.987 0.1765 0.431 0 0.350045 -1.87671 0 -5.21742 0 0 -19.4925 
4.397 1.987 0.1765 0.429123 0 0.344818 -1.87671 0 -5.22723 0 0 -19.4925 
4.398 1.987 0.1765 0.427247 0 0.33958 -1.87671 0 -5.23704 0 0 -19.4925 
4.399 1.987 0.1765 0.42537 0 0.334334 -1.87671 0 -5.24685 0 0 -19.4925 
4.4 1.987 0.1765 0.423493 0 0.329077 -1.87671 0 -5.25666 0 0 -19.4925 
4.401 1.987 0.1765 0.421617 0 0.32381 -1.87671 0 -5.26647 0 0 -19.4925 
4.402 1.987 0.1765 0.41974 0 0.318534 -1.87671 0 -5.27628 0 0 -19.4925 
4.403 1.987 0.1765 0.417863 0 0.313248 -1.87671 0 -5.28609 0 0 -19.4925 
4.404 1.987 0.1765 0.415986 0 0.307952 -1.87671 0 -5.2959 0 0 -19.4925 
4.405 1.987 0.1765 0.41411 0 0.302647 -1.87671 0 -5.30571 0 0 -19.4925 
4.406 1.987 0.1765 0.412233 0 0.297331 -1.87671 0 -5.31552 0 0 -19.4925 
4.407 1.987 0.1765 0.410356 0 0.292006 -1.87671 0 -5.32533 0 0 -19.4925 
4.408 1.987 0.1765 0.40848 0 0.286671 -1.87671 0 -5.33514 0 0 -19.4925 
4.409 1.987 0.1765 0.406603 0 0.281326 -1.87671 0 -5.34495 0 0 -19.4925 
4.41 1.987 0.1765 0.404726 0 0.275971 -1.87671 0 -5.35476 0 0 -19.4925 
4.411 1.987 0.1765 0.402849 0 0.270606 -1.87671 0 -5.36457 0 0 -19.4925 
4.412 1.987 0.1765 0.400973 0 0.265232 -1.87671 0 -5.37438 0 0 -19.4925 
4.413 1.987 0.1765 0.399096 0 0.259848 -1.87671 0 -5.38419 0 0 -19.4925 
4.414 1.987 0.1765 0.397219 0 0.254454 -1.87671 0 -5.394 0 0 -19.4925 
4.415 1.987 0.1765 0.395343 0 0.24905 -1.87671 0 -5.40381 0 0 -19.4925 
4.416 1.987 0.1765 0.393466 0 0.243636 -1.87671 0 -5.41362 0 0 -19.4925 
4.417 1.987 0.1765 0.391589 0 0.238213 -1.87671 0 -5.42343 0 0 -19.4925 
4.418 1.987 0.1765 0.389712 0 0.23278 -1.87671 0 -5.43324 0 0 -19.4925 
4.419 1.987 0.1765 0.387836 0 0.227337 -1.87671 0 -5.44305 0 0 -19.4925 
4.42 1.987 0.1765 0.385959 0 0.221884 -1.87671 0 -5.45286 0 0 -19.4925 
4.421 1.987 0.1765 0.384082 0 0.216421 -1.87671 0 -5.46267 0 0 -19.4925 
4.422 1.987 0.1765 0.382206 0 0.210949 -1.87671 0 -5.47248 0 0 -19.4925 
4.423 1.987 0.1765 0.380329 0 0.205466 -1.87671 0 -5.48229 0 0 -19.4925 
4.424 1.987 0.1765 0.378452 0 0.199974 -1.87671 0 -5.4921 0 0 -19.4925 
4.425 1.987 0.1765 0.376575 0 0.194472 -1.87671 0 -5.50191 0 0 -19.4925 
4.426 1.987 0.1765 0.374699 0 0.188961 -1.87671 0 -5.51172 0 0 -19.4925 
4.427 1.987 0.1765 0.372822 0 0.183439 -1.87671 0 -5.52153 0 0 -19.4925 
4.428 1.987 0.1765 0.370945 0 0.177908 -1.87671 0 -5.53134 0 0 -19.4925 
4.429 1.987 0.1765 0.369069 0 0.172367 -1.87671 0 -5.54115 0 0 -19.4925 
4.43 1.987 0.1765 0.367192 0 0.166833 -1.87671 0 -5.53384 0 0 14.5281 
4.431 1.987 0.1765 0.365315 0 0.161329 -1.87671 0 -5.5036 0 0 60.0741 
4.432 1.987 0.1765 0.363438 0 0.155878 -1.87671 0 -5.45057 0 0 105.371 
4.433 1.987 0.1765 0.361562 0 0.150504 -1.87671 0 -5.37497 0 0 150.232 
4.434 1.987 0.1765 0.359685 0 0.145226 -1.87671 0 -5.27709 0 0 194.47 
4.435 1.987 0.1765 0.357808 0 0.140069 -1.87671 0 -5.15736 0 0 237.903 
4.436 1.987 0.1765 0.355932 0 0.135053 -1.87671 0 -5.01627 0 0 280.351 
4.437 1.987 0.1765 0.354055 0 0.130198 -1.87671 0 -4.8544 0 0 321.637 
4.438 1.987 0.1765 0.352178 0 0.125526 -1.87671 0 -4.67242 0 0 361.591 
4.439 1.987 0.1765 0.350301 0 0.121055 -1.87671 0 -4.47109 0 0 400.047 
4.44 1.987 0.1765 0.348425 0 0.116804 -1.87671 0 -4.25124 0 0 436.846 
4.441 1.987 0.1765 0.346548 0 0.11279 -1.87671 0 -4.01378 0 0 471.836 
4.442 1.987 0.1765 0.344671 0 0.10903 -1.87671 0 -3.75969 0 0 504.871 
4.443 1.987 0.1765 0.342795 0 0.10554 -1.87671 0 -3.49003 0 0 535.815 
4.444 1.987 0.1765 0.340918 0 0.102334 -1.87671 0 -3.20591 0 0 564.54 
4.445 1.987 0.1765 0.339041 0 0.0994257 -1.87671 0 -2.90852 0 0 590.926 
4.446 1.987 0.1765 0.337165 0 0.0968266 -1.87671 0 -2.59907 0 0 614.864 
4.447 1.987 0.1765 0.335288 0 0.0945478 -1.87671 0 -2.27886 0 0 636.256 
4.448 1.987 0.1765 0.333411 0 0.0925986 -1.87671 0 -1.94922 0 0 655.012 
4.449 1.987 0.1765 0.331534 0 0.0909871 -1.87671 0 -1.61149 0 0 671.055 
4.45 1.987 0.1765 0.329658 0 0.08972 -1.87671 0 -1.2671 0 0 684.318 
4.451 1.987 0.1765 0.327781 0 0.0888025 -1.87671 0 -0.91745 0 0 694.747 
4.452 1.987 0.1765 0.325904 0 0.0882385 -1.87671 0 -0.564004 0 0 702.298 
4.453 1.987 0.1765 0.324028 0 0.0880303 -1.87671 0 -0.208221 0 0 706.94 
4.454 1.987 0.1765 0.322151 0 0.0881787 -1.87671 0 0.148424 0 0 708.654 
4.455 1.987 0.1765 0.320274 0 0.0886832 -1.87671 0 0.504454 0 0 707.432 
4.456 1.987 0.1765 0.318397 0 0.0895416 -1.87671 0 0.858395 0 0 703.28 
4.457 1.987 0.1765 0.316521 0 0.0907503 -1.87671 0 1.20878 0 0 696.215 
4.458 1.987 0.1765 0.314644 0 0.0923045 -1.87671 0 1.55416 0 0 686.266 
4.459 1.987 0.1765 0.312767 0 0.0941976 -1.87671 0 1.8931 0 0 673.475 
4.46 1.987 0.1765 0.310891 0 0.0964218 -1.87671 0 2.2242 0 0 657.894 
4.461 1.987 0.1765 0.309014 0 0.0989679 -1.87671 0 2.54608 0 0 639.588 
4.462 1.987 0.1765 0.307137 0 0.101825 -1.87671 0 2.85742 0 0 618.632 
4.463 1.987 0.1765 0.30526 0 0.104982 -1.87671 0 3.15693 0 0 595.114 
4.464 1.987 0.1765 0.303384 0 0.108426 -1.87671 0 3.44336 0 0 569.131 
4.465 1.987 0.1765 0.301507 0 0.112141 -1.87671 0 3.71552 0 0 540.791 
4.466 1.987 0.1765 0.29963 0 0.116113 -1.87671 0 3.97229 0 0 510.211 
4.467 1.987 0.1765 0.297754 0 0.120326 -1.87671 0 4.21261 0 0 477.517 
4.468 1.987 0.1765 0.295877 0 0.124762 -1.87671 0 4.43549 0 0 442.845 
4.469 1.987 0.1765 0.294 0 0.129401 -1.87671 0 4.63998 0 0 406.339 
4.47 1.987 0.1765 0.292123 0 0.134227 -1.87671 0 4.82526 0 0 368.15 
4.471 1.987 0.1765 0.290247 0 0.139217 -1.87671 0 4.99056 0 0 328.436 
4.472 1.987 0.1765 0.28837 0 0.144352 -1.87671 0 5.13518 0 0 287.361 
4.473 1.987 0.1765 0.286493 0 0.149611 -1.87671 0 5.25853 0 0 245.096 
4.474 1.987 0.1765 0.284617 0 0.154971 -1.87671 0 5.36009 0 0 201.816 
4.475 1.987 0.1765 0.28274 0 0.160411 -1.87671 0 5.43946 0 0 157.7 
4.476 1.987 0.1765 0.280863 0 0.165907 -1.87671 0 5.4963 0 0 112.931 
4.477 1.987 0.1765 0.278986 0 0.171437 -1.87671 0 5.53036 0 0 67.6939 
4.478 1.987 0.1765 0.27711 0 0.176979 -1.87671 0 5.54152 0 0 22.1765 
4.479 1.987 0.1765 0.275233 0 0.18251 -1.87671 0 5.53171 0 0 -19.4925 
4.48 1.987 0.1765 0.273356 0 0.188032 -1.87671 0 5.5219 0 0 -19.4925 
4.481 1.987 0.1765 0.27148 0 0.193544 -1.87671 0 5.51209 0 0 -19.4925 
4.482 1.987 0.1765 0.269603 0 0.199047 -1.87671 0 5.50228 0 0 -19.4925 
4.483 1.987 0.1765 0.267726 0 0.204539 -1.87671 0 5.49247 0 0 -19.4925 
4.484 1.987 0.1765 0.265849 0 0.210022 -1.87671 0 5.48266 0 0 -19.4925 
4.485 1.987 0.1765 0.263973 0 0.215495 -1.87671 0 5.47285 0 0 -19.4925 
4.486 1.987 0.1765 0.262096 0 0.220958 -1.87671 0 5.46304 0 0 -19.4925 
4.487 1.987 0.1765 0.260219 0 0.226411 -1.87671 0 5.45323 0 0 -19.4925 
4.488 1.987 0.1765 0.258343 0 0.231854 -1.87671 0 5.44342 0 0 -19.4925 
4.489 1.987 0.1765 0.256466 0 0.237288 -1.87671 0 5.43361 0 0 -19.4925 
4.49 1.987 0.1765 0.254589 0 0.242712 -1.87671 0 5.4238 0 0 -19.4925 
4.491 1.987 0.1765 0.252712 0 0.248126 -1.87671 0 5.41399 0 0 -19.4925 
4.492 1.987 0.1765 0.250836 0 0.25353 -1.87671 0 5.40418 0 0 -19.4925 
4.493 1.987 0.1765 0.248959 0 0.258924 -1.87671 0 5.39437 0 0 -19.4925 
4.494 1.987 0.1765 0.247082 0 0.264309 -1.87671 0 5.38456 0 0 -19.4925 
4.495 1.987 0.1765 0.245206 0 0.269684 -1.87671 0 5.37475 0 0 -19.4925 
4.496 1.987 0.1765 0.243329 0 0.275049 -1.87671 0 5.36494 0 0 -19.4925 
4.497 1.987 0.1765 0.241452 0 0.280404 -1.87671 0 5.35513 0 0 -19.4925 
4.498 1.987 0.1765 0.239575 0 0.285749 -1.87671 0 5.34532 0 0 -19.4925 
4.499 1.987 0.1765 0.237699 0 0.291085 -1.87671 0 5.33551 0 0 -19.4925 
4.5 1.987 0.1765 0.235822 0 0.29641 -1.87671 0 5.3257 0 0 -19.4925 
4.501 1.987 0.1765 0.233945 0 0.301726 -1.87671 0 5.31589 0 0 -19.4925 
4.502 1.987 0.1765 0.232069 0 0.307032 -1.87671 0 5.30608 0 0 -19.4925 
4.503 1.987 0.1765 0.230192 0 0.312329 -1.87671 0 5.29627 0 0 -19.4925 
4.504 1.987 0.1765 0.228315 0 0.317615 -1.87671 0 5.28646 0 0 -19.4925 
4.505 1.987 0.1765 0.226438 0 0.322892 -1.87671 0 5.27665 0 0 -19.4925 
4.506 1.987 0.1765 0.224562 0 0.328159 -1.87671 0 5.26684 0 0 -19.4925 
4.507 1.987 0.1765 0.222685 0 0.333416 -1.87671 0 5.25703 0 0 -19.4925 
4.508 1.987 0.1765 0.220808 0 0.338663 -1.87671 0 5.24722 0 0 -19.4925 
4.509 1.987 0.1765 0.218932 0 0.3439 -1.87671 0 5.23741 0 0 -19.4925 
4.51 1.987 0.1765 0.217055 0 0.349128 -1.87671 0 5.2276 0 0 -19.4925 
4.511 1.987 0.1765 0.215178 0 0.354346 -1.87671 0 5.21779 0 0 -19.4925 
4.512 1.987 0.1765 0.213301 0 0.359554 -1.87671 0 5.20798 0 0 -19.4925 
4.513 1.987 0.1765 0.211425 0 0.364752 -1.87671 0 5.19817 0 0 -19.4925 
4.514 1.987 0.1765 0.209548 0 0.36994 -1.87671 0 5.18836 0 0 -19.4925 
4.515 1.987 0.1765 0.207671 0 0.375119 -1.87671 0 5.17855 0 0 -19.4925 
4.516 1.987 0.1765 0.205795 0 0.380287 -1.87671 0 5.16874 0 0 -19.4925 
4.517 1.987 0.1765 0.203918 0 0.385446 -1.87671 0 5.15893 0 0 -19.4925 
4.518 1.987 0.1765 0.202041 0 0.390596 -1.87671 0 5.14912 0 0 -19.4925 
4.519 1.987 0.1765 0.200164 0 0.395735 -1.87671 0 5.13931 0 0 -19.4925 
4.52 1.987 0.1765 0.198288 0 0.400864 -1.87671 0 5.1295 0 0 -19.4925 
4.521 1.987 0.1765 0.196411 0 0.405984 -1.87671 0 5.11969 0 0 -19.4925 
4.522 1.987 0.1765 0.194534 0 0.411094 -1.87671 0 5.10988 0 0 -19.4925 
4.523 1.987 0.1765 0.192658 0 0.416194 -1.87671 0 5.10007 0 0 -19.4925 
4.524 1.987 0.1765 0.190781 0 0.421284 -1.87671 0 5.09026 0 0 -19.4925 
4.525 1.987 0.1765 0.188904 0 0.426365 -1.87671 0 5.08045 0 0 -19.4925 
4.526 1.987 0.1765 0.187027 0 0.431435 -1.87671 0 5.07064 0 0 -19.4925 
4.527 1.987 0.1765 0.185151 0 0.436496 -1.87671 0 5.06083 0 0 -19.4925 
4.528 1.987 0.1765 0.183274 0 0.441547 -1.87671 0 5.05102 0 0 -19.4925 
4.529 1.987 0.1765 0.181397 0 0.446588 -1.87671 0 5.04121 0 0 -19.4925 
4.53 1.987 0.1765 0.179521 0 0.45162 -1.87671 0 5.0314 0 0 -19.4925 
4.531 1.987 0.1765 0.177644 0 0.456641 -1.87671 0 5.02159 0 0 -19.4925 
4.532 1.987 0.1765 0.175767 0 0.461653 -1.87671 0 5.01178 0 0 -19.4925 
4.533 1.987 0.1765 0.173894 0 0.466655 -1.87368 0 5.00197 6.03144 0 -19.4925 
4.534 1.987 0.1765 0.172031 0 0.471647 -1.86288 0 4.99216 21.4527 0 -19.4925 
4.535 1.987 0.1765 0.170186 0 0.47663 -1.84437 0 4.98235 36.785 0 -19.4925 
4.536 1.987 0.1765 0.168368 0 0.481602 -1.81822 0 4.97254 51.965 0 -19.4925 
4.537 1.987 0.1765 0.166584 0 0.486565 -1.78453 0 4.96273 66.9298 0 -19.4925 
4.538 1.987 0.1765 0.16484 0 0.491518 -1.74346 0 4.95292 81.6173 0 -19.4925 
4.539 1.987 0.1765 0.163145 0 0.496461 -1.69516 0 4.94311 95.9667 0 -19.4925 
4.54 1.987 0.1765 0.161505 0 0.501394 -1.63984 0 4.9333 109.919 0 -19.4925 
4.541 1.987 0.1765 0.159927 0 0.506318 -1.57773 0 4.92349 123.415 0 -19.4925 
4.542 1.987 0.1765 0.158418 0 0.511232 -1.50908 0 4.91368 136.401 0 -19.4925 
4.543 1.987 0.1765 0.156984 0 0.516135 -1.43418 0 4.90387 148.821 0 -19.4925 
4.544 1.987 0.1765 0.155631 0 0.521029 -1.35335 0 4.89406 160.625 0 -19.4925 
4.545 1.987 0.1765 0.154364 0 0.525914 -1.2669 0 4.88425 171.764 0 -19.4925 
4.546 1.987 0.1765 0.153189 0 0.530788 -1.17521 0 4.87444 182.191 0 -19.4925 
4.547 1.987 0.1765 0.15211 0 0.535653 -1.07865 0 4.86463 191.864 0 -19.4925 
4.548 1.987 0.1765 0.151132 0 0.540508 -0.977625 0 4.85482 200.741 0 -19.4925 
4.549 1.987 0.1765 0.15026 0 0.545353 -0.872548 0 4.84501 208.788 0 -19.4925 
4.55 1.987 0.1765 0.149496 0 0.550188 -0.763857 0 4.8352 215.969 0 -19.4925 
4.551 1.987 0.1765 0.148844 0 0.555013 -0.652002 0 4.82539 222.256 0 -19.4925 
4.552 1.987 0.1765 0.148306 0 0.559829 -0.537446 0 4.81558 227.622 0 -19.4925 
4.553 1.987 0.1765 0.147886 0 0.564635 -0.420664 0 4.80577 232.046 0 -19.4925 
4.554 1.987 0.1765 0.147584 0 0.569431 -0.30214 0 4.79596 235.508 0 -19.4925 
4.555 1.987 0.1765 0.147401 0 0.574217 -0.182364 0 4.78615 237.995 0 -19.4925 
4.556 1.987 0.1765 0.147339 0 0.578993 -0.0618327 0 4.77634 239.496 0 -19.4925 
4.557 1.987 0.1765 0.147398 0 0.58376 0.0589547 0 4.76653 240.005 0 -19.4925 
4.558 1.987 0.1765 0.147578 0 0.588516 0.179498 0 4.75672 239.519 0 -19.4925 
4.559 1.987 0.1765 0.147877 0 0.593263 0.299298 0 4.74691 238.042 0 -19.4925 
4.56 1.987 0.1765 0.148295 0 0.598 0.417858 0 4.7371 235.579 0 -19.4925 
4.561 1.987 0.1765 0.14883 0 0.602728 0.534687 0 4.72729 232.139 0 -19.4925 
4.562 1.987 0.1765 0.149479 0 0.607445 0.649301 0 4.71748 227.739 0 -19.4925 
4.563 1.987 0.1765 0.15024 0 0.612153 0.761226 0 4.70767 222.395 0 -19.4925 
4.564 1.987 0.1765 0.15111 0 0.616851 0.869998 0 4.69786 216.129 0 -19.4925 
4.565 1.987 0.1765 0.152085 0 0.621539 0.975166 0 4.68805 208.969 0 -19.4925 
4.566 1.987 0.1765 0.153162 0 0.626217 1.07629 0 4.67824 200.943 0 -19.4925 
4.567 1.987 0.1765 0.154335 0 0.630885 1.17297 0 4.66843 192.085 0 -19.4925 
4.568 1.987 0.1765 0.155599 0 0.635544 1.26478 0 4.65862 182.43 0 -19.4925 
4.569 1.987 0.1765 0.156951 0 0.640193 1.35135 0 4.64881 172.021 0 -19.4925 
4.57 1.987 0.1765 0.158383 0 0.644832 1.43233 0 4.639 160.899 0 -19.4925 
4.571 1.987 0.1765 0.159891 0 0.649461 1.50737 0 4.62919 149.11 0 -19.4925 
4.572 1.987 0.1765 0.161467 0 0.65408 1.57617 0 4.61938 136.704 0 -19.4925 
4.573 1.987 0.1765 0.163105 0 0.65869 1.63844 0 4.60957 123.731 0 -19.4925 
4.574 1.987 0.1765 0.164799 0 0.66329 1.69392 0 4.59976 110.246 0 -19.4925 
4.575 1.987 0.1765 0.166541 0 0.66788 1.74239 0 4.58995 96.3041 0 -19.4925 
4.576 1.987 0.1765 0.168325 0 0.67246 1.78364 0 4.58014 81.9635 0 -19.4925 
4.577 1.987 0.1765 0.170143 0 0.67703 1.8175 0 4.57033 67.2833 0 -19.4925 
4.578 1.987 0.1765 0.171986 0 0.681591 1.84383 0 4.56052 52.3245 0 -19.4925 
4.579 1.987 0.1765 0.173849 0 0.686141 1.86253 0 4.55071 37.1489 0 -19.4925 
4.58 1.987 0.1765 0.175722 0 0.690682 1.87351 0 4.5409 21.8194 0 -19.4925 
4.581 1.987 0.1765 0.177599 0 0.695213 1.87673 0 4.53109 6.39955 0 -19.4925 
4.582 1.987 0.1765 0.179476 0 0.699735 1.87673 0 4.52128 0 0 -19.4925 
4.583 1.987 0.1765 0.181353 0 0.704246 1.87673 0 4.51147 0 0 -19.4925 
4.584 1.987 0.1765 0.183229 0 0.708748 1.87673 0 4.50166 0 0 -19.4925 
4.585 1.987 0.1765 0.185106 0 0.71324 1.87673 0 4.49185 0 0 -19.4925 
4.586 1.987 0.1765 0.186983 0 0.717722 1.87673 0 4.48204 0 0 -19.4925 
4.587 1.987 0.1765 0.18886 0 0.722194 1.87673 0 4.47223 0 0 -19.4925 
4.588 1.987 0.1765 0.190736 0 0.726656 1.87673 0 4.46242 0 0 -19.4925 
4.589 1.987 0.1765 0.192613 0 0.731109 1.87673 0 4.45261 0 0 -19.4925 
4.59 1.987 0.1765 0.19449 0 0.735552 1.87673 0 4.4428 0 0 -19.4925 
4.591 1.987 0.1765 0.196366 0 0.739985 1.87673 0 4.43299 0 0 -19.4925 
4.592 1.987 0.1765 0.198243 0 0.744408 1.87673 0 4.42318 0 0 -19.4925 
4.593 1.987 0.1765 0.20012 0 0.748821 1.87673 0 4.41337 0 0 -19.4925 
4.594 1.987 0.1765 0.201997 0 0.753225 1.87673 0 4.40356 0 0 -19.4925 
4.595 1.987 0.1765 0.203873 0 0.757619 1.87673 0 4.39375 0 0 -19.4925 
4.596 1.987 0.1765 0.20575 0 0.762003 1.87673 0 4.38394 0 0 -19.4925 
4.597 1.987 0.1765 0.207627 0 0.766377 1.87673 0 4.37413 0 0 -19.4925 
4.598 1.987 0.1765 0.209504 0 0.770741 1.87673 0 4.36432 0 0 -19.4925 
4.599 1.987 0.1765 0.21138 0 0.775096 1.87673 0 4.35451 0 0 -19.4925 
4.6 1.987 0.1765 0.213257 0 0.77944 1.87673 0 4.3447 0 0 -19.4925 
4.601 1.987 0.1765 0.215134 0 0.783775 1.87673 0 4.33489 0 0 -19.4925 
4.602 1.987 0.1765 0.217011 0 0.7881 1.87673 0 4.32508 0 0 -19.4925 
4.603 1.987 0.1765 0.218887 0 0.792416 1.87673 0 4.31527 0 0 -19.4925 
4.604 1.987 0.1765 0.220764 0 0.796721 1.87673 0 4.30546 0 0 -19.4925 
4.605 1.987 0.1765 0.222641 0 0.801017 1.87673 0 4.29565 0 0 -19.4925 
4.606 1.987 0.1765 0.224517 0 0.805303 1.87673 0 4.28584 0 0 -19.4925 
4.607 1.987 0.1765 0.226394 0 0.809579 1.87673 0 4.27603 0 0 -19.4925 
4.608 1.987 0.1765 0.228271 0 0.813845 1.87673 0 4.26622 0 0 -19.4925 
4.609 1.987 0.1765 0.230148 0 0.818101 1.87673 0 4.25641 0 0 -19.4925 
4.61 1.987 0.1765 0.232024 0 0.822348 1.87673 0 4.2466 0 0 -19.4925 
4.611 1.987 0.1765 0.233901 0 0.826585 1.87673 0 4.23679 0 0 -19.4925 
4.612 1.987 0.1765 0.235778 0 0.830812 1.87673 0 4.22698 0 0 -19.4925 
4.613 1.987 0.1765 0.237655 0 0.835029 1.87673 0 4.21717 0 0 -19.4925 
4.614 1.987 0.1765 0.239531 0 0.839236 1.87673 0 4.20736 0 0 -19.4925 
4.615 1.987 0.1765 0.241408 0 0.843434 1.87673 0 4.19755 0 0 -19.4925 
4.616 1.987 0.1765 0.243285 0 0.847621 1.87673 0 4.18774 0 0 -19.4925 
4.617 1.987 0.1765 0.245162 0 0.851799 1.87673 0 4.17793 0 0 -19.4925 
4.618 1.987 0.1765 0.247038 0 0.855967 1.87673 0 4.16812 0 0 -19.4925 
4.619 1.987 0.1765 0.248915 0 0.860126 1.87673 0 4.15831 0 0 -19.4925 
4.62 1.987 0.1765 0.250792 0 0.864274 1.87673 0 4.1485 0 0 -19.4925 
4.621 1.987 0.1765 0.252668 0 0.868413 1.87673 0 4.13869 0 0 -19.4925 
4.622 1.987 0.1765 0.254545 0 0.872542 1.87673 0 4.12888 0 0 -19.4925 
4.623 1.987 0.1765 0.256422 0 0.876661 1.87673 0 4.11907 0 0 -19.4925 
4.624 1.987 0.1765 0.258299 0 0.88077 1.87673 0 4.10926 0 0 -19.4925 
4.625 1.987 0.1765 0.260175 0 0.88487 1.87673 0 4.09945 0 0 -19.4925 
4.626 1.987 0.1765 0.262052 0 0.888959 1.87673 0 4.08964 0 0 -19.4925 
4.627 1.987 0.1765 0.263929 0 0.893039 1.87673 0 4.07983 0 0 -19.4925 
4.628 1.987 0.1765 0.265806 0 0.897109 1.87673 0 4.07002 0 0 -19.4925 
4.629 1.987 0.1765 0.267682 0 0.901169 1.87673 0 4.06021 0 0 -19.4925 
4.63 1.987 0.1765 0.269559 0 0.90522 1.87673 0 4.0504 0 0 -19.4925 
4.631 1.987 0.1765 0.271436 0 0.90926 1.87673 0 4.04059 0 0 -19.4925 
4.632 1.987 0.1765 0.273312 0 0.913291 1.87673 0 4.03078 0 0 -19.4925 
4.633 1.987 0.1765 0.275189 0 0.917312 1.87673 0 4.02097 0 0 -19.4925 
4.634 1.987 0.1765 0.277066 0 0.921323 1.87673 0 4.01116 0 0 -19.4925 
4.635 1.987 0.1765 0.278943 0 0.925325 1.87673 0 4.00135 0 0 -19.4925 
4.636 1.987 0.1765 0.280819 0 0.929316 1.87673 0 3.99154 0 0 -19.4925 
4.637 1.987 0.1765 0.282696 0 0.933298 1.87673 0 3.98173 0 0 -19.4925 
4.638 1.987 0.1765 0.284573 0 0.93727 1.87673 0 3.97192 0 0 -19.4925 
4.639 1.987 0.1765 0.28645 0 0.941232 1.87673 0 3.96211 0 0 -19.4925 
4.64 1.987 0.1765 0.288326 0 0.945184 1.87673 0 3.9523 0 0 -19.4925 
4.641 1.987 0.1765 0.290203 0 0.949127 1.87673 0 3.94249 0 0 -19.4925 
4.642 1.987 0.1765 0.29208 0 0.953059 1.87673 0 3.93268 0 0 -19.4925 
4.643 1.987 0.1765 0.293957 0 0.956982 1.87673 0 3.92287 0 0 -19.4925 
4.644 1.987 0.1765 0.295833 0 0.960895 1.87673 0 3.91306 0 0 -19.4925 
4.645 1.987 0.1765 0.29771 0 0.964799 1.87673 0 3.90325 0 0 -19.4925 
4.646 1.987 0.1765 0.299587 0 0.968692 1.87673 0 3.89344 0 0 -19.4925 
4.647 1.987 0.1765 0.301463 0 0.972576 1.87673 0 3.88363 0 0 -19.4925 
4.648 1.987 0.1765 0.30334 0 0.97645 1.87673 0 3.87382 0 0 -19.4925 
4.649 1.987 0.1765 0.305217 0 0.980314 1.87673 0 3.86401 0 0 -19.4925 
4.65 1.987 0.1765 0.307094 0 0.984168 1.87673 0 3.8542 0 0 -19.4925 
4.651 1.987 0.1765 0.30897 0 0.988012 1.87673 0 3.84439 0 0 -19.4925 
4.652 1.987 0.1765 0.310847 0 0.991847 1.87673 0 3.83458 0 0 -19.4925 
4.653 1.987 0.1765 0.312724 0 0.995672 1.87673 0 3.82477 0 0 -19.4925 
4.654 1.987 0.1765 0.314601 0 0.999487 1.87673 0 3.81496 0 0 -19.4925 
4.655 1.987 0.1765 0.316477 0 1.00329 1.87673 0 3.80515 0 0 -19.4925 
4.656 1.987 0.1765 0.318354 0 1.00709 1.87673 0 3.79534 0 0 -19.4925 
4.657 1.987 0.1765 0.320231 0 1.01087 1.87673 0 3.78553 0 0 -19.4925 
4.658 1.987 0.1765 0.322107 0 1.01465 1.87673 0 3.77572 0 0 -19.4925 
4.659 1.987 0.1765 0.323984 0 1.01841 1.87673 0 3.76591 0 0 -19.4925 
4.66 1.987 0.1765 0.325861 0 1.02217 1.87673 0 3.7561 0 0 -19.4925 
4.661 1.987 0.1765 0.327738 0 1.02592 1.87673 0 3.74629 0 0 -19.4925 
4.662 1.987 0.1765 0.329614 0 1.02965 1.87673 0 3.73648 0 0 -19.4925 
4.663 1.987 0.1765 0.331491 0 1.03338 1.87673 0 3.72667 0 0 -19.4925 
4.664 1.987 0.1765 0.333368 0 1.0371 1.87673 0 3.71686 0 0 -19.4925 
4.665 1.987 0.1765 0.335245 0 1.0408 1.87673 0 3.70705 0 0 -19.4925 
4.666 1.987 0.1765 0.337121 0 1.0445 1.87673 0 3.69724 0 0 -19.4925 
4.667 1.987 0.1765 0.338998 0 1.04819 1.87673 0 3.68743 0 0 -19.4925 
4.668 1.987 0.1765 0.340875 0 1.05187 1.87673 0 3.67762 0 0 -19.4925 
4.669 1.987 0.1765 0.342752 0 1.05553 1.87673 0 3.66781 0 0 -19.4925 
4.67 1.987 0.1765 0.344628 0 1.05919 1.87673 0 3.658 0 0 -19.4925 
4.671 1.987 0.1765 0.346505 0 1.06284 1.87673 0 3.64819 0 0 -19.4925 
4.672 1.987 0.1765 0.348382 0 1.06648 1.87673 0 3.63838 0 0 -19.4925 
4.673 1.987 0.1765 0.350258 0 1.07011 1.87673 0 3.62857 0 0 -19.4925 
4.674 1.987 0.1765 0.352135 0 1.07373 1.87673 0 3.61876 0 0 -19.4925 
4.675 1.987 0.1765 0.354012 0 1.07733 1.87673 0 3.60895 0 0 -19.4925 
4.676 1.987 0.1765 0.355889 0 1.08093 1.87673 0 3.59914 0 0 -19.4925 
4.677 1.987 0.1765 0.357765 0 1.08452 1.87673 0 3.58933 0 0 -19.4925 
4.678 1.987 0.1765 0.359642 0 1.0881 1.87673 0 3.57952 0 0 -19.4925 
4.679 1.987 0.1765 0.361519 0 1.09167 1.87673 0 3.56971 0 0 -19.4925 
4.68 1.987 0.1765 0.363396 0 1.09523 1.87673 0 3.5599 0 0 -19.4925 
4.681 1.987 0.1765 0.365272 0 1.09878 1.87673 0 3.55009 0 0 -19.4925 
4.682 1.987 0.1765 0.367149 0 1.10232 1.87673 0 3.54028 0 0 -19.4925 
4.683 1.987 0.1765 0.369026 0 1.10585 1.87673 0 3.53047 0 0 -19.4925 
4.684 1.987 0.1765 0.370902 0 1.10937 1.87673 0 3.52066 0 0 -19.4925 
4.685 1.987 0.1765 0.372779 0 1.11288 1.87673 0 3.51085 0 0 -19.4925 
4.686 1.987 0.1765 0.374656 0 1.11639 1.87673 0 3.50104 0 0 -19.4925 
4.687 1.987 0.1765 0.376533 0 1.11988 1.87673 0 3.49123 0 0 -19.4925 
4.688 1.987 0.1765 0.378409 0 1.12336 1.87673 0 3.48142 0 0 -19.4925 
4.689 1.987 0.1765 0.380286 0 1.12683 1.87673 0 3.47161 0 0 -19.4925 
4.69 1.987 0.1765 0.382163 0 1.13029 1.87673 0 3.4618 0 0 -19.4925 
4.691 1.987 0.1765 0.38404 0 1.13374 1.87673 0 3.45199 0 0 -19.4925 
4.692 1.987 0.1765 0.385916 0 1.13719 1.87673 0 3.44218 0 0 -19.4925 
4.693 1.987 0.1765 0.387793 0 1.14062 1.87673 0 3.43237 0 0 -19.4925 
4.694 1.987 0.1765 0.38967 0 1.14404 1.87673 0 3.42256 0 0 -19.4925 
4.695 1.987 0.1765 0.391547 0 1.14745 1.87673 0 3.41275 0 0 -19.4925 
4.696 1.987 0.1765 0.393423 0 1.15086 1.87673 0 3.40294 0 0 -19.4925 
4.697 1.987 0.1765 0.3953 0 1.15425 1.87673 0 3.39313 0 0 -19.4925 
4.698 1.987 0.1765 0.397177 0 1.15763 1.87673 0 3.38332 0 0 -19.4925 
4.699 1.987 0.1765 0.399053 0 1.16101 1.87673 0 3.37351 0 0 -19.4925 
4.7 1.987 0.1765 0.40093 0 1.16437 1.87673 0 3.3637 0 0 -19.4925 
4.701 1.987 0.1765 0.402807 0 1.16772 1.87673 0 3.35389 0 0 -19.4925 
4.702 1.987 0.1765 0.404684 0 1.17107 1.87673 0 3.34408 0 0 -19.4925 
4.703 1.987 0.1765 0.40656 0 1.1744 1.87673 0 3.33427 0 0 -19.4925 
4.704 1.987 0.1765 0.408437 0 1.17773 1.87673 0 3.32446 0 0 -19.4925 
4.705 1.987 0.1765 0.410314 0 1.18104 1.87673 0 3.31465 0 0 -19.4925 
4.706 1.987 0.1765 0.412191 0 1.18435 1.87673 0 3.30484 0 0 -19.4925 
4.707 1.987 0.1765 0.414067 0 1.18764 1.87673 0 3.29503 0 0 -19.4925 
4.708 1.987 0.1765 0.415944 0 1.19093 1.87673 0 3.28522 0 0 -19.4925 
4.709 1.987 0.1765 0.417821 0 1.1942 1.87673 0 3.27541 0 0 -19.4925 
4.71 1.987 0.1765 0.419698 0 1.19747 1.87673 0 3.2656 0 0 -19.4925 
4.711 1.987 0.1765 0.421574 0 1.20072 1.87673 0 3.25579 0 0 -19.4925 
4.712 1.987 0.1765 0.423451 0 1.20397 1.87673 0 3.24598 0 0 -19.4925 
4.713 1.987 0.1765 0.425328 0 1.20721 1.87673 0 3.23617 0 0 -19.4925 
4.714 1.987 0.1765 0.427204 0 1.21043 1.87673 0 3.22636 0 0 -19.4925 
4.715 1.987 0.1765 0.429081 0 1.21365 1.87673 0 3.21655 0 0 -19.4925 
4.716 1.987 0.1765 0.430958 0 1.21686 1.87673 0 3.20674 0 0 -19.4925 
4.717 1.987 0.1765 0.432835 0 1.22005 1.87673 0 3.19693 0 0 -19.4925 
4.718 1.987 0.1765 0.434711 0 1.22324 1.87673 0 3.18712 0 0 -19.4925 
4.719 1.987 0.1765 0.436588 0 1.22642 1.87673 0 3.17731 0 0 -19.4925 
4.72 1.987 0.1765 0.438465 0 1.22958 1.87673 0 3.1675 0 0 -19.4925 
4.721 1.987 0.1765 0.440342 0 1.23274 1.87673 0 3.15769 0 0 -19.4925 
4.722 1.987 0.1765 0.442218 0 1.23589 1.87673 0 3.14788 0 0 -19.4925 
4.723 1.987 0.1765 0.444095 0 1.23903 1.87673 0 3.13807 0 0 -19.4925 
4.724 1.987 0.1765 0.445972 0 1.24216 1.87673 0 3.12826 0 0 -19.4925 
4.725 1.987 0.1765 0.447848 0 1.24527 1.87673 0 3.11845 0 0 -19.4925 
4.726 1.987 0.1765 0.449725 0 1.24838 1.87673 0 3.10864 0 0 -19.4925 
4.727 1.987 0.1765 0.451602 0 1.25148 1.87673 0 3.09883 0 0 -19.4925 
4.728 1.987 0.1765 0.453479 0 1.25457 1.87673 0 3.08902 0 0 -19.4925 
4.729 1.987 0.1765 0.455355 0 1.25765 1.87673 0 3.07921 0 0 -19.4925 
4.73 1.987 0.1765 0.457232 0 1.26072 1.87673 0 3.0694 0 0 -19.4925 
4.731 1.987 0.1765 0.459109 0 1.26378 1.87673 0 3.05959 0 0 -19.4925 
4.732 1.987 0.1765 0.460986 0 1.26683 1.87673 0 3.04978 0 0 -19.4925 
4.733 1.987 0.1765 0.462862 0 1.26987 1.87673 0 3.03997 0 0 -19.4925 
4.734 1.987 0.1765 0.464739 0 1.2729 1.87673 0 3.03016 0 0 -19.4925 
4.735 1.987 0.1765 0.466616 0 1.27592 1.87673 0 3.02035 0 0 -19.4925 
4.736 1.987 0.1765 0.468493 0 1.27893 1.87673 0 3.01054 0 0 -19.4925 
4.737 1.987 0.1765 0.470369 0 1.28193 1.87673 0 3.00073 0 0 -19.4925 
4.738 1.987 0.1765 0.472246 0 1.28492 1.87673 0 2.99092 0 0 -19.4925 
4.739 1.987 0.1765 0.474123 0 1.2879 1.87673 0 2.98111 0 0 -19.4925 
4.74 1.987 0.1765 0.475999 0 1.29087 1.87673 0 2.9713 0 0 -19.4925 
4.741 1.987 0.1765 0.477876 0 1.29384 1.87673 0 2.96149 0 0 -19.4925 
4.742 1.987 0.1765 0.479753 0 1.29679 1.87673 0 2.95168 0 0 -19.4925 
4.743 1.987 0.1765 0.48163 0 1.29973 1.87673 0 2.94187 0 0 -19.4925 
4.744 1.987 0.1765 0.483506 0 1.30266 1.87673 0 2.93206 0 0 -19.4925 
4.745 1.987 0.1765 0.485383 0 1.30558 1.87673 0 2.92225 0 0 -19.4925 
4.746 1.987 0.1765 0.48726 0 1.3085 1.87673 0 2.91244 0 0 -19.4925 
4.747 1.987 0.1765 0.489137 0 1.3114 1.87673 0 2.90263 0 0 -19.4925 
4.748 1.987 0.1765 0.491013 0 1.31429 1.87673 0 2.89282 0 0 -19.4925 
4.749 1.987 0.1765 0.49289 0 1.31717 1.87673 0 2.88301 0 0 -19.4925 
4.75 1.987 0.1765 0.494767 0 1.32005 1.87673 0 2.8732 0 0 -19.4925 
4.751 1.987 0.1765 0.496643 0 1.32291 1.87673 0 2.86339 0 0 -19.4925 
4.752 1.987 0.1765 0.49852 0 1.32576 1.87673 0 2.85358 0 0 -19.4925 
4.753 1.987 0.1765 0.500397 0 1.32861 1.87673 0 2.84377 0 0 -19.4925 
4.754 1.987 0.1765 0.502274 0 1.33144 1.87673 0 2.83396 0 0 -19.4925 
4.755 1.987 0.1765 0.50415 0 1.33427 1.87673 0 2.82415 0 0 -19.4925 
4.756 1.987 0.1765 0.506027 0 1.33708 1.87673 0 2.81434 0 0 -19.4925 
4.757 1.987 0.1765 0.507904 0 1.33989 1.87673 0 2.80453 0 0 -19.4925 
4.758 1.987 0.1765 0.509781 0 1.34268 1.87673 0 2.79472 0 0 -19.4925 
4.759 1.987 0.1765 0.511657 0 1.34547 1.87673 0 2.78491 0 0 -19.4925 
4.76 1.987 0.1765 0.513534 0 1.34824 1.87673 0 2.7751 0 0 -19.4925 
4.761 1.987 0.1765 0.515411 0 1.35101 1.87673 0 2.76529 0 0 -19.4925 
4.762 1.987 0.1765 0.517288 0 1.35376 1.87673 0 2.75548 0 0 -19.4925 
4.763 1.987 0.1765 0.519164 0 1.35651 1.87673 0 2.74567 0 0 -19.4925 
4.764 1.987 0.1765 0.521041 0 1.35924 1.87673 0 2.73586 0 0 -19.4925 
4.765 1.987 0.1765 0.522918 0 1.36197 1.87673 0 2.72605 0 0 -19.4925 
4.766 1.987 0.1765 0.524794 0 1.36468 1.87673 0 2.71624 0 0 -19.4925 
4.767 1.987 0.1765 0.526671 0 1.36739 1.87673 0 2.70643 0 0 -19.4925 
4.768 1.987 0.1765 0.528548 0 1.37009 1.87673 0 2.69662 0 0 -19.4925 
4.769 1.987 0.1765 0.530425 0 1.37277 1.87673 0 2.68681 0 0 -19.4925 
4.77 1.987 0.1765 0.532301 0 1.37545 1.87673 0 2.677 0 0 -19.4925 
4.771 1.987 0.1765 0.534178 0 1.37812 1.87673 0 2.66719 0 0 -19.4925 
4.772 1.987 0.1765 0.536055 0 1.38078 1.87673 0 2.65738 0 0 -19.4925 
4.773 1.987 0.1765 0.537932 0 1.38342 1.87673 0 2.64757 0 0 -19.4925 
4.774 1.987 0.1765 0.539808 0 1.38606 1.87673 0 2.63776 0 0 -19.4925 
4.775 1.987 0.1765 0.541685 0 1.38869 1.87673 0 2.62795 0 0 -19.4925 
4.776 1.987 0.1765 0.543562 0 1.39131 1.87673 0 2.61814 0 0 -19.4925 
4.777 1.987 0.1765 0.545438 0 1.39392 1.87673 0 2.60833 0 0 -19.4925 
4.778 1.987 0.1765 0.547315 0 1.39651 1.87673 0 2.59852 0 0 -19.4925 
4.779 1.987 0.1765 0.549192 0 1.3991 1.87673 0 2.58871 0 0 -19.4925 
4.78 1.987 0.1765 0.551069 0 1.40168 1.87673 0 2.5789 0 0 -19.4925 
4.781 1.987 0.1765 0.552945 0 1.40425 1.87673 0 2.56909 0 0 -19.4925 
4.782 1.987 0.1765 0.554822 0 1.40681 1.87673 0 2.55928 0 0 -19.4925 
4.783 1.987 0.1765 0.556699 0 1.40936 1.87673 0 2.54947 0 0 -19.4925 
4.784 1.987 0.1765 0.558576 0 1.4119 1.87673 0 2.53966 0 0 -19.4925 
4.785 1.987 0.1765 0.560452 0 1.41443 1.87673 0 2.52985 0 0 -19.4925 
4.786 1.987 0.1765 0.562329 0 1.41695 1.87673 0 2.52004 0 0 -19.4925 
4.787 1.987 0.1765 0.564206 0 1.41946 1.87673 0 2.51023 0 0 -19.4925 
4.788 1.987 0.1765 0.566083 0 1.42196 1.87673 0 2.50042 0 0 -19.4925 
4.789 1.987 0.1765 0.567959 0 1.42445 1.87673 0 2.49061 0 0 -19.4925 
4.79 1.987 0.1765 0.569836 0 1.42693 1.87673 0 2.4808 0 0 -19.4925 
4.791 1.987 0.1765 0.571713 0 1.4294 1.87673 0 2.47099 0 0 -19.4925 
4.792 1.987 0.1765 0.573589 0 1.43186 1.87673 0 2.46118 0 0 -19.4925 
4.793 1.987 0.1765 0.575466 0 1.43432 1.87673 0 2.45137 0 0 -19.4925 
4.794 1.987 0.1765 0.577343 0 1.43676 1.87673 0 2.44156 0 0 -19.4925 
4.795 1.987 0.1765 0.57922 0 1.43919 1.87673 0 2.43175 0 0 -19.4925 
4.796 1.987 0.1765 0.581096 0 1.44161 1.87673 0 2.42194 0 0 -19.4925 
4.797 1.987 0.1765 0.582973 0 1.44402 1.87673 0 2.41213 0 0 -19.4925 
4.798 1.987 0.1765 0.58485 0 1.44643 1.87673 0 2.40232 0 0 -19.4925 
4.799 1.987 0.1765 0.586727 0 1.44882 1.87673 0 2.39251 0 0 -19.4925 
4.8 1.987 0.1765 0.588603 0 1.4512 1.87673 0 2.3827 0 0 -19.4925 
4.801 1.987 0.1765 0.59048 0 1.45357 1.87673 0 2.37289 0 0 -19.4925 
4.802 1.987 0.1765 0.592357 0 1.45594 1.87673 0 2.36308 0 0 -19.4925 
4.803 1.987 0.1765 0.594233 0 1.45829 1.87673 0 2.35327 0 0 -19.4925 
4.804 1.987 0.1765 0.59611 0 1.46063 1.87673 0 2.34346 0 0 -19.4925 
4.805 1.987 0.1765 0.597987 0 1.46297 1.87673 0 2.33365 0 0 -19.4925 
4.806 1.987 0.1765 0.599864 0 1.46529 1.87673 0 2.32384 0 0 -19.4925 
4.807 1.987 0.1765 0.60174 0 1.4676 1.87673 0 2.31403 0 0 -19.4925 
4.808 1.987 0.1765 0.603617 0 1.46991 1.87673 0 2.30422 0 0 -19.4925 
4.809 1.987 0.1765 0.605494 0 1.4722 1.87673 0 2.29441 0 0 -19.4925 
4.81 1.987 0.1765 0.607371 0 1.47449 1.87673 0 2.2846 0 0 -19.4925 
4.811 1.987 0.1765 0.609247 0 1.47676 1.87673 0 2.27479 0 0 -19.4925 
4.812 1.987 0.1765 0.611124 0 1.47903 1.87673 0 2.26498 0 0 -19.4925 
4.813 1.987 0.1765 0.613001 0 1.48128 1.87673 0 2.25517 0 0 -19.4925 
4.814 1.987 0.1765 0.614878 0 1.48353 1.87673 0 2.24536 0 0 -19.4925 
4.815 1.987 0.1765 0.616754 0 1.48576 1.87673 0 2.23555 0 0 -19.4925 
4.816 1.987 0.1765 0.618631 0 1.48799 1.87673 0 2.22574 0 0 -19.4925 
4.817 1.987 0.1765 0.620508 0 1.49021 1.87673 0 2.21593 0 0 -19.4925 
4.818 1.987 0.1765 0.622384 0 1.49241 1.87673 0 2.20612 0 0 -19.4925 
4.819 1.987 0.1765 0.624261 0 1.49461 1.87673 0 2.19631 0 0 -19.4925 
4.82 1.987 0.1765 0.626138 0 1.49679 1.87673 0 2.1865 0 0 -19.4925 
4.821 1.987 0.1765 0.628015 0 1.49897 1.87673 0 2.17669 0 0 -19.4925 
4.822 1.987 0.1765 0.629891 0 1.50114 1.87673 0 2.16688 0 0 -19.4925 
4.823 1.987 0.1765 0.631768 0 1.50329 1.87673 0 2.15707 0 0 -19.4925 
4.824 1.987 0.1765 0.633645 0 1.50544 1.87673 0 2.14726 0 0 -19.4925 
4.825 1.987 0.1765 0.635522 0 1.50758 1.87673 0 2.13745 0 0 -19.4925 
4.826 1.987 0.1765 0.637398 0 1.50971 1.87673 0 2.12764 0 0 -19.4925 
4.827 1.987 0.1765 0.639275 0 1.51183 1.87673 0 2.11783 0 0 -19.4925 
4.828 1.987 0.1765 0.641152 0 1.51393 1.87673 0 2.10802 0 0 -19.4925 
4.829 1.987 0.1765 0.643029 0 1.51603 1.87673 0 2.09821 0 0 -19.4925 
4.83 1.987 0.1765 0.644905 0 1.51812 1.87673 0 2.0884 0 0 -19.4925 
4.831 1.987 0.1765 0.646782 0 1.5202 1.87673 0 2.07859 0 0 -19.4925 
4.832 1.987 0.1765 0.648659 0 1.52227 1.87673 0 2.06878 0 0 -19.4925 
4.833 1.987 0.1765 0.650535 0 1.52433 1.87673 0 2.05897 0 0 -19.4925 
4.834 1.987 0.1765 0.652412 0 1.52638 1.87673 0 2.04916 0 0 -19.4925 
4.835 1.987 0.1765 0.654289 0 1.52841 1.87673 0 2.03935 0 0 -19.4925 
4.836 1.987 0.1765 0.656166 0 1.53044 1.87673 0 2.02954 0 0 -19.4925 
4.837 1.987 0.1765 0.658042 0 1.53246 1.87673 0 2.01973 0 0 -19.4925 
4.838 1.987 0.1765 0.659919 0 1.53447 1.87673 0 2.00992 0 0 -19.4925 
4.839 1.987 0.1765 0.661796 0 1.53647 1.87673 0 2.00011 0 0 -19.4925 
4.84 1.987 0.1765 0.663673 0 1.53846 1.87673 0 1.9903 0 0 -19.4925 
4.841 1.987 0.1765 0.665549 0 1.54044 1.87673 0 1.98049 0 0 -19.4925 
4.842 1.987 0.1765 0.667426 0 1.54242 1.87673 0 1.97068 0 0 -19.4925 
4.843 1.987 0.1765 0.669303 0 1.54438 1.87673 0 1.96087 0 0 -19.4925 
4.844 1.987 0.1765 0.671179 0 1.54633 1.87673 0 1.95106 0 0 -19.4925 
4.845 1.987 0.1765 0.673056 0 1.54827 1.87673 0 1.94125 0 0 -19.4925 
4.846 1.987 0.1765 0.674933 0 1.5502 1.87673 0 1.93144 0 0 -19.4925 
4.847 1.987 0.1765 0.67681 0 1.55212 1.87673 0 1.92163 0 0 -19.4925 
4.848 1.987 0.1765 0.678686 0 1.55403 1.87673 0 1.91182 0 0 -19.4925 
4.849 1.987 0.1765 0.680563 0 1.55594 1.87673 0 1.90201 0 0 -19.4925 
4.85 1.987 0.1765 0.68244 0 1.55783 1.87673 0 1.8922 0 0 -19.4925 
4.851 1.987 0.1765 0.684317 0 1.55971 1.87673 0 1.88239 0 0 -19.4925 
4.852 1.987 0.1765 0.686193 0 1.56158 1.87673 0 1.87258 0 0 -19.4925 
4.853 1.987 0.1765 0.68807 0 1.56345 1.87673 0 1.86277 0 0 -19.4925 
4.854 1.987 0.1765 0.689947 0 1.5653 1.87673 0 1.85296 0 0 -19.4925 
4.855 1.987 0.1765 0.691824 0 1.56714 1.87673 0 1.84315 0 0 -19.4925 
4.856 1.987 0.1765 0.6937 0 1.56897 1.87673 0 1.83334 0 0 -19.4925 
4.857 1.987 0.1765 0.695577 0 1.5708 1.87673 0 1.82353 0 0 -19.4925 
4.858 1.987 0.1765 0.697454 0 1.57261 1.87673 0 1.81372 0 0 -19.4925 
4.859 1.987 0.1765 0.69933 0 1.57442 1.87673 0 1.80391 0 0 -19.4925 
4.86 1.987 0.1765 0.701207 0 1.57621 1.87673 0 1.7941 0 0 -19.4925 
4.861 1.987 0.1765 0.703084 0 1.57799 1.87673 0 1.78429 0 0 -19.4925 
4.862 1.987 0.1765 0.704961 0 1.57977 1.87673 0 1.77448 0 0 -19.4925 
4.863 1.987 0.1765 0.706837 0 1.58153 1.87673 0 1.76467 0 0 -19.4925 
4.864 1.987 0.1765 0.708714 0 1.58329 1.87673 0 1.75486 0 0 -19.4925 
4.865 1.987 0.1765 0.710591 0 1.58503 1.87673 0 1.74505 0 0 -19.4925 
4.866 1.987 0.1765 0.712468 0 1.58677 1.87673 0 1.73524 0 0 -19.4925 
4.867 1.987 0.1765 0.714344 0 1.58849 1.87673 0 1.72543 0 0 -19.4925 
4.868 1.987 0.1765 0.716221 0 1.59021 1.87673 0 1.71562 0 0 -19.4925 
4.869 1.987 0.1765 0.718098 0 1.59192 1.87673 0 1.70581 0 0 -19.4925 
4.87 1.987 0.1765 0.719974 0 1.59361 1.87673 0 1.696 0 0 -19.4925 
4.871 1.987 0.1765 0.721851 0 1.5953 1.87673 0 1.68619 0 0 -19.4925 
4.872 1.987 0.1765 0.723728 0 1.59697 1.87673 0 1.67638 0 0 -19.4925 
4.873 1.987 0.1765 0.725605 0 1.59864 1.87673 0 1.66657 0 0 -19.4925 
4.874 1.987 0.1765 0.727481 0 1.6003 1.87673 0 1.65676 0 0 -19.4925 
4.875 1.987 0.1765 0.729358 0 1.60194 1.87673 0 1.64695 0 0 -19.4925 
4.876 1.987 0.1765 0.731235 0 1.60358 1.87673 0 1.63714 0 0 -19.4925 
4.877 1.987 0.1765 0.733112 0 1.60521 1.87673 0 1.62733 0 0 -19.4925 
4.878 1.987 0.1765 0.734988 0 1.60683 1.87673 0 1.61752 0 0 -19.4925 
4.879 1.987 0.1765 0.736865 0 1.60843 1.87673 0 1.60771 0 0 -19.4925 
4.88 1.987 0.1765 0.738742 0 1.61003 1.87673 0 1.5979 0 0 -19.4925 
4.881 1.987 0.1765 0.740619 0 1.61162 1.87673 0 1.58809 0 0 -19.4925 
4.882 1.987 0.1765 0.742495 0 1.6132 1.87673 0 1.57828 0 0 -19.4925 
4.883 1.987 0.1765 0.744372 0 1.61477 1.87673 0 1.56847 0 0 -19.4925 
4.884 1.987 0.1765 0.746249 0 1.61633 1.87673 0 1.55866 0 0 -19.4925 
4.885 1.987 0.1765 0.748125 0 1.61787 1.87673 0 1.54885 0 0 -19.4925 
4.886 1.987 0.1765 0.750002 0 1.61941 1.87673 0 1.53904 0 0 -19.4925 
4.887 1.987 0.1765 0.751879 0 1.62094 1.87673 0 1.52923 0 0 -19.4925 
4.888 1.987 0.1765 0.753756 0 1.62246 1.87673 0 1.51942 0 0 -19.4925 
4.889 1.987 0.1765 0.755632 0 1.62397 1.87673 0 1.50961 0 0 -19.4925 
4.89 1.987 0.1765 0.757509 0 1.62547 1.87673 0 1.4998 0 0 -19.4925 
4.891 1.987 0.1765 0.759386 0 1.62696 1.87673 0 1.48999 0 0 -19.4925 
4.892 1.987 0.1765 0.761263 0 1.62844 1.87673 0 1.48018 0 0 -19.4925 
4.893 1.987 0.1765 0.763139 0 1.62991 1.87673 0 1.47037 0 0 -19.4925 
4.894 1.987 0.1765 0.765016 0 1.63137 1.87673 0 1.46056 0 0 -19.4925 
4.895 1.987 0.1765 0.766893 0 1.63282 1.87673 0 1.45075 0 0 -19.4925 
4.896 1.987 0.1765 0.768769 0 1.63426 1.87673 0 1.44094 0 0 -19.4925 
4.897 1.987 0.1765 0.770646 0 1.6357 1.87673 0 1.43113 0 0 -19.4925 
4.898 1.987 0.1765 0.772523 0 1.63712 1.87673 0 1.42132 0 0 -19.4925 
4.899 1.987 0.1765 0.7744 0 1.63853 1.87673 0 1.41151 0 0 -19.4925 
4.9 1.987 0.1765 0.776276 0 1.63993 1.87673 0 1.4017 0 0 -19.4925 
4.901 1.987 0.1765 0.778153 0 1.64132 1.87673 0 1.39189 0 0 -19.4925 
4.902 1.987 0.1765 0.78003 0 1.6427 1.87673 0 1.38208 0 0 -19.4925 
4.903 1.987 0.1765 0.781907 0 1.64408 1.87673 0 1.37227 0 0 -19.4925 
4.904 1.987 0.1765 0.783783 0 1.64544 1.87673 0 1.36246 0 0 -19.4925 
4.905 1.987 0.1765 0.78566 0 1.64679 1.87673 0 1.35265 0 0 -19.4925 
4.906 1.987 0.1765 0.787537 0 1.64813 1.87673 0 1.34284 0 0 -19.4925 
4.907 1.987 0.1765 0.789414 0 1.64947 1.87673 0 1.33303 0 0 -19.4925 
4.908 1.987 0.1765 0.79129 0 1.65079 1.87673 0 1.32322 0 0 -19.4925 
4.909 1.987 0.1765 0.793167 0 1.6521 1.87673 0 1.31341 0 0 -19.4925 
4.91 1.987 0.1765 0.795044 0 1.65341 1.87673 0 1.3036 0 0 -19.4925 
4.911 1.987 0.1765 0.79692 0 1.6547 1.87673 0 1.29379 0 0 -19.4925 
4.912 1.987 0.1765 0.798797 0 1.65599 1.87673 0 1.28398 0 0 -19.4925 
4.913 1.987 0.1765 0.800674 0 1.65726 1.87673 0 1.27417 0 0 -19.4925 
4.914 1.987 0.1765 0.802551 0 1.65852 1.87673 0 1.26436 0 0 -19.4925 
4.915 1.987 0.1765 0.804427 0 1.65978 1.87673 0 1.25455 0 0 -19.4925 
4.916 1.987 0.1765 0.806304 0 1.66102 1.87673 0 1.24474 0 0 -19.4925 
4.917 1.987 0.1765 0.808181 0 1.66226 1.87673 0 1.23493 0 0 -19.4925 
4.918 1.987 0.1765 0.810058 0 1.66348 1.87673 0 1.22512 0 0 -19.4925 
4.919 1.987 0.1765 0.811934 0 1.6647 1.87673 0 1.21531 0 0 -19.4925 
4.92 1.987 0.1765 0.813811 0 1.6659 1.87673 0 1.2055 0 0 -19.4925 
4.921 1.987 0.1765 0.815688 0 1.6671 1.87673 0 1.19569 0 0 -19.4925 
4.922 1.987 0.1765 0.817564 0 1.66829 1.87673 0 1.18588 0 0 -19.4925 
4.923 1.987 0.1765 0.819441 0 1.66946 1.87673 0 1.17607 0 0 -19.4925 
4.924 1.987 0.1765 0.821318 0 1.67063 1.87673 0 1.16626 0 0 -19.4925 
4.925 1.987 0.1765 0.823195 0 1.67178 1.87673 0 1.15645 0 0 -19.4925 
4.926 1.987 0.1765 0.825071 0 1.67293 1.87673 0 1.14664 0 0 -19.4925 
4.927 1.987 0.1765 0.826948 0 1.67407 1.87673 0 1.13683 0 0 -19.4925 
4.928 1.987 0.1765 0.828825 0 1.6752 1.87673 0 1.12702 0 0 -19.4925 
4.929 1.987 0.1765 0.830702 0 1.67631 1.87673 0 1.11721 0 0 -19.4925 
4.93 1.987 0.1765 0.832578 0 1.67742 1.87673 0 1.1074 0 0 -19.4925 
4.931 1.987 0.1765 0.834455 0 1.67852 1.87673 0 1.09759 0 0 -19.4925 
4.932 1.987 0.1765 0.836332 0 1.67961 1.87673 0 1.08778 0 0 -19.4925 
4.933 1.987 0.1765 0.838209 0 1.68068 1.87673 0 1.07797 0 0 -19.4925 
4.934 1.987 0.1765 0.840085 0 1.68175 1.87673 0 1.06816 0 0 -19.4925 
4.935 1.987 0.1765 0.841962 0 1.68281 1.87673 0 1.05835 0 0 -19.4925 
4.936 1.987 0.1765 0.843839 0 1.68386 1.87673 0 1.04854 0 0 -19.4925 
4.937 1.987 0.1765 0.845715 0 1.6849 1.87673 0 1.03873 0 0 -19.4925 
4.938 1.987 0.1765 0.847592 0 1.68593 1.87673 0 1.02892 0 0 -19.4925 
4.939 1.987 0.1765 0.849469 0 1.68694 1.87673 0 1.01911 0 0 -19.4925 
4.94 1.987 0.1765 0.851346 0 1.68795 1.87673 0 1.0093 0 0 -19.4925 
4.941 1.987 0.1765 0.853222 0 1.68895 1.87673 0 0.999495 0 0 -19.4925 
4.942 1.987 0.1765 0.855099 0 1.68994 1.87673 0 0.989685 0 0 -19.4925 
4.943 1.987 0.1765 0.856976 0 1.69092 1.87673 0 0.979875 0 0 -19.4925 
4.944 1.987 0.1765 0.858853 0 1.69189 1.87673 0 0.970065 0 0 -19.4925 
4.945 1.987 0.1765 0.860729 0 1.69285 1.87673 0 0.960255 0 0 -19.4925 
4.946 1.987 0.1765 0.862606 0 1.6938 1.87673 0 0.950445 0 0 -19.4925 
4.947 1.987 0.1765 0.864483 0 1.69474 1.87673 0 0.940635 0 0 -19.4925 
4.948 1.987 0.1765 0.86636 0 1.69568 1.87673 0 0.930825 0 0 -19.4925 
4.949 1.987 0.1765 0.868236 0 1.6966 1.87673 0 0.921015 0 0 -19.4925 
4.95 1.987 0.1765 0.870113 0 1.69751 1.87673 0 0.911205 0 0 -19.4925 
4.951 1.987 0.1765 0.87199 0 1.69841 1.87673 0 0.901395 0 0 -19.4925 
4.952 1.987 0.1765 0.873866 0 1.6993 1.87673 0 0.891585 0 0 -19.4925 
4.953 1.987 0.1765 0.875743 0 1.70018 1.87673 0 0.881775 0 0 -19.4925 
4.954 1.987 0.1765 0.87762 0 1.70105 1.87673 0 0.871965 0 0 -19.4925 
4.955 1.987 0.1765 0.879497 0 1.70192 1.87673 0 0.862155 0 0 -19.4925 
4.956 1.987 0.1765 0.881373 0 1.70277 1.87673 0 0.852345 0 0 -19.4925 
4.957 1.987 0.1765 0.88325 0 1.70361 1.87673 0 0.842535 0 0 -19.4925 
4.958 1.987 0.1765 0.885127 0 1.70444 1.87673 0 0.832725 0 0 -19.4925 
4.959 1.987 0.1765 0.887004 0 1.70527 1.87673 0 0.822915 0 0 -19.4925 
4.96 1.987 0.1765 0.88888 0 1.70608 1.87673 0 0.813105 0 0 -19.4925 
4.961 1.987 0.1765 0.890757 0 1.70688 1.87673 0 0.803295 0 0 -19.4925 
4.962 1.987 0.1765 0.892634 0 1.70768 1.87673 0 0.793485 0 0 -19.4925 
4.963 1.987 0.1765 0.89451 0 1.70846 1.87673 0 0.783675 0 0 -19.4925 
4.964 1.987 0.1765 0.896387 0 1.70923 1.87673 0 0.773865 0 0 -19.4925 
4.965 1.987 0.1765 0.898264 0 1.71 1.87673 0 0.764055 0 0 -19.4925 
4.966 1.987 0.1765 0.900141 0 1.71075 1.87673 0 0.754245 0 0 -19.4925 
4.967 1.987 0.1765 0.902017 0 1.7115 1.87673 0 0.744435 0 0 -19.4925 
4.968 1.987 0.1765 0.903894 0 1.71223 1.87673 0 0.734625 0 0 -19.4925 
4.969 1.987 0.1765 0.905771 0 1.71296 1.87673 0 0.724815 0 0 -19.4925 
4.97 1.987 0.1765 0.907648 0 1.71367 1.87673 0 0.715005 0 0 -19.4925 
4.971 1.987 0.1765 0.909524 0 1.71438 1.87673 0 0.705195 0 0 -19.4925 
4.972 1.987 0.1765 0.911401 0 1.71507 1.87673 0 0.695385 0 0 -19.4925 
4.973 1.987 0.1765 0.913278 0 1.71576 1.87673 0 0.685575 0 0 -19.4925 
4.974 1.987 0.1765 0.915155 0 1.71643 1.87673 0 0.675765 0 0 -19.4925 
4.975 1.987 0.1765 0.917031 0 1.7171 1.87673 0 0.665955 0 0 -19.4925 
4.976 1.987 0.1765 0.918908 0 1.71776 1.87673 0 0.656145 0 0 -19.4925 
4.977 1.987 0.1765 0.920785 0 1.7184 1.87673 0 0.646335 0 0 -19.4925 
4.978 1.987 0.1765 0.922661 0 1.71904 1.87673 0 0.636525 0 0 -19.4925 
4.979 1.987 0.1765 0.924538 0 1.71967 1.87673 0 0.626715 0 0 -19.4925 
4.98 1.987 0.1765 0.926415 0 1.72028 1.87673 0 0.616905 0 0 -19.4925 
4.981 1.987 0.1765 0.928292 0 1.72089 1.87673 0 0.607095 0 0 -19.4925 
4.982 1.987 0.1765 0.930168 0 1.72149 1.87673 0 0.597285 0 0 -19.4925 
4.983 1.987 0.1765 0.932045 0 1.72207 1.87673 0 0.587475 0 0 -19.4925 
4.984 1.987 0.1765 0.933922 0 1.72265 1.87673 0 0.577665 0 0 -19.4925 
4.985 1.987 0.1765 0.935799 0 1.72322 1.87673 0 0.567855 0 0 -19.4925 
4.986 1.987 0.1765 0.937675 0 1.72378 1.87673 0 0.558045 0 0 -19.4925 
4.987 1.987 0.1765 0.939552 0 1.72433 1.87673 0 0.548235 0 0 -19.4925 
4.988 1.987 0.1765 0.941429 0 1.72486 1.87673 0 0.538425 0 0 -19.4925 
4.989 1.987 0.1765 0.943305 0 1.72539 1.87673 0 0.528615 0 0 -19.4925 
4.99 1.987 0.1765 0.945182 0 1.72591 1.87673 0 0.518805 0 0 -19.4925 
4.991 1.987 0.1765 0.947059 0 1.72642 1.87673 0 0.508995 0 0 -19.4925 
4.992 1.987 0.1765 0.948936 0 1.72692 1.87673 0 0.499185 0 0 -19.4925 
4.993 1.987 0.1765 0.950812 0 1.72741 1.87673 0 0.489375 0 0 -19.4925 
4.994 1.987 0.1765 0.952689 0 1.72789 1.87673 0 0.479565 0 0 -19.4925 
4.995 1.987 0.1765 0.954566 0 1.72836 1.87673 0 0.469755 0 0 -19.4925 
4.996 1.987 0.1765 0.956443 0 1.72882 1.87673 0 0.459945 0 0 -19.4925 
4.997 1.987 0.1765 0.958319 0 1.72927 1.87673 0 0.450135 0 0 -19.4925 
4.998 1.987 0.1765 0.960196 0 1.72971 1.87673 0 0.440325 0 0 -19.4925 
4.999 1.987 0.1765 0.962073 0 1.73014 1.87673 0 0.430515 0 0 -19.4925 
5 1.987 0.1765 0.96395 0 1.73056 1.87673 0 0.420705 0 0 -19.4925 
5.001 1.987 0.1765 0.965826 0 1.73097 1.87673 0 0.410895 0 0 -19.4925 
5.002 1.987 0.1765 0.967703 0 1.73137 1.87673 0 0.401085 0 0 -19.4925 
5.003 1.987 0.1765 0.96958 0 1.73176 1.87673 0 0.391275 0 0 -19.4925 
5.004 1.987 0.1765 0.971456 0 1.73214 1.87673 0 0.381465 0 0 -19.4925 
5.005 1.987 0.1765 0.973333 0 1.73252 1.87673 0 0.371655 0 0 -19.4925 
5.006 1.987 0.1765 0.97521 0 1.73288 1.87673 0 0.361845 0 0 -19.4925 
5.007 1.987 0.1765 0.977087 0 1.73323 1.87673 0 0.352035 0 0 -19.4925 
5.008 1.987 0.1765 0.978963 0 1.73357 1.87673 0 0.342225 0 0 -19.4925 
5.009 1.987 0.1765 0.98084 0 1.73391 1.87673 0 0.332415 0 0 -19.4925 
5.01 1.987 0.1765 0.982717 0 1.73423 1.87673 0 0.322605 0 0 -19.4925 
5.011 1.987 0.1765 0.984594 0 1.73454 1.87673 0 0.312795 0 0 -19.4925 
5.012 1.987 0.1765 0.98647 0 1.73484 1.87673 0 0.302985 0 0 -19.4925 
5.013 1.987 0.1765 0.988347 0 1.73514 1.87673 0 0.293175 0 0 -19.4925 
5.014 1.987 0.1765 0.990224 0 1.73542 1.87673 0 0.283365 0 0 -19.4925 
5.015 1.987 0.1765 0.9921 0 1.73569 1.87673 0 0.273555 0 0 -19.4925 
5.016 1.987 0.1765 0.993977 0 1.73596 1.87673 0 0.263745 0 0 -19.4925 
5.017 1.987 0.1765 0.995854 0 1.73621 1.87673 0 0.253935 0 0 -19.4925 
5.018 1.987 0.1765 0.997731 0 1.73646 1.87673 0 0.244125 0 0 -19.4925 
5.019 1.987 0.1765 0.999607 0 1.73669 1.87673 0 0.234315 0 0 -19.4925 
5.02 1.987 0.1765 1.00148 0 1.73691 1.87673 0 0.224505 0 0 -19.4925 
5.021 1.987 0.1765 1.00336 0 1.73713 1.87673 0 0.214695 0 0 -19.4925 
5.022 1.987 0.1765 1.00524 0 1.73733 1.87673 0 0.204885 0 0 -19.4925 
5.023 1.987 0.1765 1.00711 0 1.73753 1.87673 0 0.195075 0 0 -19.4925 
5.024 1.987 0.1765 1.00899 0 1.73771 1.87673 0 0.185265 0 0 -19.4925 
5.025 1.987 0.1765 1.01087 0 1.73789 1.87673 0 0.175455 0 0 -19.4925 
5.026 1.987 0.1765 1.01274 0 1.73806 1.87673 0 0.165645 0 0 -19.4925 
5.027 1.987 0.1765 1.01462 0 1.73821 1.87673 0 0.155835 0 0 -19.4925 
5.028 1.987 0.1765 1.0165 0 1.73836 1.87673 0 0.146025 0 0 -19.4925 
5.029 1.987 0.1765 1.01837 0 1.73849 1.87673 0 0.136215 0 0 -19.4925 
5.03 1.987 0.1765 1.02025 0 1.73862 1.87673 0 0.126405 0 0 -19.4925 
5.031 1.987 0.1765 1.02213 0 1.73874 1.87673 0 0.116595 0 0 -19.4925 
5.032 1.987 0.1765 1.024 0 1.73884 1.87673 0 0.106785 0 0 -19.4925 
5.033 1.987 0.1765 1.02588 0 1.73894 1.87673 0 0.0969746 0 0 -19.4925 
5.034 1.987 0.1765 1.02776 0 1.73903 1.87673 0 0.0871646 0 0 -19.4925 
5.035 1.987 0.1765 1.02964 0 1.7391 1.87673 0 0.0773546 0 0 -19.4925 
5.036 1.987 0.1765 1.03151 0 1.73917 1.87673 0 0.0675446 0 0 -19.4925 
5.037 1.987 0.1765 1.03339 0 1.73923 1.87673 0 0.0577346 0 0 -19.4925 
5.038 1.987 0.1765 1.03527 0 1.73928 1.87673 0 0.0479246 0 0 -19.4925 
5.039 1.987 0.1765 1.03714 0 1.73932 1.87673 0 0.0381146 0 0 -19.4925 
5.04 1.987 0.1765 1.03902 0 1.73934 1.87673 0 0.0283046 0 0 -19.4925 
5.041 1.987 0.1765 1.0409 0 1.73936 1.87673 0 0.0184946 0 0 -19.4925 
5.042 1.987 0.1765 1.04277 0 1.73937 1.87673 0 0.00868465 0 0 -19.4925 
5.043 1.987 0.1765 1.04465 0 1.73937 1.87673 0 -0.00112535 0 0 -19.4925 
5.044 1.987 0.1765 1.04653 0 1.73936 1.87673 0 -0.0109354 0 0 -19.4925 
5.045 1.987 0.1765 1.0484 0 1.73934 1.87673 0 -0.0207454 0 0 -19.4925 
5.046 1.987 0.1765 1.05028 0 1.73931 1.87673 0 -0.0305554 0 0 -19.4925 
5.047 1.987 0.1765 1.05216 0 1.73927 1.87673 0 -0.0403654 0 0 -19.4925 
5.048 1.987 0.1765 1.05403 0 1.73922 1.87673 0 -0.0501754 0 0 -19.4925 
5.049 1.987 0.1765 1.05591 0 1.73916 1.87673 0 -0.0599854 0 0 -19.4925 
5.05 1.987 0.1765 1.05779 0 1.73909 1.87673 0 -0.0697954 0 0 -19.4925 
5.051 1.987 0.1765 1.05966 0 1.73901 1.87673 0 -0.0796054 0 0 -19.4925 
5.052 1.987 0.1765 1.06154 0 1.73892 1.87673 0 -0.0894154 0 0 -19.4925 
5.053 1.987 0.1765 1.06342 0 1.73882 1.87673 0 -0.0992254 0 0 -19.4925 
5.054 1.987 0.1765 1.06529 0 1.73871 1.87673 0 -0.109035 0 0 -19.4925 
5.055 1.987 0.1765 1.06717 0 1.73859 1.87673 0 -0.118845 0 0 -19.4925 
5.056 1.987 0.1765 1.06905 0 1.73846 1.87673 0 -0.128655 0 0 -19.4925 
5.057 1.987 0.1765 1.07092 0 1.73832 1.87673 0 -0.138465 0 0 -19.4925 
5.058 1.987 0.1765 1.0728 0 1.73818 1.87673 0 -0.148275 0 0 -19.4925 
5.059 1.987 0.1765 1.07468 0 1.73802 1.87673 0 -0.158085 0 0 -19.4925 
5.06 1.987 0.1765 1.07655 0 1.73785 1.87673 0 -0.167895 0 0 -19.4925 
5.061 1.987 0.1765 1.07843 0 1.73767 1.87673 0 -0.177705 0 0 -19.4925 
5.062 1.987 0.1765 1.08031 0 1.73748 1.87673 0 -0.187515 0 0 -19.4925 
5.063 1.987 0.1765 1.08218 0 1.73729 1.87673 0 -0.197325 0 0 -19.4925 
5.064 1.987 0.1765 1.08406 0 1.73708 1.87673 0 -0.207135 0 0 -19.4925 
5.065 1.987 0.1765 1.08594 0 1.73686 1.87673 0 -0.216945 0 0 -19.4925 
5.066 1.987 0.1765 1.08781 0 1.73664 1.87673 0 -0.226755 0 0 -19.4925 
5.067 1.987 0.1765 1.08969 0 1.7364 1.87673 0 -0.236565 0 0 -19.4925 
5.068 1.987 0.1765 1.09157 0 1.73615 1.87673 0 -0.246375 0 0 -19.4925 
5.069 1.987 0.1765 1.09344 0 1.7359 1.87673 0 -0.256185 0 0 -19.4925 
5.07 1.987 0.1765 1.09532 0 1.73563 1.87673 0 -0.265995 0 0 -19.4925 
5.071 1.987 0.1765 1.0972 0 1.73536 1.87673 0 -0.275805 0 0 -19.4925 
5.072 1.987 0.1765 1.09907 0 1.73507 1.87673 0 -0.285615 0 0 -19.4925 
5.073 1.987 0.1765 1.10095 0 1.73477 1.87673 0 -0.295425 0 0 -19.4925 
5.074 1.987 0.1765 1.10283 0 1.73447 1.87673 0 -0.305235 0 0 -19.4925 
5.075 1.987 0.1765 1.1047 0 1.73415 1.87673 0 -0.315045 0 0 -19.4925 
5.076 1.987 0.1765 1.10658 0 1.73383 1.87673 0 -0.324855 0 0 -19.4925 
5.077 1.987 0.1765 1.10846 0 1.7335 1.87673 0 -0.334665 0 0 -19.4925 
5.078 1.987 0.1765 1.11033 0 1.73315 1.87673 0 -0.344475 0 0 -19.4925 
5.079 1.987 0.1765 1.11221 0 1.7328 1.87673 0 -0.354285 0 0 -19.4925 
5.08 1.987 0.1765 1.11409 0 1.73243 1.87673 0 -0.364095 0 0 -19.4925 
5.081 1.987 0.1765 1.11596 0 1.73206 1.87673 0 -0.373905 0 0 -19.4925 
5.082 1.987 0.1765 1.11784 0 1.73167 1.87673 0 -0.383715 0 0 -19.4925 
5.083 1.987 0.1765 1.11972 0 1.73128 1.87673 0 -0.393525 0 0 -19.4925 
5.084 1.987 0.1765 1.12159 0 1.73088 1.87673 0 -0.403335 0 0 -19.4925 
5.085 1.987 0.1765 1.12347 0 1.73046 1.87673 0 -0.413145 0 0 -19.4925 
5.086 1.987 0.1765 1.12535 0 1.73004 1.87673 0 -0.422955 0 0 -19.4925 
5.087 1.987 0.1765 1.12723 0 1.72961 1.87673 0 -0.432765 0 0 -19.4925 
5.088 1.987 0.1765 1.1291 0 1.72917 1.87673 0 -0.442575 0 0 -19.4925 
5.089 1.987 0.1765 1.13098 0 1.72871 1.87673 0 -0.452385 0 0 -19.4925 
5.09 1.987 0.1765 1.13286 0 1.72825 1.87673 0 -0.462195 0 0 -19.4925 
5.091 1.987 0.1765 1.13473 0 1.72778 1.87673 0 -0.472005 0 0 -19.4925 
5.092 1.987 0.1765 1.13661 0 1.7273 1.87673 0 -0.481815 0 0 -19.4925 
5.093 1.987 0.1765 1.13849 0 1.72681 1.87673 0 -0.491625 0 0 -19.4925 
5.094 1.987 0.1765 1.14036 0 1.7263 1.87673 0 -0.501435 0 0 -19.4925 
5.095 1.987 0.1765 1.14224 0 1.72579 1.87673 0 -0.511245 0 0 -19.4925 
5.096 1.987 0.1765 1.14412 0 1.72527 1.87673 0 -0.521055 0 0 -19.4925 
5.097 1.987 0.1765 1.14599 0 1.72474 1.87673 0 -0.530865 0 0 -19.4925 
5.098 1.987 0.1765 1.14787 0 1.7242 1.87673 0 -0.540675 0 0 -19.4925 
5.099 1.987 0.1765 1.14975 0 1.72365 1.87673 0 -0.550485 0 0 -19.4925 
5.1 1.987 0.1765 1.15162 0 1.72309 1.87673 0 -0.560295 0 0 -19.4925 
5.101 1.987 0.1765 1.1535 0 1.72252 1.87673 0 -0.570105 0 0 -19.4925 
5.102 1.987 0.1765 1.15538 0 1.72194 1.87673 0 -0.579915 0 0 -19.4925 
5.103 1.987 0.1765 1.15725 0 1.72135 1.87673 0 -0.589725 0 0 -19.4925 
5.104 1.987 0.1765 1.15913 0 1.72075 1.87673 0 -0.599535 0 0 -19.4925 
5.105 1.987 0.1765 1.16101 0 1.72014 1.87673 0 -0.609345 0 0 -19.4925 
5.106 1.987 0.1765 1.16288 0 1.71952 1.87673 0 -0.619155 0 0 -19.4925 
5.107 1.987 0.1765 1.16476 0 1.71889 1.87673 0 -0.628965 0 0 -19.4925 
5.108 1.987 0.1765 1.16664 0 1.71825 1.87673 0 -0.638775 0 0 -19.4925 
5.109 1.987 0.1765 1.16851 0 1.71761 1.87673 0 -0.648585 0 0 -19.4925 
5.11 1.987 0.1765 1.17039 0 1.71695 1.87673 0 -0.658395 0 0 -19.4925 
5.111 1.987 0.1765 1.17227 0 1.71628 1.87673 0 -0.668205 0 0 -19.4925 
5.112 1.987 0.1765 1.17414 0 1.7156 1.87673 0 -0.678015 0 0 -19.4925 
5.113 1.987 0.1765 1.17602 0 1.71491 1.87673 0 -0.687825 0 0 -19.4925 
5.114 1.987 0.1765 1.1779 0 1.71422 1.87673 0 -0.697635 0 0 -19.4925 
5.115 1.987 0.1765 1.17977 0 1.71351 1.87673 0 -0.707445 0 0 -19.4925 
5.116 1.987 0.1765 1.18165 0 1.71279 1.87673 0 -0.717255 0 0 -19.4925 
5.117 1.987 0.1765 1.18353 0 1.71206 1.87673 0 -0.727065 0 0 -19.4925 
5.118 1.987 0.1765 1.1854 0 1.71133 1.87673 0 -0.736875 0 0 -19.4925 
5.119 1.987 0.1765 1.18728 0 1.71058 1.87673 0 -0.746685 0 0 -19.4925 
5.12 1.987 0.1765 1.18916 0 1.70982 1.87673 0 -0.756495 0 0 -19.4925 
5.121 1.987 0.1765 1.19103 0 1.70906 1.87673 0 -0.766305 0 0 -19.4925 
5.122 1.987 0.1765 1.19291 0 1.70828 1.87673 0 -0.776115 0 0 -19.4925 
5.123 1.987 0.1765 1.19479 0 1.7075 1.87673 0 -0.785925 0 0 -19.4925 
5.124 1.987 0.1765 1.19666 0 1.7067 1.87673 0 -0.795735 0 0 -19.4925 
5.125 1.987 0.1765 1.19854 0 1.70589 1.87673 0 -0.805545 0 0 -19.4925 
5.126 1.987 0.1765 1.20042 0 1.70508 1.87673 0 -0.815355 0 0 -19.4925 
5.127 1.987 0.1765 1.20229 0 1.70425 1.87673 0 -0.825165 0 0 -19.4925 
5.128 1.987 0.1765 1.20417 0 1.70342 1.87673 0 -0.834975 0 0 -19.4925 
5.129 1.987 0.1765 1.20605 0 1.70257 1.87673 0 -0.844785 0 0 -19.4925 
5.13 1.987 0.1765 1.20792 0 1.70172 1.87673 0 -0.854595 0 0 -19.4925 
5.131 1.987 0.1765 1.2098 0 1.70086 1.87673 0 -0.864405 0 0 -19.4925 
5.132 1.987 0.1765 1.21168 0 1.69998 1.87673 0 -0.874215 0 0 -19.4925 
5.133 1.987 0.1765 1.21355 0 1.6991 1.87673 0 -0.884025 0 0 -19.4925 
5.134 1.987 0.1765 1.21543 0 1.6982 1.87673 0 -0.893835 0 0 -19.4925 
5.135 1.987 0.1765 1.21731 0 1.6973 1.87673 0 -0.903645 0 0 -19.4925 
5.136 1.987 0.1765 1.21918 0 1.69639 1.87673 0 -0.913455 0 0 -19.4925 
5.137 1.987 0.1765 1.22106 0 1.69546 1.87673 0 -0.923265 0 0 -19.4925 
5.138 1.987 0.1765 1.22294 0 1.69453 1.87673 0 -0.933075 0 0 -19.4925 
5.139 1.987 0.1765 1.22482 0 1.69359 1.87673 0 -0.942885 0 0 -19.4925 
5.14 1.987 0.1765 1.22669 0 1.69263 1.87673 0 -0.952695 0 0 -19.4925 
5.141 1.987 0.1765 1.22857 0 1.69167 1.87673 0 -0.962505 0 0 -19.4925 
5.142 1.987 0.1765 1.23045 0 1.6907 1.87673 0 -0.972315 0 0 -19.4925 
5.143 1.987 0.1765 1.23232 0 1.68972 1.87673 0 -0.982125 0 0 -19.4925 
5.144 1.987 0.1765 1.2342 0 1.68873 1.87673 0 -0.991935 0 0 -19.4925 
5.145 1.987 0.1765 1.23608 0 1.68772 1.87673 0 -1.00175 0 0 -19.4925 
5.146 1.987 0.1765 1.23795 0 1.68671 1.87673 0 -1.01156 0 0 -19.4925 
5.147 1.987 0.1765 1.23983 0 1.68569 1.87673 0 -1.02137 0 0 -19.4925 
5.148 1.987 0.1765 1.24171 0 1.68466 1.87673 0 -1.03118 0 0 -19.4925 
5.149 1.987 0.1765 1.24358 0 1.68362 1.87673 0 -1.04099 0 0 -19.4925 
5.15 1.987 0.1765 1.24546 0 1.68257 1.87673 0 -1.0508 0 0 -19.4925 
5.151 1.987 0.1765 1.24734 0 1.68151 1.87673 0 -1.06061 0 0 -19.4925 
5.152 1.987 0.1765 1.24921 0 1.68044 1.87673 0 -1.07042 0 0 -19.4925 
5.153 1.987 0.1765 1.25109 0 1.67936 1.87673 0 -1.08023 0 0 -19.4925 
5.154 1.987 0.1765 1.25297 0 1.67827 1.87673 0 -1.09004 0 0 -19.4925 
5.155 1.987 0.1765 1.25484 0 1.67717 1.87673 0 -1.09985 0 0 -19.4925 
5.156 1.987 0.1765 1.25672 0 1.67606 1.87673 0 -1.10966 0 0 -19.4925 
5.157 1.987 0.1765 1.2586 0 1.67494 1.87673 0 -1.11947 0 0 -19.4925 
5.158 1.987 0.1765 1.26047 0 1.67381 1.87673 0 -1.12928 0 0 -19.4925 
5.159 1.987 0.1765 1.26235 0 1.67267 1.87673 0 -1.13909 0 0 -19.4925 
5.16 1.987 0.1765 1.26423 0 1.67152 1.87673 0 -1.1489 0 0 -19.4925 
5.161 1.987 0.1765 1.2661 0 1.67036 1.87673 0 -1.15871 0 0 -19.4925 
5.162 1.987 0.1765 1.26798 0 1.66919 1.87673 0 -1.16852 0 0 -19.4925 
5.163 1.987 0.1765 1.26986 0 1.66801 1.87673 0 -1.17833 0 0 -19.4925 
5.164 1.987 0.1765 1.27173 0 1.66683 1.87673 0 -1.18814 0 0 -19.4925 
5.165 1.987 0.1765 1.27361 0 1.66563 1.87673 0 -1.19795 0 0 -19.4925 
5.166 1.987 0.1765 1.27549 0 1.66442 1.87673 0 -1.20776 0 0 -19.4925 
5.167 1.987 0.1765 1.27736 0 1.6632 1.87673 0 -1.21757 0 0 -19.4925 
5.168 1.987 0.1765 1.27924 0 1.66198 1.87673 0 -1.22738 0 0 -19.4925 
5.169 1.987 0.1765 1.28112 0 1.66074 1.87673 0 -1.23719 0 0 -19.4925 
5.17 1.987 0.1765 1.28299 0 1.65949 1.87673 0 -1.247 0 0 -19.4925 
5.171 1.987 0.1765 1.28487 0 1.65823 1.87673 0 -1.25681 0 0 -19.4925 
5.172 1.987 0.1765 1.28675 0 1.65697 1.87673 0 -1.26662 0 0 -19.4925 
5.173 1.987 0.1765 1.28862 0 1.65569 1.87673 0 -1.27643 0 0 -19.4925 
5.174 1.987 0.1765 1.2905 0 1.65441 1.87673 0 -1.28624 0 0 -19.4925 
5.175 1.987 0.1765 1.29238 0 1.65311 1.87673 0 -1.29605 0 0 -19.4925 
5.176 1.987 0.1765 1.29425 0 1.6518 1.87673 0 -1.30586 0 0 -19.4925 
5.177 1.987 0.1765 1.29613 0 1.65049 1.87673 0 -1.31567 0 0 -19.4925 
5.178 1.987 0.1765 1.29801 0 1.64916 1.87673 0 -1.32548 0 0 -19.4925 
5.179 1.987 0.1765 1.29988 0 1.64783 1.87673 0 -1.33529 0 0 -19.4925 
5.18 1.987 0.1765 1.30176 0 1.64648 1.87673 0 -1.3451 0 0 -19.4925 
5.181 1.987 0.1765 1.30364 0 1.64513 1.87673 0 -1.35491 0 0 -19.4925 
5.182 1.987 0.1765 1.30551 0 1.64376 1.87673 0 -1.36472 0 0 -19.4925 
5.183 1.987 0.1765 1.30739 0 1.64239 1.87673 0 -1.37453 0 0 -19.4925 
5.184 1.987 0.1765 1.30927 0 1.641 1.87673 0 -1.38434 0 0 -19.4925 
5.185 1.987 0.1765 1.31114 0 1.63961 1.87673 0 -1.39415 0 0 -19.4925 
5.186 1.987 0.1765 1.31302 0 1.63821 1.87673 0 -1.40396 0 0 -19.4925 
5.187 1.987 0.1765 1.3149 0 1.63679 1.87673 0 -1.41377 0 0 -19.4925 
5.188 1.987 0.1765 1.31677 0 1.63537 1.87673 0 -1.42358 0 0 -19.4925 
5.189 1.987 0.1765 1.31865 0 1.63393 1.87673 0 -1.43339 0 0 -19.4925 
5.19 1.987 0.1765 1.32053 0 1.63249 1.87673 0 -1.4432 0 0 -19.4925 
5.191 1.987 0.1765 1.32241 0 1.63104 1.87673 0 -1.45301 0 0 -19.4925 
5.192 1.987 0.1765 1.32428 0 1.62958 1.87673 0 -1.46282 0 0 -19.4925 
5.193 1.987 0.1765 1.32616 0 1.6281 1.87673 0 -1.47263 0 0 -19.4925 
5.194 1.987 0.1765 1.32804 0 1.62662 1.87673 0 -1.48244 0 0 -19.4925 
5.195 1.987 0.1765 1.32991 0 1.62513 1.87673 0 -1.49225 0 0 -19.4925 
5.196 1.987 0.1765 1.33179 0 1.62363 1.87673 0 -1.50206 0 0 -19.4925 
5.197 1.987 0.1765 1.33367 0 1.62211 1.87673 0 -1.51187 0 0 -19.4925 
5.198 1.987 0.1765 1.33554 0 1.62059 1.87673 0 -1.52168 0 0 -19.4925 
5.199 1.987 0.1765 1.33742 0 1.61906 1.87673 0 -1.53149 0 0 -19.4925 
5.2 1.987 0.1765 1.3393 0 1.61752 1.87673 0 -1.5413 0 0 -19.4925 
5.201 1.987 0.1765 1.34117 0 1.61597 1.87673 0 -1.55111 0 0 -19.4925 
5.202 1.987 0.1765 1.34305 0 1.61441 1.87673 0 -1.56092 0 0 -19.4925 
5.203 1.987 0.1765 1.34493 0 1.61284 1.87673 0 -1.57073 0 0 -19.4925 
5.204 1.987 0.1765 1.3468 0 1.61126 1.87673 0 -1.58054 0 0 -19.4925 
5.205 1.987 0.1765 1.34868 0 1.60967 1.87673 0 -1.59035 0 0 -19.4925 
5.206 1.987 0.1765 1.35056 0 1.60807 1.87673 0 -1.60016 0 0 -19.4925 
5.207 1.987 0.1765 1.35243 0 1.60646 1.87673 0 -1.60997 0 0 -19.4925 
5.208 1.987 0.1765 1.35431 0 1.60484 1.87673 0 -1.61978 0 0 -19.4925 
5.209 1.987 0.1765 1.35619 0 1.60321 1.87673 0 -1.62959 0 0 -19.4925 
5.21 1.987 0.1765 1.35806 0 1.60157 1.87673 0 -1.6394 0 0 -19.4925 
5.211 1.987 0.1765 1.35994 0 1.59992 1.87673 0 -1.64921 0 0 -19.4925 
5.212 1.987 0.1765 1.36182 0 1.59826 1.87673 0 -1.65902 0 0 -19.4925 
5.213 1.987 0.1765 1.36369 0 1.59659 1.87673 0 -1.66883 0 0 -19.4925 
5.214 1.987 0.1765 1.36557 0 1.59491 1.87673 0 -1.67864 0 0 -19.4925 
5.215 1.987 0.1765 1.36745 0 1.59322 1.87673 0 -1.68845 0 0 -19.4925 
5.216 1.987 0.1765 1.36932 0 1.59153 1.87673 0 -1.69826 0 0 -19.4925 
5.217 1.987 0.1765 1.3712 0 1.58982 1.87673 0 -1.70807 0 0 -19.4925 
5.218 1.987 0.1765 1.37308 0 1.5881 1.87673 0 -1.71788 0 0 -19.4925 
5.219 1.987 0.1765 1.37495 0 1.58637 1.87673 0 -1.72769 0 0 -19.4925 
5.22 1.987 0.1765 1.37683 0 1.58463 1.87673 0 -1.7375 0 0 -19.4925 
5.221 1.987 0.1765 1.37871 0 1.58289 1.87673 0 -1.74731 0 0 -19.4925 
5.222 1.987 0.1765 1.38058 0 1.58113 1.87673 0 -1.75712 0 0 -19.4925 
5.223 1.987 0.1765 1.38246 0 1.57936 1.87673 0 -1.76693 0 0 -19.4925 
5.224 1.987 0.1765 1.38434 0 1.57759 1.87673 0 -1.77674 0 0 -19.4925 
5.225 1.987 0.1765 1.38621 0 1.5758 1.87673 0 -1.78655 0 0 -19.4925 
5.226 1.987 0.1765 1.38809 0 1.574 1.87673 0 -1.79636 0 0 -19.4925 
5.227 1.987 0.1765 1.38997 0 1.5722 1.87673 0 -1.80617 0 0 -19.4925 
5.228 1.987 0.1765 1.39184 0 1.57038 1.87673 0 -1.81598 0 0 -19.4925 
5.229 1.987 0.1765 1.39372 0 1.56856 1.87673 0 -1.82579 0 0 -19.4925 
5.23 1.987 0.1765 1.3956 0 1.56672 1.87673 0 -1.8356 0 0 -19.4925 
5.231 1.987 0.1765 1.39747 0 1.56487 1.87673 0 -1.84541 0 0 -19.4925 
5.232 1.987 0.1765 1.39935 0 1.56302 1.87673 0 -1.85522 0 0 -19.4925 
5.233 1.987 0.1765 1.40123 0 1.56115 1.87673 0 -1.86503 0 0 -19.4925 
5.234 1.987 0.1765 1.4031 0 1.55928 1.87673 0 -1.87484 0 0 -19.4925 
5.235 1.987 0.1765 1.40498 0 1.55739 1.87673 0 -1.88465 0 0 -19.4925 
5.236 1.987 0.1765 1.40686 0 1.5555 1.87673 0 -1.89446 0 0 -19.4925 
5.237 1.987 0.1765 1.40873 0 1.5536 1.87673 0 -1.90427 0 0 -19.4925 
5.238 1.987 0.1765 1.41061 0 1.55168 1.87673 0 -1.91408 0 0 -19.4925 
5.239 1.987 0.1765 1.41249 0 1.54976 1.87673 0 -1.92389 0 0 -19.4925 
5.24 1.987 0.1765 1.41436 0 1.54782 1.87673 0 -1.9337 0 0 -19.4925 
5.241 1.987 0.1765 1.41624 0 1.54588 1.87673 0 -1.94351 0 0 -19.4925 
5.242 1.987 0.1765 1.41812 0 1.54393 1.87673 0 -1.95332 0 0 -19.4925 
5.243 1.987 0.1765 1.42 0 1.54196 1.87673 0 -1.96313 0 0 -19.4925 
5.244 1.987 0.1765 1.42187 0 1.53999 1.87673 0 -1.97294 0 0 -19.4925 
5.245 1.987 0.1765 1.42375 0 1.53801 1.87673 0 -1.98275 0 0 -19.4925 
5.246 1.987 0.1765 1.42563 0 1.53602 1.87673 0 -1.99256 0 0 -19.4925 
5.247 1.987 0.1765 1.4275 0 1.53401 1.87673 0 -2.00237 0 0 -19.4925 
5.248 1.987 0.1765 1.42938 0 1.532 1.87673 0 -2.01218 0 0 -19.4925 
5.249 1.987 0.1765 1.43126 0 1.52998 1.87673 0 -2.02199 0 0 -19.4925 
5.25 1.987 0.1765 1.43313 0 1.52795 1.87673 0 -2.0318 0 0 -19.4925 
5.251 1.987 0.1765 1.43501 0 1.52591 1.87673 0 -2.04161 0 0 -19.4925 
5.252 1.987 0.1765 1.43689 0 1.52385 1.87673 0 -2.05142 0 0 -19.4925 
5.253 1.987 0.1765 1.43876 0 1.52179 1.87673 0 -2.06123 0 0 -19.4925 
5.254 1.987 0.1765 1.44064 0 1.51972 1.87673 0 -2.07104 0 0 -19.4925 
5.255 1.987 0.1765 1.44252 0 1.51764 1.87673 0 -2.08085 0 0 -19.4925 
5.256 1.987 0.1765 1.44439 0 1.51555 1.87673 0 -2.09066 0 0 -19.4925 
5.257 1.987 0.1765 1.44627 0 1.51345 1.87673 0 -2.10047 0 0 -19.4925 
5.258 1.987 0.1765 1.44815 0 1.51134 1.87673 0 -2.11028 0 0 -19.4925 
5.259 1.987 0.1765 1.45002 0 1.50922 1.87673 0 -2.12009 0 0 -19.4925 
5.26 1.987 0.1765 1.4519 0 1.50709 1.87673 0 -2.1299 0 0 -19.4925 
5.261 1.987 0.1765 1.45378 0 1.50495 1.87673 0 -2.13971 0 0 -19.4925 
5.262 1.987 0.1765 1.45565 0 1.5028 1.87673 0 -2.14952 0 0 -19.4925 
5.263 1.987 0.1765 1.45753 0 1.50064 1.87673 0 -2.15933 0 0 -19.4925 
5.264 1.987 0.1765 1.45941 0 1.49847 1.87673 0 -2.16914 0 0 -19.4925 
5.265 1.987 0.1765 1.46128 0 1.49629 1.87673 0 -2.17895 0 0 -19.4925 
5.266 1.987 0.1765 1.46316 0 1.4941 1.87673 0 -2.18876 0 0 -19.4925 
5.267 1.987 0.1765 1.46504 0 1.49191 1.87673 0 -2.19857 0 0 -19.4925 
5.268 1.987 0.1765 1.46691 0 1.4897 1.87673 0 -2.20838 0 0 -19.4925 
5.269 1.987 0.1765 1.46879 0 1.48748 1.87673 0 -2.21819 0 0 -19.4925 
5.27 1.987 0.1765 1.47067 0 1.48525 1.87673 0 -2.228 0 0 -19.4925 
5.271 1.987 0.1765 1.47254 0 1.48301 1.87673 0 -2.23781 0 0 -19.4925 
5.272 1.987 0.1765 1.47442 0 1.48077 1.87673 0 -2.24762 0 0 -19.4925 
5.273 1.987 0.1765 1.4763 0 1.47851 1.87673 0 -2.25743 0 0 -19.4925 
5.274 1.987 0.1765 1.47817 0 1.47624 1.87673 0 -2.26724 0 0 -19.4925 
5.275 1.987 0.1765 1.48005 0 1.47396 1.87673 0 -2.27705 0 0 -19.4925 
5.276 1.987 0.1765 1.48193 0 1.47168 1.87673 0 -2.28686 0 0 -19.4925 
5.277 1.987 0.1765 1.4838 0 1.46938 1.87673 0 -2.29667 0 0 -19.4925 
5.278 1.987 0.1765 1.48568 0 1.46707 1.87673 0 -2.30648 0 0 -19.4925 
5.279 1.987 0.1765 1.48756 0 1.46476 1.87673 0 -2.31629 0 0 -19.4925 
5.28 1.987 0.1765 1.48943 0 1.46243 1.87673 0 -2.3261 0 0 -19.4925 
5.281 1.987 0.1765 1.49131 0 1.4601 1.87673 0 -2.33591 0 0 -19.4925 
5.282 1.987 0.1765 1.49319 0 1.45775 1.87673 0 -2.34572 0 0 -19.4925 
5.283 1.987 0.1765 1.49506 0 1.45539 1.87673 0 -2.35553 0 0 -19.4925 
5.284 1.987 0.1765 1.49694 0 1.45303 1.87673 0 -2.36534 0 0 -19.4925 
5.285 1.987 0.1765 1.49882 0 1.45065 1.87673 0 -2.37515 0 0 -19.4925 
5.286 1.987 0.1765 1.50069 0 1.44827 1.87673 0 -2.38496 0 0 -19.4925 
5.287 1.987 0.1765 1.50257 0 1.44587 1.87673 0 -2.39477 0 0 -19.4925 
5.288 1.987 0.1765 1.50445 0 1.44347 1.87673 0 -2.40458 0 0 -19.4925 
5.289 1.987 0.1765 1.50632 0 1.44106 1.87673 0 -2.41439 0 0 -19.4925 
5.29 1.987 0.1765 1.5082 0 1.43863 1.87673 0 -2.4242 0 0 -19.4925 
5.291 1.987 0.1765 1.51008 0 1.4362 1.87673 0 -2.43401 0 0 -19.4925 
5.292 1.987 0.1765 1.51196 0 1.43375 1.87673 0 -2.44382 0 0 -19.4925 
5.293 1.987 0.1765 1.51383 0 1.4313 1.87673 0 -2.45363 0 0 -19.4925 
5.294 1.987 0.1765 1.51571 0 1.42884 1.87673 0 -2.46344 0 0 -19.4925 
5.295 1.987 0.1765 1.51759 0 1.42636 1.87673 0 -2.47325 0 0 -19.4925 
5.296 1.987 0.1765 1.51946 0 1.42388 1.87673 0 -2.48306 0 0 -19.4925 
5.297 1.987 0.1765 1.52134 0 1.42139 1.87673 0 -2.49287 0 0 -19.4925 
5.298 1.987 0.1765 1.52322 0 1.41888 1.87673 0 -2.50268 0 0 -19.4925 
5.299 1.987 0.1765 1.52509 0 1.41637 1.87673 0 -2.51249 0 0 -19.4925 
5.3 1.987 0.1765 1.52697 0 1.41385 1.87673 0 -2.5223 0 0 -19.4925 
5.301 1.987 0.1765 1.52885 0 1.41132 1.87673 0 -2.53211 0 0 -19.4925 
5.302 1.987 0.1765 1.53072 0 1.40878 1.87673 0 -2.54192 0 0 -19.4925 
5.303 1.987 0.1765 1.5326 0 1.40622 1.87673 0 -2.55173 0 0 -19.4925 
5.304 1.987 0.1765 1.53448 0 1.40366 1.87673 0 -2.56154 0 0 -19.4925 
5.305 1.987 0.1765 1.53635 0 1.40109 1.87673 0 -2.57135 0 0 -19.4925 
5.306 1.987 0.1765 1.53823 0 1.39851 1.87673 0 -2.58116 0 0 -19.4925 
5.307 1.987 0.1765 1.54011 0 1.39592 1.87673 0 -2.59097 0 0 -19.4925 
5.308 1.987 0.1765 1.54198 0 1.39332 1.87673 0 -2.60078 0 0 -19.4925 
5.309 1.987 0.1765 1.54386 0 1.39071 1.87673 0 -2.61059 0 0 -19.4925 
5.31 1.987 0.1765 1.54574 0 1.38809 1.87673 0 -2.6204 0 0 -19.4925 
5.311 1.987 0.1765 1.54761 0 1.38546 1.87673 0 -2.63021 0 0 -19.4925 
5.312 1.987 0.1765 1.54949 0 1.38282 1.87673 0 -2.64002 0 0 -19.4925 
5.313 1.987 0.1765 1.55137 0 1.38017 1.87673 0 -2.64983 0 0 -19.4925 
5.314 1.987 0.1765 1.55324 0 1.37751 1.87673 0 -2.65964 0 0 -19.4925 
5.315 1.987 0.1765 1.55512 0 1.37484 1.87673 0 -2.66945 0 0 -19.4925 
5.316 1.987 0.1765 1.557 0 1.37216 1.87673 0 -2.67926 0 0 -19.4925 
5.317 1.987 0.1765 1.55887 0 1.36947 1.87673 0 -2.68907 0 0 -19.4925 
5.318 1.987 0.1765 1.56075 0 1.36677 1.87673 0 -2.69888 0 0 -19.4925 
5.319 1.987 0.1765 1.56263 0 1.36406 1.87673 0 -2.70869 0 0 -19.4925 
5.32 1.987 0.1765 1.5645 0 1.36134 1.87673 0 -2.7185 0 0 -19.4925 
5.321 1.987 0.1765 1.56638 0 1.35862 1.87673 0 -2.72831 0 0 -19.4925 
5.322 1.987 0.1765 1.56826 0 1.35588 1.87673 0 -2.73812 0 0 -19.4925 
5.323 1.987 0.1765 1.57013 0 1.35313 1.87673 0 -2.74793 0 0 -19.4925 
5.324 1.987 0.1765 1.57201 0 1.35037 1.87673 0 -2.75774 0 0 -19.4925 
5.325 1.987 0.1765 1.57389 0 1.3476 1.87673 0 -2.76755 0 0 -19.4925 
5.326 1.987 0.1765 1.57576 0 1.34483 1.87673 0 -2.77736 0 0 -19.4925 
5.327 1.987 0.1765 1.57764 0 1.34204 1.87673 0 -2.78717 0 0 -19.4925 
5.328 1.987 0.1765 1.57952 0 1.33924 1.87673 0 -2.79698 0 0 -19.4925 
5.329 1.987 0.1765 1.58139 0 1.33644 1.87673 0 -2.80679 0 0 -19.4925 
5.33 1.987 0.1765 1.58327 0 1.33362 1.87673 0 -2.8166 0 0 -19.4925 
5.331 1.987 0.1765 1.58515 0 1.33079 1.87673 0 -2.82641 0 0 -19.4925 
5.332 1.987 0.1765 1.58702 0 1.32796 1.87673 0 -2.83622 0 0 -19.4925 
5.333 1.987 0.1765 1.5889 0 1.32511 1.87673 0 -2.84603 0 0 -19.4925 
5.334 1.987 0.1765 1.59078 0 1.32226 1.87673 0 -2.85584 0 0 -19.4925 
5.335 1.987 0.1765 1.59265 0 1.31939 1.87673 0 -2.86565 0 0 -19.4925 
5.336 1.987 0.1765 1.59453 0 1.31651 1.87673 0 -2.87546 0 0 -19.4925 
5.337 1.987 0.1765 1.59641 0 1.31363 1.87673 0 -2.88527 0 0 -19.4925 
5.338 1.987 0.1765 1.59828 0 1.31073 1.87673 0 -2.89508 0 0 -19.4925 
5.339 1.987 0.1765 1.60016 0 1.30783 1.87673 0 -2.90489 0 0 -19.4925 
5.34 1.987 0.1765 1.60204 0 1.30491 1.87673 0 -2.9147 0 0 -19.4925 
5.341 1.987 0.1765 1.60391 0 1.30199 1.87673 0 -2.92451 0 0 -19.4925 
5.342 1.987 0.1765 1.60579 0 1.29906 1.87673 0 -2.93432 0 0 -19.4925 
5.343 1.987 0.1765 1.60767 0 1.29611 1.87673 0 -2.94413 0 0 -19.4925 
5.344 1.987 0.1765 1.60955 0 1.29316 1.87673 0 -2.95394 0 0 -19.4925 
5.345 1.987 0.1765 1.61142 0 1.29019 1.87673 0 -2.96375 0 0 -19.4925 
5.346 1.987 0.1765 1.6133 0 1.28722 1.87673 0 -2.97356 0 0 -19.4925 
5.347 1.987 0.1765 1.61518 0 1.28424 1.87673 0 -2.98337 0 0 -19.4925 
5.348 1.987 0.1765 1.61705 0 1.28124 1.87673 0 -2.99318 0 0 -19.4925 
5.349 1.987 0.1765 1.61893 0 1.27824 1.87673 0 -3.00299 0 0 -19.4925 
5.35 1.987 0.1765 1.62081 0 1.27523 1.87673 0 -3.0128 0 0 -19.4925 
5.351 1.987 0.1765 1.62268 0 1.2722 1.87673 0 -3.02261 0 0 -19.4925 
5.352 1.987 0.1765 1.62456 0 1.26917 1.87673 0 -3.03242 0 0 -19.4925 
5.353 1.987 0.1765 1.62644 0 1.26613 1.87673 0 -3.04223 0 0 -19.4925 
5.354 1.987 0.1765 1.62831 0 1.26308 1.87673 0 -3.05204 0 0 -19.4925 
5.355 1.987 0.1765 1.63019 0 1.26002 1.87673 0 -3.06185 0 0 -19.4925 
5.356 1.987 0.1765 1.63207 0 1.25694 1.87673 0 -3.07166 0 0 -19.4925 
5.357 1.987 0.1765 1.63394 0 1.25386 1.87673 0 -3.08147 0 0 -19.4925 
5.358 1.987 0.1765 1.63582 0 1.25077 1.87673 0 -3.09128 0 0 -19.4925 
5.359 1.987 0.1765 1.6377 0 1.24767 1.87673 0 -3.10109 0 0 -19.4925 
5.36 1.987 0.1765 1.63957 0 1.24456 1.87673 0 -3.1109 0 0 -19.4925 
5.361 1.987 0.1765 1.64145 0 1.24144 1.87673 0 -3.12071 0 0 -19.4925 
5.362 1.987 0.1765 1.64333 0 1.23831 1.87673 0 -3.13052 0 0 -19.4925 
5.363 1.987 0.1765 1.6452 0 1.23517 1.87673 0 -3.14033 0 0 -19.4925 
5.364 1.987 0.1765 1.64708 0 1.23202 1.87673 0 -3.15014 0 0 -19.4925 
5.365 1.987 0.1765 1.64896 0 1.22886 1.87673 0 -3.15995 0 0 -19.4925 
5.366 1.987 0.1765 1.65083 0 1.22569 1.87673 0 -3.16976 0 0 -19.4925 
5.367 1.987 0.1765 1.65271 0 1.22251 1.87673 0 -3.17957 0 0 -19.4925 
5.368 1.987 0.1765 1.65459 0 1.21932 1.87673 0 -3.18938 0 0 -19.4925 
5.369 1.987 0.1765 1.65646 0 1.21612 1.87673 0 -3.19919 0 0 -19.4925 
5.37 1.987 0.1765 1.65834 0 1.21291 1.87673 0 -3.209 0 0 -19.4925 
5.371 1.987 0.1765 1.66022 0 1.20969 1.87673 0 -3.21881 0 0 -19.4925 
5.372 1.987 0.1765 1.66209 0 1.20646 1.87673 0 -3.22862 0 0 -19.4925 
5.373 1.987 0.1765 1.66397 0 1.20323 1.87673 0 -3.23843 0 0 -19.4925 
5.374 1.987 0.1765 1.66585 0 1.19998 1.87673 0 -3.24824 0 0 -19.4925 
5.375 1.987 0.1765 1.66772 0 1.19672 1.87673 0 -3.25805 0 0 -19.4925 
5.376 1.987 0.1765 1.6696 0 1.19345 1.87673 0 -3.26786 0 0 -19.4925 
5.377 1.987 0.1765 1.67148 0 1.19017 1.87673 0 -3.27767 0 0 -19.4925 
5.378 1.987 0.1765 1.67335 0 1.18689 1.87673 0 -3.28748 0 0 -19.4925 
5.379 1.987 0.1765 1.67523 0 1.18359 1.87673 0 -3.29729 0 0 -19.4925 
5.38 1.987 0.1765 1.67711 0 1.18028 1.87673 0 -3.3071 0 0 -19.4925 
5.381 1.987 0.1765 1.67898 0 1.17697 1.87673 0 -3.31691 0 0 -19.4925 
5.382 1.987 0.1765 1.68086 0 1.17364 1.87673 0 -3.32672 0 0 -19.4925 
5.383 1.987 0.1765 1.68274 0 1.1703 1.87673 0 -3.33653 0 0 -19.4925 
5.384 1.987 0.1765 1.68461 0 1.16696 1.87673 0 -3.34634 0 0 -19.4925 
5.385 1.987 0.1765 1.68649 0 1.1636 1.87673 0 -3.35615 0 0 -19.4925 
5.386 1.987 0.1765 1.68837 0 1.16023 1.87673 0 -3.36596 0 0 -19.4925 
5.387 1.987 0.1765 1.69024 0 1.15686 1.87673 0 -3.37577 0 0 -19.4925 
5.388 1.987 0.1765 1.69212 0 1.15347 1.87673 0 -3.38558 0 0 -19.4925 
5.389 1.987 0.1765 1.694 0 1.15008 1.87673 0 -3.39539 0 0 -19.4925 
5.39 1.987 0.1765 1.69587 0 1.14667 1.87673 0 -3.4052 0 0 -19.4925 
5.391 1.987 0.1765 1.69775 0 1.14326 1.87673 0 -3.41501 0 0 -19.4925 
5.392 1.987 0.1765 1.69963 0 1.13983 1.87673 0 -3.42482 0 0 -19.4925 
5.393 1.987 0.1765 1.7015 0 1.1364 1.87673 0 -3.43463 0 0 -19.4925 
5.394 1.987 0.1765 1.70338 0 1.13295 1.87673 0 -3.44444 0 0 -19.4925 
5.395 1.987 0.1765 1.70526 0 1.1295 1.87673 0 -3.45425 0 0 -19.4925 
5.396 1.987 0.1765 1.70714 0 1.12603 1.87673 0 -3.46406 0 0 -19.4925 
5.397 1.987 0.1765 1.70901 0 1.12256 1.87673 0 -3.47387 0 0 -19.4925 
5.398 1.987 0.1765 1.71089 0 1.11908 1.87673 0 -3.48368 0 0 -19.4925 
5.399 1.987 0.1765 1.71277 0 1.11558 1.87673 0 -3.49349 0 0 -19.4925 
5.4 1.987 0.1765 1.71464 0 1.11208 1.87673 0 -3.5033 0 0 -19.4925 
5.401 1.987 0.1765 1.71652 0 1.10857 1.87673 0 -3.51311 0 0 -19.4925 
5.402 1.987 0.1765 1.7184 0 1.10504 1.87673 0 -3.52292 0 0 -19.4925 
5.403 1.987 0.1765 1.72027 0 1.10151 1.87673 0 -3.53273 0 0 -19.4925 
5.404 1.987 0.1765 1.72215 0 1.09797 1.87673 0 -3.54254 0 0 -19.4925 
5.405 1.987 0.1765 1.72403 0 1.09442 1.87673 0 -3.55235 0 0 -19.4925 
5.406 1.987 0.1765 1.7259 0 1.09085 1.87673 0 -3.56216 0 0 -19.4925 
5.407 1.987 0.1765 1.72778 0 1.08728 1.87673 0 -3.57197 0 0 -19.4925 
5.408 1.987 0.1765 1.72966 0 1.0837 1.87673 0 -3.58178 0 0 -19.4925 
5.409 1.987 0.1765 1.73153 0 1.08011 1.87673 0 -3.59159 0 0 -19.4925 
5.41 1.987 0.1765 1.73341 0 1.07651 1.87673 0 -3.6014 0 0 -19.4925 
5.411 1.987 0.1765 1.73529 0 1.0729 1.87673 0 -3.61121 0 0 -19.4925 
5.412 1.987 0.1765 1.73716 0 1.06928 1.87673 0 -3.62102 0 0 -19.4925 
5.413 1.987 0.1765 1.73904 0 1.06564 1.87673 0 -3.63083 0 0 -19.4925 
5.414 1.987 0.1765 1.74092 0 1.062 1.87673 0 -3.64064 0 0 -19.4925 
5.415 1.987 0.1765 1.74279 0 1.05835 1.87673 0 -3.65045 0 0 -19.4925 
5.416 1.987 0.1765 1.74467 0 1.05469 1.87673 0 -3.66026 0 0 -19.4925 
5.417 1.987 0.1765 1.74655 0 1.05102 1.87673 0 -3.67007 0 0 -19.4925 
5.418 1.987 0.1765 1.74842 0 1.04734 1.87673 0 -3.67988 0 0 -19.4925 
5.419 1.987 0.1765 1.7503 0 1.04365 1.87673 0 -3.68969 0 0 -19.4925 
5.42 1.987 0.1765 1.75218 0 1.03995 1.87673 0 -3.6995 0 0 -19.4925 
5.421 1.987 0.1765 1.75405 0 1.03624 1.87673 0 -3.70931 0 0 -19.4925 
5.422 1.987 0.1765 1.75593 0 1.03253 1.87673 0 -3.71912 0 0 -19.4925 
5.423 1.987 0.1765 1.75781 0 1.0288 1.87673 0 -3.72893 0 0 -19.4925 
5.424 1.987 0.1765 1.75968 0 1.02506 1.87673 0 -3.73874 0 0 -19.4925 
5.425 1.987 0.1765 1.76156 0 1.02131 1.87673 0 -3.74855 0 0 -19.4925 
5.426 1.987 0.1765 1.76344 0 1.01755 1.87673 0 -3.75836 0 0 -19.4925 
5.427 1.987 0.1765 1.76531 0 1.01378 1.87673 0 -3.76817 0 0 -19.4925 
5.428 1.987 0.1765 1.76719 0 1.01 1.87673 0 -3.77798 0 0 -19.4925 
5.429 1.987 0.1765 1.76907 0 1.00622 1.87673 0 -3.78779 0 0 -19.4925 
5.43 1.987 0.1765 1.77094 0 1.00242 1.87673 0 -3.7976 0 0 -19.4925 
5.431 1.987 0.1765 1.77282 0 0.998612 1.87673 0 -3.80741 0 0 -19.4925 
5.432 1.987 0.1765 1.7747 0 0.994795 1.87673 0 -3.81722 0 0 -19.4925 
5.433 1.987 0.1765 1.77657 0 0.990968 1.87673 0 -3.82703 0 0 -19.4925 
5.434 1.987 0.1765 1.77845 0 0.987131 1.87673 0 -3.83684 0 0 -19.4925 
5.435 1.987 0.1765 1.78033 0 0.983284 1.87673 0 -3.84665 0 0 -19.4925 
5.436 1.987 0.1765 1.7822 0 0.979428 1.87673 0 -3.85646 0 0 -19.4925 
5.437 1.987 0.1765 1.78408 0 0.975562 1.87673 0 -3.86627 0 0 -19.4925 
5.438 1.987 0.1765 1.78596 0 0.971686 1.87673 0 -3.87608 0 0 -19.4925 
5.439 1.987 0.1765 1.78783 0 0.9678 1.87673 0 -3.88589 0 0 -19.4925 
5.44 1.987 0.1765 1.78971 0 0.963904 1.87673 0 -3.8957 0 0 -19.4925 
5.441 1.987 0.1765 1.79159 0 0.959999 1.87673 0 -3.90551 0 0 -19.4925 
5.442 1.987 0.1765 1.79346 0 0.956083 1.87673 0 -3.91532 0 0 -19.4925 
5.443 1.987 0.1765 1.79534 0 0.952158 1.87673 0 -3.92513 0 0 -19.4925 
5.444 1.987 0.1765 1.79722 0 0.948223 1.87673 0 -3.93494 0 0 -19.4925 
5.445 1.987 0.1765 1.79909 0 0.944278 1.87673 0 -3.94475 0 0 -19.4925 
5.446 1.987 0.1765 1.80097 0 0.940324 1.87673 0 -3.95456 0 0 -19.4925 
5.447 1.987 0.1765 1.80285 0 0.936359 1.87673 0 -3.96437 0 0 -19.4925 
5.448 1.987 0.1765 1.80473 0 0.932385 1.87673 0 -3.97418 0 0 -19.4925 
5.449 1.987 0.1765 1.8066 0 0.928401 1.87673 0 -3.98399 0 0 -19.4925 
5.45 1.987 0.1765 1.80848 0 0.924408 1.87673 0 -3.9938 0 0 -19.4925 
5.451 1.987 0.1765 1.81036 0 0.920404 1.87673 0 -4.00361 0 0 -19.4925 
5.452 1.987 0.1765 1.81223 0 0.916391 1.87673 0 -4.01342 0 0 -19.4925 
5.453 1.987 0.1765 1.81411 0 0.912367 1.87673 0 -4.02323 0 0 -19.4925 
5.454 1.987 0.1765 1.81599 0 0.908334 1.87673 0 -4.03304 0 0 -19.4925 
5.455 1.987 0.1765 1.81786 0 0.904291 1.87673 0 -4.04285 0 0 -19.4925 
5.456 1.987 0.1765 1.81974 0 0.900239 1.87673 0 -4.05266 0 0 -19.4925 
5.457 1.987 0.1765 1.82162 0 0.896176 1.87673 0 -4.06247 0 0 -19.4925 
5.458 1.987 0.1765 1.82349 0 0.892104 1.87673 0 -4.07228 0 0 -19.4925 
5.459 1.987 0.1765 1.82537 0 0.888022 1.87673 0 -4.08209 0 0 -19.4925 
5.46 1.987 0.1765 1.82725 0 0.88393 1.87673 0 -4.0919 0 0 -19.4925 
5.461 1.987 0.1765 1.82912 0 0.879828 1.87673 0 -4.10171 0 0 -19.4925 
5.462 1.987 0.1765 1.831 0 0.875717 1.87673 0 -4.11152 0 0 -19.4925 
5.463 1.987 0.1765 1.83288 0 0.871595 1.87673 0 -4.12133 0 0 -19.4925 
5.464 1.987 0.1765 1.83475 0 0.867464 1.87673 0 -4.13114 0 0 -19.4925 
5.465 1.987 0.1765 1.83663 0 0.863323 1.87673 0 -4.14095 0 0 -19.4925 
5.466 1.987 0.1765 1.83851 0 0.859173 1.87673 0 -4.15076 0 0 -19.4925 
5.467 1.987 0.1765 1.84038 0 0.855012 1.87673 0 -4.16057 0 0 -19.4925 
5.468 1.987 0.1765 1.84226 0 0.850842 1.87673 0 -4.17038 0 0 -19.4925 
5.469 1.987 0.1765 1.84414 0 0.846662 1.87673 0 -4.18019 0 0 -19.4925 
5.47 1.987 0.1765 1.84601 0 0.842472 1.87673 0 -4.19 0 0 -19.4925 
5.471 1.987 0.1765 1.84789 0 0.838272 1.87673 0 -4.19981 0 0 -19.4925 
5.472 1.987 0.1765 1.84977 0 0.834062 1.87673 0 -4.20962 0 0 -19.4925 
5.473 1.987 0.1765 1.85164 0 0.829843 1.87673 0 -4.21943 0 0 -19.4925 
5.474 1.987 0.1765 1.85352 0 0.825613 1.87673 0 -4.22924 0 0 -19.4925 
5.475 1.987 0.1765 1.8554 0 0.821374 1.87673 0 -4.23905 0 0 -19.4925 
5.476 1.987 0.1765 1.85727 0 0.817126 1.87673 0 -4.24886 0 0 -19.4925 
5.477 1.987 0.1765 1.85915 0 0.812867 1.87673 0 -4.25867 0 0 -19.4925 
5.478 1.987 0.1765 1.86103 0 0.808598 1.87673 0 -4.26848 0 0 -19.4925 
5.479 1.987 0.1765 1.8629 0 0.80432 1.87673 0 -4.27829 0 0 -19.4925 
5.48 1.987 0.1765 1.86478 0 0.800032 1.87673 0 -4.2881 0 0 -19.4925 
5.481 1.987 0.1765 1.86666 0 0.795734 1.87673 0 -4.29791 0 0 -19.4925 
5.482 1.987 0.1765 1.86853 0 0.791426 1.87673 0 -4.30772 0 0 -19.4925 
5.483 1.987 0.1765 1.87041 0 0.787109 1.87673 0 -4.31753 0 0 -19.4925 
5.484 1.987 0.1765 1.87229 0 0.782782 1.87673 0 -4.32734 0 0 -19.4925 
5.485 1.987 0.1765 1.87416 0 0.778444 1.87673 0 -4.33715 0 0 -19.4925 
5.486 1.987 0.1765 1.87604 0 0.774097 1.87673 0 -4.34696 0 0 -19.4925 
5.487 1.987 0.1765 1.87792 0 0.769741 1.87673 0 -4.35677 0 0 -19.4925 
5.488 1.987 0.1765 1.87979 0 0.765374 1.87673 0 -4.36658 0 0 -19.4925 
5.489 1.987 0.1765 1.88167 0 0.760998 1.87673 0 -4.37639 0 0 -19.4925 
5.49 1.987 0.1765 1.88355 0 0.756612 1.87673 0 -4.3862 0 0 -19.4925 
5.491 1.987 0.1765 1.88542 0 0.752216 1.87673 0 -4.39601 0 0 -19.4925 
5.492 1.987 0.1765 1.8873 0 0.74781 1.87673 0 -4.40582 0 0 -19.4925 
5.493 1.987 0.1765 1.88918 0 0.743394 1.87673 0 -4.41563 0 0 -19.4925 
5.494 1.987 0.1765 1.89105 0 0.738969 1.87673 0 -4.42544 0 0 -19.4925 
5.495 1.987 0.1765 1.89293 0 0.734533 1.87673 0 -4.43525 0 0 -19.4925 
5.496 1.987 0.1765 1.89481 0 0.730088 1.87673 0 -4.44506 0 0 -19.4925 
5.497 1.987 0.1765 1.89668 0 0.725633 1.87673 0 -4.45487 0 0 -19.4925 
5.498 1.987 0.1765 1.89856 0 0.721169 1.87673 0 -4.46468 0 0 -19.4925 
5.499 1.987 0.1765 1.90044 0 0.716694 1.87673 0 -4.47449 0 0 -19.4925 
5.5 1.987 0.1765 1.90232 0 0.71221 1.87673 0 -4.4843 0 0 -19.4925 
5.501 1.987 0.1765 1.90419 0 0.707716 1.87673 0 -4.49411 0 0 -19.4925 
5.502 1.987 0.1765 1.90607 0 0.703212 1.87673 0 -4.50392 0 0 -19.4925 
5.503 1.987 0.1765 1.90795 0 0.698698 1.87673 0 -4.51373 0 0 -19.4925 
5.504 1.987 0.1765 1.90982 0 0.694175 1.87673 0 -4.52354 0 0 -19.4925 
5.505 1.987 0.1765 1.9117 0 0.689641 1.87673 0 -4.53335 0 0 -19.4925 
5.506 1.987 0.1765 1.91358 0 0.685098 1.87673 0 -4.54316 0 0 -19.4925 
5.507 1.987 0.1765 1.91545 0 0.680545 1.87673 0 -4.55297 0 0 -19.4925 
5.508 1.987 0.1765 1.91733 0 0.675982 1.87673 0 -4.56278 0 0 -19.4925 
5.509 1.987 0.1765 1.91921 0 0.67141 1.87673 0 -4.57259 0 0 -19.4925 
5.51 1.987 0.1765 1.92108 0 0.666828 1.87673 0 -4.5824 0 0 -19.4925 
5.511 1.987 0.1765 1.92296 0 0.662235 1.87673 0 -4.59221 0 0 -19.4925 
5.512 1.987 0.1765 1.92484 0 0.657633 1.87673 0 -4.60202 0 0 -19.4925 
5.513 1.987 0.1765 1.92671 0 0.653021 1.87673 0 -4.61183 0 0 -19.4925 
5.514 1.987 0.1765 1.92859 0 0.6484 1.87673 0 -4.62164 0 0 -19.4925 
5.515 1.987 0.1765 1.93047 0 0.643768 1.87673 0 -4.63145 0 0 -19.4925 
5.516 1.987 0.1765 1.93234 0 0.639127 1.87673 0 -4.64126 0 0 -19.4925 
5.517 1.987 0.1765 1.93422 0 0.634476 1.87673 0 -4.65107 0 0 -19.4925 
5.518 1.987 0.1765 1.9361 0 0.629815 1.87673 0 -4.66088 0 0 -19.4925 
5.519 1.987 0.1765 1.93797 0 0.625144 1.87673 0 -4.67069 0 0 -19.4925 
5.52 1.987 0.1765 1.93985 0 0.620464 1.87673 0 -4.6805 0 0 -19.4925 
5.521 1.987 0.1765 1.94173 0 0.615774 1.87673 0 -4.69031 0 0 -19.4925 
5.522 1.987 0.1765 1.9436 0 0.611074 1.87673 0 -4.70012 0 0 -19.4925 
5.523 1.987 0.1765 1.94548 0 0.606364 1.87673 0 -4.70993 0 0 -19.4925 
5.524 1.987 0.1765 1.94736 0 0.601644 1.87673 0 -4.71974 0 0 -19.4925 
5.525 1.987 0.1765 1.94923 0 0.596914 1.87673 0 -4.72955 0 0 -19.4925 
5.526 1.987 0.1765 1.95111 0 0.592175 1.87673 0 -4.73936 0 0 -19.4925 
5.527 1.987 0.1765 1.95299 0 0.587426 1.87673 0 -4.74917 0 0 -19.4925 
5.528 1.987 0.1765 1.95486 0 0.582667 1.87673 0 -4.75898 0 0 -19.4925 
5.529 1.987 0.1765 1.95674 0 0.577898 1.87673 0 -4.76879 0 0 -19.4925 
5.53 1.987 0.1765 1.95862 0 0.573119 1.87673 0 -4.7786 0 0 -19.4925 
5.531 1.987 0.1765 1.96049 0 0.568331 1.87673 0 -4.78841 0 0 -19.4925 
5.532 1.987 0.1765 1.96237 0 0.563533 1.87673 0 -4.79822 0 0 -19.4925 
5.533 1.987 0.1765 1.96425 0 0.558725 1.87673 0 -4.80803 0 0 -19.4925 
5.534 1.987 0.1765 1.96612 0 0.553907 1.87673 0 -4.81784 0 0 -19.4925 
5.535 1.987 0.1765 1.968 0 0.549079 1.87673 0 -4.82765 0 0 -19.4925 
5.536 1.987 0.1765 1.96988 0 0.544242 1.87673 0 -4.83746 0 0 -19.4925 
5.537 1.987 0.1765 1.97175 0 0.539395 1.87673 0 -4.84727 0 0 -19.4925 
5.538 1.987 0.1765 1.97363 0 0.534538 1.87673 0 -4.85708 0 0 -19.4925 
5.539 1.987 0.1765 1.97551 0 0.529671 1.87673 0 -4.86689 0 0 -19.4925 
5.54 1.987 0.1765 1.97738 0 0.524794 1.87673 0 -4.8767 0 0 -19.4925 
5.541 1.987 0.1765 1.97926 0 0.519907 1.87673 0 -4.88651 0 0 -19.4925 
5.542 1.987 0.1765 1.98114 0 0.515011 1.87673 0 -4.89632 0 0 -19.4925 
5.543 1.987 0.1765 1.98301 0 0.510105 1.87673 0 -4.90613 0 0 -19.4925 
5.544 1.987 0.1765 1.98489 0 0.505189 1.87673 0 -4.91594 0 0 -19.4925 
5.545 1.987 0.1765 1.98677 0 0.500263 1.87673 0 -4.92575 0 0 -19.4925 
5.546 1.987 0.1765 1.98864 0 0.495328 1.87673 0 -4.93556 0 0 -19.4925 
5.547 1.987 0.1765 1.99052 0 0.490382 1.87673 0 -4.94537 0 0 -19.4925 
5.548 1.987 0.1765 1.9924 0 0.485427 1.87673 0 -4.95518 0 0 -19.4925 
5.549 1.987 0.1765 1.99427 0 0.480462 1.87673 0 -4.96499 0 0 -19.4925 
5.55 1.987 0.1765 1.99615 0 0.475487 1.87673 0 -4.9748 0 0 -19.4925 
5.551 1.987 0.1765 1.99803 0 0.470503 1.87673 0 -4.98461 0 0 -19.4925 
5.552 1.987 0.1765 1.99991 0 0.465508 1.87673 0 -4.99442 0 0 -19.4925 
5.553 1.987 0.1765 2.00178 0 0.460504 1.87673 0 -5.00423 0 0 -19.4925 
5.554 1.987 0.1765 2.00366 0 0.45549 1.87673 0 -5.01404 0 0 -19.4925 
5.555 1.987 0.1765 2.00554 0 0.450466 1.87673 0 -5.02385 0 0 -19.4925 
5.556 1.987 0.1765 2.00741 0 0.445433 1.87673 0 -5.03366 0 0 -19.4925 
5.557 1.987 0.1765 2.00929 0 0.440389 1.87673 0 -5.04347 0 0 -19.4925 
5.558 1.987 0.1765 2.01117 0 0.435336 1.87673 0 -5.05328 0 0 -19.4925 
5.559 1.987 0.1765 2.01304 0 0.430273 1.87673 0 -5.06309 0 0 -19.4925 
5.56 1.987 0.1765 2.01492 0 0.4252 1.87673 0 -5.0729 0 0 -19.4925 
5.561 1.987 0.1765 2.0168 0 0.420117 1.87673 0 -5.08271 0 0 -19.4925 
5.562 1.987 0.1765 2.01867 0 0.415025 1.87673 0 -5.09252 0 0 -19.4925 
5.563 1.987 0.1765 2.02055 0 0.409922 1.87673 0 -5.10233 0 0 -19.4925 
5.564 1.987 0.1765 2.02243 0 0.40481 1.87673 0 -5.11214 0 0 -19.4925 
5.565 1.987 0.1765 2.0243 0 0.399688 1.87673 0 -5.12195 0 0 -19.4925 
5.566 1.987 0.1765 2.02618 0 0.394557 1.87673 0 -5.13176 0 0 -19.4925 
5.567 1.987 0.1765 2.02806 0 0.389415 1.87673 0 -5.14157 0 0 -19.4925 
5.568 1.987 0.1765 2.02993 0 0.384264 1.87673 0 -5.15138 0 0 -19.4925 
5.569 1.987 0.1765 2.03181 0 0.379102 1.87673 0 -5.16119 0 0 -19.4925 
5.57 1.987 0.1765 2.03369 0 0.373931 1.87673 0 -5.171 0 0 -19.4925 
5.571 1.987 0.1765 2.03556 0 0.368751 1.87673 0 -5.18081 0 0 -19.4925 
5.572 1.987 0.1765 2.03744 0 0.36356 1.87673 0 -5.19062 0 0 -19.4925 
5.573 1.987 0.1765 2.03932 0 0.35836 1.87673 0 -5.20043 0 0 -19.4925 
5.574 1.987 0.1765 2.04119 0 0.353149 1.87673 0 -5.21024 0 0 -19.4925 
5.575 1.987 0.1765 2.04307 0 0.347929 1.87673 0 -5.22005 0 0 -19.4925 
5.576 1.987 0.1765 2.04495 0 0.3427 1.87673 0 -5.22986 0 0 -19.4925 
5.577 1.987 0.1765 2.04682 0 0.33746 1.87673 0 -5.23967 0 0 -19.4925 
5.578 1.987 0.1765 2.0487 0 0.33221 1.87673 0 -5.24948 0 0 -19.4925 
5.579 1.987 0.1765 2.05058 0 0.326951 1.87673 0 -5.25929 0 0 -19.4925 
5.58 1.987 0.1765 2.05245 0 0.321682 1.87673 0 -5.2691 0 0 -19.4925 
5.581 1.987 0.1765 2.05433 0 0.316403 1.87673 0 -5.27891 0 0 -19.4925 
5.582 1.987 0.1765 2.05621 0 0.311114 1.87673 0 -5.28872 0 0 -19.4925 
5.583 1.987 0.1765 2.05808 0 0.305816 1.87673 0 -5.29853 0 0 -19.4925 
5.584 1.987 0.1765 2.05996 0 0.300508 1.87673 0 -5.30834 0 0 -19.4925 
5.585 1.987 0.1765 2.06184 0 0.295189 1.87673 0 -5.31815 0 0 -19.4925 
5.586 1.987 0.1765 2.06371 0 0.289861 1.87673 0 -5.32796 0 0 -19.4925 
5.587 1.987 0.1765 2.06559 0 0.284524 1.87673 0 -5.33777 0 0 -19.4925 
5.588 1.987 0.1765 2.06747 0 0.279176 1.87673 0 -5.34758 0 0 -19.4925 
5.589 1.987 0.1765 2.06934 0 0.273819 1.87673 0 -5.35739 0 0 -19.4925 
5.59 1.987 0.1765 2.07122 0 0.268451 1.87673 0 -5.3672 0 0 -19.4925 
5.591 1.987 0.1765 2.0731 0 0.263074 1.87673 0 -5.37701 0 0 -19.4925 
5.592 1.987 0.1765 2.07497 0 0.257688 1.87673 0 -5.38682 0 0 -19.4925 
5.593 1.987 0.1765 2.07685 0 0.252291 1.87673 0 -5.39663 0 0 -19.4925 
5.594 1.987 0.1765 2.07873 0 0.246885 1.87673 0 -5.40644 0 0 -19.4925 
5.595 1.987 0.1765 2.0806 0 0.241468 1.87673 0 -5.41625 0 0 -19.4925 
5.596 1.987 0.1765 2.08248 0 0.236042 1.87673 0 -5.42606 0 0 -19.4925 
5.597 1.987 0.1765 2.08436 0 0.230606 1.87673 0 -5.43587 0 0 -19.4925 
5.598 1.987 0.1765 2.08623 0 0.225161 1.87673 0 -5.44568 0 0 -19.4925 
5.599 1.987 0.1765 2.08811 0 0.219705 1.87673 0 -5.45549 0 0 -19.4925 
5.6 1.987 0.1765 2.08999 0 0.21424 1.87673 0 -5.4653 0 0 -19.4925 
5.601 1.987 0.1765 2.09186 0 0.208765 1.87673 0 -5.47511 0 0 -19.4925 
5.602 1.987 0.1765 2.09374 0 0.20328 1.87673 0 -5.48492 0 0 -19.4925 
5.603 1.987 0.1765 2.09562 0 0.197785 1.87673 0 -5.49473 0 0 -19.4925 
5.604 1.987 0.1765 2.0975 0 0.192281 1.87673 0 -5.50454 0 0 -19.4925 
5.605 1.987 0.1765 2.09937 0 0.186766 1.87673 0 -5.51435 0 0 -19.4925 
5.606 1.987 0.1765 2.10125 0 0.181242 1.87673 0 -5.52416 0 0 -19.4925 
5.607 1.987 0.1765 2.10313 0 0.175708 1.87673 0 -5.53397 0 0 -19.4925 
5.608 1.987 0.1765 2.105 0 0.170168 1.87673 0 -5.5405 0 0 -12.9758 
5.609 1.987 0.1765 2.10688 0 0.164644 1.87673 0 -5.52408 0 0 32.625 
5.61 1.987 0.1765 2.10876 0 0.159159 1.87673 0 -5.48478 0 0 78.0907 
5.611 1.987 0.1765 2.11063 0 0.153736 1.87673 0 -5.42276 0 0 123.233 
5.612 1.987 0.1765 2.11251 0 0.148398 1.87673 0 -5.33827 0 0 167.865 
5.613 1.987 0.1765 2.11439 0 0.143166 1.87673 0 -5.23168 0 0 211.801 
5.614 1.987 0.1765 2.11626 0 0.138063 1.87673 0 -5.10342 0 0 254.86 
5.615 1.987 0.1765 2.11814 0 0.133109 1.87673 0 -4.95401 0 0 296.864 
5.616 1.987 0.1765 2.12002 0 0.128325 1.87673 0 -4.78409 0 0 337.637 
5.617 1.987 0.1765 2.12189 0 0.12373 1.87673 0 -4.59435 0 0 377.013 
5.618 1.987 0.1765 2.12377 0 0.119345 1.87673 0 -4.38558 0 0 414.826 
5.619 1.987 0.1765 2.12565 0 0.115186 1.87673 0 -4.15865 0 0 450.922 
5.62 1.987 0.1765 2.12752 0 0.111272 1.87673 0 -3.91448 0 0 485.149 
5.621 1.987 0.1765 2.1294 0 0.107617 1.87673 0 -3.65411 0 0 517.367 
5.622 1.987 0.1765 2.13128 0 0.104239 1.87673 0 -3.3786 0 0 547.442 
5.623 1.987 0.1765 2.13315 0 0.10115 1.87673 0 -3.08909 0 0 575.25 
5.624 1.987 0.1765 2.13503 0 0.098363 1.87673 0 -2.78679 0 0 600.674 
5.625 1.987 0.1765 2.13691 0 0.0958901 1.87673 0 -2.47294 0 0 623.611 
5.626 1.987 0.1765 2.13878 0 0.0937412 1.87673 0 -2.14885 0 0 643.964 
5.627 1.987 0.1765 2.14066 0 0.0919253 1.87673 0 -1.81586 0 0 661.65 
5.628 1.987 0.1765 2.14254 0 0.09045 1.87673 0 -1.47535 0 0 676.596 
5.629 1.987 0.1765 2.14441 0 0.0893213 1.87673 0 -1.12873 0 0 688.738 
5.63 1.987 0.1765 2.14629 0 0.0885438 1.87673 0 -0.777433 0 0 698.028 
5.631 1.987 0.1765 2.14817 0 0.0881209 1.87673 0 -0.422915 0 0 704.427 
5.632 1.987 0.1765 2.15004 0 0.0880543 1.87673 0 -0.0666453 0 0 707.908 
5.633 1.987 0.1765 2.15192 0 0.0883442 1.87673 0 0.2899 0 0 708.456 
5.634 1.987 0.1765 2.1538 0 0.0889894 1.87673 0 0.645245 0 0 706.07 
5.635 1.987 0.1765 2.15567 0 0.0899873 1.87673 0 0.997918 0 0 700.76 
5.636 1.987 0.1765 2.15755 0 0.0913338 1.87673 0 1.34646 0 0 692.546 
5.637 1.987 0.1765 2.15943 0 0.0930232 1.87673 0 1.68942 0 0 681.464 
5.638 1.987 0.1765 2.1613 0 0.0950486 1.87673 0 2.02538 0 0 667.56 
5.639 1.987 0.1765 2.16318 0 0.0974015 1.87673 0 2.35296 0 0 650.89 
5.64 1.987 0.1765 2.16506 0 0.100072 1.87673 0 2.67078 0 0 631.524 
5.641 1.987 0.1765 2.16693 0 0.10305 1.87673 0 2.97755 0 0 609.542 
5.642 1.987 0.1765 2.16881 0 0.106322 1.87673 0 3.27198 0 0 585.036 
5.643 1.987 0.1765 2.17069 0 0.109875 1.87673 0 3.55286 0 0 558.106 
5.644 1.987 0.1765 2.17256 0 0.113694 1.87673 0 3.81902 0 0 528.864 
5.645 1.987 0.1765 2.17444 0 0.117763 1.87673 0 4.06936 0 0 497.432 
5.646 1.987 0.1765 2.17632 0 0.122066 1.87673 0 4.30285 0 0 463.939 
5.647 1.987 0.1765 2.17819 0 0.126584 1.87673 0 4.51852 0 0 428.525 
5.648 1.987 0.1765 2.18007 0 0.1313 1.87673 0 4.71546 0 0 391.335 
5.649 1.987 0.1765 2.18195 0 0.136193 1.87673 0 4.89288 0 0 352.525 
5.65 1.987 0.1765 2.18382 0 0.141243 1.87673 0 5.05003 0 0 312.254 
5.651 1.987 0.1765 2.1857 0 0.146429 1.87673 0 5.18626 0 0 270.69 
5.652 1.987 0.1765 2.18758 0 0.15173 1.87673 0 5.30101 0 0 228.005 
5.653 1.987 0.1765 2.18945 0 0.157124 1.87673 0 5.3938 0 0 184.375 
5.654 1.987 0.1765 2.19133 0 0.162588 1.87673 0 5.46425 0 0 139.982 
5.655 1.987 0.1765 2.19321 0 0.1681 1.87673 0 5.51206 0 0 95.0085 
5.656 1.987 0.1765 2.19509 0 0.173637 1.87673 0 5.53704 0 0 49.6418 
5.657 1.987 0.1765 2.19696 0 0.179176 1.87673 0 5.53909 0 0 4.06936 
5.658 1.987 0.1765 2.19884 0 0.184706 1.87673 0 5.52928 0 0 -19.4925 
5.659 1.987 0.1765 2.20072 0 0.190225 1.87673 0 5.51947 0 0 -19.4925 
5.66 1.987 0.1765 2.20259 0 0.195735 1.87673 0 5.50966 0 0 -19.4925 
5.661 1.987 0.1765 2.20447 0 0.201235 1.87673 0 5.49985 0 0 -19.4925 
5.662 1.987 0.1765 2.20635 0 0.206725 1.87673 0 5.49004 0 0 -19.4925 
5.663 1.987 0.1765 2.20822 0 0.212205 1.87673 0 5.48023 0 0 -19.4925 
5.664 1.987 0.1765 2.2101 0 0.217675 1.87673 0 5.47042 0 0 -19.4925 
5.665 1.987 0.1765 2.21198 0 0.223136 1.87673 0 5.46061 0 0 -19.4925 
5.666 1.987 0.1765 2.21385 0 0.228587 1.87673 0 5.4508 0 0 -19.4925 
5.667 1.987 0.1765 2.21573 0 0.234028 1.87673 0 5.44099 0 0 -19.4925 
5.668 1.987 0.1765 2.21761 0 0.239459 1.87673 0 5.43118 0 0 -19.4925 
5.669 1.987 0.1765 2.21948 0 0.24488 1.87673 0 5.42137 0 0 -19.4925 
5.67 1.987 0.1765 2.22136 0 0.250292 1.87673 0 5.41156 0 0 -19.4925 
5.671 1.987 0.1765 2.22324 0 0.255694 1.87673 0 5.40175 0 0 -19.4925 
5.672 1.987 0.1765 2.22511 0 0.261086 1.87673 0 5.39194 0 0 -19.4925 
5.673 1.987 0.1765 2.22699 0 0.266468 1.87673 0 5.38213 0 0 -19.4925 
5.674 1.987 0.1765 2.22887 0 0.27184 1.87673 0 5.37232 0 0 -19.4925 
5.675 1.987 0.1765 2.23074 0 0.277202 1.87673 0 5.36251 0 0 -19.4925 
5.676 1.987 0.1765 2.23262 0 0.282555 1.87673 0 5.3527 0 0 -19.4925 
5.677 1.987 0.1765 2.2345 0 0.287898 1.87673 0 5.34289 0 0 -19.4925 
5.678 1.987 0.1765 2.23637 0 0.293231 1.87673 0 5.33308 0 0 -19.4925 
5.679 1.987 0.1765 2.23825 0 0.298554 1.87673 0 5.32327 0 0 -19.4925 
5.68 1.987 0.1765 2.24013 0 0.303868 1.87673 0 5.31346 0 0 -19.4925 
5.681 1.987 0.1765 2.242 0 0.309172 1.87673 0 5.30365 0 0 -19.4925 
5.682 1.987 0.1765 2.24388 0 0.314465 1.87673 0 5.29384 0 0 -19.4925 
5.683 1.987 0.1765 2.24576 0 0.319749 1.87673 0 5.28403 0 0 -19.4925 
5.684 1.987 0.1765 2.24763 0 0.325024 1.87673 0 5.27422 0 0 -19.4925 
5.685 1.987 0.1765 2.24951 0 0.330288 1.87673 0 5.26441 0 0 -19.4925 
5.686 1.987 0.1765 2.25139 0 0.335543 1.87673 0 5.2546 0 0 -19.4925 
5.687 1.987 0.1765 2.25326 0 0.340787 1.87673 0 5.24479 0 0 -19.4925 
5.688 1.987 0.1765 2.25514 0 0.346022 1.87673 0 5.23498 0 0 -19.4925 
5.689 1.987 0.1765 2.25702 0 0.351248 1.87673 0 5.22517 0 0 -19.4925 
5.69 1.987 0.1765 2.25889 0 0.356463 1.87673 0 5.21536 0 0 -19.4925 
5.691 1.987 0.1765 2.26077 0 0.361669 1.87673 0 5.20555 0 0 -19.4925 
5.692 1.987 0.1765 2.26265 0 0.366864 1.87673 0 5.19574 0 0 -19.4925 
5.693 1.987 0.1765 2.26452 0 0.37205 1.87673 0 5.18593 0 0 -19.4925 
5.694 1.987 0.1765 2.2664 0 0.377226 1.87673 0 5.17612 0 0 -19.4925 
5.695 1.987 0.1765 2.26828 0 0.382393 1.87673 0 5.16631 0 0 -19.4925 
5.696 1.987 0.1765 2.27015 0 0.387549 1.87673 0 5.1565 0 0 -19.4925 
5.697 1.987 0.1765 2.27203 0 0.392696 1.87673 0 5.14669 0 0 -19.4925 
5.698 1.987 0.1765 2.27391 0 0.397833 1.87673 0 5.13688 0 0 -19.4925 
5.699 1.987 0.1765 2.27578 0 0.40296 1.87673 0 5.12707 0 0 -19.4925 
5.7 1.987 0.1765 2.27766 0 0.408077 1.87673 0 5.11726 0 0 -19.4925 
5.701 1.987 0.1765 2.27954 0 0.413184 1.87673 0 5.10745 0 0 -19.4925 
5.702 1.987 0.1765 2.28141 0 0.418282 1.87673 0 5.09764 0 0 -19.4925 
5.703 1.987 0.1765 2.28329 0 0.42337 1.87673 0 5.08783 0 0 -19.4925 
5.704 1.987 0.1765 2.28517 0 0.428448 1.87673 0 5.07802 0 0 -19.4925 
5.705 1.987 0.1765 2.28704 0 0.433516 1.87673 0 5.06821 0 0 -19.4925 
5.706 1.987 0.1765 2.28892 0 0.438575 1.87673 0 5.0584 0 0 -19.4925 
5.707 1.987 0.1765 2.2908 0 0.443623 1.87673 0 5.04859 0 0 -19.4925 
5.708 1.987 0.1765 2.29268 0 0.448662 1.87673 0 5.03878 0 0 -19.4925 
5.709 1.987 0.1765 2.29455 0 0.453691 1.87673 0 5.02897 0 0 -19.4925 
5.71 1.987 0.1765 2.29643 0 0.45871 1.87673 0 5.01916 0 0 -19.4925 
5.711 1.987 0.1765 2.29831 0 0.463719 1.87673 0 5.00935 0 0 -19.4925 
5.712 1.987 0.1765 2.30018 0 0.468719 1.87673 0 4.99954 0 0 -19.4925 
5.713 1.987 0.1765 2.30206 0 0.473709 1.87673 0 4.98973 0 0 -19.4925 
5.714 1.987 0.1765 2.30394 0 0.478689 1.87673 0 4.97992 0 0 -19.4925 
5.715 1.987 0.1765 2.30581 0 0.483659 1.87673 0 4.97011 0 0 -19.4925 
5.716 1.987 0.1765 2.30769 0 0.488619 1.87673 0 4.9603 0 0 -19.4925 
5.717 1.987 0.1765 2.30957 0 0.49357 1.87673 0 4.95049 0 0 -19.4925 
5.718 1.987 0.1765 2.31144 0 0.49851 1.87673 0 4.94068 0 0 -19.4925 
5.719 1.987 0.1765 2.31332 0 0.503441 1.87673 0 4.93087 0 0 -19.4925 
5.72 1.987 0.1765 2.3152 0 0.508362 1.87673 0 4.92106 0 0 -19.4925 
5.721 1.987 0.1765 2.31707 0 0.513273 1.87673 0 4.91125 0 0 -19.4925 
5.722 1.987 0.1765 2.31895 0 0.518175 1.87673 0 4.90144 0 0 -19.4925 
5.723 1.987 0.1765 2.32083 0 0.523066 1.87673 0 4.89163 0 0 -19.4925 
5.724 1.987 0.1765 2.3227 0 0.527948 1.87673 0 4.88182 0 0 -19.4925 
5.725 1.987 0.1765 2.32458 0 0.53282 1.87673 0 4.87201 0 0 -19.4925 
5.726 1.987 0.1765 2.32646 0 0.537683 1.87673 0 4.8622 0 0 -19.4925 
5.727 1.987 0.1765 2.32833 0 0.542535 1.87673 0 4.85239 0 0 -19.4925 
5.728 1.987 0.1765 2.33021 0 0.547377 1.87673 0 4.84258 0 0 -19.4925 
5.729 1.987 0.1765 2.33209 0 0.55221 1.87673 0 4.83277 0 0 -19.4925 
5.73 1.987 0.1765 2.33396 0 0.557033 1.87673 0 4.82296 0 0 -19.4925 
5.731 1.987 0.1765 2.33584 0 0.561846 1.87673 0 4.81315 0 0 -19.4925 
5.732 1.987 0.1765 2.33772 0 0.56665 1.87673 0 4.80334 0 0 -19.4925 
5.733 1.987 0.1765 2.33959 0 0.571443 1.87673 0 4.79353 0 0 -19.4925 
5.734 1.987 0.1765 2.34147 0 0.576227 1.87673 0 4.78372 0 0 -19.4925 
5.735 1.987 0.1765 2.34335 0 0.581001 1.87673 0 4.77391 0 0 -19.4925 
5.736 1.987 0.1765 2.34522 0 0.585765 1.87673 0 4.7641 0 0 -19.4925 
5.737 1.987 0.1765 2.3471 0 0.590519 1.87673 0 4.75429 0 0 -19.4925 
5.738 1.987 0.1765 2.34898 0 0.595264 1.87673 0 4.74448 0 0 -19.4925 
5.739 1.987 0.1765 2.35085 0 0.599998 1.87673 0 4.73467 0 0 -19.4925 
5.74 1.987 0.1765 2.35273 0 0.604723 1.87673 0 4.72486 0 0 -19.4925 
5.741 1.987 0.1765 2.35461 0 0.609438 1.87673 0 4.71505 0 0 -19.4925 
5.742 1.987 0.1765 2.35648 0 0.614144 1.87673 0 4.70524 0 0 -19.4925 
5.743 1.987 0.1765 2.35836 0 0.618839 1.87673 0 4.69543 0 0 -19.4925 
5.744 1.987 0.1765 2.36024 0 0.623525 1.87673 0 4.68562 0 0 -19.4925 
5.745 1.987 0.1765 2.36211 0 0.6282 1.87673 0 4.67581 0 0 -19.4925 
5.746 1.987 0.1765 2.36399 0 0.632866 1.87673 0 4.666 0 0 -19.4925 
5.747 1.987 0.1765 2.36587 0 0.637523 1.87673 0 4.65619 0 0 -19.4925 
5.748 1.987 0.1765 2.36774 0 0.642169 1.87673 0 4.64638 0 0 -19.4925 
5.749 1.987 0.1765 2.36962 0 0.646806 1.87673 0 4.63657 0 0 -19.4925 
5.75 1.987 0.1765 2.3715 0 0.651432 1.87673 0 4.62676 0 0 -19.4925 
5.751 1.987 0.1765 2.37337 0 0.656049 1.87673 0 4.61695 0 0 -19.4925 
5.752 1.987 0.1765 2.37525 0 0.660656 1.87673 0 4.60714 0 0 -19.4925 
5.753 1.987 0.1765 2.37713 0 0.665254 1.87673 0 4.59733 0 0 -19.4925 
5.754 1.987 0.1765 2.379 0 0.669841 1.87673 0 4.58752 0 0 -19.4925 
5.755 1.987 0.1765 2.38088 0 0.674419 1.87673 0 4.57771 0 0 -19.4925 
5.756 1.987 0.1765 2.38276 0 0.678987 1.87673 0 4.5679 0 0 -19.4925 
5.757 1.987 0.1765 2.38463 0 0.683545 1.87673 0 4.55809 0 0 -19.4925 
5.758 1.987 0.1765 2.38651 0 0.688093 1.87673 0 4.54828 0 0 -19.4925 
5.759 1.987 0.1765 2.38839 0 0.692632 1.87673 0 4.53847 0 0 -19.4925 
5.76 1.987 0.1765 2.39027 0 0.69716 1.87673 0 4.52866 0 0 -19.4925 
5.761 1.987 0.1765 2.39214 0 0.701679 1.87673 0 4.51885 0 0 -19.4925 
5.762 1.987 0.1765 2.39402 0 0.706188 1.87673 0 4.50904 0 0 -19.4925 
5.763 1.987 0.1765 2.3959 0 0.710688 1.87673 0 4.49923 0 0 -19.4925 
5.764 1.987 0.1765 2.39777 0 0.715177 1.87673 0 4.48942 0 0 -19.4925 
5.765 1.987 0.1765 2.39965 0 0.719657 1.87673 0 4.47961 0 0 -19.4925 
5.766 1.987 0.1765 2.40153 0 0.724126 1.87673 0 4.4698 0 0 -19.4925 
5.767 1.987 0.1765 2.4034 0 0.728586 1.87673 0 4.45999 0 0 -19.4925 
5.768 1.987 0.1765 2.40528 0 0.733037 1.87673 0 4.45018 0 0 -19.4925 
5.769 1.987 0.1765 2.40716 0 0.737477 1.87673 0 4.44037 0 0 -19.4925 
5.77 1.987 0.1765 2.40903 0 0.741907 1.87673 0 4.43056 0 0 -19.4925 
5.771 1.987 0.1765 2.41091 0 0.746328 1.87673 0 4.42075 0 0 -19.4925 
5.772 1.987 0.1765 2.41279 0 0.750739 1.87673 0 4.41094 0 0 -19.4925 
5.773 1.987 0.1765 2.41466 0 0.75514 1.87673 0 4.40113 0 0 -19.4925 
5.774 1.987 0.1765 2.41654 0 0.759532 1.87673 0 4.39132 0 0 -19.4925 
5.775 1.987 0.1765 2.41842 0 0.763913 1.87673 0 4.38151 0 0 -19.4925 
5.776 1.987 0.1765 2.42029 0 0.768285 1.87673 0 4.3717 0 0 -19.4925 
5.777 1.987 0.1765 2.42217 0 0.772647 1.87673 0 4.36189 0 0 -19.4925 
5.778 1.987 0.1765 2.42405 0 0.776999 1.87673 0 4.35208 0 0 -19.4925 
5.779 1.987 0.1765 2.42592 0 0.781341 1.87673 0 4.34227 0 0 -19.4925 
5.78 1.987 0.1765 2.4278 0 0.785674 1.87673 0 4.33246 0 0 -19.4925 
5.781 1.987 0.1765 2.42968 0 0.789996 1.87673 0 4.32265 0 0 -19.4925 
5.782 1.987 0.1765 2.43155 0 0.794309 1.87673 0 4.31284 0 0 -19.4925 
5.783 1.987 0.1765 2.43343 0 0.798612 1.87673 0 4.30303 0 0 -19.4925 
5.784 1.987 0.1765 2.43531 0 0.802905 1.87673 0 4.29322 0 0 -19.4925 
5.785 1.987 0.1765 2.43718 0 0.807189 1.87673 0 4.28341 0 0 -19.4925 
5.786 1.987 0.1765 2.43906 0 0.811462 1.87673 0 4.2736 0 0 -19.4925 
5.787 1.987 0.1765 2.44094 0 0.815726 1.87673 0 4.26379 0 0 -19.4925 
5.788 1.987 0.1765 2.44281 0 0.81998 1.87673 0 4.25398 0 0 -19.4925 
5.789 1.987 0.1765 2.44469 0 0.824224 1.87673 0 4.24417 0 0 -19.4925 
5.79 1.987 0.1765 2.44657 0 0.828459 1.87673 0 4.23436 0 0 -19.4925 
5.791 1.987 0.1765 2.44844 0 0.832683 1.87673 0 4.22455 0 0 -19.4925 
5.792 1.987 0.1765 2.45032 0 0.836898 1.87673 0 4.21474 0 0 -19.4925 
5.793 1.987 0.1765 2.4522 0 0.841103 1.87673 0 4.20493 0 0 -19.4925 
5.794 1.987 0.1765 2.45407 0 0.845298 1.87673 0 4.19512 0 0 -19.4925 
5.795 1.987 0.1765 2.45595 0 0.849483 1.87673 0 4.18531 0 0 -19.4925 
5.796 1.987 0.1765 2.45783 0 0.853659 1.87673 0 4.1755 0 0 -19.4925 
5.797 1.987 0.1765 2.4597 0 0.857824 1.87673 0 4.16569 0 0 -19.4925 
5.798 1.987 0.1765 2.46158 0 0.86198 1.87673 0 4.15588 0 0 -19.4925 
5.799 1.987 0.1765 2.46346 0 0.866126 1.87673 0 4.14607 0 0 -19.4925 
5.8 1.987 0.1765 2.46533 0 0.870263 1.87673 0 4.13626 0 0 -19.4925 
5.801 1.987 0.1765 2.46721 0 0.874389 1.87673 0 4.12645 0 0 -19.4925 
5.802 1.987 0.1765 2.46909 0 0.878506 1.87673 0 4.11664 0 0 -19.4925 
5.803 1.987 0.1765 2.47096 0 0.882613 1.87673 0 4.10683 0 0 -19.4925 
5.804 1.987 0.1765 2.47284 0 0.88671 1.87673 0 4.09702 0 0 -19.4925 
5.805 1.987 0.1765 2.47472 0 0.890797 1.87673 0 4.08721 0 0 -19.4925 
5.806 1.987 0.1765 2.47659 0 0.894874 1.87673 0 4.0774 0 0 -19.4925 
5.807 1.987 0.1765 2.47847 0 0.898942 1.87673 0 4.06759 0 0 -19.4925 
5.808 1.987 0.1765 2.48035 0 0.903 1.87673 0 4.05778 0 0 -19.4925 
5.809 1.987 0.1765 2.48222 0 0.907048 1.87673 0 4.04797 0 0 -19.4925 
5.81 1.987 0.1765 2.4841 0 0.911086 1.87673 0 4.03816 0 0 -19.4925 
5.811 1.987 0.1765 2.48598 0 0.915114 1.87673 0 4.02835 0 0 -19.4925 
5.812 1.987 0.1765 2.48786 0 0.919133 1.87673 0 4.01854 0 0 -19.4925 
5.813 1.987 0.1765 2.48973 0 0.923141 1.87673 0 4.00873 0 0 -19.4925 
5.814 1.987 0.1765 2.49161 0 0.92714 1.87673 0 3.99892 0 0 -19.4925 
5.815 1.987 0.1765 2.49349 0 0.931129 1.87673 0 3.98911 0 0 -19.4925 
5.816 1.987 0.1765 2.49536 0 0.935109 1.87673 0 3.9793 0 0 -19.4925 
5.817 1.987 0.1765 2.49724 0 0.939078 1.87673 0 3.96949 0 0 -19.4925 
5.818 1.987 0.1765 2.49912 0 0.943038 1.87673 0 3.95968 0 0 -19.4925 
5.819 1.987 0.1765 2.50099 0 0.946988 1.87673 0 3.94987 0 0 -19.4925 
5.82 1.987 0.1765 2.50287 0 0.950928 1.87673 0 3.94006 0 0 -19.4925 
5.821 1.987 0.1765 2.50475 0 0.954858 1.87673 0 3.93025 0 0 -19.4925 
5.822 1.987 0.1765 2.50662 0 0.958779 1.87673 0 3.92044 0 0 -19.4925 
5.823 1.987 0.1765 2.5085 0 0.962689 1.87673 0 3.91063 0 0 -19.4925 
5.824 1.987 0.1765 2.51038 0 0.96659 1.87673 0 3.90082 0 0 -19.4925 
5.825 1.987 0.1765 2.51225 0 0.970481 1.87673 0 3.89101 0 0 -19.4925 
5.826 1.987 0.1765 2.51413 0 0.974362 1.87673 0 3.8812 0 0 -19.4925 
5.827 1.987 0.1765 2.51601 0 0.978234 1.87673 0 3.87139 0 0 -19.4925 
5.828 1.987 0.1765 2.51788 0 0.982095 1.87673 0 3.86158 0 0 -19.4925 
5.829 1.987 0.1765 2.51976 0 0.985947 1.87673 0 3.85177 0 0 -19.4925 
5.83 1.987 0.1765 2.52164 0 0.989789 1.87673 0 3.84196 0 0 -19.4925 
5.831 1.987 0.1765 2.52351 0 0.993621 1.87673 0 3.83215 0 0 -19.4925 
5.832 1.987 0.1765 2.52539 0 0.997443 1.87673 0 3.82234 0 0 -19.4925 
5.833 1.987 0.1765 2.52727 0 1.00126 1.87673 0 3.81253 0 0 -19.4925 
5.834 1.987 0.1765 2.52914 0 1.00506 1.87673 0 3.80272 0 0 -19.4925 
5.835 1.987 0.1765 2.53102 0 1.00885 1.87673 0 3.79291 0 0 -19.4925 
5.836 1.987 0.1765 2.5329 0 1.01263 1.87673 0 3.7831 0 0 -19.4925 
5.837 1.987 0.1765 2.53477 0 1.01641 1.87673 0 3.77329 0 0 -19.4925 
5.838 1.987 0.1765 2.53665 0 1.02017 1.87673 0 3.76348 0 0 -19.4925 
5.839 1.987 0.1765 2.53853 0 1.02393 1.87673 0 3.75367 0 0 -19.4925 
5.84 1.987 0.1765 2.5404 0 1.02767 1.87673 0 3.74386 0 0 -19.4925 
5.841 1.987 0.1765 2.54228 0 1.0314 1.87673 0 3.73405 0 0 -19.4925 
5.842 1.987 0.1765 2.54416 0 1.03513 1.87673 0 3.72424 0 0 -19.4925 
5.843 1.987 0.1765 2.54603 0 1.03884 1.87673 0 3.71443 0 0 -19.4925 
5.844 1.987 0.1765 2.54791 0 1.04255 1.87673 0 3.70462 0 0 -19.4925 
5.845 1.987 0.1765 2.54979 0 1.04624 1.87673 0 3.69481 0 0 -19.4925 
5.846 1.987 0.1765 2.55166 0 1.04993 1.87673 0 3.685 0 0 -19.4925 
5.847 1.987 0.1765 2.55354 0 1.0536 1.87673 0 3.67519 0 0 -19.4925 
5.848 1.987 0.1765 2.55542 0 1.05727 1.87673 0 3.66538 0 0 -19.4925 
5.849 1.987 0.1765 2.55729 0 1.06092 1.87673 0 3.65557 0 0 -19.4925 
5.85 1.987 0.1765 2.55917 0 1.06457 1.87673 0 3.64576 0 0 -19.4925 
5.851 1.987 0.1765 2.56105 0 1.0682 1.87673 0 3.63595 0 0 -19.4925 
5.852 1.987 0.1765 2.56292 0 1.07183 1.87673 0 3.62614 0 0 -19.4925 
5.853 1.987 0.1765 2.5648 0 1.07545 1.87673 0 3.61633 0 0 -19.4925 
5.854 1.987 0.1765 2.56668 0 1.07905 1.87673 0 3.60652 0 0 -19.4925 
5.855 1.987 0.1765 2.56855 0 1.08265 1.87673 0 3.59671 0 0 -19.4925 
5.856 1.987 0.1765 2.57043 0 1.08624 1.87673 0 3.5869 0 0 -19.4925 
5.857 1.987 0.1765 2.57231 0 1.08981 1.87673 0 3.57709 0 0 -19.4925 
5.858 1.987 0.1765 2.57418 0 1.09338 1.87673 0 3.56728 0 0 -19.4925 
5.859 1.987 0.1765 2.57606 0 1.09694 1.87673 0 3.55747 0 0 -19.4925 
5.86 1.987 0.1765 2.57794 0 1.10049 1.87673 0 3.54766 0 0 -19.4925 
5.861 1.987 0.1765 2.57982 0 1.10402 1.87673 0 3.53785 0 0 -19.4925 
5.862 1.987 0.1765 2.58169 0 1.10755 1.87673 0 3.52804 0 0 -19.4925 
5.863 1.987 0.1765 2.58357 0 1.11107 1.87673 0 3.51823 0 0 -19.4925 
5.864 1.987 0.1765 2.58545 0 1.11458 1.87673 0 3.50842 0 0 -19.4925 
5.865 1.987 0.1765 2.58732 0 1.11808 1.87673 0 3.49861 0 0 -19.4925 
5.866 1.987 0.1765 2.5892 0 1.12157 1.87673 0 3.4888 0 0 -19.4925 
5.867 1.987 0.1765 2.59108 0 1.12505 1.87673 0 3.47899 0 0 -19.4925 
5.868 1.987 0.1765 2.59295 0 1.12851 1.87673 0 3.46918 0 0 -19.4925 
5.869 1.987 0.1765 2.59483 0 1.13197 1.87673 0 3.45937 0 0 -19.4925 
5.87 1.987 0.1765 2.59671 0 1.13542 1.87673 0 3.44956 0 0 -19.4925 
5.871 1.987 0.1765 2.59858 0 1.13886 1.87673 0 3.43975 0 0 -19.4925 
5.872 1.987 0.1765 2.60046 0 1.14229 1.87673 0 3.42994 0 0 -19.4925 
5.873 1.987 0.1765 2.60234 0 1.14571 1.87673 0 3.42013 0 0 -19.4925 
5.874 1.987 0.1765 2.60421 0 1.14912 1.87673 0 3.41032 0 0 -19.4925 
5.875 1.987 0.1765 2.60609 0 1.15252 1.87673 0 3.40051 0 0 -19.4925 
5.876 1.987 0.1765 2.60797 0 1.15591 1.87673 0 3.3907 0 0 -19.4925 
5.877 1.987 0.1765 2.60984 0 1.1593 1.87673 0 3.38089 0 0 -19.4925 
5.878 1.987 0.1765 2.61172 0 1.16267 1.87673 0 3.37108 0 0 -19.4925 
5.879 1.987 0.1765 2.6136 0 1.16603 1.87673 0 3.36127 0 0 -19.4925 
5.88 1.987 0.1765 2.61547 0 1.16938 1.87673 0 3.35146 0 0 -19.4925 
5.881 1.987 0.1765 2.61735 0 1.17272 1.87673 0 3.34165 0 0 -19.4925 
5.882 1.987 0.1765 2.61923 0 1.17605 1.87673 0 3.33184 0 0 -19.4925 
5.883 1.987 0.1765 2.6211 0 1.17937 1.87673 0 3.32203 0 0 -19.4925 
5.884 1.987 0.1765 2.62298 0 1.18269 1.87673 0 3.31222 0 0 -19.4925 
5.885 1.987 0.1765 2.62486 0 1.18599 1.87673 0 3.30241 0 0 -19.4925 
5.886 1.987 0.1765 2.62673 0 1.18928 1.87673 0 3.2926 0 0 -19.4925 
5.887 1.987 0.1765 2.62861 0 1.19256 1.87673 0 3.28279 0 0 -19.4925 
5.888 1.987 0.1765 2.63049 0 1.19584 1.87673 0 3.27298 0 0 -19.4925 
5.889 1.987 0.1765 2.63236 0 1.1991 1.87673 0 3.26317 0 0 -19.4925 
5.89 1.987 0.1765 2.63424 0 1.20235 1.87673 0 3.25336 0 0 -19.4925 
5.891 1.987 0.1765 2.63612 0 1.2056 1.87673 0 3.24355 0 0 -19.4925 
5.892 1.987 0.1765 2.63799 0 1.20883 1.87673 0 3.23374 0 0 -19.4925 
5.893 1.987 0.1765 2.63987 0 1.21206 1.87673 0 3.22393 0 0 -19.4925 
5.894 1.987 0.1765 2.64175 0 1.21527 1.87673 0 3.21412 0 0 -19.4925 
5.895 1.987 0.1765 2.64362 0 1.21847 1.87673 0 3.20431 0 0 -19.4925 
5.896 1.987 0.1765 2.6455 0 1.22167 1.87673 0 3.1945 0 0 -19.4925 
5.897 1.987 0.1765 2.64738 0 1.22485 1.87673 0 3.18469 0 0 -19.4925 
5.898 1.987 0.1765 2.64925 0 1.22803 1.87673 0 3.17488 0 0 -19.4925 
5.899 1.987 0.1765 2.65113 0 1.23119 1.87673 0 3.16507 0 0 -19.4925 
5.9 1.987 0.1765 2.65301 0 1.23435 1.87673 0 3.15526 0 0 -19.4925 
5.901 1.987 0.1765 2.65488 0 1.23749 1.87673 0 3.14545 0 0 -19.4925 
5.902 1.987 0.1765 2.65676 0 1.24063 1.87673 0 3.13564 0 0 -19.4925 
5.903 1.987 0.1765 2.65864 0 1.24376 1.87673 0 3.12583 0 0 -19.4925 
5.904 1.987 0.1765 2.66051 0 1.24687 1.87673 0 3.11602 0 0 -19.4925 
5.905 1.987 0.1765 2.66239 0 1.24998 1.87673 0 3.10621 0 0 -19.4925 
5.906 1.987 0.1765 2.66427 0 1.25307 1.87673 0 3.0964 0 0 -19.4925 
5.907 1.987 0.1765 2.66614 0 1.25616 1.87673 0 3.08659 0 0 -19.4925 
5.908 1.987 0.1765 2.66802 0 1.25924 1.87673 0 3.07678 0 0 -19.4925 
5.909 1.987 0.1765 2.6699 0 1.2623 1.87673 0 3.06697 0 0 -19.4925 
5.91 1.987 0.1765 2.67177 0 1.26536 1.87673 0 3.05716 0 0 -19.4925 
5.911 1.987 0.1765 2.67365 0 1.26841 1.87673 0 3.04735 0 0 -19.4925 
5.912 1.987 0.1765 2.67553 0 1.27145 1.87673 0 3.03754 0 0 -19.4925 
5.913 1.987 0.1765 2.67741 0 1.27447 1.87673 0 3.02773 0 0 -19.4925 
5.914 1.987 0.1765 2.67928 0 1.27749 1.87673 0 3.01792 0 0 -19.4925 
5.915 1.987 0.1765 2.68116 0 1.2805 1.87673 0 3.00811 0 0 -19.4925 
5.916 1.987 0.1765 2.68304 0 1.2835 1.87673 0 2.9983 0 0 -19.4925 
5.917 1.987 0.1765 2.68491 0 1.28649 1.87673 0 2.98849 0 0 -19.4925 
5.918 1.987 0.1765 2.68679 0 1.28947 1.87673 0 2.97868 0 0 -19.4925 
5.919 1.987 0.1765 2.68867 0 1.29243 1.87673 0 2.96887 0 0 -19.4925 
5.92 1.987 0.1765 2.69054 0 1.29539 1.87673 0 2.95906 0 0 -19.4925 
5.921 1.987 0.1765 2.69242 0 1.29834 1.87673 0 2.94925 0 0 -19.4925 
5.922 1.987 0.1765 2.6943 0 1.30128 1.87673 0 2.93944 0 0 -19.4925 
5.923 1.987 0.1765 2.69617 0 1.30421 1.87673 0 2.92963 0 0 -19.4925 
5.924 1.987 0.1765 2.69805 0 1.30713 1.87673 0 2.91982 0 0 -19.4925 
5.925 1.987 0.1765 2.69993 0 1.31004 1.87673 0 2.91001 0 0 -19.4925 
5.926 1.987 0.1765 2.7018 0 1.31294 1.87673 0 2.9002 0 0 -19.4925 
5.927 1.987 0.1765 2.70368 0 1.31583 1.87673 0 2.89039 0 0 -19.4925 
5.928 1.987 0.1765 2.70556 0 1.31871 1.87673 0 2.88058 0 0 -19.4925 
5.929 1.987 0.1765 2.70743 0 1.32158 1.87673 0 2.87077 0 0 -19.4925 
5.93 1.987 0.1765 2.70931 0 1.32444 1.87673 0 2.86096 0 0 -19.4925 
5.931 1.987 0.1765 2.71119 0 1.3273 1.87673 0 2.85115 0 0 -19.4925 
5.932 1.987 0.1765 2.71306 0 1.33014 1.87673 0 2.84134 0 0 -19.4925 
5.933 1.987 0.1765 2.71494 0 1.33297 1.87673 0 2.83153 0 0 -19.4925 
5.934 1.987 0.1765 2.71682 0 1.33579 1.87673 0 2.82172 0 0 -19.4925 
5.935 1.987 0.1765 2.71869 0 1.3386 1.87673 0 2.81191 0 0 -19.4925 
5.936 1.987 0.1765 2.72057 0 1.3414 1.87673 0 2.8021 0 0 -19.4925 
5.937 1.987 0.1765 2.72245 0 1.3442 1.87673 0 2.79229 0 0 -19.4925 
5.938 1.987 0.1765 2.72432 0 1.34698 1.87673 0 2.78248 0 0 -19.4925 
5.939 1.987 0.1765 2.7262 0 1.34975 1.87673 0 2.77267 0 0 -19.4925 
5.94 1.987 0.1765 2.72808 0 1.35251 1.87673 0 2.76286 0 0 -19.4925 
5.941 1.987 0.1765 2.72995 0 1.35527 1.87673 0 2.75305 0 0 -19.4925 
5.942 1.987 0.1765 2.73183 0 1.35801 1.87673 0 2.74324 0 0 -19.4925 
5.943 1.987 0.1765 2.73371 0 1.36074 1.87673 0 2.73343 0 0 -19.4925 
5.944 1.987 0.1765 2.73558 0 1.36347 1.87673 0 2.72362 0 0 -19.4925 
5.945 1.987 0.1765 2.73746 0 1.36618 1.87673 0 2.71381 0 0 -19.4925 
5.946 1.987 0.1765 2.73934 0 1.36889 1.87673 0 2.704 0 0 -19.4925 
5.947 1.987 0.1765 2.74121 0 1.37158 1.87673 0 2.69419 0 0 -19.4925 
5.948 1.987 0.1765 2.74309 0 1.37426 1.87673 0 2.68438 0 0 -19.4925 
5.949 1.987 0.1765 2.74497 0 1.37694 1.87673 0 2.67457 0 0 -19.4925 
5.95 1.987 0.1765 2.74684 0 1.3796 1.87673 0 2.66476 0 0 -19.4925 
5.951 1.987 0.1765 2.74872 0 1.38226 1.87673 0 2.65495 0 0 -19.4925 
5.952 1.987 0.1765 2.7506 0 1.3849 1.87673 0 2.64514 0 0 -19.4925 
5.953 1.987 0.1765 2.75247 0 1.38754 1.87673 0 2.63533 0 0 -19.4925 
5.954 1.987 0.1765 2.75435 0 1.39016 1.87673 0 2.62552 0 0 -19.4925 
5.955 1.987 0.1765 2.75623 0 1.39278 1.87673 0 2.61571 0 0 -19.4925 
5.956 1.987 0.1765 2.7581 0 1.39539 1.87673 0 2.6059 0 0 -19.4925 
5.957 1.987 0.1765 2.75998 0 1.39798 1.87673 0 2.59609 0 0 -19.4925 
5.958 1.987 0.1765 2.76186 0 1.40057 1.87673 0 2.58628 0 0 -19.4925 
5.959 1.987 0.1765 2.76373 0 1.40315 1.87673 0 2.57647 0 0 -19.4925 
5.96 1.987 0.1765 2.76561 0 1.40571 1.87673 0 2.56666 0 0 -19.4925 
5.961 1.987 0.1765 2.76749 0 1.40827 1.87673 0 2.55685 0 0 -19.4925 
5.962 1.987 0.1765 2.76936 0 1.41082 1.87673 0 2.54704 0 0 -19.4925 
5.963 1.987 0.1765 2.77124 0 1.41335 1.87673 0 2.53723 0 0 -19.4925 
5.964 1.987 0.1765 2.77312 0 1.41588 1.87673 0 2.52742 0 0 -19.4925 
5.965 1.987 0.1765 2.775 0 1.4184 1.87673 0 2.51761 0 0 -19.4925 
5.966 1.987 0.1765 2.77687 0 1.42091 1.87673 0 2.5078 0 0 -19.4925 
5.967 1.987 0.1765 2.77875 0 1.4234 1.87673 0 2.49799 0 0 -19.4925 
5.968 1.987 0.1765 2.78063 0 1.42589 1.87673 0 2.48818 0 0 -19.4925 
5.969 1.987 0.1765 2.7825 0 1.42837 1.87673 0 2.47837 0 0 -19.4925 
5.97 1.987 0.1765 2.78438 0 1.43084 1.87673 0 2.46856 0 0 -19.4925 
5.971 1.987 0.1765 2.78626 0 1.4333 1.87673 0 2.45875 0 0 -19.4925 
5.972 1.987 0.1765 2.78813 0 1.43575 1.87673 0 2.44894 0 0 -19.4925 
5.973 1.987 0.1765 2.79001 0 1.43819 1.87673 0 2.43913 0 0 -19.4925 
5.974 1.987 0.1765 2.79189 0 1.44062 1.87673 0 2.42932 0 0 -19.4925 
5.975 1.987 0.1765 2.79376 0 1.44303 1.87673 0 2.41951 0 0 -19.4925 
5.976 1.987 0.1765 2.79564 0 1.44544 1.87673 0 2.4097 0 0 -19.4925 
5.977 1.987 0.1765 2.79752 0 1.44784 1.87673 0 2.39989 0 0 -19.4925 
5.978 1.987 0.1765 2.79939 0 1.45023 1.87673 0 2.39008 0 0 -19.4925 
5.979 1.987 0.1765 2.80127 0 1.45261 1.87673 0 2.38027 0 0 -19.4925 
5.98 1.987 0.1765 2.80315 0 1.45498 1.87673 0 2.37046 0 0 -19.4925 
5.981 1.987 0.1765 2.80502 0 1.45735 1.87673 0 2.36065 0 0 -19.4925 
5.982 1.987 0.1765 2.8069 0 1.4597 1.87673 0 2.35084 0 0 -19.4925 
5.983 1.987 0.1765 2.80878 0 1.46204 1.87673 0 2.34103 0 0 -19.4925 
5.984 1.987 0.1765 2.81065 0 1.46437 1.87673 0 2.33122 0 0 -19.4925 
5.985 1.987 0.1765 2.81253 0 1.46669 1.87673 0 2.32141 0 0 -19.4925 
5.986 1.987 0.1765 2.81441 0 1.469 1.87673 0 2.3116 0 0 -19.4925 
5.987 1.987 0.1765 2.81628 0 1.4713 1.87673 0 2.30179 0 0 -19.4925 
5.988 1.987 0.1765 2.81816 0 1.4736 1.87673 0 2.29198 0 0 -19.4925 
5.989 1.987 0.1765 2.82004 0 1.47588 1.87673 0 2.28217 0 0 -19.4925 
5.99 1.987 0.1765 2.82191 0 1.47815 1.87673 0 2.27236 0 0 -19.4925 
5.991 1.987 0.1765 2.82379 0 1.48041 1.87673 0 2.26255 0 0 -19.4925 
5.992 1.987 0.1765 2.82567 0 1.48267 1.87673 0 2.25274 0 0 -19.4925 
5.993 1.987 0.1765 2.82754 0 1.48491 1.87673 0 2.24293 0 0 -19.4925 
5.994 1.987 0.1765 2.82942 0 1.48714 1.87673 0 2.23312 0 0 -19.4925 
5.995 1.987 0.1765 2.8313 0 1.48936 1.87673 0 2.22331 0 0 -19.4925 
5.996 1.987 0.1765 2.83317 0 1.49158 1.87673 0 2.2135 0 0 -19.4925 
5.997 1.987 0.1765 2.83505 0 1.49378 1.87673 0 2.20369 0 0 -19.4925 
5.998 1.987 0.1765 2.83693 0 1.49598 1.87673 0 2.19388 0 0 -19.4925 
5.999 1.987 0.1765 2.8388 0 1.49816 1.87673 0 2.18407 0 0 -19.4925 
6 1.987 0.1765 2.84068 0 1.50033 1.87673 0 2.17426 0 0 -19.4925 
6.001 1.987 0.1765 2.84256 0 1.5025 1.87673 0 2.16445 0 0 -19.4925 
6.002 1.987 0.1765 2.84443 0 1.50465 1.87673 0 2.15464 0 0 -19.4925 
6.003 1.987 0.1765 2.84631 0 1.5068 1.87673 0 2.14483 0 0 -19.4925 
6.004 1.987 0.1765 2.84819 0 1.50893 1.87673 0 2.13502 0 0 -19.4925 
6.005 1.987 0.1765 2.85006 0 1.51106 1.87673 0 2.12521 0 0 -19.4925 
6.006 1.987 0.1765 2.85194 0 1.51317 1.87673 0 2.1154 0 0 -19.4925 
6.007 1.987 0.1765 2.85382 0 1.51528 1.87673 0 2.10559 0 0 -19.4925 
6.008 1.987 0.1765 2.85569 0 1.51738 1.87673 0 2.09578 0 0 -19.4925 
6.009 1.987 0.1765 2.85757 0 1.51946 1.87673 0 2.08597 0 0 -19.4925 
6.01 1.987 0.1765 2.85945 0 1.52154 1.87673 0 2.07616 0 0 -19.4925 
6.011 1.987 0.1765 2.86132 0 1.5236 1.87673 0 2.06635 0 0 -19.4925 
6.012 1.987 0.1765 2.8632 0 1.52566 1.87673 0 2.05654 0 0 -19.4925 
6.013 1.987 0.1765 2.86508 0 1.52771 1.87673 0 2.04673 0 0 -19.4925 
6.014 1.987 0.1765 2.86695 0 1.52974 1.87673 0 2.03692 0 0 -19.4925 
6.015 1.987 0.1765 2.86883 0 1.53177 1.87673 0 2.02711 0 0 -19.4925 
6.016 1.987 0.1765 2.87071 0 1.53379 1.87673 0 2.0173 0 0 -19.4925 
6.017 1.987 0.1765 2.87259 0 1.5358 1.87673 0 2.00749 0 0 -19.4925 
6.018 1.987 0.1765 2.87446 0 1.53779 1.87673 0 1.99768 0 0 -19.4925 
6.019 1.987 0.1765 2.87634 0 1.53978 1.87673 0 1.98787 0 0 -19.4925 
6.02 1.987 0.1765 2.87822 0 1.54176 1.87673 0 1.97806 0 0 -19.4925 
6.021 1.987 0.1765 2.88009 0 1.54373 1.87673 0 1.96825 0 0 -19.4925 
6.022 1.987 0.1765 2.88197 0 1.54569 1.87673 0 1.95844 0 0 -19.4925 
6.023 1.987 0.1765 2.88385 0 1.54763 1.87673 0 1.94863 0 0 -19.4925 
6.024 1.987 0.1765 2.88572 0 1.54957 1.87673 0 1.93882 0 0 -19.4925 
6.025 1.987 0.1765 2.8876 0 1.5515 1.87673 0 1.92901 0 0 -19.4925 
6.026 1.987 0.1765 2.88948 0 1.55342 1.87673 0 1.9192 0 0 -19.4925 
6.027 1.987 0.1765 2.89135 0 1.55533 1.87673 0 1.90939 0 0 -19.4925 
6.028 1.987 0.1765 2.89323 0 1.55723 1.87673 0 1.89958 0 0 -19.4925 
6.029 1.987 0.1765 2.89511 0 1.55912 1.87673 0 1.88977 0 0 -19.4925 
6.03 1.987 0.1765 2.89698 0 1.561 1.87673 0 1.87996 0 0 -19.4925 
6.031 1.987 0.1765 2.89886 0 1.56287 1.87673 0 1.87015 0 0 -19.4925 
6.032 1.987 0.1765 2.90074 0 1.56473 1.87673 0 1.86034 0 0 -19.4925 
6.033 1.987 0.1765 2.90261 0 1.56658 1.87673 0 1.85053 0 0 -19.4925 
6.034 1.987 0.1765 2.90449 0 1.56842 1.87673 0 1.84072 0 0 -19.4925 
6.035 1.987 0.1765 2.90637 0 1.57025 1.87673 0 1.83091 0 0 -19.4925 
6.036 1.987 0.1765 2.90824 0 1.57207 1.87673 0 1.8211 0 0 -19.4925 
6.037 1.987 0.1765 2.91012 0 1.57389 1.87673 0 1.81129 0 0 -19.4925 
6.038 1.987 0.1765 2.912 0 1.57569 1.87673 0 1.80148 0 0 -19.4925 
6.039 1.987 0.1765 2.91387 0 1.57748 1.87673 0 1.79167 0 0 -19.4925 
6.04 1.987 0.1765 2.91575 0 1.57926 1.87673 0 1.78186 0 0 -19.4925 
6.041 1.987 0.1765 2.91763 0 1.58103 1.87673 0 1.77205 0 0 -19.4925 
6.042 1.987 0.1765 2.9195 0 1.58279 1.87673 0 1.76224 0 0 -19.4925 
6.043 1.987 0.1765 2.92138 0 1.58455 1.87673 0 1.75243 0 0 -19.4925 
6.044 1.987 0.1765 2.92326 0 1.58629 1.87673 0 1.74262 0 0 -19.4925 
6.045 1.987 0.1765 2.92513 0 1.58802 1.87673 0 1.73281 0 0 -19.4925 
6.046 1.987 0.1765 2.92701 0 1.58975 1.87673 0 1.723 0 0 -19.4925 
6.047 1.987 0.1765 2.92889 0 1.59146 1.87673 0 1.71319 0 0 -19.4925 
6.048 1.987 0.1765 2.93076 0 1.59316 1.87673 0 1.70338 0 0 -19.4925 
6.049 1.987 0.1765 2.93264 0 1.59486 1.87673 0 1.69357 0 0 -19.4925 
6.05 1.987 0.1765 2.93452 0 1.59654 1.87673 0 1.68376 0 0 -19.4925 
6.051 1.987 0.1765 2.93639 0 1.59821 1.87673 0 1.67395 0 0 -19.4925 
6.052 1.987 0.1765 2.93827 0 1.59988 1.87673 0 1.66414 0 0 -19.4925 
6.053 1.987 0.1765 2.94015 0 1.60153 1.87673 0 1.65433 0 0 -19.4925 
6.054 1.987 0.1765 2.94202 0 1.60318 1.87673 0 1.64452 0 0 -19.4925 
6.055 1.987 0.1765 2.9439 0 1.60481 1.87673 0 1.63471 0 0 -19.4925 
6.056 1.987 0.1765 2.94578 0 1.60644 1.87673 0 1.6249 0 0 -19.4925 
6.057 1.987 0.1765 2.94765 0 1.60805 1.87673 0 1.61509 0 0 -19.4925 
6.058 1.987 0.1765 2.94953 0 1.60966 1.87673 0 1.60528 0 0 -19.4925 
6.059 1.987 0.1765 2.95141 0 1.61125 1.87673 0 1.59547 0 0 -19.4925 
6.06 1.987 0.1765 2.95328 0 1.61284 1.87673 0 1.58566 0 0 -19.4925 
6.061 1.987 0.1765 2.95516 0 1.61441 1.87673 0 1.57585 0 0 -19.4925 
6.062 1.987 0.1765 2.95704 0 1.61598 1.87673 0 1.56604 0 0 -19.4925 
6.063 1.987 0.1765 2.95891 0 1.61754 1.87673 0 1.55623 0 0 -19.4925 
6.064 1.987 0.1765 2.96079 0 1.61908 1.87673 0 1.54642 0 0 -19.4925 
6.065 1.987 0.1765 2.96267 0 1.62062 1.87673 0 1.53661 0 0 -19.4925 
6.066 1.987 0.1765 2.96454 0 1.62215 1.87673 0 1.5268 0 0 -19.4925 
6.067 1.987 0.1765 2.96642 0 1.62366 1.87673 0 1.51699 0 0 -19.4925 
6.068 1.987 0.1765 2.9683 0 1.62517 1.87673 0 1.50718 0 0 -19.4925 
6.069 1.987 0.1765 2.97018 0 1.62667 1.87673 0 1.49737 0 0 -19.4925 
6.07 1.987 0.1765 2.97205 0 1.62815 1.87673 0 1.48756 0 0 -19.4925 
6.071 1.987 0.1765 2.97393 0 1.62963 1.87673 0 1.47775 0 0 -19.4925 
6.072 1.987 0.1765 2.97581 0 1.6311 1.87673 0 1.46794 0 0 -19.4925 
6.073 1.987 0.1765 2.97768 0 1.63256 1.87673 0 1.45813 0 0 -19.4925 
6.074 1.987 0.1765 2.97956 0 1.63401 1.87673 0 1.44832 0 0 -19.4925 
6.075 1.987 0.1765 2.98144 0 1.63545 1.87673 0 1.43851 0 0 -19.4925 
6.076 1.987 0.1765 2.98331 0 1.63687 1.87673 0 1.4287 0 0 -19.4925 
6.077 1.987 0.1765 2.98519 0 1.63829 1.87673 0 1.41889 0 0 -19.4925 
6.078 1.987 0.1765 2.98707 0 1.6397 1.87673 0 1.40908 0 0 -19.4925 
6.079 1.987 0.1765 2.98894 0 1.6411 1.87673 0 1.39927 0 0 -19.4925 
6.08 1.987 0.1765 2.99082 0 1.64249 1.87673 0 1.38946 0 0 -19.4925 
6.081 1.987 0.1765 2.9927 0 1.64387 1.87673 0 1.37965 0 0 -19.4925 
6.082 1.987 0.1765 2.99457 0 1.64524 1.87673 0 1.36984 0 0 -19.4925 
6.083 1.987 0.1765 2.99645 0 1.6466 1.87673 0 1.36003 0 0 -19.4925 
6.084 1.987 0.1765 2.99833 0 1.64795 1.87673 0 1.35022 0 0 -19.4925 
6.085 1.987 0.1765 3.0002 0 1.64929 1.87673 0 1.34041 0 0 -19.4925 
6.086 1.987 0.1765 3.00208 0 1.65062 1.87673 0 1.3306 0 0 -19.4925 
6.087 1.987 0.1765 3.00396 0 1.65194 1.87673 0 1.32079 0 0 -19.4925 
6.088 1.987 0.1765 3.00583 0 1.65325 1.87673 0 1.31098 0 0 -19.4925 
6.089 1.987 0.1765 3.00771 0 1.65455 1.87673 0 1.30117 0 0 -19.4925 
6.09 1.987 0.1765 3.00959 0 1.65585 1.87673 0 1.29136 0 0 -19.4925 
6.091 1.987 0.1765 3.01146 0 1.65713 1.87673 0 1.28155 0 0 -19.4925 
6.092 1.987 0.1765 3.01334 0 1.6584 1.87673 0 1.27174 0 0 -19.4925 
6.093 1.987 0.1765 3.01522 0 1.65966 1.87673 0 1.26193 0 0 -19.4925 
6.094 1.987 0.1765 3.01709 0 1.66091 1.87673 0 1.25212 0 0 -19.4925 
6.095 1.987 0.1765 3.01897 0 1.66216 1.87673 0 1.24231 0 0 -19.4925 
6.096 1.987 0.1765 3.02085 0 1.66339 1.87673 0 1.2325 0 0 -19.4925 
6.097 1.987 0.1765 3.02272 0 1.66461 1.87673 0 1.22269 0 0 -19.4925 
6.098 1.987 0.1765 3.0246 0 1.66582 1.87673 0 1.21288 0 0 -19.4925 
6.099 1.987 0.1765 3.02648 0 1.66703 1.87673 0 1.20307 0 0 -19.4925 
6.1 1.987 0.1765 3.02835 0 1.66822 1.87673 0 1.19326 0 0 -19.4925 
6.101 1.987 0.1765 3.03023 0 1.6694 1.87673 0 1.18345 0 0 -19.4925 
6.102 1.987 0.1765 3.03211 0 1.67058 1.87673 0 1.17364 0 0 -19.4925 
6.103 1.987 0.1765 3.03398 0 1.67174 1.87673 0 1.16383 0 0 -19.4925 
6.104 1.987 0.1765 3.03586 0 1.67289 1.87673 0 1.15402 0 0 -19.4925 
6.105 1.987 0.1765 3.03774 0 1.67404 1.87673 0 1.14421 0 0 -19.4925 
6.106 1.987 0.1765 3.03961 0 1.67517 1.87673 0 1.1344 0 0 -19.4925 
6.107 1.987 0.1765 3.04149 0 1.6763 1.87673 0 1.12459 0 0 -19.4925 
6.108 1.987 0.1765 3.04337 0 1.67741 1.87673 0 1.11478 0 0 -19.4925 
6.109 1.987 0.1765 3.04524 0 1.67852 1.87673 0 1.10497 0 0 -19.4925 
6.11 1.987 0.1765 3.04712 0 1.67961 1.87673 0 1.09516 0 0 -19.4925 
6.111 1.987 0.1765 3.049 0 1.6807 1.87673 0 1.08535 0 0 -19.4925 
6.112 1.987 0.1765 3.05087 0 1.68177 1.87673 0 1.07554 0 0 -19.4925 
6.113 1.987 0.1765 3.05275 0 1.68284 1.87673 0 1.06573 0 0 -19.4925 
6.114 1.987 0.1765 3.05463 0 1.6839 1.87673 0 1.05592 0 0 -19.4925 
6.115 1.987 0.1765 3.0565 0 1.68494 1.87673 0 1.04611 0 0 -19.4925 
6.116 1.987 0.1765 3.05838 0 1.68598 1.87673 0 1.0363 0 0 -19.4925 
6.117 1.987 0.1765 3.06026 0 1.687 1.87673 0 1.02649 0 0 -19.4925 
6.118 1.987 0.1765 3.06213 0 1.68802 1.87673 0 1.01668 0 0 -19.4925 
6.119 1.987 0.1765 3.06401 0 1.68903 1.87673 0 1.00687 0 0 -19.4925 
6.12 1.987 0.1765 3.06589 0 1.69002 1.87673 0 0.997062 0 0 -19.4925 
6.121 1.987 0.1765 3.06777 0 1.69101 1.87673 0 0.987252 0 0 -19.4925 
6.122 1.987 0.1765 3.06964 0 1.69199 1.87673 0 0.977442 0 0 -19.4925 
6.123 1.987 0.1765 3.07152 0 1.69296 1.87673 0 0.967632 0 0 -19.4925 
6.124 1.987 0.1765 3.0734 0 1.69392 1.87673 0 0.957822 0 0 -19.4925 
6.125 1.987 0.1765 3.07527 0 1.69486 1.87673 0 0.948012 0 0 -19.4925 
6.126 1.987 0.1765 3.07715 0 1.6958 1.87673 0 0.938202 0 0 -19.4925 
6.127 1.987 0.1765 3.07903 0 1.69673 1.87673 0 0.928392 0 0 -19.4925 
6.128 1.987 0.1765 3.0809 0 1.69765 1.87673 0 0.918582 0 0 -19.4925 
6.129 1.987 0.1765 3.08278 0 1.69856 1.87673 0 0.908772 0 0 -19.4925 
6.13 1.987 0.1765 3.08466 0 1.69946 1.87673 0 0.898962 0 0 -19.4925 
6.131 1.987 0.1765 3.08653 0 1.70035 1.87673 0 0.889152 0 0 -19.4925 
6.132 1.987 0.1765 3.08841 0 1.70122 1.87673 0 0.879342 0 0 -19.4925 
6.133 1.987 0.1765 3.09029 0 1.70209 1.87673 0 0.869532 0 0 -19.4925 
6.134 1.987 0.1765 3.09216 0 1.70295 1.87673 0 0.859722 0 0 -19.4925 
6.135 1.987 0.1765 3.09404 0 1.7038 1.87673 0 0.849912 0 0 -19.4925 
6.136 1.987 0.1765 3.09592 0 1.70464 1.87673 0 0.840102 0 0 -19.4925 
6.137 1.987 0.1765 3.09779 0 1.70547 1.87673 0 0.830292 0 0 -19.4925 
6.138 1.987 0.1765 3.09967 0 1.70629 1.87673 0 0.820482 0 0 -19.4925 
6.139 1.987 0.1765 3.10155 0 1.70711 1.87673 0 0.810672 0 0 -19.4925 
6.14 1.987 0.1765 3.10342 0 1.70791 1.87673 0 0.800862 0 0 -19.4925 
6.141 1.987 0.1765 3.1053 0 1.7087 1.87673 0 0.791052 0 0 -19.4925 
6.142 1.987 0.1765 3.10718 0 1.70948 1.87673 0 0.781242 0 0 -19.4925 
6.143 1.987 0.1765 3.10905 0 1.71025 1.87673 0 0.771432 0 0 -19.4925 
6.144 1.987 0.1765 3.11093 0 1.71101 1.87673 0 0.761622 0 0 -19.4925 
6.145 1.987 0.1765 3.11281 0 1.71176 1.87673 0 0.751812 0 0 -19.4925 
6.146 1.987 0.1765 3.11468 0 1.71251 1.87673 0 0.742002 0 0 -19.4925 
6.147 1.987 0.1765 3.11656 0 1.71324 1.87673 0 0.732192 0 0 -19.4925 
6.148 1.987 0.1765 3.11844 0 1.71396 1.87673 0 0.722382 0 0 -19.4925 
6.149 1.987 0.1765 3.12031 0 1.71467 1.87673 0 0.712572 0 0 -19.4925 
6.15 1.987 0.1765 3.12219 0 1.71538 1.87673 0 0.702762 0 0 -19.4925 
6.151 1.987 0.1765 3.12407 0 1.71607 1.87673 0 0.692952 0 0 -19.4925 
6.152 1.987 0.1765 3.12594 0 1.71675 1.87673 0 0.683142 0 0 -19.4925 
6.153 1.987 0.1765 3.12782 0 1.71742 1.87673 0 0.673332 0 0 -19.4925 
6.154 1.987 0.1765 3.1297 0 1.71809 1.87673 0 0.663522 0 0 -19.4925 
6.155 1.987 0.1765 3.13157 0 1.71874 1.87673 0 0.653712 0 0 -19.4925 
6.156 1.987 0.1765 3.13345 0 1.71939 1.87673 0 0.643902 0 0 -19.4925 
6.157 1.987 0.1765 3.13533 0 1.72002 1.87673 0 0.634092 0 0 -19.4925 
6.158 1.987 0.1765 3.1372 0 1.72064 1.87673 0 0.624282 0 0 -19.4925 
6.159 1.987 0.1765 3.13908 0 1.72126 1.87673 0 0.614472 0 0 -19.4925 
6.16 1.987 0.1765 3.14096 0 1.72186 1.87673 0 0.604662 0 0 -19.4925 
6.161 1.987 0.1765 3.14283 0 1.72246 1.87673 0 0.594852 0 0 -19.4925 
6.162 1.987 0.1765 3.14471 0 1.72304 1.87673 0 0.585042 0 0 -19.4925 
6.163 1.987 0.1765 3.14659 0 1.72362 1.87673 0 0.575232 0 0 -19.4925 
6.164 1.987 0.1765 3.14846 0 1.72418 1.87673 0 0.565422 0 0 -19.4925 
6.165 1.987 0.1765 3.15034 0 1.72474 1.87673 0 0.555612 0 0 -19.4925 
6.166 1.987 0.1765 3.15222 0 1.72529 1.87673 0 0.545802 0 0 -19.4925 
6.167 1.987 0.1765 3.15409 0 1.72582 1.87673 0 0.535992 0 0 -19.4925 
6.168 1.987 0.1765 3.15597 0 1.72635 1.87673 0 0.526182 0 0 -19.4925 
6.169 1.987 0.1765 3.15785 0 1.72686 1.87673 0 0.516372 0 0 -19.4925 
6.17 1.987 0.1765 3.15972 0 1.72737 1.87673 0 0.506562 0 0 -19.4925 
6.171 1.987 0.1765 3.1616 0 1.72787 1.87673 0 0.496752 0 0 -19.4925 
6.172 1.987 0.1765 3.16348 0 1.72835 1.87673 0 0.486942 0 0 -19.4925 
6.173 1.987 0.1765 3.16536 0 1.72883 1.87673 0 0.477132 0 0 -19.4925 
6.174 1.987 0.1765 3.16723 0 1.7293 1.87673 0 0.467322 0 0 -19.4925 
6.175 1.987 0.1765 3.16911 0 1.72976 1.87673 0 0.457512 0 0 -19.4925 
6.176 1.987 0.1765 3.17099 0 1.7302 1.87673 0 0.447702 0 0 -19.4925 
6.177 1.987 0.1765 3.17286 0 1.73064 1.87673 0 0.437892 0 0 -19.4925 
6.178 1.987 0.1765 3.17474 0 1.73107 1.87673 0 0.428082 0 0 -19.4925 
6.179 1.987 0.1765 3.17662 0 1.73149 1.87673 0 0.418272 0 0 -19.4925 
6.18 1.987 0.1765 3.17849 0 1.7319 1.87673 0 0.408462 0 0 -19.4925 
6.181 1.987 0.1765 3.18037 0 1.73229 1.87673 0 0.398652 0 0 -19.4925 
6.182 1.987 0.1765 3.18225 0 1.73268 1.87673 0 0.388842 0 0 -19.4925 
6.183 1.987 0.1765 3.18412 0 1.73306 1.87673 0 0.379032 0 0 -19.4925 
6.184 1.987 0.1765 3.186 0 1.73343 1.87673 0 0.369222 0 0 -19.4925 
6.185 1.987 0.1765 3.18788 0 1.73379 1.87673 0 0.359412 0 0 -19.4925 
6.186 1.987 0.1765 3.18975 0 1.73414 1.87673 0 0.349602 0 0 -19.4925 
6.187 1.987 0.1765 3.19163 0 1.73448 1.87673 0 0.339792 0 0 -19.4925 
6.188 1.987 0.1765 3.19351 0 1.73481 1.87673 0 0.329982 0 0 -19.4925 
6.189 1.987 0.1765 3.19538 0 1.73513 1.87673 0 0.320172 0 0 -19.4925 
6.19 1.987 0.1765 3.19726 0 1.73544 1.87673 0 0.310362 0 0 -19.4925 
6.191 1.987 0.1765 3.19914 0 1.73574 1.87673 0 0.300552 0 0 -19.4925 
6.192 1.987 0.1765 3.20101 0 1.73603 1.87673 0 0.290742 0 0 -19.4925 
6.193 1.987 0.1765 3.20289 0 1.73631 1.87673 0 0.280932 0 0 -19.4925 
6.194 1.987 0.1765 3.20477 0 1.73658 1.87673 0 0.271122 0 0 -19.4925 
6.195 1.987 0.1765 3.20664 0 1.73685 1.87673 0 0.261312 0 0 -19.4925 
6.196 1.987 0.1765 3.20852 0 1.7371 1.87673 0 0.251502 0 0 -19.4925 
6.197 1.987 0.1765 3.2104 0 1.73734 1.87673 0 0.241692 0 0 -19.4925 
6.198 1.987 0.1765 3.21227 0 1.73757 1.87673 0 0.231882 0 0 -19.4925 
6.199 1.987 0.1765 3.21415 0 1.73779 1.87673 0 0.222072 0 0 -19.4925 
6.2 1.987 0.1765 3.21603 0 1.73801 1.87673 0 0.212262 0 0 -19.4925 
6.201 1.987 0.1765 3.2179 0 1.73821 1.87673 0 0.202452 0 0 -19.4925 
6.202 1.987 0.1765 3.21978 0 1.7384 1.87673 0 0.192642 0 0 -19.4925 
6.203 1.987 0.1765 3.22166 0 1.73858 1.87673 0 0.182832 0 0 -19.4925 
6.204 1.987 0.1765 3.22353 0 1.73876 1.87673 0 0.173022 0 0 -19.4925 
6.205 1.987 0.1765 3.22541 0 1.73892 1.87673 0 0.163212 0 0 -19.4925 
6.206 1.987 0.1765 3.22729 0 1.73907 1.87673 0 0.153402 0 0 -19.4925 
6.207 1.987 0.1765 3.22916 0 1.73922 1.87673 0 0.143592 0 0 -19.4925 
6.208 1.987 0.1765 3.23104 0 1.73935 1.87673 0 0.133782 0 0 -19.4925 
6.209 1.987 0.1765 3.23292 0 1.73947 1.87673 0 0.123972 0 0 -19.4925 
6.21 1.987 0.1765 3.23479 0 1.73959 1.87673 0 0.114162 0 0 -19.4925 
6.211 1.987 0.1765 3.23667 0 1.73969 1.87673 0 0.104352 0 0 -19.4925 
6.212 1.987 0.1765 3.23855 0 1.73979 1.87673 0 0.0945418 0 0 -19.4925 
6.213 1.987 0.1765 3.24042 0 1.73987 1.87673 0 0.0847318 0 0 -19.4925 
6.214 1.987 0.1765 3.2423 0 1.73995 1.87673 0 0.0749218 0 0 -19.4925 
6.215 1.987 0.1765 3.24418 0 1.74001 1.87673 0 0.0651118 0 0 -19.4925 
6.216 1.987 0.1765 3.24605 0 1.74007 1.87673 0 0.0553018 0 0 -19.4925 
6.217 1.987 0.1765 3.24793 0 1.74011 1.87673 0 0.0454918 0 0 -19.4925 
6.218 1.987 0.1765 3.24981 0 1.74015 1.87673 0 0.0356818 0 0 -19.4925 
6.219 1.987 0.1765 3.25168 0 1.74017 1.87673 0 0.0258718 0 0 -19.4925 
6.22 1.987 0.1765 3.25356 0 1.74019 1.87673 0 0.0160618 0 0 -19.4925 
6.221 1.987 0.1765 3.25544 0 1.7402 1.87673 0 0.00625182 0 0 -19.4925 
6.222 1.987 0.1765 3.25731 0 1.74019 1.87673 0 -0.00355818 0 0 -19.4925 
6.223 1.987 0.1765 3.25919 0 1.74018 1.87673 0 -0.0133682 0 0 -19.4925 
6.224 1.987 0.1765 3.26107 0 1.74016 1.87673 0 -0.0231782 0 0 -19.4925 
6.225 1.987 0.1765 3.26295 0 1.74012 1.87673 0 -0.0329882 0 0 -19.4925 
6.226 1.987 0.1765 3.26482 0 1.74008 1.87673 0 -0.0427982 0 0 -19.4925 
6.227 1.987 0.1765 3.2667 0 1.74003 1.87673 0 -0.0526082 0 0 -19.4925 
6.228 1.987 0.1765 3.26858 0 1.73997 1.87673 0 -0.0624182 0 0 -19.4925 
6.229 1.987 0.1765 3.27045 0 1.73989 1.87673 0 -0.0722282 0 0 -19.4925 
6.23 1.987 0.1765 3.27233 0 1.73981 1.87673 0 -0.0820382 0 0 -19.4925 
6.231 1.987 0.1765 3.27421 0 1.73972 1.87673 0 -0.0918482 0 0 -19.4925 
6.232 1.987 0.1765 3.27608 0 1.73962 1.87673 0 -0.101658 0 0 -19.4925 
6.233 1.987 0.1765 3.27796 0 1.73951 1.87673 0 -0.111468 0 0 -19.4925 
6.234 1.987 0.1765 3.27984 0 1.73939 1.87673 0 -0.121278 0 0 -19.4925 
6.235 1.987 0.1765 3.28171 0 1.73925 1.87673 0 -0.131088 0 0 -19.4925 
6.236 1.987 0.1765 3.28359 0 1.73911 1.87673 0 -0.140898 0 0 -19.4925 
6.237 1.987 0.1765 3.28547 0 1.73896 1.87673 0 -0.150708 0 0 -19.4925 
6.238 1.987 0.1765 3.28734 0 1.7388 1.87673 0 -0.160518 0 0 -19.4925 
6.239 1.987 0.1765 3.28922 0 1.73863 1.87673 0 -0.170328 0 0 -19.4925 
6.24 1.987 0.1765 3.2911 0 1.73845 1.87673 0 -0.180138 0 0 -19.4925 
6.241 1.987 0.1765 3.29297 0 1.73826 1.87673 0 -0.189948 0 0 -19.4925 
6.242 1.987 0.1765 3.29485 0 1.73806 1.87673 0 -0.199758 0 0 -19.4925 
6.243 1.987 0.1765 3.29673 0 1.73785 1.87673 0 -0.209568 0 0 -19.4925 
6.244 1.987 0.1765 3.2986 0 1.73763 1.87673 0 -0.219378 0 0 -19.4925 
6.245 1.987 0.1765 3.30048 0 1.7374 1.87673 0 -0.229188 0 0 -19.4925 
6.246 1.987 0.1765 3.30236 0 1.73716 1.87673 0 -0.238998 0 0 -19.4925 
6.247 1.987 0.1765 3.30423 0 1.73692 1.87673 0 -0.248808 0 0 -19.4925 
6.248 1.987 0.1765 3.30611 0 1.73666 1.87673 0 -0.258618 0 0 -19.4925 
6.249 1.987 0.1765 3.30799 0 1.73639 1.87673 0 -0.268428 0 0 -19.4925 
6.25 1.987 0.1765 3.30986 0 1.73611 1.87673 0 -0.278238 0 0 -19.4925 
6.251 1.987 0.1765 3.31174 0 1.73582 1.87673 0 -0.288048 0 0 -19.4925 
6.252 1.987 0.1765 3.31362 0 1.73552 1.87673 0 -0.297858 0 0 -19.4925 
6.253 1.987 0.1765 3.31549 0 1.73522 1.87673 0 -0.307668 0 0 -19.4925 
6.254 1.987 0.1765 3.31737 0 1.7349 1.87673 0 -0.317478 0 0 -19.4925 
6.255 1.987 0.1765 3.31925 0 1.73457 1.87673 0 -0.327288 0 0 -19.4925 
6.256 1.987 0.1765 3.32112 0 1.73424 1.87673 0 -0.337098 0 0 -19.4925 
6.257 1.987 0.1765 3.323 0 1.73389 1.87673 0 -0.346908 0 0 -19.4925 
6.258 1.987 0.1765 3.32488 0 1.73353 1.87673 0 -0.356718 0 0 -19.4925 
6.259 1.987 0.1765 3.32675 0 1.73317 1.87673 0 -0.366528 0 0 -19.4925 
6.26 1.987 0.1765 3.32863 0 1.73279 1.87673 0 -0.376338 0 0 -19.4925 
6.261 1.987 0.1765 3.33051 0 1.7324 1.87673 0 -0.386148 0 0 -19.4925 
6.262 1.987 0.1765 3.33238 0 1.73201 1.87673 0 -0.395958 0 0 -19.4925 
6.263 1.987 0.1765 3.33426 0 1.7316 1.87673 0 -0.405768 0 0 -19.4925 
6.264 1.987 0.1765 3.33614 0 1.73119 1.87673 0 -0.415578 0 0 -19.4925 
6.265 1.987 0.1765 3.33801 0 1.73076 1.87673 0 -0.425388 0 0 -19.4925 
6.266 1.987 0.1765 3.33989 0 1.73032 1.87673 0 -0.435198 0 0 -19.4925 
6.267 1.987 0.1765 3.34177 0 1.72988 1.87673 0 -0.445008 0 0 -19.4925 
6.268 1.987 0.1765 3.34364 0 1.72942 1.87673 0 -0.454818 0 0 -19.4925 
6.269 1.987 0.1765 3.34552 0 1.72896 1.87673 0 -0.464628 0 0 -19.4925 
6.27 1.987 0.1765 3.3474 0 1.72849 1.87673 0 -0.474438 0 0 -19.4925 
6.271 1.987 0.1765 3.34927 0 1.728 1.87673 0 -0.484248 0 0 -19.4925 
6.272 1.987 0.1765 3.35115 0 1.72751 1.87673 0 -0.494058 0 0 -19.4925 
6.273 1.987 0.1765 3.35303 0 1.727 1.87673 0 -0.503868 0 0 -19.4925 
6.274 1.987 0.1765 3.3549 0 1.72649 1.87673 0 -0.513678 0 0 -19.4925 
6.275 1.987 0.1765 3.35678 0 1.72597 1.87673 0 -0.523488 0 0 -19.4925 
6.276 1.987 0.1765 3.35866 0 1.72543 1.87673 0 -0.533298 0 0 -19.4925 
6.277 1.987 0.1765 3.36054 0 1.72489 1.87673 0 -0.543108 0 0 -19.4925 
6.278 1.987 0.1765 3.36241 0 1.72434 1.87673 0 -0.552918 0 0 -19.4925 
6.279 1.987 0.1765 3.36429 0 1.72377 1.87673 0 -0.562728 0 0 -19.4925 
6.28 1.987 0.1765 3.36617 0 1.7232 1.87673 0 -0.572538 0 0 -19.4925 
6.281 1.987 0.1765 3.36804 0 1.72262 1.87673 0 -0.582348 0 0 -19.4925 
6.282 1.987 0.1765 3.36992 0 1.72203 1.87673 0 -0.592158 0 0 -19.4925 
6.283 1.987 0.1765 3.3718 0 1.72143 1.87673 0 -0.601968 0 0 -19.4925 
6.284 1.987 0.1765 3.37367 0 1.72081 1.87673 0 -0.611778 0 0 -19.4925 
6.285 1.987 0.1765 3.37555 0 1.72019 1.87673 0 -0.621588 0 0 -19.4925 
6.286 1.987 0.1765 3.37743 0 1.71956 1.87673 0 -0.631398 0 0 -19.4925 
6.287 1.987 0.1765 3.3793 0 1.71892 1.87673 0 -0.641208 0 0 -19.4925 
6.288 1.987 0.1765 3.38118 0 1.71827 1.87673 0 -0.651018 0 0 -19.4925 
6.289 1.987 0.1765 3.38306 0 1.71761 1.87673 0 -0.660828 0 0 -19.4925 
6.29 1.987 0.1765 3.38493 0 1.71694 1.87673 0 -0.670638 0 0 -19.4925 
6.291 1.987 0.1765 3.38681 0 1.71626 1.87673 0 -0.680448 0 0 -19.4925 
6.292 1.987 0.1765 3.38869 0 1.71557 1.87673 0 -0.690258 0 0 -19.4925 
6.293 1.987 0.1765 3.39056 0 1.71487 1.87673 0 -0.700068 0 0 -19.4925 
6.294 1.987 0.1765 3.39244 0 1.71416 1.87673 0 -0.709878 0 0 -19.4925 
6.295 1.987 0.1765 3.39432 0 1.71344 1.87673 0 -0.719688 0 0 -19.4925 
6.296 1.987 0.1765 3.39619 0 1.71271 1.87673 0 -0.729498 0 0 -19.4925 
6.297 1.987 0.1765 3.39807 0 1.71197 1.87673 0 -0.739308 0 0 -19.4925 
6.298 1.987 0.1765 3.39995 0 1.71122 1.87673 0 -0.749118 0 0 -19.4925 
6.299 1.987 0.1765 3.40182 0 1.71046 1.87673 0 -0.758928 0 0 -19.4925 
6.3 1.987 0.1765 3.4037 0 1.70969 1.87673 0 -0.768738 0 0 -19.4925 
6.301 1.987 0.1765 3.40558 0 1.70891 1.87673 0 -0.778548 0 0 -19.4925 
6.302 1.987 0.1765 3.40745 0 1.70812 1.87673 0 -0.788358 0 0 -19.4925 
6.303 1.987 0.1765 3.40933 0 1.70733 1.87673 0 -0.798168 0 0 -19.4925 
6.304 1.987 0.1765 3.41121 0 1.70652 1.87673 0 -0.807978 0 0 -19.4925 
6.305 1.987 0.1765 3.41308 0 1.7057 1.87673 0 -0.817788 0 0 -19.4925 
6.306 1.987 0.1765 3.41496 0 1.70487 1.87673 0 -0.827598 0 0 -19.4925 
6.307 1.987 0.1765 3.41684 0 1.70404 1.87673 0 -0.837408 0 0 -19.4925 
6.308 1.987 0.1765 3.41871 0 1.70319 1.87673 0 -0.847218 0 0 -19.4925 
6.309 1.987 0.1765 3.42059 0 1.70233 1.87673 0 -0.857028 0 0 -19.4925 
6.31 1.987 0.1765 3.42247 0 1.70146 1.87673 0 -0.866838 0 0 -19.4925 
6.311 1.987 0.1765 3.42434 0 1.70059 1.87673 0 -0.876648 0 0 -19.4925 
6.312 1.987 0.1765 3.42622 0 1.6997 1.87673 0 -0.886458 0 0 -19.4925 
6.313 1.987 0.1765 3.4281 0 1.6988 1.87673 0 -0.896268 0 0 -19.4925 
6.314 1.987 0.1765 3.42997 0 1.6979 1.87673 0 -0.906078 0 0 -19.4925 
6.315 1.987 0.1765 3.43185 0 1.69698 1.87673 0 -0.915888 0 0 -19.4925 
6.316 1.987 0.1765 3.43373 0 1.69606 1.87673 0 -0.925698 0 0 -19.4925 
6.317 1.987 0.1765 3.4356 0 1.69512 1.87673 0 -0.935508 0 0 -19.4925 
6.318 1.987 0.1765 3.43748 0 1.69418 1.87673 0 -0.945318 0 0 -19.4925 
6.319 1.987 0.1765 3.43936 0 1.69322 1.87673 0 -0.955128 0 0 -19.4925 
6.32 1.987 0.1765 3.44123 0 1.69226 1.87673 0 -0.964938 0 0 -19.4925 
6.321 1.987 0.1765 3.44311 0 1.69128 1.87673 0 -0.974748 0 0 -19.4925 
6.322 1.987 0.1765 3.44499 0 1.6903 1.87673 0 -0.984558 0 0 -19.4925 
6.323 1.987 0.1765 3.44686 0 1.6893 1.87673 0 -0.994368 0 0 -19.4925 
6.324 1.987 0.1765 3.44874 0 1.6883 1.87673 0 -1.00418 0 0 -19.4925 
6.325 1.987 0.1765 3.45062 0 1.68728 1.87673 0 -1.01399 0 0 -19.4925 
6.326 1.987 0.1765 3.45249 0 1.68626 1.87673 0 -1.0238 0 0 -19.4925 
6.327 1.987 0.1765 3.45437 0 1.68523 1.87673 0 -1.03361 0 0 -19.4925 
6.328 1.987 0.1765 3.45625 0 1.68418 1.87673 0 -1.04342 0 0 -19.4925 
6.329 1.987 0.1765 3.45813 0 1.68313 1.87673 0 -1.05323 0 0 -19.4925 
6.33 1.987 0.1765 3.46 0 1.68207 1.87673 0 -1.06304 0 0 -19.4925 
6.331 1.987 0.1765 3.46188 0 1.68099 1.87673 0 -1.07285 0 0 -19.4925 
6.332 1.987 0.1765 3.46376 0 1.67991 1.87673 0 -1.08266 0 0 -19.4925 
6.333 1.987 0.1765 3.46563 0 1.67882 1.87673 0 -1.09247 0 0 -19.4925 
6.334 1.987 0.1765 3.46751 0 1.67772 1.87673 0 -1.10228 0 0 -19.4925 
6.335 1.987 0.1765 3.46939 0 1.6766 1.87673 0 -1.11209 0 0 -19.4925 
6.336 1.987 0.1765 3.47126 0 1.67548 1.87673 0 -1.1219 0 0 -19.4925 
6.337 1.987 0.1765 3.47314 0 1.67435 1.87673 0 -1.13171 0 0 -19.4925 
6.338 1.987 0.1765 3.47502 0 1.67321 1.87673 0 -1.14152 0 0 -19.4925 
6.339 1.987 0.1765 3.47689 0 1.67206 1.87673 0 -1.15133 0 0 -19.4925 
6.34 1.987 0.1765 3.47877 0 1.6709 1.87673 0 -1.16114 0 0 -19.4925 
6.341 1.987 0.1765 3.48065 0 1.66973 1.87673 0 -1.17095 0 0 -19.4925 
6.342 1.987 0.1765 3.48252 0 1.66855 1.87673 0 -1.18076 0 0 -19.4925 
6.343 1.987 0.1765 3.4844 0 1.66736 1.87673 0 -1.19057 0 0 -19.4925 
6.344 1.987 0.1765 3.48628 0 1.66615 1.87673 0 -1.20038 0 0 -19.4925 
6.345 1.987 0.1765 3.48815 0 1.66494 1.87673 0 -1.21019 0 0 -19.4925 
6.346 1.987 0.1765 3.49003 0 1.66372 1.87673 0 -1.22 0 0 -19.4925 
6.347 1.987 0.1765 3.49191 0 1.66249 1.87673 0 -1.22981 0 0 -19.4925 
6.348 1.987 0.1765 3.49378 0 1.66126 1.87673 0 -1.23962 0 0 -19.4925 
6.349 1.987 0.1765 3.49566 0 1.66001 1.87673 0 -1.24943 0 0 -19.4925 
6.35 1.987 0.1765 3.49754 0 1.65875 1.87673 0 -1.25924 0 0 -19.4925 
6.351 1.987 0.1765 3.49941 0 1.65748 1.87673 0 -1.26905 0 0 -19.4925 
6.352 1.987 0.1765 3.50129 0 1.6562 1.87673 0 -1.27886 0 0 -19.4925 
6.353 1.987 0.1765 3.50317 0 1.65491 1.87673 0 -1.28867 0 0 -19.4925 
6.354 1.987 0.1765 3.50504 0 1.65361 1.87673 0 -1.29848 0 0 -19.4925 
6.355 1.987 0.1765 3.50692 0 1.6523 1.87673 0 -1.30829 0 0 -19.4925 
6.356 1.987 0.1765 3.5088 0 1.65099 1.87673 0 -1.3181 0 0 -19.4925 
6.357 1.987 0.1765 3.51067 0 1.64966 1.87673 0 -1.32791 0 0 -19.4925 
6.358 1.987 0.1765 3.51255 0 1.64832 1.87673 0 -1.33772 0 0 -19.4925 
6.359 1.987 0.1765 3.51443 0 1.64697 1.87673 0 -1.34753 0 0 -19.4925 
6.36 1.987 0.1765 3.5163 0 1.64561 1.87673 0 -1.35734 0 0 -19.4925 
6.361 1.987 0.1765 3.51818 0 1.64425 1.87673 0 -1.36715 0 0 -19.4925 
6.362 1.987 0.1765 3.52006 0 1.64287 1.87673 0 -1.37696 0 0 -19.4925 
6.363 1.987 0.1765 3.52193 0 1.64148 1.87673 0 -1.38677 0 0 -19.4925 
6.364 1.987 0.1765 3.52381 0 1.64009 1.87673 0 -1.39658 0 0 -19.4925 
6.365 1.987 0.1765 3.52569 0 1.63868 1.87673 0 -1.40639 0 0 -19.4925 
6.366 1.987 0.1765 3.52756 0 1.63726 1.87673 0 -1.4162 0 0 -19.4925 
6.367 1.987 0.1765 3.52944 0 1.63584 1.87673 0 -1.42601 0 0 -19.4925 
6.368 1.987 0.1765 3.53132 0 1.6344 1.87673 0 -1.43582 0 0 -19.4925 
6.369 1.987 0.1765 3.53319 0 1.63296 1.87673 0 -1.44563 0 0 -19.4925 
6.37 1.987 0.1765 3.53507 0 1.6315 1.87673 0 -1.45544 0 0 -19.4925 
6.371 1.987 0.1765 3.53695 0 1.63004 1.87673 0 -1.46525 0 0 -19.4925 
6.372 1.987 0.1765 3.53882 0 1.62856 1.87673 0 -1.47506 0 0 -19.4925 
6.373 1.987 0.1765 3.5407 0 1.62708 1.87673 0 -1.48487 0 0 -19.4925 
6.374 1.987 0.1765 3.54258 0 1.62558 1.87673 0 -1.49468 0 0 -19.4925 
6.375 1.987 0.1765 3.54445 0 1.62408 1.87673 0 -1.50449 0 0 -19.4925 
6.376 1.987 0.1765 3.54633 0 1.62256 1.87673 0 -1.5143 0 0 -19.4925 
6.377 1.987 0.1765 3.54821 0 1.62104 1.87673 0 -1.52411 0 0 -19.4925 
6.378 1.987 0.1765 3.55009 0 1.6195 1.87673 0 -1.53392 0 0 -19.4925 
6.379 1.987 0.1765 3.55196 0 1.61796 1.87673 0 -1.54373 0 0 -19.4925 
6.38 1.987 0.1765 3.55384 0 1.61641 1.87673 0 -1.55354 0 0 -19.4925 
6.381 1.987 0.1765 3.55572 0 1.61484 1.87673 0 -1.56335 0 0 -19.4925 
6.382 1.987 0.1765 3.55759 0 1.61327 1.87673 0 -1.57316 0 0 -19.4925 
6.383 1.987 0.1765 3.55947 0 1.61169 1.87673 0 -1.58297 0 0 -19.4925 
6.384 1.987 0.1765 3.56135 0 1.6101 1.87673 0 -1.59278 0 0 -19.4925 
6.385 1.987 0.1765 3.56322 0 1.60849 1.87673 0 -1.60259 0 0 -19.4925 
6.386 1.987 0.1765 3.5651 0 1.60688 1.87673 0 -1.6124 0 0 -19.4925 
6.387 1.987 0.1765 3.56698 0 1.60526 1.87673 0 -1.62221 0 0 -19.4925 
6.388 1.987 0.1765 3.56885 0 1.60363 1.87673 0 -1.63202 0 0 -19.4925 
6.389 1.987 0.1765 3.57073 0 1.60198 1.87673 0 -1.64183 0 0 -19.4925 
6.39 1.987 0.1765 3.57261 0 1.60033 1.87673 0 -1.65164 0 0 -19.4925 
6.391 1.987 0.1765 3.57448 0 1.59867 1.87673 0 -1.66145 0 0 -19.4925 
6.392 1.987 0.1765 3.57636 0 1.597 1.87673 0 -1.67126 0 0 -19.4925 
6.393 1.987 0.1765 3.57824 0 1.59532 1.87673 0 -1.68107 0 0 -19.4925 
6.394 1.987 0.1765 3.58011 0 1.59363 1.87673 0 -1.69088 0 0 -19.4925 
6.395 1.987 0.1765 3.58199 0 1.59193 1.87673 0 -1.70069 0 0 -19.4925 
6.396 1.987 0.1765 3.58387 0 1.59022 1.87673 0 -1.7105 0 0 -19.4925 
6.397 1.987 0.1765 3.58574 0 1.5885 1.87673 0 -1.72031 0 0 -19.4925 
6.398 1.987 0.1765 3.58762 0 1.58677 1.87673 0 -1.73012 0 0 -19.4925 
6.399 1.987 0.1765 3.5895 0 1.58503 1.87673 0 -1.73993 0 0 -19.4925 
6.4 1.987 0.1765 3.59137 0 1.58328 1.87673 0 -1.74974 0 0 -19.4925 
6.401 1.987 0.1765 3.59325 0 1.58152 1.87673 0 -1.75955 0 0 -19.4925 
6.402 1.987 0.1765 3.59513 0 1.57975 1.87673 0 -1.76936 0 0 -19.4925 
6.403 1.987 0.1765 3.597 0 1.57797 1.87673 0 -1.77917 0 0 -19.4925 
6.404 1.987 0.1765 3.59888 0 1.57618 1.87673 0 -1.78898 0 0 -19.4925 
6.405 1.987 0.1765 3.60076 0 1.57438 1.87673 0 -1.79879 0 0 -19.4925 
6.406 1.987 0.1765 3.60263 0 1.57257 1.87673 0 -1.8086 0 0 -19.4925 
6.407 1.987 0.1765 3.60451 0 1.57075 1.87673 0 -1.81841 0 0 -19.4925 
6.408 1.987 0.1765 3.60639 0 1.56893 1.87673 0 -1.82822 0 0 -19.4925 
6.409 1.987 0.1765 3.60826 0 1.56709 1.87673 0 -1.83803 0 0 -19.4925 
6.41 1.987 0.1765 3.61014 0 1.56524 1.87673 0 -1.84784 0 0 -19.4925 
6.411 1.987 0.1765 3.61202 0 1.56338 1.87673 0 -1.85765 0 0 -19.4925 
6.412 1.987 0.1765 3.61389 0 1.56151 1.87673 0 -1.86746 0 0 -19.4925 
6.413 1.987 0.1765 3.61577 0 1.55964 1.87673 0 -1.87727 0 0 -19.4925 
6.414 1.987 0.1765 3.61765 0 1.55775 1.87673 0 -1.88708 0 0 -19.4925 
6.415 1.987 0.1765 3.61952 0 1.55585 1.87673 0 -1.89689 0 0 -19.4925 
6.416 1.987 0.1765 3.6214 0 1.55395 1.87673 0 -1.9067 0 0 -19.4925 
6.417 1.987 0.1765 3.62328 0 1.55203 1.87673 0 -1.91651 0 0 -19.4925 
6.418 1.987 0.1765 3.62515 0 1.5501 1.87673 0 -1.92632 0 0 -19.4925 
6.419 1.987 0.1765 3.62703 0 1.54817 1.87673 0 -1.93613 0 0 -19.4925 
6.42 1.987 0.1765 3.62891 0 1.54622 1.87673 0 -1.94594 0 0 -19.4925 
6.421 1.987 0.1765 3.63078 0 1.54427 1.87673 0 -1.95575 0 0 -19.4925 
6.422 1.987 0.1765 3.63266 0 1.5423 1.87673 0 -1.96556 0 0 -19.4925 
6.423 1.987 0.1765 3.63454 0 1.54033 1.87673 0 -1.97537 0 0 -19.4925 
6.424 1.987 0.1765 3.63641 0 1.53834 1.87673 0 -1.98518 0 0 -19.4925 
6.425 1.987 0.1765 3.63829 0 1.53635 1.87673 0 -1.99499 0 0 -19.4925 
6.426 1.987 0.1765 3.64017 0 1.53434 1.87673 0 -2.0048 0 0 -19.4925 
6.427 1.987 0.1765 3.64204 0 1.53233 1.87673 0 -2.01461 0 0 -19.4925 
6.428 1.987 0.1765 3.64392 0 1.5303 1.87673 0 -2.02442 0 0 -19.4925 
6.429 1.987 0.1765 3.6458 0 1.52827 1.87673 0 -2.03423 0 0 -19.4925 
6.43 1.987 0.1765 3.64768 0 1.52622 1.87673 0 -2.04404 0 0 -19.4925 
6.431 1.987 0.1765 3.64955 0 1.52417 1.87673 0 -2.05385 0 0 -19.4925 
6.432 1.987 0.1765 3.65143 0 1.52211 1.87673 0 -2.06366 0 0 -19.4925 
6.433 1.987 0.1765 3.65331 0 1.52003 1.87673 0 -2.07347 0 0 -19.4925 
6.434 1.987 0.1765 3.65518 0 1.51795 1.87673 0 -2.08328 0 0 -19.4925 
6.435 1.987 0.1765 3.65706 0 1.51586 1.87673 0 -2.09309 0 0 -19.4925 
6.436 1.987 0.1765 3.65894 0 1.51375 1.87673 0 -2.1029 0 0 -19.4925 
6.437 1.987 0.1765 3.66081 0 1.51164 1.87673 0 -2.11271 0 0 -19.4925 
6.438 1.987 0.1765 3.66269 0 1.50952 1.87673 0 -2.12252 0 0 -19.4925 
6.439 1.987 0.1765 3.66457 0 1.50739 1.87673 0 -2.13233 0 0 -19.4925 
6.44 1.987 0.1765 3.66644 0 1.50524 1.87673 0 -2.14214 0 0 -19.4925 
6.441 1.987 0.1765 3.66832 0 1.50309 1.87673 0 -2.15195 0 0 -19.4925 
6.442 1.987 0.1765 3.6702 0 1.50093 1.87673 0 -2.16176 0 0 -19.4925 
6.443 1.987 0.1765 3.67207 0 1.49876 1.87673 0 -2.17157 0 0 -19.4925 
6.444 1.987 0.1765 3.67395 0 1.49658 1.87673 0 -2.18138 0 0 -19.4925 
6.445 1.987 0.1765 3.67583 0 1.49439 1.87673 0 -2.19119 0 0 -19.4925 
6.446 1.987 0.1765 3.6777 0 1.49218 1.87673 0 -2.201 0 0 -19.4925 
6.447 1.987 0.1765 3.67958 0 1.48997 1.87673 0 -2.21081 0 0 -19.4925 
6.448 1.987 0.1765 3.68146 0 1.48775 1.87673 0 -2.22062 0 0 -19.4925 
6.449 1.987 0.1765 3.68333 0 1.48552 1.87673 0 -2.23043 0 0 -19.4925 
6.45 1.987 0.1765 3.68521 0 1.48328 1.87673 0 -2.24024 0 0 -19.4925 
6.451 1.987 0.1765 3.68709 0 1.48103 1.87673 0 -2.25005 0 0 -19.4925 
6.452 1.987 0.1765 3.68896 0 1.47877 1.87673 0 -2.25986 0 0 -19.4925 
6.453 1.987 0.1765 3.69084 0 1.4765 1.87673 0 -2.26967 0 0 -19.4925 
6.454 1.987 0.1765 3.69272 0 1.47422 1.87673 0 -2.27948 0 0 -19.4925 
6.455 1.987 0.1765 3.69459 0 1.47193 1.87673 0 -2.28929 0 0 -19.4925 
6.456 1.987 0.1765 3.69647 0 1.46963 1.87673 0 -2.2991 0 0 -19.4925 
6.457 1.987 0.1765 3.69835 0 1.46733 1.87673 0 -2.30891 0 0 -19.4925 
6.458 1.987 0.1765 3.70022 0 1.46501 1.87673 0 -2.31872 0 0 -19.4925 
6.459 1.987 0.1765 3.7021 0 1.46268 1.87673 0 -2.32853 0 0 -19.4925 
6.46 1.987 0.1765 3.70398 0 1.46034 1.87673 0 -2.33834 0 0 -19.4925 
6.461 1.987 0.1765 3.70585 0 1.45799 1.87673 0 -2.34815 0 0 -19.4925 
6.462 1.987 0.1765 3.70773 0 1.45563 1.87673 0 -2.35796 0 0 -19.4925 
6.463 1.987 0.1765 3.70961 0 1.45327 1.87673 0 -2.36777 0 0 -19.4925 
6.464 1.987 0.1765 3.71148 0 1.45089 1.87673 0 -2.37758 0 0 -19.4925 
6.465 1.987 0.1765 3.71336 0 1.4485 1.87673 0 -2.38739 0 0 -19.4925 
6.466 1.987 0.1765 3.71524 0 1.4461 1.87673 0 -2.3972 0 0 -19.4925 
6.467 1.987 0.1765 3.71711 0 1.4437 1.87673 0 -2.40701 0 0 -19.4925 
6.468 1.987 0.1765 3.71899 0 1.44128 1.87673 0 -2.41682 0 0 -19.4925 
6.469 1.987 0.1765 3.72087 0 1.43885 1.87673 0 -2.42663 0 0 -19.4925 
6.47 1.987 0.1765 3.72274 0 1.43642 1.87673 0 -2.43644 0 0 -19.4925 
6.471 1.987 0.1765 3.72462 0 1.43397 1.87673 0 -2.44625 0 0 -19.4925 
6.472 1.987 0.1765 3.7265 0 1.43151 1.87673 0 -2.45606 0 0 -19.4925 
6.473 1.987 0.1765 3.72837 0 1.42905 1.87673 0 -2.46587 0 0 -19.4925 
6.474 1.987 0.1765 3.73025 0 1.42657 1.87673 0 -2.47568 0 0 -19.4925 
6.475 1.987 0.1765 3.73213 0 1.42409 1.87673 0 -2.48549 0 0 -19.4925 
6.476 1.987 0.1765 3.734 0 1.42159 1.87673 0 -2.4953 0 0 -19.4925 
6.477 1.987 0.1765 3.73588 0 1.41909 1.87673 0 -2.50511 0 0 -19.4925 
6.478 1.987 0.1765 3.73776 0 1.41657 1.87673 0 -2.51492 0 0 -19.4925 
6.479 1.987 0.1765 3.73963 0 1.41405 1.87673 0 -2.52473 0 0 -19.4925 
6.48 1.987 0.1765 3.74151 0 1.41151 1.87673 0 -2.53454 0 0 -19.4925 
6.481 1.987 0.1765 3.74339 0 1.40897 1.87673 0 -2.54435 0 0 -19.4925 
6.482 1.987 0.1765 3.74527 0 1.40641 1.87673 0 -2.55416 0 0 -19.4925 
6.483 1.987 0.1765 3.74714 0 1.40385 1.87673 0 -2.56397 0 0 -19.4925 
6.484 1.987 0.1765 3.74902 0 1.40128 1.87673 0 -2.57378 0 0 -19.4925 
6.485 1.987 0.1765 3.7509 0 1.39869 1.87673 0 -2.58359 0 0 -19.4925 
6.486 1.987 0.1765 3.75277 0 1.3961 1.87673 0 -2.5934 0 0 -19.4925 
6.487 1.987 0.1765 3.75465 0 1.3935 1.87673 0 -2.60321 0 0 -19.4925 
6.488 1.987 0.1765 3.75653 0 1.39088 1.87673 0 -2.61302 0 0 -19.4925 
6.489 1.987 0.1765 3.7584 0 1.38826 1.87673 0 -2.62283 0 0 -19.4925 
6.49 1.987 0.1765 3.76028 0 1.38563 1.87673 0 -2.63264 0 0 -19.4925 
6.491 1.987 0.1765 3.76216 0 1.38299 1.87673 0 -2.64245 0 0 -19.4925 
6.492 1.987 0.1765 3.76403 0 1.38033 1.87673 0 -2.65226 0 0 -19.4925 
6.493 1.987 0.1765 3.76591 0 1.37767 1.87673 0 -2.66207 0 0 -19.4925 
6.494 1.987 0.1765 3.76779 0 1.375 1.87673 0 -2.67188 0 0 -19.4925 
6.495 1.987 0.1765 3.76966 0 1.37232 1.87673 0 -2.68169 0 0 -19.4925 
6.496 1.987 0.1765 3.77154 0 1.36963 1.87673 0 -2.6915 0 0 -19.4925 
6.497 1.987 0.1765 3.77342 0 1.36693 1.87673 0 -2.70131 0 0 -19.4925 
6.498 1.987 0.1765 3.77529 0 1.36421 1.87673 0 -2.71112 0 0 -19.4925 
6.499 1.987 0.1765 3.77717 0 1.36149 1.87673 0 -2.72093 0 0 -19.4925 
6.5 1.987 0.1765 3.77905 0 1.35876 1.87673 0 -2.73074 0 0 -19.4925 
6.501 1.987 0.1765 3.78092 0 1.35602 1.87673 0 -2.74055 0 0 -19.4925 
6.502 1.987 0.1765 3.7828 0 1.35327 1.87673 0 -2.75036 0 0 -19.4925 
6.503 1.987 0.1765 3.78468 0 1.35051 1.87673 0 -2.76017 0 0 -19.4925 
6.504 1.987 0.1765 3.78655 0 1.34774 1.87673 0 -2.76998 0 0 -19.4925 
6.505 1.987 0.1765 3.78843 0 1.34496 1.87673 0 -2.77979 0 0 -19.4925 
6.506 1.987 0.1765 3.79031 0 1.34217 1.87673 0 -2.7896 0 0 -19.4925 
6.507 1.987 0.1765 3.79218 0 1.33937 1.87673 0 -2.79941 0 0 -19.4925 
6.508 1.987 0.1765 3.79406 0 1.33656 1.87673 0 -2.80922 0 0 -19.4925 
6.509 1.987 0.1765 3.79594 0 1.33374 1.87673 0 -2.81903 0 0 -19.4925 
6.51 1.987 0.1765 3.79781 0 1.33092 1.87673 0 -2.82884 0 0 -19.4925 
6.511 1.987 0.1765 3.79969 0 1.32808 1.87673 0 -2.83865 0 0 -19.4925 
6.512 1.987 0.1765 3.80157 0 1.32523 1.87673 0 -2.84846 0 0 -19.4925 
6.513 1.987 0.1765 3.80344 0 1.32237 1.87673 0 -2.85827 0 0 -19.4925 
6.514 1.987 0.1765 3.80532 0 1.3195 1.87673 0 -2.86808 0 0 -19.4925 
6.515 1.987 0.1765 3.8072 0 1.31662 1.87673 0 -2.87789 0 0 -19.4925 
6.516 1.987 0.1765 3.80907 0 1.31374 1.87673 0 -2.8877 0 0 -19.4925 
6.517 1.987 0.1765 3.81095 0 1.31084 1.87673 0 -2.89751 0 0 -19.4925 
6.518 1.987 0.1765 3.81283 0 1.30793 1.87673 0 -2.90732 0 0 -19.4925 
6.519 1.987 0.1765 3.8147 0 1.30501 1.87673 0 -2.91713 0 0 -19.4925 
6.52 1.987 0.1765 3.81658 0 1.30209 1.87673 0 -2.92694 0 0 -19.4925 
6.521 1.987 0.1765 3.81846 0 1.29915 1.87673 0 -2.93675 0 0 -19.4925 
6.522 1.987 0.1765 3.82033 0 1.2962 1.87673 0 -2.94656 0 0 -19.4925 
6.523 1.987 0.1765 3.82221 0 1.29325 1.87673 0 -2.95637 0 0 -19.4925 
6.524 1.987 0.1765 3.82409 0 1.29028 1.87673 0 -2.96618 0 0 -19.4925 
6.525 1.987 0.1765 3.82596 0 1.28731 1.87673 0 -2.97599 0 0 -19.4925 
6.526 1.987 0.1765 3.82784 0 1.28432 1.87673 0 -2.9858 0 0 -19.4925 
6.527 1.987 0.1765 3.82972 0 1.28132 1.87673 0 -2.99561 0 0 -19.4925 
6.528 1.987 0.1765 3.83159 0 1.27832 1.87673 0 -3.00542 0 0 -19.4925 
6.529 1.987 0.1765 3.83347 0 1.2753 1.87673 0 -3.01523 0 0 -19.4925 
6.53 1.987 0.1765 3.83535 0 1.27228 1.87673 0 -3.02504 0 0 -19.4925 
6.531 1.987 0.1765 3.83722 0 1.26924 1.87673 0 -3.03485 0 0 -19.4925 
6.532 1.987 0.1765 3.8391 0 1.2662 1.87673 0 -3.04466 0 0 -19.4925 
6.533 1.987 0.1765 3.84098 0 1.26314 1.87673 0 -3.05447 0 0 -19.4925 
6.534 1.987 0.1765 3.84286 0 1.26008 1.87673 0 -3.06428 0 0 -19.4925 
6.535 1.987 0.1765 3.84473 0 1.25701 1.87673 0 -3.07409 0 0 -19.4925 
6.536 1.987 0.1765 3.84661 0 1.25392 1.87673 0 -3.0839 0 0 -19.4925 
6.537 1.987 0.1765 3.84849 0 1.25083 1.87673 0 -3.09371 0 0 -19.4925 
6.538 1.987 0.1765 3.85036 0 1.24773 1.87673 0 -3.10352 0 0 -19.4925 
6.539 1.987 0.1765 3.85224 0 1.24461 1.87673 0 -3.11333 0 0 -19.4925 
6.54 1.987 0.1765 3.85412 0 1.24149 1.87673 0 -3.12314 0 0 -19.4925 
6.541 1.987 0.1765 3.85599 0 1.23836 1.87673 0 -3.13295 0 0 -19.4925 
6.542 1.987 0.1765 3.85787 0 1.23521 1.87673 0 -3.14276 0 0 -19.4925 
6.543 1.987 0.1765 3.85975 0 1.23206 1.87673 0 -3.15257 0 0 -19.4925 
6.544 1.987 0.1765 3.86162 0 1.2289 1.87673 0 -3.16238 0 0 -19.4925 
6.545 1.987 0.1765 3.8635 0 1.22573 1.87673 0 -3.17219 0 0 -19.4925 
6.546 1.987 0.1765 3.86538 0 1.22254 1.87673 0 -3.182 0 0 -19.4925 
6.547 1.987 0.1765 3.86725 0 1.21935 1.87673 0 -3.19181 0 0 -19.4925 
6.548 1.987 0.1765 3.86913 0 1.21615 1.87673 0 -3.20162 0 0 -19.4925 
6.549 1.987 0.1765 3.87101 0 1.21294 1.87673 0 -3.21143 0 0 -19.4925 
6.55 1.987 0.1765 3.87288 0 1.20972 1.87673 0 -3.22124 0 0 -19.4925 
6.551 1.987 0.1765 3.87476 0 1.20649 1.87673 0 -3.23105 0 0 -19.4925 
6.552 1.987 0.1765 3.87664 0 1.20325 1.87673 0 -3.24086 0 0 -19.4925 
6.553 1.987 0.1765 3.87851 0 1.2 1.87673 0 -3.25067 0 0 -19.4925 
6.554 1.987 0.1765 3.88039 0 1.19673 1.87673 0 -3.26048 0 0 -19.4925 
6.555 1.987 0.1765 3.88227 0 1.19346 1.87673 0 -3.27029 0 0 -19.4925 
6.556 1.987 0.1765 3.88414 0 1.19018 1.87673 0 -3.2801 0 0 -19.4925 
6.557 1.987 0.1765 3.88602 0 1.18689 1.87673 0 -3.28991 0 0 -19.4925 
6.558 1.987 0.1765 3.8879 0 1.18359 1.87673 0 -3.29972 0 0 -19.4925 
6.559 1.987 0.1765 3.88977 0 1.18029 1.87673 0 -3.30953 0 0 -19.4925 
6.56 1.987 0.1765 3.89165 0 1.17697 1.87673 0 -3.31934 0 0 -19.4925 
6.561 1.987 0.1765 3.89353 0 1.17364 1.87673 0 -3.32915 0 0 -19.4925 
6.562 1.987 0.1765 3.8954 0 1.1703 1.87673 0 -3.33896 0 0 -19.4925 
6.563 1.987 0.1765 3.89728 0 1.16695 1.87673 0 -3.34877 0 0 -19.4925 
6.564 1.987 0.1765 3.89916 0 1.16359 1.87673 0 -3.35858 0 0 -19.4925 
6.565 1.987 0.1765 3.90103 0 1.16022 1.87673 0 -3.36839 0 0 -19.4925 
6.566 1.987 0.1765 3.90291 0 1.15684 1.87673 0 -3.3782 0 0 -19.4925 
6.567 1.987 0.1765 3.90479 0 1.15346 1.87673 0 -3.38801 0 0 -19.4925 
6.568 1.987 0.1765 3.90666 0 1.15006 1.87673 0 -3.39782 0 0 -19.4925 
6.569 1.987 0.1765 3.90854 0 1.14665 1.87673 0 -3.40763 0 0 -19.4925 
6.57 1.987 0.1765 3.91042 0 1.14323 1.87673 0 -3.41744 0 0 -19.4925 
6.571 1.987 0.1765 3.91229 0 1.13981 1.87673 0 -3.42725 0 0 -19.4925 
6.572 1.987 0.1765 3.91417 0 1.13637 1.87673 0 -3.43706 0 0 -19.4925 
6.573 1.987 0.1765 3.91605 0 1.13292 1.87673 0 -3.44687 0 0 -19.4925 
6.574 1.987 0.1765 3.91792 0 1.12947 1.87673 0 -3.45668 0 0 -19.4925 
6.575 1.987 0.1765 3.9198 0 1.126 1.87673 0 -3.46649 0 0 -19.4925 
6.576 1.987 0.1765 3.92168 0 1.12252 1.87673 0 -3.4763 0 0 -19.4925 
6.577 1.987 0.1765 3.92355 0 1.11904 1.87673 0 -3.48611 0 0 -19.4925 
6.578 1.987 0.1765 3.92543 0 1.11554 1.87673 0 -3.49592 0 0 -19.4925 
6.579 1.987 0.1765 3.92731 0 1.11203 1.87673 0 -3.50573 0 0 -19.4925 
6.58 1.987 0.1765 3.92918 0 1.10852 1.87673 0 -3.51554 0 0 -19.4925 
6.581 1.987 0.1765 3.93106 0 1.10499 1.87673 0 -3.52535 0 0 -19.4925 
6.582 1.987 0.1765 3.93294 0 1.10146 1.87673 0 -3.53516 0 0 -19.4925 
6.583 1.987 0.1765 3.93481 0 1.09791 1.87673 0 -3.54497 0 0 -19.4925 
6.584 1.987 0.1765 3.93669 0 1.09436 1.87673 0 -3.55478 0 0 -19.4925 
6.585 1.987 0.1765 3.93857 0 1.09079 1.87673 0 -3.56459 0 0 -19.4925 
6.586 1.987 0.1765 3.94045 0 1.08722 1.87673 0 -3.5744 0 0 -19.4925 
6.587 1.987 0.1765 3.94232 0 1.08364 1.87673 0 -3.58421 0 0 -19.4925 
6.588 1.987 0.1765 3.9442 0 1.08004 1.87673 0 -3.59402 0 0 -19.4925 
6.589 1.987 0.1765 3.94608 0 1.07644 1.87673 0 -3.60383 0 0 -19.4925 
6.59 1.987 0.1765 3.94795 0 1.07282 1.87673 0 -3.61364 0 0 -19.4925 
6.591 1.987 0.1765 3.94983 0 1.0692 1.87673 0 -3.62345 0 0 -19.4925 
6.592 1.987 0.1765 3.95171 0 1.06557 1.87673 0 -3.63326 0 0 -19.4925 
6.593 1.987 0.1765 3.95358 0 1.06192 1.87673 0 -3.64307 0 0 -19.4925 
6.594 1.987 0.1765 3.95546 0 1.05827 1.87673 0 -3.65288 0 0 -19.4925 
6.595 1.987 0.1765 3.95734 0 1.05461 1.87673 0 -3.66269 0 0 -19.4925 
6.596 1.987 0.1765 3.95921 0 1.05094 1.87673 0 -3.6725 0 0 -19.4925 
6.597 1.987 0.1765 3.96109 0 1.04725 1.87673 0 -3.68231 0 0 -19.4925 
6.598 1.987 0.1765 3.96297 0 1.04356 1.87673 0 -3.69212 0 0 -19.4925 
6.599 1.987 0.1765 3.96484 0 1.03986 1.87673 0 -3.70193 0 0 -19.4925 
6.6 1.987 0.1765 3.96672 0 1.03615 1.87673 0 -3.71174 0 0 -19.4925 
6.601 1.987 0.1765 3.9686 0 1.03243 1.87673 0 -3.72155 0 0 -19.4925 
6.602 1.987 0.1765 3.97047 0 1.0287 1.87673 0 -3.73136 0 0 -19.4925 
6.603 1.987 0.1765 3.97235 0 1.02495 1.87673 0 -3.74117 0 0 -19.4925 
6.604 1.987 0.1765 3.97423 0 1.0212 1.87673 0 -3.75098 0 0 -19.4925 
6.605 1.987 0.1765 3.9761 0 1.01744 1.87673 0 -3.76079 0 0 -19.4925 
6.606 1.987 0.1765 3.97798 0 1.01367 1.87673 0 -3.7706 0 0 -19.4925 
6.607 1.987 0.1765 3.97986 0 1.00989 1.87673 0 -3.78041 0 0 -19.4925 
6.608 1.987 0.1765 3.98173 0 1.0061 1.87673 0 -3.79022 0 0 -19.4925 
6.609 1.987 0.1765 3.98361 0 1.0023 1.87673 0 -3.80003 0 0 -19.4925 
6.61 1.987 0.1765 3.98549 0 0.998491 1.87673 0 -3.80984 0 0 -19.4925 
6.611 1.987 0.1765 3.98736 0 0.994672 1.87673 0 -3.81965 0 0 -19.4925 
6.612 1.987 0.1765 3.98924 0 0.990842 1.87673 0 -3.82946 0 0 -19.4925 
6.613 1.987 0.1765 3.99112 0 0.987003 1.87673 0 -3.83927 0 0 -19.4925 
6.614 1.987 0.1765 3.99299 0 0.983154 1.87673 0 -3.84908 0 0 -19.4925 
6.615 1.987 0.1765 3.99487 0 0.979295 1.87673 0 -3.85889 0 0 -19.4925 
6.616 1.987 0.1765 3.99675 0 0.975426 1.87673 0 -3.8687 0 0 -19.4925 
6.617 1.987 0.1765 3.99862 0 0.971548 1.87673 0 -3.87851 0 0 -19.4925 
6.618 1.987 0.1765 4.0005 0 0.967659 1.87673 0 -3.88832 0 0 -19.4925 
6.619 1.987 0.1765 4.00238 0 0.963761 1.87673 0 -3.89813 0 0 -19.4925 
6.62 1.987 0.1765 4.00425 0 0.959853 1.87673 0 -3.90794 0 0 -19.4925 
6.621 1.987 0.1765 4.00613 0 0.955936 1.87673 0 -3.91775 0 0 -19.4925 
6.622 1.987 0.1765 4.00801 0 0.952008 1.87673 0 -3.92756 0 0 -19.4925 
6.623 1.987 0.1765 4.00988 0 0.948071 1.87673 0 -3.93737 0 0 -19.4925 
6.624 1.987 0.1765 4.01176 0 0.944123 1.87673 0 -3.94718 0 0 -19.4925 
6.625 1.987 0.1765 4.01364 0 0.940166 1.87673 0 -3.95699 0 0 -19.4925 
6.626 1.987 0.1765 4.01551 0 0.9362 1.87673 0 -3.9668 0 0 -19.4925 
6.627 1.987 0.1765 4.01739 0 0.932223 1.87673 0 -3.97661 0 0 -19.4925 
6.628 1.987 0.1765 4.01927 0 0.928237 1.87673 0 -3.98642 0 0 -19.4925 
6.629 1.987 0.1765 4.02114 0 0.92424 1.87673 0 -3.99623 0 0 -19.4925 
6.63 1.987 0.1765 4.02302 0 0.920234 1.87673 0 -4.00604 0 0 -19.4925 
6.631 1.987 0.1765 4.0249 0 0.916219 1.87673 0 -4.01585 0 0 -19.4925 
6.632 1.987 0.1765 4.02677 0 0.912193 1.87673 0 -4.02566 0 0 -19.4925 
6.633 1.987 0.1765 4.02865 0 0.908157 1.87673 0 -4.03547 0 0 -19.4925 
6.634 1.987 0.1765 4.03053 0 0.904112 1.87673 0 -4.04528 0 0 -19.4925 
6.635 1.987 0.1765 4.0324 0 0.900057 1.87673 0 -4.05509 0 0 -19.4925 
6.636 1.987 0.1765 4.03428 0 0.895992 1.87673 0 -4.0649 0 0 -19.4925 
6.637 1.987 0.1765 4.03616 0 0.891917 1.87673 0 -4.07471 0 0 -19.4925 
6.638 1.987 0.1765 4.03804 0 0.887833 1.87673 0 -4.08452 0 0 -19.4925 
6.639 1.987 0.1765 4.03991 0 0.883739 1.87673 0 -4.09433 0 0 -19.4925 
6.64 1.987 0.1765 4.04179 0 0.879634 1.87673 0 -4.10414 0 0 -19.4925 
6.641 1.987 0.1765 4.04367 0 0.87552 1.87673 0 -4.11395 0 0 -19.4925 
6.642 1.987 0.1765 4.04554 0 0.871397 1.87673 0 -4.12376 0 0 -19.4925 
6.643 1.987 0.1765 4.04742 0 0.867263 1.87673 0 -4.13357 0 0 -19.4925 
6.644 1.987 0.1765 4.0493 0 0.86312 1.87673 0 -4.14338 0 0 -19.4925 
6.645 1.987 0.1765 4.05117 0 0.858967 1.87673 0 -4.15319 0 0 -19.4925 
6.646 1.987 0.1765 4.05305 0 0.854804 1.87673 0 -4.163 0 0 -19.4925 
6.647 1.987 0.1765 4.05493 0 0.850631 1.87673 0 -4.17281 0 0 -19.4925 
6.648 1.987 0.1765 4.0568 0 0.846448 1.87673 0 -4.18262 0 0 -19.4925 
6.649 1.987 0.1765 4.05868 0 0.842256 1.87673 0 -4.19243 0 0 -19.4925 
6.65 1.987 0.1765 4.06056 0 0.838054 1.87673 0 -4.20224 0 0 -19.4925 
6.651 1.987 0.1765 4.06243 0 0.833841 1.87673 0 -4.21205 0 0 -19.4925 
6.652 1.987 0.1765 4.06431 0 0.82962 1.87673 0 -4.22186 0 0 -19.4925 
6.653 1.987 0.1765 4.06619 0 0.825388 1.87673 0 -4.23167 0 0 -19.4925 
6.654 1.987 0.1765 4.06806 0 0.821146 1.87673 0 -4.24148 0 0 -19.4925 
6.655 1.987 0.1765 4.06994 0 0.816895 1.87673 0 -4.25129 0 0 -19.4925 
6.656 1.987 0.1765 4.07182 0 0.812634 1.87673 0 -4.2611 0 0 -19.4925 
6.657 1.987 0.1765 4.07369 0 0.808363 1.87673 0 -4.27091 0 0 -19.4925 
6.658 1.987 0.1765 4.07557 0 0.804082 1.87673 0 -4.28072 0 0 -19.4925 
6.659 1.987 0.1765 4.07745 0 0.799792 1.87673 0 -4.29053 0 0 -19.4925 
6.66 1.987 0.1765 4.07932 0 0.795492 1.87673 0 -4.30034 0 0 -19.4925 
6.661 1.987 0.1765 4.0812 0 0.791181 1.87673 0 -4.31015 0 0 -19.4925 
6.662 1.987 0.1765 4.08308 0 0.786861 1.87673 0 -4.31996 0 0 -19.4925 
6.663 1.987 0.1765 4.08495 0 0.782532 1.87673 0 -4.32977 0 0 -19.4925 
6.664 1.987 0.1765 4.08683 0 0.778192 1.87673 0 -4.33958 0 0 -19.4925 
6.665 1.987 0.1765 4.08871 0 0.773843 1.87673 0 -4.34939 0 0 -19.4925 
6.666 1.987 0.1765 4.09058 0 0.769484 1.87673 0 -4.3592 0 0 -19.4925 
6.667 1.987 0.1765 4.09246 0 0.765115 1.87673 0 -4.36901 0 0 -19.4925 
6.668 1.987 0.1765 4.09434 0 0.760736 1.87673 0 -4.37882 0 0 -19.4925 
6.669 1.987 0.1765 4.09621 0 0.756347 1.87673 0 -4.38863 0 0 -19.4925 
6.67 1.987 0.1765 4.09809 0 0.751949 1.87673 0 -4.39844 0 0 -19.4925 
6.671 1.987 0.1765 4.09997 0 0.74754 1.87673 0 -4.40825 0 0 -19.4925 
6.672 1.987 0.1765 4.10184 0 0.743122 1.87673 0 -4.41806 0 0 -19.4925 
6.673 1.987 0.1765 4.10372 0 0.738694 1.87673 0 -4.42787 0 0 -19.4925 
6.674 1.987 0.1765 4.1056 0 0.734257 1.87673 0 -4.43768 0 0 -19.4925 
6.675 1.987 0.1765 4.10747 0 0.729809 1.87673 0 -4.44749 0 0 -19.4925 
6.676 1.987 0.1765 4.10935 0 0.725352 1.87673 0 -4.4573 0 0 -19.4925 
6.677 1.987 0.1765 4.11123 0 0.720885 1.87673 0 -4.46711 0 0 -19.4925 
6.678 1.987 0.1765 4.1131 0 0.716408 1.87673 0 -4.47692 0 0 -19.4925 
6.679 1.987 0.1765 4.11498 0 0.711921 1.87673 0 -4.48673 0 0 -19.4925 
6.68 1.987 0.1765 4.11686 0 0.707425 1.87673 0 -4.49654 0 0 -19.4925 
6.681 1.987 0.1765 4.11873 0 0.702918 1.87673 0 -4.50635 0 0 -19.4925 
6.682 1.987 0.1765 4.12061 0 0.698402 1.87673 0 -4.51616 0 0 -19.4925 
6.683 1.987 0.1765 4.12249 0 0.693876 1.87673 0 -4.52597 0 0 -19.4925 
6.684 1.987 0.1765 4.12436 0 0.68934 1.87673 0 -4.53578 0 0 -19.4925 
6.685 1.987 0.1765 4.12624 0 0.684795 1.87673 0 -4.54559 0 0 -19.4925 
6.686 1.987 0.1765 4.12812 0 0.680239 1.87673 0 -4.5554 0 0 -19.4925 
6.687 1.987 0.1765 4.12999 0 0.675674 1.87673 0 -4.56521 0 0 -19.4925 
6.688 1.987 0.1765 4.13187 0 0.671099 1.87673 0 -4.57502 0 0 -19.4925 
6.689 1.987 0.1765 4.13375 0 0.666514 1.87673 0 -4.58483 0 0 -19.4925 
6.69 1.987 0.1765 4.13563 0 0.66192 1.87673 0 -4.59464 0 0 -19.4925 
6.691 1.987 0.1765 4.1375 0 0.657315 1.87673 0 -4.60445 0 0 -19.4925 
6.692 1.987 0.1765 4.13938 0 0.652701 1.87673 0 -4.61426 0 0 -19.4925 
6.693 1.987 0.1765 4.14126 0 0.648077 1.87673 0 -4.62407 0 0 -19.4925 
6.694 1.987 0.1765 4.14313 0 0.643443 1.87673 0 -4.63388 0 0 -19.4925 
6.695 1.987 0.1765 4.14501 0 0.638799 1.87673 0 -4.64369 0 0 -19.4925 
6.696 1.987 0.1765 4.14689 0 0.634146 1.87673 0 -4.6535 0 0 -19.4925 
6.697 1.987 0.1765 4.14876 0 0.629483 1.87673 0 -4.66331 0 0 -19.4925 
6.698 1.987 0.1765 4.15064 0 0.62481 1.87673 0 -4.67312 0 0 -19.4925 
6.699 1.987 0.1765 4.15252 0 0.620127 1.87673 0 -4.68293 0 0 -19.4925 
6.7 1.987 0.1765 4.15439 0 0.615434 1.87673 0 -4.69274 0 0 -19.4925 
6.701 1.987 0.1765 4.15627 0 0.610731 1.87673 0 -4.70255 0 0 -19.4925 
6.702 1.987 0.1765 4.15815 0 0.606019 1.87673 0 -4.71236 0 0 -19.4925 
6.703 1.987 0.1765 4.16002 0 0.601297 1.87673 0 -4.72217 0 0 -19.4925 
6.704 1.987 0.1765 4.1619 0 0.596565 1.87673 0 -4.73198 0 0 -19.4925 
6.705 1.987 0.1765 4.16378 0 0.591823 1.87673 0 -4.74179 0 0 -19.4925 
6.706 1.987 0.1765 4.16565 0 0.587071 1.87673 0 -4.7516 0 0 -19.4925 
6.707 1.987 0.1765 4.16753 0 0.58231 1.87673 0 -4.76141 0 0 -19.4925 
6.708 1.987 0.1765 4.16941 0 0.577539 1.87673 0 -4.77122 0 0 -19.4925 
6.709 1.987 0.1765 4.17128 0 0.572758 1.87673 0 -4.78103 0 0 -19.4925 
6.71 1.987 0.1765 4.17316 0 0.567967 1.87673 0 -4.79084 0 0 -19.4925 
6.711 1.987 0.1765 4.17504 0 0.563166 1.87673 0 -4.80065 0 0 -19.4925 
6.712 1.987 0.1765 4.17691 0 0.558356 1.87673 0 -4.81046 0 0 -19.4925 
6.713 1.987 0.1765 4.17879 0 0.553536 1.87673 0 -4.82027 0 0 -19.4925 
6.714 1.987 0.1765 4.18067 0 0.548705 1.87673 0 -4.83008 0 0 -19.4925 
6.715 1.987 0.1765 4.18254 0 0.543866 1.87673 0 -4.83989 0 0 -19.4925 
6.716 1.987 0.1765 4.18442 0 0.539016 1.87673 0 -4.8497 0 0 -19.4925 
6.717 1.987 0.1765 4.1863 0 0.534156 1.87673 0 -4.85951 0 0 -19.4925 
6.718 1.987 0.1765 4.18817 0 0.529287 1.87673 0 -4.86932 0 0 -19.4925 
6.719 1.987 0.1765 4.19005 0 0.524408 1.87673 0 -4.87913 0 0 -19.4925 
6.72 1.987 0.1765 4.19193 0 0.519519 1.87673 0 -4.88894 0 0 -19.4925 
6.721 1.987 0.1765 4.1938 0 0.51462 1.87673 0 -4.89875 0 0 -19.4925 
6.722 1.987 0.1765 4.19568 0 0.509712 1.87673 0 -4.90856 0 0 -19.4925 
6.723 1.987 0.1765 4.19756 0 0.504793 1.87673 0 -4.91837 0 0 -19.4925 
6.724 1.987 0.1765 4.19943 0 0.499865 1.87673 0 -4.92818 0 0 -19.4925 
6.725 1.987 0.1765 4.20131 0 0.494927 1.87673 0 -4.93799 0 0 -19.4925 
6.726 1.987 0.1765 4.20319 0 0.489979 1.87673 0 -4.9478 0 0 -19.4925 
6.727 1.987 0.1765 4.20506 0 0.485022 1.87673 0 -4.95761 0 0 -19.4925 
6.728 1.987 0.1765 4.20694 0 0.480054 1.87673 0 -4.96742 0 0 -19.4925 
6.729 1.987 0.1765 4.20882 0 0.475077 1.87673 0 -4.97723 0 0 -19.4925 
6.73 1.987 0.1765 4.21069 0 0.47009 1.87673 0 -4.98704 0 0 -19.4925 
6.731 1.987 0.1765 4.21257 0 0.465093 1.87673 0 -4.99685 0 0 -19.4925 
6.732 1.987 0.1765 4.21445 0 0.460087 1.87673 0 -5.00666 0 0 -19.4925 
6.733 1.987 0.1765 4.21632 0 0.45507 1.87673 0 -5.01647 0 0 -19.4925 
6.734 1.987 0.1765 4.2182 0 0.450044 1.87673 0 -5.02628 0 0 -19.4925 
6.735 1.987 0.1765 4.22008 0 0.445008 1.87673 0 -5.03609 0 0 -19.4925 
6.736 1.987 0.1765 4.22195 0 0.439962 1.87673 0 -5.0459 0 0 -19.4925 
6.737 1.987 0.1765 4.22383 0 0.434906 1.87673 0 -5.05571 0 0 -19.4925 
6.738 1.987 0.1765 4.22571 0 0.429841 1.87673 0 -5.06552 0 0 -19.4925 
6.739 1.987 0.1765 4.22758 0 0.424765 1.87673 0 -5.07533 0 0 -19.4925 
6.74 1.987 0.1765 4.22946 0 0.41968 1.87673 0 -5.08514 0 0 -19.4925 
6.741 1.987 0.1765 4.23134 0 0.414585 1.87673 0 -5.09495 0 0 -19.4925 
6.742 1.987 0.1765 4.23322 0 0.40948 1.87673 0 -5.10476 0 0 -19.4925 
6.743 1.987 0.1765 4.23509 0 0.404366 1.87673 0 -5.11457 0 0 -19.4925 
6.744 1.987 0.1765 4.23697 0 0.399241 1.87673 0 -5.12438 0 0 -19.4925 
6.745 1.987 0.1765 4.23885 0 0.394107 1.87673 0 -5.13419 0 0 -19.4925 
6.746 1.987 0.1765 4.24072 0 0.388963 1.87673 0 -5.144 0 0 -19.4925 
6.747 1.987 0.1765 4.2426 0 0.383809 1.87673 0 -5.15381 0 0 -19.4925 
6.748 1.987 0.1765 4.24448 0 0.378646 1.87673 0 -5.16362 0 0 -19.4925 
6.749 1.987 0.1765 4.24635 0 0.373472 1.87673 0 -5.17343 0 0 -19.4925 
6.75 1.987 0.1765 4.24823 0 0.368289 1.87673 0 -5.18324 0 0 -19.4925 
6.751 1.987 0.1765 4.25011 0 0.363096 1.87673 0 -5.19305 0 0 -19.4925 
6.752 1.987 0.1765 4.25198 0 0.357893 1.87673 0 -5.20286 0 0 -19.4925 
6.753 1.987 0.1765 4.25386 0 0.352681 1.87673 0 -5.21267 0 0 -19.4925 
6.754 1.987 0.1765 4.25574 0 0.347458 1.87673 0 -5.22248 0 0 -19.4925 
6.755 1.987 0.1765 4.25761 0 0.342226 1.87673 0 -5.23229 0 0 -19.4925 
6.756 1.987 0.1765 4.25949 0 0.336984 1.87673 0 -5.2421 0 0 -19.4925 
6.757 1.987 0.1765 4.26137 0 0.331732 1.87673 0 -5.25191 0 0 -19.4925 
6.758 1.987 0.1765 4.26324 0 0.32647 1.87673 0 -5.26172 0 0 -19.4925 
6.759 1.987 0.1765 4.26512 0 0.321199 1.87673 0 -5.27153 0 0 -19.4925 
6.76 1.987 0.1765 4.267 0 0.315917 1.87673 0 -5.28134 0 0 -19.4925 
6.761 1.987 0.1765 4.26887 0 0.310626 1.87673 0 -5.29115 0 0 -19.4925 
6.762 1.987 0.1765 4.27075 0 0.305325 1.87673 0 -5.30096 0 0 -19.4925 
6.763 1.987 0.1765 4.27263 0 0.300014 1.87673 0 -5.31077 0 0 -19.4925 
6.764 1.987 0.1765 4.2745 0 0.294694 1.87673 0 -5.32058 0 0 -19.4925 
6.765 1.987 0.1765 4.27638 0 0.289363 1.87673 0 -5.33039 0 0 -19.4925 
6.766 1.987 0.1765 4.27826 0 0.284023 1.87673 0 -5.3402 0 0 -19.4925 
6.767 1.987 0.1765 4.28013 0 0.278673 1.87673 0 -5.35001 0 0 -19.4925 
6.768 1.987 0.1765 4.28201 0 0.273313 1.87673 0 -5.35982 0 0 -19.4925 
6.769 1.987 0.1765 4.28389 0 0.267944 1.87673 0 -5.36963 0 0 -19.4925 
6.77 1.987 0.1765 4.28576 0 0.262564 1.87673 0 -5.37944 0 0 -19.4925 
6.771 1.987 0.1765 4.28764 0 0.257175 1.87673 0 -5.38925 0 0 -19.4925 
6.772 1.987 0.1765 4.28952 0 0.251776 1.87673 0 -5.39906 0 0 -19.4925 
6.773 1.987 0.1765 4.29139 0 0.246367 1.87673 0 -5.40887 0 0 -19.4925 
6.774 1.987 0.1765 4.29327 0 0.240948 1.87673 0 -5.41868 0 0 -19.4925 
6.775 1.987 0.1765 4.29515 0 0.23552 1.87673 0 -5.42849 0 0 -19.4925 
6.776 1.987 0.1765 4.29702 0 0.230082 1.87673 0 -5.4383 0 0 -19.4925 
6.777 1.987 0.1765 4.2989 0 0.224634 1.87673 0 -5.44811 0 0 -19.4925 
6.778 1.987 0.1765 4.30078 0 0.219176 1.87673 0 -5.45792 0 0 -19.4925 
6.779 1.987 0.1765 4.30265 0 0.213708 1.87673 0 -5.46773 0 0 -19.4925 
6.78 1.987 0.1765 4.30453 0 0.20823 1.87673 0 -5.47754 0 0 -19.4925 
6.781 1.987 0.1765 4.30641 0 0.202743 1.87673 0 -5.48735 0 0 -19.4925 
6.782 1.987 0.1765 4.30828 0 0.197246 1.87673 0 -5.49716 0 0 -19.4925 
6.783 1.987 0.1765 4.31016 0 0.191739 1.87673 0 -5.50697 0 0 -19.4925 
6.784 1.987 0.1765 4.31204 0 0.186222 1.87673 0 -5.51678 0 0 -19.4925 
6.785 1.987 0.1765 4.31391 0 0.180696 1.87673 0 -5.52659 0 0 -19.4925 
6.786 1.987 0.1765 4.31579 0 0.175159 1.87673 0 -5.5364 0 0 -19.4925 
6.787 1.987 0.1765 4.31767 0 0.169618 1.87673 0 -5.54065 0 0 -8.45666 
6.788 1.987 0.1765 4.31954 0 0.164097 1.87673 0 -5.52196 0 0 37.1455 
6.789 1.987 0.1765 4.32142 0 0.158616 1.87673 0 -5.48039 0 0 82.5937 
6.79 1.987 0.1765 4.3233 0 0.1532 1.87673 0 -5.41613 0 0 127.7 
6.791 1.987 0.1765 4.32517 0 0.147871 1.87673 0 -5.32942 0 0 172.277 
6.792 1.987 0.1765 4.32705 0 0.14265 1.87673 0 -5.22065 0 0 216.141 
6.793 1.987 0.1765 4.32893 0 0.13756 1.87673 0 -5.09024 0 0 259.109 
6.794 1.987 0.1765 4.33081 0 0.132621 1.87673 0 -4.93876 0 0 301.004 
6.795 1.987 0.1765 4.33268 0 0.127854 1.87673 0 -4.76681 0 0 341.652 
6.796 1.987 0.1765 4.33456 0 0.123279 1.87673 0 -4.57512 0 0 380.885 
6.797 1.987 0.1765 4.33644 0 0.118915 1.87673 0 -4.36449 0 0 418.541 
6.798 1.987 0.1765 4.33831 0 0.114779 1.87673 0 -4.13577 0 0 454.462 
6.799 1.987 0.1765 4.34019 0 0.110889 1.87673 0 -3.88992 0 0 488.502 
6.8 1.987 0.1765 4.34207 0 0.107261 1.87673 0 -3.62796 0 0 520.517 
6.801 1.987 0.1765 4.34394 0 0.10391 1.87673 0 -3.35097 0 0 550.377 
6.802 1.987 0.1765 4.34582 0 0.10085 1.87673 0 -3.0601 0 0 577.957 
6.803 1.987 0.1765 4.3477 0 0.0980933 1.87673 0 -2.75655 0 0 603.143 
6.804 1.987 0.1765 4.34957 0 0.0956517 1.87673 0 -2.44159 0 0 625.831 
6.805 1.987 0.1765 4.35145 0 0.0935352 1.87673 0 -2.11652 0 0 645.926 
6.806 1.987 0.1765 4.35333 0 0.0917525 1.87673 0 -1.78267 0 0 663.346 
6.807 1.987 0.1765 4.3552 0 0.090311 1.87673 0 -1.44145 0 0 678.018 
6.808 1.987 0.1765 4.35708 0 0.0892168 1.87673 0 -1.09425 0 0 689.882 
6.809 1.987 0.1765 4.35896 0 0.0884743 1.87673 0 -0.742517 0 0 698.888 
6.81 1.987 0.1765 4.36083 0 0.0880866 1.87673 0 -0.387711 0 0 705 
6.811 1.987 0.1765 4.36271 0 0.0880553 1.87673 0 -0.0312994 0 0 708.191 
6.812 1.987 0.1765 4.36459 0 0.0883805 1.87673 0 0.325242 0 0 708.448 
6.813 1.987 0.1765 4.36646 0 0.0890609 1.87673 0 0.680437 0 0 705.771 
6.814 1.987 0.1765 4.36834 0 0.0900937 1.87673 0 1.03281 0 0 700.171 
6.815 1.987 0.1765 4.37022 0 0.0914747 1.87673 0 1.38091 0 0 691.67 
6.816 1.987 0.1765 4.37209 0 0.0931979 1.87673 0 1.72329 0 0 680.305 
6.817 1.987 0.1765 4.37397 0 0.0952565 1.87673 0 2.05853 0 0 666.121 
6.818 1.987 0.1765 4.37585 0 0.0976417 1.87673 0 2.38524 0 0 649.179 
6.819 1.987 0.1765 4.37772 0 0.100344 1.87673 0 2.70207 0 0 629.547 
6.82 1.987 0.1765 4.3796 0 0.103352 1.87673 0 3.00771 0 0 607.308 
6.821 1.987 0.1765 4.38148 0 0.106652 1.87673 0 3.3009 0 0 582.553 
6.822 1.987 0.1765 4.38335 0 0.110233 1.87673 0 3.58041 0 0 555.385 
6.823 1.987 0.1765 4.38523 0 0.114078 1.87673 0 3.84509 0 0 525.917 
6.824 1.987 0.1765 4.38711 0 0.118172 1.87673 0 4.09384 0 0 494.27 
6.825 1.987 0.1765 4.38898 0 0.122497 1.87673 0 4.32563 0 0 460.576 
6.826 1.987 0.1765 4.39086 0 0.127037 1.87673 0 4.53951 0 0 424.974 
6.827 1.987 0.1765 4.39274 0 0.131771 1.87673 0 4.73458 0 0 387.612 
6.828 1.987 0.1765 4.39461 0 0.136681 1.87673 0 4.91005 0 0 348.644 
6.829 1.987 0.1765 4.39649 0 0.141747 1.87673 0 5.06517 0 0 308.232 
6.83 1.987 0.1765 4.39837 0 0.146946 1.87673 0 5.19931 0 0 266.543 
6.831 1.987 0.1765 4.40024 0 0.152258 1.87673 0 5.31192 0 0 223.751 
6.832 1.987 0.1765 4.40212 0 0.15766 1.87673 0 5.40252 0 0 180.031 
6.833 1.987 0.1765 4.404 0 0.163131 1.87673 0 5.47075 0 0 135.566 
6.834 1.987 0.1765 4.40587 0 0.168647 1.87673 0 5.51632 0 0 90.539 
6.835 1.987 0.1765 4.40775 0 0.174187 1.87673 0 5.53903 0 0 45.1372 
6.836 1.987 0.1765 4.40963 0 0.179725 1.87673 0 5.53881 0 0 -0.45153 
6.837 1.987 0.1765 4.4115 0 0.185254 1.87673 0 5.529 0 0 -19.4925 
6.838 1.987 0.1765 4.41338 0 0.190774 1.87673 0 5.51919 0 0 -19.4925 
6.839 1.987 0.1765 4.41526 0 0.196283 1.87673 0 5.50938 0 0 -19.4925 
6.84 1.987 0.1765 4.41713 0 0.201782 1.87673 0 5.49957 0 0 -19.4925 
6.841 1.987 0.1765 4.41901 0 0.207272 1.87673 0 5.48976 0 0 -19.4925 
6.842 1.987 0.1765 4.42089 0 0.212752 1.87673 0 5.47995 0 0 -19.4925 
6.843 1.987 0.1765 4.42276 0 0.218222 1.87673 0 5.47014 0 0 -19.4925 
6.844 1.987 0.1765 4.42464 0 0.223683 1.87673 0 5.46033 0 0 -19.4925 
6.845 1.987 0.1765 4.42652 0 0.229133 1.87673 0 5.45052 0 0 -19.4925 
6.846 1.987 0.1765 4.4284 0 0.234574 1.87673 0 5.44071 0 0 -19.4925 
6.847 1.987 0.1765 4.43027 0 0.240005 1.87673 0 5.4309 0 0 -19.4925 
6.848 1.987 0.1765 4.43215 0 0.245426 1.87673 0 5.42109 0 0 -19.4925 
6.849 1.987 0.1765 4.43403 0 0.250837 1.87673 0 5.41128 0 0 -19.4925 
6.85 1.987 0.1765 4.4359 0 0.256239 1.87673 0 5.40147 0 0 -19.4925 
6.851 1.987 0.1765 4.43778 0 0.26163 1.87673 0 5.39166 0 0 -19.4925 
6.852 1.987 0.1765 4.43966 0 0.267012 1.87673 0 5.38185 0 0 -19.4925 
6.853 1.987 0.1765 4.44153 0 0.272384 1.87673 0 5.37204 0 0 -19.4925 
6.854 1.987 0.1765 4.44341 0 0.277746 1.87673 0 5.36223 0 0 -19.4925 
6.855 1.987 0.1765 4.44529 0 0.283099 1.87673 0 5.35242 0 0 -19.4925 
6.856 1.987 0.1765 4.44716 0 0.288441 1.87673 0 5.34261 0 0 -19.4925 
6.857 1.987 0.1765 4.44904 0 0.293774 1.87673 0 5.3328 0 0 -19.4925 
6.858 1.987 0.1765 4.45092 0 0.299097 1.87673 0 5.32299 0 0 -19.4925 
6.859 1.987 0.1765 4.45279 0 0.30441 1.87673 0 5.31318 0 0 -19.4925 
6.86 1.987 0.1765 4.45467 0 0.309714 1.87673 0 5.30337 0 0 -19.4925 
6.861 1.987 0.1765 4.45655 0 0.315007 1.87673 0 5.29356 0 0 -19.4925 
6.862 1.987 0.1765 4.45842 0 0.320291 1.87673 0 5.28375 0 0 -19.4925 
6.863 1.987 0.1765 4.4603 0 0.325565 1.87673 0 5.27394 0 0 -19.4925 
6.864 1.987 0.1765 4.46218 0 0.330829 1.87673 0 5.26413 0 0 -19.4925 
6.865 1.987 0.1765 4.46405 0 0.336083 1.87673 0 5.25432 0 0 -19.4925 
6.866 1.987 0.1765 4.46593 0 0.341328 1.87673 0 5.24451 0 0 -19.4925 
6.867 1.987 0.1765 4.46781 0 0.346563 1.87673 0 5.2347 0 0 -19.4925 
6.868 1.987 0.1765 4.46968 0 0.351787 1.87673 0 5.22489 0 0 -19.4925 
6.869 1.987 0.1765 4.47156 0 0.357003 1.87673 0 5.21508 0 0 -19.4925 
6.87 1.987 0.1765 4.47344 0 0.362208 1.87673 0 5.20527 0 0 -19.4925 
6.871 1.987 0.1765 4.47531 0 0.367403 1.87673 0 5.19546 0 0 -19.4925 
6.872 1.987 0.1765 4.47719 0 0.372589 1.87673 0 5.18565 0 0 -19.4925 
6.873 1.987 0.1765 4.47907 0 0.377765 1.87673 0 5.17584 0 0 -19.4925 
6.874 1.987 0.1765 4.48094 0 0.382931 1.87673 0 5.16603 0 0 -19.4925 
6.875 1.987 0.1765 4.48282 0 0.388087 1.87673 0 5.15622 0 0 -19.4925 
6.876 1.987 0.1765 4.4847 0 0.393233 1.87673 0 5.14641 0 0 -19.4925 
6.877 1.987 0.1765 4.48657 0 0.39837 1.87673 0 5.1366 0 0 -19.4925 
6.878 1.987 0.1765 4.48845 0 0.403497 1.87673 0 5.12679 0 0 -19.4925 
6.879 1.987 0.1765 4.49033 0 0.408614 1.87673 0 5.11698 0 0 -19.4925 
6.88 1.987 0.1765 4.4922 0 0.413721 1.87673 0 5.10717 0 0 -19.4925 
6.881 1.987 0.1765 4.49408 0 0.418818 1.87673 0 5.09736 0 0 -19.4925 
6.882 1.987 0.1765 4.49596 0 0.423906 1.87673 0 5.08755 0 0 -19.4925 
6.883 1.987 0.1765 4.49783 0 0.428984 1.87673 0 5.07774 0 0 -19.4925 
6.884 1.987 0.1765 4.49971 0 0.434051 1.87673 0 5.06793 0 0 -19.4925 
6.885 1.987 0.1765 4.50159 0 0.43911 1.87673 0 5.05812 0 0 -19.4925 
6.886 1.987 0.1765 4.50346 0 0.444158 1.87673 0 5.04831 0 0 -19.4925 
6.887 1.987 0.1765 4.50534 0 0.449196 1.87673 0 5.0385 0 0 -19.4925 
6.888 1.987 0.1765 4.50722 0 0.454225 1.87673 0 5.02869 0 0 -19.4925 
6.889 1.987 0.1765 4.50909 0 0.459244 1.87673 0 5.01888 0 0 -19.4925 
6.89 1.987 0.1765 4.51097 0 0.464253 1.87673 0 5.00907 0 0 -19.4925 
6.891 1.987 0.1765 4.51285 0 0.469252 1.87673 0 4.99926 0 0 -19.4925 
6.892 1.987 0.1765 4.51472 0 0.474242 1.87673 0 4.98945 0 0 -19.4925 
6.893 1.987 0.1765 4.5166 0 0.479221 1.87673 0 4.97964 0 0 -19.4925 
6.894 1.987 0.1765 4.51848 0 0.484191 1.87673 0 4.96983 0 0 -19.4925 
6.895 1.987 0.1765 4.52035 0 0.489151 1.87673 0 4.96002 0 0 -19.4925 
6.896 1.987 0.1765 4.52223 0 0.494101 1.87673 0 4.95021 0 0 -19.4925 
6.897 1.987 0.1765 4.52411 0 0.499042 1.87673 0 4.9404 0 0 -19.4925 
6.898 1.987 0.1765 4.52599 0 0.503972 1.87673 0 4.93059 0 0 -19.4925 
6.899 1.987 0.1765 4.52786 0 0.508893 1.87673 0 4.92078 0 0 -19.4925 
6.9 1.987 0.1765 4.52974 0 0.513804 1.87673 0 4.91097 0 0 -19.4925 
6.901 1.987 0.1765 4.53162 0 0.518705 1.87673 0 4.90116 0 0 -19.4925 
6.902 1.987 0.1765 4.53349 0 0.523597 1.87673 0 4.89135 0 0 -19.4925 
6.903 1.987 0.1765 4.53537 0 0.528478 1.87673 0 4.88154 0 0 -19.4925 
6.904 1.987 0.1765 4.53725 0 0.53335 1.87673 0 4.87173 0 0 -19.4925 
6.905 1.987 0.1765 4.53912 0 0.538212 1.87673 0 4.86192 0 0 -19.4925 
6.906 1.987 0.1765 4.541 0 0.543064 1.87673 0 4.85211 0 0 -19.4925 
6.907 1.987 0.1765 4.54288 0 0.547906 1.87673 0 4.8423 0 0 -19.4925 
6.908 1.987 0.1765 4.54475 0 0.552739 1.87673 0 4.83249 0 0 -19.4925 
6.909 1.987 0.1765 4.54663 0 0.557561 1.87673 0 4.82268 0 0 -19.4925 
6.91 1.987 0.1765 4.54851 0 0.562374 1.87673 0 4.81287 0 0 -19.4925 
6.911 1.987 0.1765 4.55038 0 0.567177 1.87673 0 4.80306 0 0 -19.4925 
6.912 1.987 0.1765 4.55226 0 0.571971 1.87673 0 4.79325 0 0 -19.4925 
6.913 1.987 0.1765 4.55414 0 0.576754 1.87673 0 4.78344 0 0 -19.4925 
6.914 1.987 0.1765 4.55601 0 0.581528 1.87673 0 4.77363 0 0 -19.4925 
6.915 1.987 0.1765 4.55789 0 0.586291 1.87673 0 4.76382 0 0 -19.4925 
6.916 1.987 0.1765 4.55977 0 0.591045 1.87673 0 4.75401 0 0 -19.4925 
6.917 1.987 0.1765 4.56164 0 0.59579 1.87673 0 4.7442 0 0 -19.4925 
6.918 1.987 0.1765 4.56352 0 0.600524 1.87673 0 4.73439 0 0 -19.4925 
6.919 1.987 0.1765 4.5654 0 0.605249 1.87673 0 4.72458 0 0 -19.4925 
6.92 1.987 0.1765 4.56727 0 0.609963 1.87673 0 4.71477 0 0 -19.4925 
6.921 1.987 0.1765 4.56915 0 0.614668 1.87673 0 4.70496 0 0 -19.4925 
6.922 1.987 0.1765 4.57103 0 0.619363 1.87673 0 4.69515 0 0 -19.4925 
6.923 1.987 0.1765 4.5729 0 0.624049 1.87673 0 4.68534 0 0 -19.4925 
6.924 1.987 0.1765 4.57478 0 0.628724 1.87673 0 4.67553 0 0 -19.4925 
6.925 1.987 0.1765 4.57666 0 0.63339 1.87673 0 4.66572 0 0 -19.4925 
6.926 1.987 0.1765 4.57853 0 0.638046 1.87673 0 4.65591 0 0 -19.4925 
6.927 1.987 0.1765 4.58041 0 0.642692 1.87673 0 4.6461 0 0 -19.4925 
6.928 1.987 0.1765 4.58229 0 0.647328 1.87673 0 4.63629 0 0 -19.4925 
6.929 1.987 0.1765 4.58416 0 0.651955 1.87673 0 4.62648 0 0 -19.4925 
6.93 1.987 0.1765 4.58604 0 0.656571 1.87673 0 4.61667 0 0 -19.4925 
6.931 1.987 0.1765 4.58792 0 0.661178 1.87673 0 4.60686 0 0 -19.4925 
6.932 1.987 0.1765 4.58979 0 0.665775 1.87673 0 4.59705 0 0 -19.4925 
6.933 1.987 0.1765 4.59167 0 0.670363 1.87673 0 4.58724 0 0 -19.4925 
6.934 1.987 0.1765 4.59355 0 0.67494 1.87673 0 4.57743 0 0 -19.4925 
6.935 1.987 0.1765 4.59542 0 0.679508 1.87673 0 4.56762 0 0 -19.4925 
6.936 1.987 0.1765 4.5973 0 0.684065 1.87673 0 4.55781 0 0 -19.4925 
6.937 1.987 0.1765 4.59918 0 0.688613 1.87673 0 4.548 0 0 -19.4925 
6.938 1.987 0.1765 4.60105 0 0.693152 1.87673 0 4.53819 0 0 -19.4925 
6.939 1.987 0.1765 4.60293 0 0.69768 1.87673 0 4.52838 0 0 -19.4925 
6.94 1.987 0.1765 4.60481 0 0.702199 1.87673 0 4.51857 0 0 -19.4925 
6.941 1.987 0.1765 4.60668 0 0.706707 1.87673 0 4.50876 0 0 -19.4925 
6.942 1.987 0.1765 4.60856 0 0.711206 1.87673 0 4.49895 0 0 -19.4925 
6.943 1.987 0.1765 4.61044 0 0.715695 1.87673 0 4.48914 0 0 -19.4925 
6.944 1.987 0.1765 4.61231 0 0.720175 1.87673 0 4.47933 0 0 -19.4925 
6.945 1.987 0.1765 4.61419 0 0.724644 1.87673 0 4.46952 0 0 -19.4925 
6.946 1.987 0.1765 4.61607 0 0.729104 1.87673 0 4.45971 0 0 -19.4925 
6.947 1.987 0.1765 4.61795 0 0.733554 1.87673 0 4.4499 0 0 -19.4925 
6.948 1.987 0.1765 4.61982 0 0.737994 1.87673 0 4.44009 0 0 -19.4925 
6.949 1.987 0.1765 4.6217 0 0.742424 1.87673 0 4.43028 0 0 -19.4925 
6.95 1.987 0.1765 4.62358 0 0.746845 1.87673 0 4.42047 0 0 -19.4925 
6.951 1.987 0.1765 4.62545 0 0.751255 1.87673 0 4.41066 0 0 -19.4925 
6.952 1.987 0.1765 4.62733 0 0.755656 1.87673 0 4.40085 0 0 -19.4925 
6.953 1.987 0.1765 4.62921 0 0.760047 1.87673 0 4.39104 0 0 -19.4925 
6.954 1.987 0.1765 4.63108 0 0.764428 1.87673 0 4.38123 0 0 -19.4925 
6.955 1.987 0.1765 4.63296 0 0.7688 1.87673 0 4.37142 0 0 -19.4925 
6.956 1.987 0.1765 4.63484 0 0.773161 1.87673 0 4.36161 0 0 -19.4925 
6.957 1.987 0.1765 4.63671 0 0.777513 1.87673 0 4.3518 0 0 -19.4925 
6.958 1.987 0.1765 4.63859 0 0.781855 1.87673 0 4.34199 0 0 -19.4925 
6.959 1.987 0.1765 4.64047 0 0.786187 1.87673 0 4.33218 0 0 -19.4925 
6.96 1.987 0.1765 4.64234 0 0.79051 1.87673 0 4.32237 0 0 -19.4925 
6.961 1.987 0.1765 4.64422 0 0.794822 1.87673 0 4.31256 0 0 -19.4925 
6.962 1.987 0.1765 4.6461 0 0.799125 1.87673 0 4.30275 0 0 -19.4925 
6.963 1.987 0.1765 4.64797 0 0.803418 1.87673 0 4.29294 0 0 -19.4925 
6.964 1.987 0.1765 4.64985 0 0.807701 1.87673 0 4.28313 0 0 -19.4925 
6.965 1.987 0.1765 4.65173 0 0.811974 1.87673 0 4.27332 0 0 -19.4925 
6.966 1.987 0.1765 4.6536 0 0.816238 1.87673 0 4.26351 0 0 -19.4925 
6.967 1.987 0.1765 4.65548 0 0.820492 1.87673 0 4.2537 0 0 -19.4925 
6.968 1.987 0.1765 4.65736 0 0.824736 1.87673 0 4.24389 0 0 -19.4925 
6.969 1.987 0.1765 4.65923 0 0.82897 1.87673 0 4.23408 0 0 -19.4925 
6.97 1.987 0.1765 4.66111 0 0.833194 1.87673 0 4.22427 0 0 -19.4925 
6.971 1.987 0.1765 4.66299 0 0.837408 1.87673 0 4.21446 0 0 -19.4925 
6.972 1.987 0.1765 4.66486 0 0.841613 1.87673 0 4.20465 0 0 -19.4925 
6.973 1.987 0.1765 4.66674 0 0.845808 1.87673 0 4.19484 0 0 -19.4925 
6.974 1.987 0.1765 4.66862 0 0.849993 1.87673 0 4.18503 0 0 -19.4925 
6.975 1.987 0.1765 4.67049 0 0.854168 1.87673 0 4.17522 0 0 -19.4925 
6.976 1.987 0.1765 4.67237 0 0.858333 1.87673 0 4.16541 0 0 -19.4925 
6.977 1.987 0.1765 4.67425 0 0.862489 1.87673 0 4.1556 0 0 -19.4925 
6.978 1.987 0.1765 4.67612 0 0.866635 1.87673 0 4.14579 0 0 -19.4925 
6.979 1.987 0.1765 4.678 0 0.870771 1.87673 0 4.13598 0 0 -19.4925 
6.98 1.987 0.1765 4.67988 0 0.874897 1.87673 0 4.12617 0 0 -19.4925 
6.981 1.987 0.1765 4.68175 0 0.879013 1.87673 0 4.11636 0 0 -19.4925 
6.982 1.987 0.1765 4.68363 0 0.88312 1.87673 0 4.10655 0 0 -19.4925 
6.983 1.987 0.1765 4.68551 0 0.887217 1.87673 0 4.09674 0 0 -19.4925 
6.984 1.987 0.1765 4.68738 0 0.891304 1.87673 0 4.08693 0 0 -19.4925 
6.985 1.987 0.1765 4.68926 0 0.895381 1.87673 0 4.07712 0 0 -19.4925 
6.986 1.987 0.1765 4.69114 0 0.899448 1.87673 0 4.06731 0 0 -19.4925 
6.987 1.987 0.1765 4.69301 0 0.903505 1.87673 0 4.0575 0 0 -19.4925 
6.988 1.987 0.1765 4.69489 0 0.907553 1.87673 0 4.04769 0 0 -19.4925 
6.989 1.987 0.1765 4.69677 0 0.911591 1.87673 0 4.03788 0 0 -19.4925 
6.99 1.987 0.1765 4.69864 0 0.915619 1.87673 0 4.02807 0 0 -19.4925 
6.991 1.987 0.1765 4.70052 0 0.919637 1.87673 0 4.01826 0 0 -19.4925 
6.992 1.987 0.1765 4.7024 0 0.923646 1.87673 0 4.00845 0 0 -19.4925 
6.993 1.987 0.1765 4.70427 0 0.927644 1.87673 0 3.99864 0 0 -19.4925 
6.994 1.987 0.1765 4.70615 0 0.931633 1.87673 0 3.98883 0 0 -19.4925 
6.995 1.987 0.1765 4.70803 0 0.935612 1.87673 0 3.97902 0 0 -19.4925 
6.996 1.987 0.1765 4.7099 0 0.939581 1.87673 0 3.96921 0 0 -19.4925 
6.997 1.987 0.1765 4.71178 0 0.943541 1.87673 0 3.9594 0 0 -19.4925 
6.998 1.987 0.1765 4.71366 0 0.94749 1.87673 0 3.94959 0 0 -19.4925 
6.999 1.987 0.1765 4.71554 0 0.95143 1.87673 0 3.93978 0 0 -19.4925 
7 1.987 0.1765 4.71741 0 0.95536 1.87673 0 3.92997 0 0 -19.4925 
7.001 1.987 0.1765 4.71929 0 0.95928 1.87673 0 3.92016 0 0 -19.4925 
7.002 1.987 0.1765 4.72117 0 0.963191 1.87673 0 3.91035 0 0 -19.4925 
7.003 1.987 0.1765 4.72304 0 0.967091 1.87673 0 3.90054 0 0 -19.4925 
7.004 1.987 0.1765 4.72492 0 0.970982 1.87673 0 3.89073 0 0 -19.4925 
7.005 1.987 0.1765 4.7268 0 0.974863 1.87673 0 3.88092 0 0 -19.4925 
7.006 1.987 0.1765 4.72867 0 0.978734 1.87673 0 3.87111 0 0 -19.4925 
7.007 1.987 0.1765 4.73055 0 0.982595 1.87673 0 3.8613 0 0 -19.4925 
7.008 1.987 0.1765 4.73243 0 0.986447 1.87673 0 3.85149 0 0 -19.4925 
7.009 1.987 0.1765 4.7343 0 0.990288 1.87673 0 3.84168 0 0 -19.4925 
7.01 1.987 0.1765 4.73618 0 0.99412 1.87673 0 3.83187 0 0 -19.4925 
7.011 1.987 0.1765 4.73806 0 0.997942 1.87673 0 3.82206 0 0 -19.4925 
7.012 1.987 0.1765 4.73993 0 1.00175 1.87673 0 3.81225 0 0 -19.4925 
7.013 1.987 0.1765 4.74181 0 1.00556 1.87673 0 3.80244 0 0 -19.4925 
7.014 1.987 0.1765 4.74369 0 1.00935 1.87673 0 3.79263 0 0 -19.4925 
7.015 1.987 0.1765 4.74556 0 1.01313 1.87673 0 3.78282 0 0 -19.4925 
7.016 1.987 0.1765 4.74744 0 1.01691 1.87673 0 3.77301 0 0 -19.4925 
7.017 1.987 0.1765 4.74932 0 1.02067 1.87673 0 3.7632 0 0 -19.4925 
7.018 1.987 0.1765 4.75119 0 1.02442 1.87673 0 3.75339 0 0 -19.4925 
7.019 1.987 0.1765 4.75307 0 1.02817 1.87673 0 3.74358 0 0 -19.4925 
7.02 1.987 0.1765 4.75495 0 1.0319 1.87673 0 3.73377 0 0 -19.4925 
7.021 1.987 0.1765 4.75682 0 1.03562 1.87673 0 3.72396 0 0 -19.4925 
7.022 1.987 0.1765 4.7587 0 1.03934 1.87673 0 3.71415 0 0 -19.4925 
7.023 1.987 0.1765 4.76058 0 1.04304 1.87673 0 3.70434 0 0 -19.4925 
7.024 1.987 0.1765 4.76245 0 1.04674 1.87673 0 3.69453 0 0 -19.4925 
7.025 1.987 0.1765 4.76433 0 1.05042 1.87673 0 3.68472 0 0 -19.4925 
7.026 1.987 0.1765 4.76621 0 1.0541 1.87673 0 3.67491 0 0 -19.4925 
7.027 1.987 0.1765 4.76808 0 1.05776 1.87673 0 3.6651 0 0 -19.4925 
7.028 1.987 0.1765 4.76996 0 1.06142 1.87673 0 3.65529 0 0 -19.4925 
7.029 1.987 0.1765 4.77184 0 1.06506 1.87673 0 3.64548 0 0 -19.4925 
7.03 1.987 0.1765 4.77371 0 1.0687 1.87673 0 3.63567 0 0 -19.4925 
7.031 1.987 0.1765 4.77559 0 1.07232 1.87673 0 3.62586 0 0 -19.4925 
7.032 1.987 0.1765 4.77747 0 1.07594 1.87673 0 3.61605 0 0 -19.4925 
7.033 1.987 0.1765 4.77934 0 1.07955 1.87673 0 3.60624 0 0 -19.4925 
7.034 1.987 0.1765 4.78122 0 1.08314 1.87673 0 3.59643 0 0 -19.4925 
7.035 1.987 0.1765 4.7831 0 1.08673 1.87673 0 3.58662 0 0 -19.4925 
7.036 1.987 0.1765 4.78497 0 1.09031 1.87673 0 3.57681 0 0 -19.4925 
7.037 1.987 0.1765 4.78685 0 1.09387 1.87673 0 3.567 0 0 -19.4925 
7.038 1.987 0.1765 4.78873 0 1.09743 1.87673 0 3.55719 0 0 -19.4925 
7.039 1.987 0.1765 4.7906 0 1.10098 1.87673 0 3.54738 0 0 -19.4925 
7.04 1.987 0.1765 4.79248 0 1.10451 1.87673 0 3.53757 0 0 -19.4925 
7.041 1.987 0.1765 4.79436 0 1.10804 1.87673 0 3.52776 0 0 -19.4925 
7.042 1.987 0.1765 4.79623 0 1.11156 1.87673 0 3.51795 0 0 -19.4925 
7.043 1.987 0.1765 4.79811 0 1.11507 1.87673 0 3.50814 0 0 -19.4925 
7.044 1.987 0.1765 4.79999 0 1.11857 1.87673 0 3.49833 0 0 -19.4925 
7.045 1.987 0.1765 4.80186 0 1.12206 1.87673 0 3.48852 0 0 -19.4925 
7.046 1.987 0.1765 4.80374 0 1.12553 1.87673 0 3.47871 0 0 -19.4925 
7.047 1.987 0.1765 4.80561 0 1.129 1.86993 0 3.4689 -13.5094 0 -19.4925 
7.048 1.987 0.1765 4.80747 0 1.13246 1.85539 0 3.45909 -28.8998 0 -19.4925 
7.049 1.987 0.1765 4.8093 0 1.13591 1.83316 0 3.44928 -44.1705 0 -19.4925 
7.05 1.987 0.1765 4.8111 0 1.13935 1.80334 0 3.43947 -59.2582 0 -19.4925 
7.051 1.987 0.1765 4.81287 0 1.14278 1.76604 0 3.42966 -74.1005 0 -19.4925 
7.052 1.987 0.1765 4.81459 0 1.1462 1.72143 0 3.41985 -88.6358 0 -19.4925 
7.053 1.987 0.1765 4.81626 0 1.14961 1.6697 0 3.41004 -102.804 0 -19.4925 
7.054 1.987 0.1765 4.81787 0 1.15301 1.61104 0 3.40023 -116.546 0 -19.4925 
7.055 1.987 0.1765 4.81942 0 1.1564 1.54571 0 3.39042 -129.806 0 -19.4925 
7.056 1.987 0.1765 4.82089 0 1.15978 1.47398 0 3.38061 -142.528 0 -19.4925 
7.057 1.987 0.1765 4.82229 0 1.16315 1.39615 0 3.3708 -154.659 0 -19.4925 
7.058 1.987 0.1765 4.8236 0 1.16651 1.31253 0 3.36099 -166.15 0 -19.4925 
7.059 1.987 0.1765 4.82482 0 1.16986 1.22347 0 3.35118 -176.953 0 -19.4925 
7.06 1.987 0.1765 4.82595 0 1.17321 1.12935 0 3.34137 -187.023 0 -19.4925 
7.061 1.987 0.1765 4.82698 0 1.17654 1.03055 0 3.33156 -196.318 0 -19.4925 
7.062 1.987 0.1765 4.82791 0 1.17986 0.92748 0 3.32175 -204.8 0 -19.4925 
7.063 1.987 0.1765 4.82873 0 1.18317 0.820568 0 3.31194 -212.433 0 -19.4925 
7.064 1.987 0.1765 4.82944 0 1.18647 0.710258 0 3.30213 -219.187 0 -19.4925 
7.065 1.987 0.1765 4.83004 0 1.18977 0.597005 0 3.29232 -225.033 0 -19.4925 
7.066 1.987 0.1765 4.83052 0 1.19305 0.48128 0 3.28251 -229.946 0 -19.4925 
7.067 1.987 0.1765 4.83088 0 1.19632 0.363561 0 3.2727 -233.908 0 -19.4925 
7.068 1.987 0.1765 4.83113 0 1.19958 0.244336 0 3.26289 -236.9 0 -19.4925 
7.069 1.987 0.1765 4.83125 0 1.20284 0.124099 0 3.25308 -238.911 0 -19.4925 
7.07 1.987 0.1765 4.83126 0 1.20608 0.00334778 0 3.24327 -239.932 0 -19.4925 
7.071 1.987 0.1765 4.83114 0 1.20931 -0.117417 0 3.23346 -239.96 0 -19.4925 
7.072 1.987 0.1765 4.8309 0 1.21254 -0.237696 0 3.22365 -238.993 0 -19.4925 
7.073 1.987 0.1765 4.83054 0 1.21575 -0.35699 0 3.21384 -237.037 0 -19.4925 
7.074 1.987 0.1765 4.83007 0 1.21895 -0.474805 0 3.20403 -234.099 0 -19.4925 
7.075 1.987 0.1765 4.82948 0 1.22215 -0.590653 0 3.19422 -230.191 0 -19.4925 
7.076 1.987 0.1765 4.82877 0 1.22533 -0.704055 0 3.18441 -225.33 0 -19.4925 
7.077 1.987 0.1765 4.82796 0 1.22851 -0.814541 0 3.1746 -219.535 0 -19.4925 
7.078 1.987 0.1765 4.82704 0 1.23167 -0.921653 0 3.16479 -212.831 0 -19.4925 
7.079 1.987 0.1765 4.82601 0 1.23483 -1.02495 0 3.15498 -205.245 0 -19.4925 
7.08 1.987 0.1765 4.82489 0 1.23797 -1.124 0 3.14517 -196.81 0 -19.4925 
7.081 1.987 0.1765 4.82367 0 1.24111 -1.21839 0 3.13536 -187.559 0 -19.4925 
7.082 1.987 0.1765 4.82236 0 1.24423 -1.30773 0 3.12555 -177.531 0 -19.4925 
7.083 1.987 0.1765 4.82097 0 1.24735 -1.39166 0 3.11574 -166.767 0 -19.4925 
7.084 1.987 0.1765 4.8195 0 1.25046 -1.46983 0 3.10593 -155.313 0 -19.4925 
7.085 1.987 0.1765 4.81796 0 1.25355 -1.5419 0 3.09612 -143.216 0 -19.4925 
7.086 1.987 0.1765 4.81635 0 1.25664 -1.60759 0 3.08631 -130.525 0 -19.4925 
7.087 1.987 0.1765 4.81468 0 1.25971 -1.66663 0 3.0765 -117.294 0 -19.4925 
7.088 1.987 0.1765 4.81297 0 1.26278 -1.71875 0 3.06669 -103.577 0 -19.4925 
7.089 1.987 0.1765 4.8112 0 1.26584 -1.76376 0 3.05688 -89.431 0 -19.4925 
7.09 1.987 0.1765 4.8094 0 1.26889 -1.80146 0 3.04707 -74.9144 0 -19.4925 
7.091 1.987 0.1765 4.80757 0 1.27192 -1.8317 0 3.03726 -60.0876 0 -19.4925 
7.092 1.987 0.1765 4.80571 0 1.27495 -1.85436 0 3.02745 -45.0118 0 -19.4925 
7.093 1.987 0.1765 4.80385 0 1.27797 -1.86933 0 3.01764 -29.7496 0 -19.4925 
7.094 1.987 0.1765 4.80197 0 1.28098 -1.87656 0 3.00783 -14.3642 0 -19.4925 
7.095 1.987 0.1765 4.80009 0 1.28397 -1.87656 0 2.99802 0 0 -19.4925 
7.096 1.987 0.1765 4.79822 0 1.28696 -1.87656 0 2.98821 0 0 -19.4925 
7.097 1.987 0.1765 4.79634 0 1.28994 -1.87656 0 2.9784 0 0 -19.4925 
7.098 1.987 0.1765 4.79446 0 1.29291 -1.87656 0 2.96859 0 0 -19.4925 
7.099 1.987 0.1765 4.79259 0 1.29587 -1.87656 0 2.95878 0 0 -19.4925 
7.1 1.987 0.1765 4.79071 0 1.29882 -1.87656 0 2.94897 0 0 -19.4925 
7.101 1.987 0.1765 4.78883 0 1.30176 -1.87656 0 2.93916 0 0 -19.4925 
7.102 1.987 0.1765 4.78696 0 1.30468 -1.87656 0 2.92935 0 0 -19.4925 
7.103 1.987 0.1765 4.78508 0 1.3076 -1.87656 0 2.91954 0 0 -19.4925 
7.104 1.987 0.1765 4.7832 0 1.31051 -1.87656 0 2.90973 0 0 -19.4925 
7.105 1.987 0.1765 4.78133 0 1.31341 -1.87656 0 2.89992 0 0 -19.4925 
7.106 1.987 0.1765 4.77945 0 1.3163 -1.87656 0 2.89011 0 0 -19.4925 
7.107 1.987 0.1765 4.77757 0 1.31918 -1.87656 0 2.8803 0 0 -19.4925 
7.108 1.987 0.1765 4.7757 0 1.32205 -1.87656 0 2.87049 0 0 -19.4925 
7.109 1.987 0.1765 4.77382 0 1.32492 -1.87656 0 2.86068 0 0 -19.4925 
7.11 1.987 0.1765 4.77194 0 1.32777 -1.87656 0 2.85087 0 0 -19.4925 
7.111 1.987 0.1765 4.77007 0 1.33061 -1.87656 0 2.84106 0 0 -19.4925 
7.112 1.987 0.1765 4.76819 0 1.33344 -1.87656 0 2.83125 0 0 -19.4925 
7.113 1.987 0.1765 4.76631 0 1.33626 -1.87656 0 2.82144 0 0 -19.4925 
7.114 1.987 0.1765 4.76444 0 1.33907 -1.87656 0 2.81163 0 0 -19.4925 
7.115 1.987 0.1765 4.76256 0 1.34187 -1.87656 0 2.80182 0 0 -19.4925 
7.116 1.987 0.1765 4.76068 0 1.34467 -1.87656 0 2.79201 0 0 -19.4925 
7.117 1.987 0.1765 4.75881 0 1.34745 -1.87656 0 2.7822 0 0 -19.4925 
7.118 1.987 0.1765 4.75693 0 1.35022 -1.87656 0 2.77239 0 0 -19.4925 
7.119 1.987 0.1765 4.75505 0 1.35298 -1.87656 0 2.76258 0 0 -19.4925 
7.12 1.987 0.1765 4.75318 0 1.35574 -1.87656 0 2.75277 0 0 -19.4925 
7.121 1.987 0.1765 4.7513 0 1.35848 -1.87656 0 2.74296 0 0 -19.4925 
7.122 1.987 0.1765 4.74943 0 1.36121 -1.87656 0 2.73315 0 0 -19.4925 
7.123 1.987 0.1765 4.74755 0 1.36393 -1.87656 0 2.72334 0 0 -19.4925 
7.124 1.987 0.1765 4.74567 0 1.36665 -1.87656 0 2.71353 0 0 -19.4925 
7.125 1.987 0.1765 4.7438 0 1.36935 -1.87656 0 2.70372 0 0 -19.4925 
7.126 1.987 0.1765 4.74192 0 1.37205 -1.87656 0 2.69391 0 0 -19.4925 
7.127 1.987 0.1765 4.74004 0 1.37473 -1.87656 0 2.6841 0 0 -19.4925 
7.128 1.987 0.1765 4.73817 0 1.3774 -1.87656 0 2.67429 0 0 -19.4925 
7.129 1.987 0.1765 4.73629 0 1.38007 -1.87656 0 2.66448 0 0 -19.4925 
7.13 1.987 0.1765 4.73441 0 1.38272 -1.87656 0 2.65467 0 0 -19.4925 
7.131 1.987 0.1765 4.73254 0 1.38537 -1.87656 0 2.64486 0 0 -19.4925 
7.132 1.987 0.1765 4.73066 0 1.388 -1.87656 0 2.63505 0 0 -19.4925 
7.133 1.987 0.1765 4.72878 0 1.39063 -1.87656 0 2.62524 0 0 -19.4925 
7.134 1.987 0.1765 4.72691 0 1.39324 -1.87656 0 2.61543 0 0 -19.4925 
7.135 1.987 0.1765 4.72503 0 1.39585 -1.87656 0 2.60562 0 0 -19.4925 
7.136 1.987 0.1765 4.72315 0 1.39845 -1.87656 0 2.59581 0 0 -19.4925 
7.137 1.987 0.1765 4.72128 0 1.40103 -1.87656 0 2.586 0 0 -19.4925 
7.138 1.987 0.1765 4.7194 0 1.40361 -1.87656 0 2.57619 0 0 -19.4925 
7.139 1.987 0.1765 4.71752 0 1.40617 -1.87656 0 2.56638 0 0 -19.4925 
7.14 1.987 0.1765 4.71565 0 1.40873 -1.87656 0 2.55657 0 0 -19.4925 
7.141 1.987 0.1765 4.71377 0 1.41128 -1.87656 0 2.54676 0 0 -19.4925 
7.142 1.987 0.1765 4.71189 0 1.41381 -1.87656 0 2.53695 0 0 -19.4925 
7.143 1.987 0.1765 4.71002 0 1.41634 -1.87656 0 2.52714 0 0 -19.4925 
7.144 1.987 0.1765 4.70814 0 1.41886 -1.87656 0 2.51733 0 0 -19.4925 
7.145 1.987 0.1765 4.70626 0 1.42137 -1.87656 0 2.50752 0 0 -19.4925 
7.146 1.987 0.1765 4.70439 0 1.42386 -1.87656 0 2.49771 0 0 -19.4925 
7.147 1.987 0.1765 4.70251 0 1.42635 -1.87656 0 2.4879 0 0 -19.4925 
7.148 1.987 0.1765 4.70063 0 1.42883 -1.87656 0 2.47809 0 0 -19.4925 
7.149 1.987 0.1765 4.69876 0 1.4313 -1.87656 0 2.46828 0 0 -19.4925 
7.15 1.987 0.1765 4.69688 0 1.43376 -1.87656 0 2.45847 0 0 -19.4925 
7.151 1.987 0.1765 4.695 0 1.43621 -1.87656 0 2.44866 0 0 -19.4925 
7.152 1.987 0.1765 4.69313 0 1.43864 -1.87656 0 2.43885 0 0 -19.4925 
7.153 1.987 0.1765 4.69125 0 1.44107 -1.87656 0 2.42904 0 0 -19.4925 
7.154 1.987 0.1765 4.68938 0 1.44349 -1.87656 0 2.41923 0 0 -19.4925 
7.155 1.987 0.1765 4.6875 0 1.4459 -1.87656 0 2.40942 0 0 -19.4925 
7.156 1.987 0.1765 4.68562 0 1.4483 -1.87656 0 2.39961 0 0 -19.4925 
7.157 1.987 0.1765 4.68375 0 1.45069 -1.87656 0 2.3898 0 0 -19.4925 
7.158 1.987 0.1765 4.68187 0 1.45307 -1.87656 0 2.37999 0 0 -19.4925 
7.159 1.987 0.1765 4.67999 0 1.45544 -1.87656 0 2.37018 0 0 -19.4925 
7.16 1.987 0.1765 4.67812 0 1.4578 -1.87656 0 2.36037 0 0 -19.4925 
7.161 1.987 0.1765 4.67624 0 1.46015 -1.87656 0 2.35056 0 0 -19.4925 
7.162 1.987 0.1765 4.67436 0 1.46249 -1.87656 0 2.34075 0 0 -19.4925 
7.163 1.987 0.1765 4.67249 0 1.46482 -1.87656 0 2.33094 0 0 -19.4925 
7.164 1.987 0.1765 4.67061 0 1.46715 -1.87656 0 2.32113 0 0 -19.4925 
7.165 1.987 0.1765 4.66873 0 1.46946 -1.87656 0 2.31132 0 0 -19.4925 
7.166 1.987 0.1765 4.66686 0 1.47176 -1.87656 0 2.30151 0 0 -19.4925 
7.167 1.987 0.1765 4.66498 0 1.47405 -1.87656 0 2.2917 0 0 -19.4925 
7.168 1.987 0.1765 4.6631 0 1.47633 -1.87656 0 2.28189 0 0 -19.4925 
7.169 1.987 0.1765 4.66123 0 1.4786 -1.87656 0 2.27208 0 0 -19.4925 
7.17 1.987 0.1765 4.65935 0 1.48087 -1.87656 0 2.26227 0 0 -19.4925 
7.171 1.987 0.1765 4.65747 0 1.48312 -1.87656 0 2.25246 0 0 -19.4925 
7.172 1.987 0.1765 4.6556 0 1.48536 -1.87656 0 2.24265 0 0 -19.4925 
7.173 1.987 0.1765 4.65372 0 1.48759 -1.87656 0 2.23284 0 0 -19.4925 
7.174 1.987 0.1765 4.65184 0 1.48982 -1.87656 0 2.22303 0 0 -19.4925 
7.175 1.987 0.1765 4.64997 0 1.49203 -1.87656 0 2.21322 0 0 -19.4925 
7.176 1.987 0.1765 4.64809 0 1.49423 -1.87656 0 2.20341 0 0 -19.4925 
7.177 1.987 0.1765 4.64621 0 1.49643 -1.87656 0 2.1936 0 0 -19.4925 
7.178 1.987 0.1765 4.64434 0 1.49861 -1.87656 0 2.18379 0 0 -19.4925 
7.179 1.987 0.1765 4.64246 0 1.50078 -1.87656 0 2.17398 0 0 -19.4925 
7.18 1.987 0.1765 4.64058 0 1.50295 -1.87656 0 2.16417 0 0 -19.4925 
7.181 1.987 0.1765 4.63871 0 1.5051 -1.87656 0 2.15436 0 0 -19.4925 
7.182 1.987 0.1765 4.63683 0 1.50725 -1.87656 0 2.14455 0 0 -19.4925 
7.183 1.987 0.1765 4.63496 0 1.50938 -1.87656 0 2.13474 0 0 -19.4925 
7.184 1.987 0.1765 4.63308 0 1.51151 -1.87656 0 2.12493 0 0 -19.4925 
7.185 1.987 0.1765 4.6312 0 1.51362 -1.87656 0 2.11512 0 0 -19.4925 
7.186 1.987 0.1765 4.62933 0 1.51573 -1.87656 0 2.10531 0 0 -19.4925 
7.187 1.987 0.1765 4.62745 0 1.51782 -1.87656 0 2.0955 0 0 -19.4925 
7.188 1.987 0.1765 4.62557 0 1.51991 -1.87656 0 2.08569 0 0 -19.4925 
7.189 1.987 0.1765 4.6237 0 1.52199 -1.87656 0 2.07588 0 0 -19.4925 
7.19 1.987 0.1765 4.62182 0 1.52405 -1.87656 0 2.06607 0 0 -19.4925 
7.191 1.987 0.1765 4.61994 0 1.52611 -1.87656 0 2.05626 0 0 -19.4925 
7.192 1.987 0.1765 4.61807 0 1.52815 -1.87656 0 2.04645 0 0 -19.4925 
7.193 1.987 0.1765 4.61619 0 1.53019 -1.87656 0 2.03664 0 0 -19.4925 
7.194 1.987 0.1765 4.61431 0 1.53222 -1.87656 0 2.02683 0 0 -19.4925 
7.195 1.987 0.1765 4.61244 0 1.53423 -1.87656 0 2.01702 0 0 -19.4925 
7.196 1.987 0.1765 4.61056 0 1.53624 -1.87656 0 2.00721 0 0 -19.4925 
7.197 1.987 0.1765 4.60868 0 1.53824 -1.87656 0 1.9974 0 0 -19.4925 
7.198 1.987 0.1765 4.60681 0 1.54023 -1.87656 0 1.98759 0 0 -19.4925 
7.199 1.987 0.1765 4.60493 0 1.5422 -1.87656 0 1.97778 0 0 -19.4925 
7.2 1.987 0.1765 4.60305 0 1.54417 -1.87656 0 1.96797 0 0 -19.4925 
7.201 1.987 0.1765 4.60118 0 1.54613 -1.87656 0 1.95816 0 0 -19.4925 
7.202 1.987 0.1765 4.5993 0 1.54808 -1.87656 0 1.94835 0 0 -19.4925 
7.203 1.987 0.1765 4.59742 0 1.55002 -1.87656 0 1.93854 0 0 -19.4925 
7.204 1.987 0.1765 4.59555 0 1.55195 -1.87656 0 1.92873 0 0 -19.4925 
7.205 1.987 0.1765 4.59367 0 1.55387 -1.87656 0 1.91892 0 0 -19.4925 
7.206 1.987 0.1765 4.59179 0 1.55577 -1.87656 0 1.90911 0 0 -19.4925 
7.207 1.987 0.1765 4.58992 0 1.55767 -1.87656 0 1.8993 0 0 -19.4925 
7.208 1.987 0.1765 4.58804 0 1.55956 -1.87656 0 1.88949 0 0 -19.4925 
7.209 1.987 0.1765 4.58616 0 1.56144 -1.87656 0 1.87968 0 0 -19.4925 
7.21 1.987 0.1765 4.58429 0 1.56331 -1.87656 0 1.86987 0 0 -19.4925 
7.211 1.987 0.1765 4.58241 0 1.56517 -1.87656 0 1.86006 0 0 -19.4925 
7.212 1.987 0.1765 4.58053 0 1.56702 -1.87656 0 1.85025 0 0 -19.4925 
7.213 1.987 0.1765 4.57866 0 1.56886 -1.87656 0 1.84044 0 0 -19.4925 
7.214 1.987 0.1765 4.57678 0 1.57069 -1.87656 0 1.83063 0 0 -19.4925 
7.215 1.987 0.1765 4.57491 0 1.57251 -1.87656 0 1.82082 0 0 -19.4925 
7.216 1.987 0.1765 4.57303 0 1.57433 -1.87656 0 1.81101 0 0 -19.4925 
7.217 1.987 0.1765 4.57115 0 1.57613 -1.87656 0 1.8012 0 0 -19.4925 
7.218 1.987 0.1765 4.56928 0 1.57792 -1.87656 0 1.79139 0 0 -19.4925 
7.219 1.987 0.1765 4.5674 0 1.5797 -1.87656 0 1.78158 0 0 -19.4925 
7.22 1.987 0.1765 4.56552 0 1.58147 -1.87656 0 1.77177 0 0 -19.4925 
7.221 1.987 0.1765 4.56365 0 1.58323 -1.87656 0 1.76196 0 0 -19.4925 
7.222 1.987 0.1765 4.56177 0 1.58499 -1.87656 0 1.75215 0 0 -19.4925 
7.223 1.987 0.1765 4.55989 0 1.58673 -1.87656 0 1.74234 0 0 -19.4925 
7.224 1.987 0.1765 4.55802 0 1.58846 -1.87656 0 1.73253 0 0 -19.4925 
7.225 1.987 0.1765 4.55614 0 1.59018 -1.87656 0 1.72272 0 0 -19.4925 
7.226 1.987 0.1765 4.55426 0 1.5919 -1.87656 0 1.71291 0 0 -19.4925 
7.227 1.987 0.1765 4.55239 0 1.5936 -1.87656 0 1.7031 0 0 -19.4925 
7.228 1.987 0.1765 4.55051 0 1.59529 -1.87656 0 1.69329 0 0 -19.4925 
7.229 1.987 0.1765 4.54863 0 1.59698 -1.87656 0 1.68348 0 0 -19.4925 
7.23 1.987 0.1765 4.54676 0 1.59865 -1.87656 0 1.67367 0 0 -19.4925 
7.231 1.987 0.1765 4.54488 0 1.60031 -1.87656 0 1.66386 0 0 -19.4925 
7.232 1.987 0.1765 4.543 0 1.60197 -1.87656 0 1.65405 0 0 -19.4925 
7.233 1.987 0.1765 4.54113 0 1.60361 -1.87656 0 1.64424 0 0 -19.4925 
7.234 1.987 0.1765 4.53925 0 1.60525 -1.87656 0 1.63443 0 0 -19.4925 
7.235 1.987 0.1765 4.53737 0 1.60687 -1.87656 0 1.62462 0 0 -19.4925 
7.236 1.987 0.1765 4.5355 0 1.60849 -1.87656 0 1.61481 0 0 -19.4925 
7.237 1.987 0.1765 4.53362 0 1.61009 -1.87656 0 1.605 0 0 -19.4925 
7.238 1.987 0.1765 4.53174 0 1.61169 -1.87656 0 1.59519 0 0 -19.4925 
7.239 1.987 0.1765 4.52987 0 1.61327 -1.87656 0 1.58538 0 0 -19.4925 
7.24 1.987 0.1765 4.52799 0 1.61485 -1.87656 0 1.57557 0 0 -19.4925 
7.241 1.987 0.1765 4.52611 0 1.61641 -1.87656 0 1.56576 0 0 -19.4925 
7.242 1.987 0.1765 4.52424 0 1.61797 -1.87656 0 1.55595 0 0 -19.4925 
7.243 1.987 0.1765 4.52236 0 1.61951 -1.87656 0 1.54614 0 0 -19.4925 
7.244 1.987 0.1765 4.52049 0 1.62105 -1.87656 0 1.53633 0 0 -19.4925 
7.245 1.987 0.1765 4.51861 0 1.62258 -1.87656 0 1.52652 0 0 -19.4925 
7.246 1.987 0.1765 4.51673 0 1.62409 -1.87656 0 1.51671 0 0 -19.4925 
7.247 1.987 0.1765 4.51486 0 1.6256 -1.87656 0 1.5069 0 0 -19.4925 
7.248 1.987 0.1765 4.51298 0 1.6271 -1.87656 0 1.49709 0 0 -19.4925 
7.249 1.987 0.1765 4.5111 0 1.62859 -1.87656 0 1.48728 0 0 -19.4925 
7.25 1.987 0.1765 4.50923 0 1.63006 -1.87656 0 1.47747 0 0 -19.4925 
7.251 1.987 0.1765 4.50735 0 1.63153 -1.87656 0 1.46766 0 0 -19.4925 
7.252 1.987 0.1765 4.50547 0 1.63299 -1.87656 0 1.45785 0 0 -19.4925 
7.253 1.987 0.1765 4.5036 0 1.63444 -1.87656 0 1.44804 0 0 -19.4925 
7.254 1.987 0.1765 4.50172 0 1.63587 -1.87656 0 1.43823 0 0 -19.4925 
7.255 1.987 0.1765 4.49984 0 1.6373 -1.87656 0 1.42842 0 0 -19.4925 
7.256 1.987 0.1765 4.49797 0 1.63872 -1.87656 0 1.41861 0 0 -19.4925 
7.257 1.987 0.1765 4.49609 0 1.64013 -1.87656 0 1.4088 0 0 -19.4925 
7.258 1.987 0.1765 4.49421 0 1.64153 -1.87656 0 1.39899 0 0 -19.4925 
7.259 1.987 0.1765 4.49234 0 1.64292 -1.87656 0 1.38918 0 0 -19.4925 
7.26 1.987 0.1765 4.49046 0 1.6443 -1.87656 0 1.37937 0 0 -19.4925 
7.261 1.987 0.1765 4.48858 0 1.64567 -1.87656 0 1.36956 0 0 -19.4925 
7.262 1.987 0.1765 4.48671 0 1.64703 -1.87656 0 1.35975 0 0 -19.4925 
7.263 1.987 0.1765 4.48483 0 1.64838 -1.87656 0 1.34994 0 0 -19.4925 
7.264 1.987 0.1765 4.48295 0 1.64972 -1.87656 0 1.34013 0 0 -19.4925 
7.265 1.987 0.1765 4.48108 0 1.65105 -1.87656 0 1.33032 0 0 -19.4925 
7.266 1.987 0.1765 4.4792 0 1.65237 -1.87656 0 1.32051 0 0 -19.4925 
7.267 1.987 0.1765 4.47732 0 1.65368 -1.87656 0 1.3107 0 0 -19.4925 
7.268 1.987 0.1765 4.47545 0 1.65498 -1.87656 0 1.30089 0 0 -19.4925 
7.269 1.987 0.1765 4.47357 0 1.65627 -1.87656 0 1.29108 0 0 -19.4925 
7.27 1.987 0.1765 4.47169 0 1.65755 -1.87656 0 1.28127 0 0 -19.4925 
7.271 1.987 0.1765 4.46982 0 1.65882 -1.87656 0 1.27146 0 0 -19.4925 
7.272 1.987 0.1765 4.46794 0 1.66009 -1.87656 0 1.26165 0 0 -19.4925 
7.273 1.987 0.1765 4.46606 0 1.66134 -1.87656 0 1.25184 0 0 -19.4925 
7.274 1.987 0.1765 4.46419 0 1.66258 -1.87656 0 1.24203 0 0 -19.4925 
7.275 1.987 0.1765 4.46231 0 1.66381 -1.87656 0 1.23222 0 0 -19.4925 
7.276 1.987 0.1765 4.46044 0 1.66503 -1.87656 0 1.22241 0 0 -19.4925 
7.277 1.987 0.1765 4.45856 0 1.66625 -1.87656 0 1.2126 0 0 -19.4925 
7.278 1.987 0.1765 4.45668 0 1.66745 -1.87656 0 1.20279 0 0 -19.4925 
7.279 1.987 0.1765 4.45481 0 1.66864 -1.87656 0 1.19298 0 0 -19.4925 
7.28 1.987 0.1765 4.45293 0 1.66983 -1.87656 0 1.18317 0 0 -19.4925 
7.281 1.987 0.1765 4.45105 0 1.671 -1.87656 0 1.17336 0 0 -19.4925 
7.282 1.987 0.1765 4.44918 0 1.67216 -1.87656 0 1.16355 0 0 -19.4925 
7.283 1.987 0.1765 4.4473 0 1.67332 -1.87656 0 1.15374 0 0 -19.4925 
7.284 1.987 0.1765 4.44542 0 1.67446 -1.87656 0 1.14393 0 0 -19.4925 
7.285 1.987 0.1765 4.44355 0 1.67559 -1.87656 0 1.13412 0 0 -19.4925 
7.286 1.987 0.1765 4.44167 0 1.67672 -1.87656 0 1.12431 0 0 -19.4925 
7.287 1.987 0.1765 4.43979 0 1.67783 -1.87656 0 1.1145 0 0 -19.4925 
7.288 1.987 0.1765 4.43792 0 1.67894 -1.87656 0 1.10469 0 0 -19.4925 
7.289 1.987 0.1765 4.43604 0 1.68003 -1.87656 0 1.09488 0 0 -19.4925 
7.29 1.987 0.1765 4.43416 0 1.68112 -1.87656 0 1.08507 0 0 -19.4925 
7.291 1.987 0.1765 4.43229 0 1.68219 -1.87656 0 1.07526 0 0 -19.4925 
7.292 1.987 0.1765 4.43041 0 1.68326 -1.87656 0 1.06545 0 0 -19.4925 
7.293 1.987 0.1765 4.42853 0 1.68431 -1.87656 0 1.05564 0 0 -19.4925 
7.294 1.987 0.1765 4.42666 0 1.68536 -1.87656 0 1.04583 0 0 -19.4925 
7.295 1.987 0.1765 4.42478 0 1.6864 -1.87656 0 1.03602 0 0 -19.4925 
7.296 1.987 0.1765 4.4229 0 1.68742 -1.87656 0 1.02621 0 0 -19.4925 
7.297 1.987 0.1765 4.42103 0 1.68844 -1.87656 0 1.0164 0 0 -19.4925 
7.298 1.987 0.1765 4.41915 0 1.68944 -1.87656 0 1.00659 0 0 -19.4925 
7.299 1.987 0.1765 4.41727 0 1.69044 -1.87656 0 0.996776 0 0 -19.4925 
7.3 1.987 0.1765 4.4154 0 1.69143 -1.87656 0 0.986966 0 0 -19.4925 
7.301 1.987 0.1765 4.41352 0 1.69241 -1.87656 0 0.977156 0 0 -19.4925 
7.302 1.987 0.1765 4.41164 0 1.69337 -1.87656 0 0.967346 0 0 -19.4925 
7.303 1.987 0.1765 4.40977 0 1.69433 -1.87656 0 0.957536 0 0 -19.4925 
7.304 1.987 0.1765 4.40789 0 1.69528 -1.87656 0 0.947726 0 0 -19.4925 
7.305 1.987 0.1765 4.40602 0 1.69622 -1.87656 0 0.937916 0 0 -19.4925 
7.306 1.987 0.1765 4.40414 0 1.69714 -1.87656 0 0.928106 0 0 -19.4925 
7.307 1.987 0.1765 4.40226 0 1.69806 -1.87656 0 0.918296 0 0 -19.4925 
7.308 1.987 0.1765 4.40039 0 1.69897 -1.87656 0 0.908486 0 0 -19.4925 
7.309 1.987 0.1765 4.39851 0 1.69987 -1.87656 0 0.898676 0 0 -19.4925 
7.31 1.987 0.1765 4.39663 0 1.70076 -1.87656 0 0.888866 0 0 -19.4925 
7.311 1.987 0.1765 4.39476 0 1.70164 -1.87656 0 0.879056 0 0 -19.4925 
7.312 1.987 0.1765 4.39288 0 1.70251 -1.87656 0 0.869246 0 0 -19.4925 
7.313 1.987 0.1765 4.391 0 1.70337 -1.87656 0 0.859436 0 0 -19.4925 
7.314 1.987 0.1765 4.38913 0 1.70422 -1.87656 0 0.849626 0 0 -19.4925 
7.315 1.987 0.1765 4.38725 0 1.70506 -1.87656 0 0.839816 0 0 -19.4925 
7.316 1.987 0.1765 4.38537 0 1.70589 -1.87656 0 0.830006 0 0 -19.4925 
7.317 1.987 0.1765 4.3835 0 1.70671 -1.87656 0 0.820196 0 0 -19.4925 
7.318 1.987 0.1765 4.38162 0 1.70752 -1.87656 0 0.810386 0 0 -19.4925 
7.319 1.987 0.1765 4.37974 0 1.70832 -1.87656 0 0.800576 0 0 -19.4925 
7.32 1.987 0.1765 4.37787 0 1.70911 -1.87656 0 0.790766 0 0 -19.4925 
7.321 1.987 0.1765 4.37599 0 1.70989 -1.87656 0 0.780956 0 0 -19.4925 
7.322 1.987 0.1765 4.37411 0 1.71066 -1.87656 0 0.771146 0 0 -19.4925 
7.323 1.987 0.1765 4.37224 0 1.71142 -1.87656 0 0.761336 0 0 -19.4925 
7.324 1.987 0.1765 4.37036 0 1.71217 -1.87656 0 0.751526 0 0 -19.4925 
7.325 1.987 0.1765 4.36848 0 1.71291 -1.87656 0 0.741716 0 0 -19.4925 
7.326 1.987 0.1765 4.36661 0 1.71365 -1.87656 0 0.731906 0 0 -19.4925 
7.327 1.987 0.1765 4.36473 0 1.71437 -1.87656 0 0.722096 0 0 -19.4925 
7.328 1.987 0.1765 4.36285 0 1.71508 -1.87656 0 0.712286 0 0 -19.4925 
7.329 1.987 0.1765 4.36098 0 1.71578 -1.87656 0 0.702476 0 0 -19.4925 
7.33 1.987 0.1765 4.3591 0 1.71648 -1.87656 0 0.692666 0 0 -19.4925 
7.331 1.987 0.1765 4.35722 0 1.71716 -1.87656 0 0.682856 0 0 -19.4925 
7.332 1.987 0.1765 4.35535 0 1.71783 -1.87656 0 0.673046 0 0 -19.4925 
7.333 1.987 0.1765 4.35347 0 1.71849 -1.87656 0 0.663236 0 0 -19.4925 
7.334 1.987 0.1765 4.35159 0 1.71915 -1.87656 0 0.653426 0 0 -19.4925 
7.335 1.987 0.1765 4.34972 0 1.71979 -1.87656 0 0.643616 0 0 -19.4925 
7.336 1.987 0.1765 4.34784 0 1.72043 -1.87656 0 0.633806 0 0 -19.4925 
7.337 1.987 0.1765 4.34597 0 1.72105 -1.87656 0 0.623996 0 0 -19.4925 
7.338 1.987 0.1765 4.34409 0 1.72166 -1.87656 0 0.614186 0 0 -19.4925 
7.339 1.987 0.1765 4.34221 0 1.72227 -1.87656 0 0.604376 0 0 -19.4925 
7.34 1.987 0.1765 4.34034 0 1.72286 -1.87656 0 0.594566 0 0 -19.4925 
7.341 1.987 0.1765 4.33846 0 1.72345 -1.87656 0 0.584756 0 0 -19.4925 
7.342 1.987 0.1765 4.33658 0 1.72402 -1.87656 0 0.574946 0 0 -19.4925 
7.343 1.987 0.1765 4.33471 0 1.72459 -1.87656 0 0.565136 0 0 -19.4925 
7.344 1.987 0.1765 4.33283 0 1.72514 -1.87656 0 0.555326 0 0 -19.4925 
7.345 1.987 0.1765 4.33095 0 1.72569 -1.87656 0 0.545516 0 0 -19.4925 
7.346 1.987 0.1765 4.32908 0 1.72622 -1.87656 0 0.535706 0 0 -19.4925 
7.347 1.987 0.1765 4.3272 0 1.72675 -1.87656 0 0.525896 0 0 -19.4925 
7.348 1.987 0.1765 4.32532 0 1.72727 -1.87656 0 0.516086 0 0 -19.4925 
7.349 1.987 0.1765 4.32345 0 1.72777 -1.87656 0 0.506276 0 0 -19.4925 
7.35 1.987 0.1765 4.32157 0 1.72827 -1.87656 0 0.496466 0 0 -19.4925 
7.351 1.987 0.1765 4.31969 0 1.72876 -1.87656 0 0.486656 0 0 -19.4925 
7.352 1.987 0.1765 4.31782 0 1.72923 -1.87656 0 0.476846 0 0 -19.4925 
7.353 1.987 0.1765 4.31594 0 1.7297 -1.87656 0 0.467036 0 0 -19.4925 
7.354 1.987 0.1765 4.31406 0 1.73016 -1.87656 0 0.457226 0 0 -19.4925 
7.355 1.987 0.1765 4.31219 0 1.7306 -1.87656 0 0.447416 0 0 -19.4925 
7.356 1.987 0.1765 4.31031 0 1.73104 -1.87656 0 0.437606 0 0 -19.4925 
7.357 1.987 0.1765 4.30843 0 1.73147 -1.87656 0 0.427796 0 0 -19.4925 
7.358 1.987 0.1765 4.30656 0 1.73189 -1.87656 0 0.417986 0 0 -19.4925 
7.359 1.987 0.1765 4.30468 0 1.7323 -1.87656 0 0.408176 0 0 -19.4925 
7.36 1.987 0.1765 4.3028 0 1.73269 -1.87656 0 0.398366 0 0 -19.4925 
7.361 1.987 0.1765 4.30093 0 1.73308 -1.87656 0 0.388556 0 0 -19.4925 
7.362 1.987 0.1765 4.29905 0 1.73346 -1.87656 0 0.378746 0 0 -19.4925 
7.363 1.987 0.1765 4.29717 0 1.73383 -1.87656 0 0.368936 0 0 -19.4925 
7.364 1.987 0.1765 4.2953 0 1.73419 -1.87656 0 0.359126 0 0 -19.4925 
7.365 1.987 0.1765 4.29342 0 1.73454 -1.87656 0 0.349316 0 0 -19.4925 
7.366 1.987 0.1765 4.29154 0 1.73488 -1.87656 0 0.339506 0 0 -19.4925 
7.367 1.987 0.1765 4.28967 0 1.73521 -1.87656 0 0.329696 0 0 -19.4925 
7.368 1.987 0.1765 4.28779 0 1.73553 -1.87656 0 0.319886 0 0 -19.4925 
7.369 1.987 0.1765 4.28592 0 1.73584 -1.87656 0 0.310076 0 0 -19.4925 
7.37 1.987 0.1765 4.28404 0 1.73614 -1.87656 0 0.300266 0 0 -19.4925 
7.371 1.987 0.1765 4.28216 0 1.73643 -1.87656 0 0.290456 0 0 -19.4925 
7.372 1.987 0.1765 4.28029 0 1.73671 -1.87656 0 0.280646 0 0 -19.4925 
7.373 1.987 0.1765 4.27841 0 1.73698 -1.87656 0 0.270836 0 0 -19.4925 
7.374 1.987 0.1765 4.27653 0 1.73724 -1.87656 0 0.261026 0 0 -19.4925 
7.375 1.987 0.1765 4.27466 0 1.73749 -1.87656 0 0.251216 0 0 -19.4925 
7.376 1.987 0.1765 4.27278 0 1.73773 -1.87656 0 0.241406 0 0 -19.4925 
7.377 1.987 0.1765 4.2709 0 1.73797 -1.87656 0 0.231596 0 0 -19.4925 
7.378 1.987 0.1765 4.26903 0 1.73819 -1.87656 0 0.221786 0 0 -19.4925 
7.379 1.987 0.1765 4.26715 0 1.7384 -1.87656 0 0.211976 0 0 -19.4925 
7.38 1.987 0.1765 4.26527 0 1.7386 -1.87656 0 0.202166 0 0 -19.4925 
7.381 1.987 0.1765 4.2634 0 1.73879 -1.87656 0 0.192356 0 0 -19.4925 
7.382 1.987 0.1765 4.26152 0 1.73898 -1.87656 0 0.182546 0 0 -19.4925 
7.383 1.987 0.1765 4.25964 0 1.73915 -1.87656 0 0.172736 0 0 -19.4925 
7.384 1.987 0.1765 4.25777 0 1.73931 -1.87656 0 0.162926 0 0 -19.4925 
7.385 1.987 0.1765 4.25589 0 1.73946 -1.87656 0 0.153116 0 0 -19.4925 
7.386 1.987 0.1765 4.25401 0 1.73961 -1.87656 0 0.143306 0 0 -19.4925 
7.387 1.987 0.1765 4.25214 0 1.73974 -1.87656 0 0.133496 0 0 -19.4925 
7.388 1.987 0.1765 4.25026 0 1.73987 -1.87656 0 0.123686 0 0 -19.4925 
7.389 1.987 0.1765 4.24838 0 1.73998 -1.87656 0 0.113876 0 0 -19.4925 
7.39 1.987 0.1765 4.24651 0 1.74008 -1.87656 0 0.104066 0 0 -19.4925 
7.391 1.987 0.1765 4.24463 0 1.74018 -1.87656 0 0.0942558 0 0 -19.4925 
7.392 1.987 0.1765 4.24275 0 1.74026 -1.87656 0 0.0844458 0 0 -19.4925 
7.393 1.987 0.1765 4.24088 0 1.74034 -1.87656 0 0.0746358 0 0 -19.4925 
7.394 1.987 0.1765 4.239 0 1.7404 -1.87656 0 0.0648258 0 0 -19.4925 
7.395 1.987 0.1765 4.23712 0 1.74046 -1.87656 0 0.0550158 0 0 -19.4925 
7.396 1.987 0.1765 4.23525 0 1.7405 -1.87656 0 0.0452058 0 0 -19.4925 
7.397 1.987 0.1765 4.23337 0 1.74054 -1.87656 0 0.0353958 0 0 -19.4925 
7.398 1.987 0.1765 4.2315 0 1.74056 -1.87656 0 0.0255858 0 0 -19.4925 
7.399 1.987 0.1765 4.22962 0 1.74058 -1.87656 0 0.0157758 0 0 -19.4925 
7.4 1.987 0.1765 4.22774 0 1.74058 -1.87656 0 0.00596578 0 0 -19.4925 
7.401 1.987 0.1765 4.22587 0 1.74058 -1.87656 0 -0.00384422 0 0 -19.4925 
7.402 1.987 0.1765 4.22399 0 1.74057 -1.87656 0 -0.0136542 0 0 -19.4925 
7.403 1.987 0.1765 4.22211 0 1.74054 -1.87656 0 -0.0234642 0 0 -19.4925 
7.404 1.987 0.1765 4.22024 0 1.74051 -1.87656 0 -0.0332742 0 0 -19.4925 
7.405 1.987 0.1765 4.21836 0 1.74047 -1.87656 0 -0.0430842 0 0 -19.4925 
7.406 1.987 0.1765 4.21648 0 1.74041 -1.87656 0 -0.0528942 0 0 -19.4925 
7.407 1.987 0.1765 4.21461 0 1.74035 -1.87656 0 -0.0627042 0 0 -19.4925 
7.408 1.987 0.1765 4.21273 0 1.74028 -1.87656 0 -0.0725142 0 0 -19.4925 
7.409 1.987 0.1765 4.21085 0 1.7402 -1.87656 0 -0.0823242 0 0 -19.4925 
7.41 1.987 0.1765 4.20898 0 1.7401 -1.87656 0 -0.0921342 0 0 -19.4925 
7.411 1.987 0.1765 4.2071 0 1.74 -1.87656 0 -0.101944 0 0 -19.4925 
7.412 1.987 0.1765 4.20522 0 1.73989 -1.87656 0 -0.111754 0 0 -19.4925 
7.413 1.987 0.1765 4.20335 0 1.73977 -1.87656 0 -0.121564 0 0 -19.4925 
7.414 1.987 0.1765 4.20147 0 1.73964 -1.87656 0 -0.131374 0 0 -19.4925 
7.415 1.987 0.1765 4.19959 0 1.7395 -1.87656 0 -0.141184 0 0 -19.4925 
7.416 1.987 0.1765 4.19772 0 1.73935 -1.87656 0 -0.150994 0 0 -19.4925 
7.417 1.987 0.1765 4.19584 0 1.73918 -1.87656 0 -0.160804 0 0 -19.4925 
7.418 1.987 0.1765 4.19396 0 1.73901 -1.87656 0 -0.170614 0 0 -19.4925 
7.419 1.987 0.1765 4.19209 0 1.73883 -1.87656 0 -0.180424 0 0 -19.4925 
7.42 1.987 0.1765 4.19021 0 1.73864 -1.87656 0 -0.190234 0 0 -19.4925 
7.421 1.987 0.1765 4.18833 0 1.73844 -1.87656 0 -0.200044 0 0 -19.4925 
7.422 1.987 0.1765 4.18646 0 1.73823 -1.87656 0 -0.209854 0 0 -19.4925 
7.423 1.987 0.1765 4.18458 0 1.73801 -1.87656 0 -0.219664 0 0 -19.4925 
7.424 1.987 0.1765 4.1827 0 1.73778 -1.87656 0 -0.229474 0 0 -19.4925 
7.425 1.987 0.1765 4.18083 0 1.73755 -1.87656 0 -0.239284 0 0 -19.4925 
7.426 1.987 0.1765 4.17895 0 1.7373 -1.87656 0 -0.249094 0 0 -19.4925 
7.427 1.987 0.1765 4.17707 0 1.73704 -1.87656 0 -0.258904 0 0 -19.4925 
7.428 1.987 0.1765 4.1752 0 1.73677 -1.87656 0 -0.268714 0 0 -19.4925 
7.429 1.987 0.1765 4.17332 0 1.73649 -1.87656 0 -0.278524 0 0 -19.4925 
7.43 1.987 0.1765 4.17145 0 1.7362 -1.87656 0 -0.288334 0 0 -19.4925 
7.431 1.987 0.1765 4.16957 0 1.7359 -1.87656 0 -0.298144 0 0 -19.4925 
7.432 1.987 0.1765 4.16769 0 1.7356 -1.87656 0 -0.307954 0 0 -19.4925 
7.433 1.987 0.1765 4.16582 0 1.73528 -1.87656 0 -0.317764 0 0 -19.4925 
7.434 1.987 0.1765 4.16394 0 1.73495 -1.87656 0 -0.327574 0 0 -19.4925 
7.435 1.987 0.1765 4.16206 0 1.73461 -1.87656 0 -0.337384 0 0 -19.4925 
7.436 1.987 0.1765 4.16019 0 1.73427 -1.87656 0 -0.347194 0 0 -19.4925 
7.437 1.987 0.1765 4.15831 0 1.73391 -1.87656 0 -0.357004 0 0 -19.4925 
7.438 1.987 0.1765 4.15643 0 1.73354 -1.87656 0 -0.366814 0 0 -19.4925 
7.439 1.987 0.1765 4.15456 0 1.73317 -1.87656 0 -0.376624 0 0 -19.4925 
7.44 1.987 0.1765 4.15268 0 1.73278 -1.87656 0 -0.386434 0 0 -19.4925 
7.441 1.987 0.1765 4.1508 0 1.73238 -1.87656 0 -0.396244 0 0 -19.4925 
7.442 1.987 0.1765 4.14893 0 1.73198 -1.87656 0 -0.406054 0 0 -19.4925 
7.443 1.987 0.1765 4.14705 0 1.73156 -1.87656 0 -0.415864 0 0 -19.4925 
7.444 1.987 0.1765 4.14517 0 1.73114 -1.87656 0 -0.425674 0 0 -19.4925 
7.445 1.987 0.1765 4.1433 0 1.7307 -1.87656 0 -0.435484 0 0 -19.4925 
7.446 1.987 0.1765 4.14142 0 1.73025 -1.87656 0 -0.445294 0 0 -19.4925 
7.447 1.987 0.1765 4.13954 0 1.7298 -1.87656 0 -0.455104 0 0 -19.4925 
7.448 1.987 0.1765 4.13767 0 1.72933 -1.87656 0 -0.464914 0 0 -19.4925 
7.449 1.987 0.1765 4.13579 0 1.72886 -1.87656 0 -0.474724 0 0 -19.4925 
7.45 1.987 0.1765 4.13391 0 1.72838 -1.87656 0 -0.484534 0 0 -19.4925 
7.451 1.987 0.1765 4.13204 0 1.72788 -1.87656 0 -0.494344 0 0 -19.4925 
7.452 1.987 0.1765 4.13016 0 1.72738 -1.87656 0 -0.504154 0 0 -19.4925 
7.453 1.987 0.1765 4.12828 0 1.72686 -1.87656 0 -0.513964 0 0 -19.4925 
7.454 1.987 0.1765 4.12641 0 1.72634 -1.87656 0 -0.523774 0 0 -19.4925 
7.455 1.987 0.1765 4.12453 0 1.72581 -1.87656 0 -0.533584 0 0 -19.4925 
7.456 1.987 0.1765 4.12265 0 1.72526 -1.87656 0 -0.543394 0 0 -19.4925 
7.457 1.987 0.1765 4.12078 0 1.72471 -1.87656 0 -0.553204 0 0 -19.4925 
7.458 1.987 0.1765 4.1189 0 1.72415 -1.87656 0 -0.563014 0 0 -19.4925 
7.459 1.987 0.1765 4.11703 0 1.72357 -1.87656 0 -0.572824 0 0 -19.4925 
7.46 1.987 0.1765 4.11515 0 1.72299 -1.87656 0 -0.582634 0 0 -19.4925 
7.461 1.987 0.1765 4.11327 0 1.7224 -1.87656 0 -0.592444 0 0 -19.4925 
7.462 1.987 0.1765 4.1114 0 1.7218 -1.87656 0 -0.602254 0 0 -19.4925 
7.463 1.987 0.1765 4.10952 0 1.72118 -1.87656 0 -0.612064 0 0 -19.4925 
7.464 1.987 0.1765 4.10764 0 1.72056 -1.87656 0 -0.621874 0 0 -19.4925 
7.465 1.987 0.1765 4.10577 0 1.71993 -1.87656 0 -0.631684 0 0 -19.4925 
7.466 1.987 0.1765 4.10389 0 1.71929 -1.87656 0 -0.641494 0 0 -19.4925 
7.467 1.987 0.1765 4.10201 0 1.71864 -1.87656 0 -0.651304 0 0 -19.4925 
7.468 1.987 0.1765 4.10014 0 1.71798 -1.87656 0 -0.661114 0 0 -19.4925 
7.469 1.987 0.1765 4.09826 0 1.7173 -1.87656 0 -0.670924 0 0 -19.4925 
7.47 1.987 0.1765 4.09638 0 1.71662 -1.87656 0 -0.680734 0 0 -19.4925 
7.471 1.987 0.1765 4.09451 0 1.71593 -1.87656 0 -0.690544 0 0 -19.4925 
7.472 1.987 0.1765 4.09263 0 1.71523 -1.87656 0 -0.700354 0 0 -19.4925 
7.473 1.987 0.1765 4.09075 0 1.71452 -1.87656 0 -0.710164 0 0 -19.4925 
7.474 1.987 0.1765 4.08888 0 1.7138 -1.87656 0 -0.719974 0 0 -19.4925 
7.475 1.987 0.1765 4.087 0 1.71307 -1.87656 0 -0.729784 0 0 -19.4925 
7.476 1.987 0.1765 4.08512 0 1.71233 -1.87656 0 -0.739594 0 0 -19.4925 
7.477 1.987 0.1765 4.08325 0 1.71158 -1.87656 0 -0.749404 0 0 -19.4925 
7.478 1.987 0.1765 4.08137 0 1.71083 -1.87656 0 -0.759214 0 0 -19.4925 
7.479 1.987 0.1765 4.07949 0 1.71006 -1.87656 0 -0.769024 0 0 -19.4925 
7.48 1.987 0.1765 4.07762 0 1.70928 -1.87656 0 -0.778834 0 0 -19.4925 
7.481 1.987 0.1765 4.07574 0 1.70849 -1.87656 0 -0.788644 0 0 -19.4925 
7.482 1.987 0.1765 4.07386 0 1.70769 -1.87656 0 -0.798454 0 0 -19.4925 
7.483 1.987 0.1765 4.07199 0 1.70688 -1.87656 0 -0.808264 0 0 -19.4925 
7.484 1.987 0.1765 4.07011 0 1.70606 -1.87656 0 -0.818074 0 0 -19.4925 
7.485 1.987 0.1765 4.06823 0 1.70524 -1.87656 0 -0.827884 0 0 -19.4925 
7.486 1.987 0.1765 4.06636 0 1.7044 -1.87656 0 -0.837694 0 0 -19.4925 
7.487 1.987 0.1765 4.06448 0 1.70355 -1.87656 0 -0.847504 0 0 -19.4925 
7.488 1.987 0.1765 4.0626 0 1.70269 -1.87656 0 -0.857314 0 0 -19.4925 
7.489 1.987 0.1765 4.06073 0 1.70183 -1.87656 0 -0.867124 0 0 -19.4925 
7.49 1.987 0.1765 4.05885 0 1.70095 -1.87656 0 -0.876934 0 0 -19.4925 
7.491 1.987 0.1765 4.05698 0 1.70006 -1.87656 0 -0.886744 0 0 -19.4925 
7.492 1.987 0.1765 4.0551 0 1.69917 -1.87656 0 -0.896554 0 0 -19.4925 
7.493 1.987 0.1765 4.05322 0 1.69826 -1.87656 0 -0.906364 0 0 -19.4925 
7.494 1.987 0.1765 4.05135 0 1.69734 -1.87656 0 -0.916174 0 0 -19.4925 
7.495 1.987 0.1765 4.04947 0 1.69642 -1.87656 0 -0.925984 0 0 -19.4925 
7.496 1.987 0.1765 4.04759 0 1.69548 -1.87656 0 -0.935794 0 0 -19.4925 
7.497 1.987 0.1765 4.04572 0 1.69454 -1.87656 0 -0.945604 0 0 -19.4925 
7.498 1.987 0.1765 4.04384 0 1.69358 -1.87656 0 -0.955414 0 0 -19.4925 
7.499 1.987 0.1765 4.04196 0 1.69262 -1.87656 0 -0.965224 0 0 -19.4925 
7.5 1.987 0.1765 4.04009 0 1.69164 -1.87656 0 -0.975034 0 0 -19.4925 
7.501 1.987 0.1765 4.03821 0 1.69066 -1.87656 0 -0.984844 0 0 -19.4925 
7.502 1.987 0.1765 4.03633 0 1.68966 -1.87656 0 -0.994654 0 0 -19.4925 
7.503 1.987 0.1765 4.03446 0 1.68866 -1.87656 0 -1.00446 0 0 -19.4925 
7.504 1.987 0.1765 4.03258 0 1.68764 -1.87656 0 -1.01427 0 0 -19.4925 
7.505 1.987 0.1765 4.0307 0 1.68662 -1.87656 0 -1.02408 0 0 -19.4925 
7.506 1.987 0.1765 4.02883 0 1.68558 -1.87656 0 -1.03389 0 0 -19.4925 
7.507 1.987 0.1765 4.02695 0 1.68454 -1.87656 0 -1.0437 0 0 -19.4925 
7.508 1.987 0.1765 4.02507 0 1.68349 -1.87656 0 -1.05351 0 0 -19.4925 
7.509 1.987 0.1765 4.0232 0 1.68242 -1.87656 0 -1.06332 0 0 -19.4925 
7.51 1.987 0.1765 4.02132 0 1.68135 -1.87656 0 -1.07313 0 0 -19.4925 
7.511 1.987 0.1765 4.01944 0 1.68027 -1.87656 0 -1.08294 0 0 -19.4925 
7.512 1.987 0.1765 4.01757 0 1.67917 -1.87656 0 -1.09275 0 0 -19.4925 
7.513 1.987 0.1765 4.01569 0 1.67807 -1.87656 0 -1.10256 0 0 -19.4925 
7.514 1.987 0.1765 4.01381 0 1.67696 -1.87656 0 -1.11237 0 0 -19.4925 
7.515 1.987 0.1765 4.01194 0 1.67584 -1.87656 0 -1.12218 0 0 -19.4925 
7.516 1.987 0.1765 4.01006 0 1.67471 -1.87656 0 -1.13199 0 0 -19.4925 
7.517 1.987 0.1765 4.00818 0 1.67356 -1.87656 0 -1.1418 0 0 -19.4925 
7.518 1.987 0.1765 4.00631 0 1.67241 -1.87656 0 -1.15161 0 0 -19.4925 
7.519 1.987 0.1765 4.00443 0 1.67125 -1.87656 0 -1.16142 0 0 -19.4925 
7.52 1.987 0.1765 4.00256 0 1.67008 -1.87656 0 -1.17123 0 0 -19.4925 
7.521 1.987 0.1765 4.00068 0 1.6689 -1.87656 0 -1.18104 0 0 -19.4925 
7.522 1.987 0.1765 3.9988 0 1.66771 -1.87656 0 -1.19085 0 0 -19.4925 
7.523 1.987 0.1765 3.99693 0 1.66651 -1.87656 0 -1.20066 0 0 -19.4925 
7.524 1.987 0.1765 3.99505 0 1.6653 -1.87656 0 -1.21047 0 0 -19.4925 
7.525 1.987 0.1765 3.99317 0 1.66408 -1.87656 0 -1.22028 0 0 -19.4925 
7.526 1.987 0.1765 3.9913 0 1.66285 -1.87656 0 -1.23009 0 0 -19.4925 
7.527 1.987 0.1765 3.98942 0 1.66161 -1.87656 0 -1.2399 0 0 -19.4925 
7.528 1.987 0.1765 3.98754 0 1.66036 -1.87656 0 -1.24971 0 0 -19.4925 
7.529 1.987 0.1765 3.98567 0 1.6591 -1.87656 0 -1.25952 0 0 -19.4925 
7.53 1.987 0.1765 3.98379 0 1.65783 -1.87656 0 -1.26933 0 0 -19.4925 
7.531 1.987 0.1765 3.98191 0 1.65655 -1.87656 0 -1.27914 0 0 -19.4925 
7.532 1.987 0.1765 3.98004 0 1.65526 -1.87656 0 -1.28895 0 0 -19.4925 
7.533 1.987 0.1765 3.97816 0 1.65396 -1.87656 0 -1.29876 0 0 -19.4925 
7.534 1.987 0.1765 3.97628 0 1.65265 -1.87656 0 -1.30857 0 0 -19.4925 
7.535 1.987 0.1765 3.97441 0 1.65133 -1.87656 0 -1.31838 0 0 -19.4925 
7.536 1.987 0.1765 3.97253 0 1.65001 -1.87656 0 -1.32819 0 0 -19.4925 
7.537 1.987 0.1765 3.97065 0 1.64867 -1.87656 0 -1.338 0 0 -19.4925 
7.538 1.987 0.1765 3.96878 0 1.64732 -1.87656 0 -1.34781 0 0 -19.4925 
7.539 1.987 0.1765 3.9669 0 1.64596 -1.87656 0 -1.35762 0 0 -19.4925 
7.54 1.987 0.1765 3.96502 0 1.6446 -1.87656 0 -1.36743 0 0 -19.4925 
7.541 1.987 0.1765 3.96315 0 1.64322 -1.87656 0 -1.37724 0 0 -19.4925 
7.542 1.987 0.1765 3.96127 0 1.64183 -1.87656 0 -1.38705 0 0 -19.4925 
7.543 1.987 0.1765 3.95939 0 1.64043 -1.87656 0 -1.39686 0 0 -19.4925 
7.544 1.987 0.1765 3.95752 0 1.63903 -1.87656 0 -1.40667 0 0 -19.4925 
7.545 1.987 0.1765 3.95564 0 1.63761 -1.87656 0 -1.41648 0 0 -19.4925 
7.546 1.987 0.1765 3.95376 0 1.63618 -1.87656 0 -1.42629 0 0 -19.4925 
7.547 1.987 0.1765 3.95189 0 1.63475 -1.87656 0 -1.4361 0 0 -19.4925 
7.548 1.987 0.1765 3.95001 0 1.6333 -1.87656 0 -1.44591 0 0 -19.4925 
7.549 1.987 0.1765 3.94813 0 1.63185 -1.87656 0 -1.45572 0 0 -19.4925 
7.55 1.987 0.1765 3.94626 0 1.63038 -1.87656 0 -1.46553 0 0 -19.4925 
7.551 1.987 0.1765 3.94438 0 1.62891 -1.87656 0 -1.47534 0 0 -19.4925 
7.552 1.987 0.1765 3.94251 0 1.62742 -1.87656 0 -1.48515 0 0 -19.4925 
7.553 1.987 0.1765 3.94063 0 1.62593 -1.87656 0 -1.49496 0 0 -19.4925 
7.554 1.987 0.1765 3.93875 0 1.62442 -1.87656 0 -1.50477 0 0 -19.4925 
7.555 1.987 0.1765 3.93688 0 1.62291 -1.87656 0 -1.51458 0 0 -19.4925 
7.556 1.987 0.1765 3.935 0 1.62138 -1.87656 0 -1.52439 0 0 -19.4925 
7.557 1.987 0.1765 3.93312 0 1.61985 -1.87656 0 -1.5342 0 0 -19.4925 
7.558 1.987 0.1765 3.93125 0 1.6183 -1.87656 0 -1.54401 0 0 -19.4925 
7.559 1.987 0.1765 3.92937 0 1.61675 -1.87656 0 -1.55382 0 0 -19.4925 
7.56 1.987 0.1765 3.92749 0 1.61519 -1.87656 0 -1.56363 0 0 -19.4925 
7.561 1.987 0.1765 3.92562 0 1.61361 -1.87656 0 -1.57344 0 0 -19.4925 
7.562 1.987 0.1765 3.92374 0 1.61203 -1.87656 0 -1.58325 0 0 -19.4925 
7.563 1.987 0.1765 3.92186 0 1.61044 -1.87656 0 -1.59306 0 0 -19.4925 
7.564 1.987 0.1765 3.91999 0 1.60883 -1.87656 0 -1.60287 0 0 -19.4925 
7.565 1.987 0.1765 3.91811 0 1.60722 -1.87656 0 -1.61268 0 0 -19.4925 
7.566 1.987 0.1765 3.91623 0 1.6056 -1.87656 0 -1.62249 0 0 -19.4925 
7.567 1.987 0.1765 3.91436 0 1.60397 -1.87656 0 -1.6323 0 0 -19.4925 
7.568 1.987 0.1765 3.91248 0 1.60232 -1.87656 0 -1.64211 0 0 -19.4925 
7.569 1.987 0.1765 3.9106 0 1.60067 -1.87656 0 -1.65192 0 0 -19.4925 
7.57 1.987 0.1765 3.90873 0 1.59901 -1.87656 0 -1.66173 0 0 -19.4925 
7.571 1.987 0.1765 3.90685 0 1.59734 -1.87656 0 -1.67154 0 0 -19.4925 
7.572 1.987 0.1765 3.90497 0 1.59566 -1.87656 0 -1.68135 0 0 -19.4925 
7.573 1.987 0.1765 3.9031 0 1.59397 -1.87656 0 -1.69116 0 0 -19.4925 
7.574 1.987 0.1765 3.90122 0 1.59227 -1.87656 0 -1.70097 0 0 -19.4925 
7.575 1.987 0.1765 3.89934 0 1.59055 -1.87656 0 -1.71078 0 0 -19.4925 
7.576 1.987 0.1765 3.89747 0 1.58883 -1.87656 0 -1.72059 0 0 -19.4925 
7.577 1.987 0.1765 3.89559 0 1.5871 -1.87656 0 -1.7304 0 0 -19.4925 
7.578 1.987 0.1765 3.89371 0 1.58536 -1.87656 0 -1.74021 0 0 -19.4925 
7.579 1.987 0.1765 3.89184 0 1.58361 -1.87656 0 -1.75002 0 0 -19.4925 
7.58 1.987 0.1765 3.88996 0 1.58185 -1.87656 0 -1.75983 0 0 -19.4925 
7.581 1.987 0.1765 3.88809 0 1.58008 -1.87656 0 -1.76964 0 0 -19.4925 
7.582 1.987 0.1765 3.88621 0 1.5783 -1.87656 0 -1.77945 0 0 -19.4925 
7.583 1.987 0.1765 3.88433 0 1.57652 -1.87656 0 -1.78926 0 0 -19.4925 
7.584 1.987 0.1765 3.88246 0 1.57472 -1.87656 0 -1.79907 0 0 -19.4925 
7.585 1.987 0.1765 3.88058 0 1.57291 -1.87656 0 -1.80888 0 0 -19.4925 
7.586 1.987 0.1765 3.8787 0 1.57109 -1.87656 0 -1.81869 0 0 -19.4925 
7.587 1.987 0.1765 3.87683 0 1.56926 -1.87656 0 -1.8285 0 0 -19.4925 
7.588 1.987 0.1765 3.87495 0 1.56742 -1.87656 0 -1.83831 0 0 -19.4925 
7.589 1.987 0.1765 3.87307 0 1.56557 -1.87656 0 -1.84812 0 0 -19.4925 
7.59 1.987 0.1765 3.8712 0 1.56372 -1.87656 0 -1.85793 0 0 -19.4925 
7.591 1.987 0.1765 3.86932 0 1.56185 -1.87656 0 -1.86774 0 0 -19.4925 
7.592 1.987 0.1765 3.86744 0 1.55997 -1.87656 0 -1.87755 0 0 -19.4925 
7.593 1.987 0.1765 3.86557 0 1.55808 -1.87656 0 -1.88736 0 0 -19.4925 
7.594 1.987 0.1765 3.86369 0 1.55619 -1.87656 0 -1.89717 0 0 -19.4925 
7.595 1.987 0.1765 3.86181 0 1.55428 -1.87656 0 -1.90698 0 0 -19.4925 
7.596 1.987 0.1765 3.85994 0 1.55236 -1.87656 0 -1.91679 0 0 -19.4925 
7.597 1.987 0.1765 3.85806 0 1.55044 -1.87656 0 -1.9266 0 0 -19.4925 
7.598 1.987 0.1765 3.85618 0 1.5485 -1.87656 0 -1.93641 0 0 -19.4925 
7.599 1.987 0.1765 3.85431 0 1.54655 -1.87656 0 -1.94622 0 0 -19.4925 
7.6 1.987 0.1765 3.85243 0 1.5446 -1.87656 0 -1.95603 0 0 -19.4925 
7.601 1.987 0.1765 3.85055 0 1.54263 -1.87656 0 -1.96584 0 0 -19.4925 
7.602 1.987 0.1765 3.84868 0 1.54066 -1.87656 0 -1.97565 0 0 -19.4925 
7.603 1.987 0.1765 3.8468 0 1.53867 -1.87656 0 -1.98546 0 0 -19.4925 
7.604 1.987 0.1765 3.84492 0 1.53667 -1.87656 0 -1.99527 0 0 -19.4925 
7.605 1.987 0.1765 3.84305 0 1.53467 -1.87656 0 -2.00508 0 0 -19.4925 
7.606 1.987 0.1765 3.84117 0 1.53265 -1.87656 0 -2.01489 0 0 -19.4925 
7.607 1.987 0.1765 3.83929 0 1.53063 -1.87656 0 -2.0247 0 0 -19.4925 
7.608 1.987 0.1765 3.83742 0 1.5286 -1.87656 0 -2.03451 0 0 -19.4925 
7.609 1.987 0.1765 3.83554 0 1.52655 -1.87656 0 -2.04432 0 0 -19.4925 
7.61 1.987 0.1765 3.83366 0 1.5245 -1.87656 0 -2.05413 0 0 -19.4925 
7.611 1.987 0.1765 3.83179 0 1.52243 -1.87656 0 -2.06394 0 0 -19.4925 
7.612 1.987 0.1765 3.82991 0 1.52036 -1.87656 0 -2.07375 0 0 -19.4925 
7.613 1.987 0.1765 3.82804 0 1.51828 -1.87656 0 -2.08356 0 0 -19.4925 
7.614 1.987 0.1765 3.82616 0 1.51618 -1.87656 0 -2.09337 0 0 -19.4925 
7.615 1.987 0.1765 3.82428 0 1.51408 -1.87656 0 -2.10318 0 0 -19.4925 
7.616 1.987 0.1765 3.82241 0 1.51197 -1.87656 0 -2.11299 0 0 -19.4925 
7.617 1.987 0.1765 3.82053 0 1.50984 -1.87656 0 -2.1228 0 0 -19.4925 
7.618 1.987 0.1765 3.81865 0 1.50771 -1.87656 0 -2.13261 0 0 -19.4925 
7.619 1.987 0.1765 3.81678 0 1.50557 -1.87656 0 -2.14242 0 0 -19.4925 
7.62 1.987 0.1765 3.8149 0 1.50342 -1.87656 0 -2.15223 0 0 -19.4925 
7.621 1.987 0.1765 3.81302 0 1.50125 -1.87656 0 -2.16204 0 0 -19.4925 
7.622 1.987 0.1765 3.81115 0 1.49908 -1.87656 0 -2.17185 0 0 -19.4925 
7.623 1.987 0.1765 3.80927 0 1.4969 -1.87656 0 -2.18166 0 0 -19.4925 
7.624 1.987 0.1765 3.80739 0 1.49471 -1.87656 0 -2.19147 0 0 -19.4925 
7.625 1.987 0.1765 3.80552 0 1.49251 -1.87656 0 -2.20128 0 0 -19.4925 
7.626 1.987 0.1765 3.80364 0 1.4903 -1.87656 0 -2.21109 0 0 -19.4925 
7.627 1.987 0.1765 3.80176 0 1.48808 -1.87656 0 -2.2209 0 0 -19.4925 
7.628 1.987 0.1765 3.79989 0 1.48584 -1.87656 0 -2.23071 0 0 -19.4925 
7.629 1.987 0.1765 3.79801 0 1.4836 -1.87656 0 -2.24052 0 0 -19.4925 
7.63 1.987 0.1765 3.79613 0 1.48135 -1.87656 0 -2.25033 0 0 -19.4925 
7.631 1.987 0.1765 3.79426 0 1.47909 -1.87656 0 -2.26014 0 0 -19.4925 
7.632 1.987 0.1765 3.79238 0 1.47682 -1.87656 0 -2.26995 0 0 -19.4925 
7.633 1.987 0.1765 3.7905 0 1.47454 -1.87656 0 -2.27976 0 0 -19.4925 
7.634 1.987 0.1765 3.78863 0 1.47225 -1.87656 0 -2.28957 0 0 -19.4925 
7.635 1.987 0.1765 3.78675 0 1.46996 -1.87656 0 -2.29938 0 0 -19.4925 
7.636 1.987 0.1765 3.78487 0 1.46765 -1.87656 0 -2.30919 0 0 -19.4925 
7.637 1.987 0.1765 3.783 0 1.46533 -1.87656 0 -2.319 0 0 -19.4925 
7.638 1.987 0.1765 3.78112 0 1.463 -1.87656 0 -2.32881 0 0 -19.4925 
7.639 1.987 0.1765 3.77924 0 1.46066 -1.87656 0 -2.33862 0 0 -19.4925 
7.64 1.987 0.1765 3.77737 0 1.45831 -1.87656 0 -2.34843 0 0 -19.4925 
7.641 1.987 0.1765 3.77549 0 1.45595 -1.87656 0 -2.35824 0 0 -19.4925 
7.642 1.987 0.1765 3.77362 0 1.45358 -1.87656 0 -2.36805 0 0 -19.4925 
7.643 1.987 0.1765 3.77174 0 1.45121 -1.87656 0 -2.37786 0 0 -19.4925 
7.644 1.987 0.1765 3.76986 0 1.44882 -1.87656 0 -2.38767 0 0 -19.4925 
7.645 1.987 0.1765 3.76799 0 1.44642 -1.87656 0 -2.39748 0 0 -19.4925 
7.646 1.987 0.1765 3.76611 0 1.44401 -1.87656 0 -2.40729 0 0 -19.4925 
7.647 1.987 0.1765 3.76423 0 1.4416 -1.87656 0 -2.4171 0 0 -19.4925 
7.648 1.987 0.1765 3.76236 0 1.43917 -1.87656 0 -2.42691 0 0 -19.4925 
7.649 1.987 0.1765 3.76048 0 1.43673 -1.87656 0 -2.43672 0 0 -19.4925 
7.65 1.987 0.1765 3.7586 0 1.43429 -1.87656 0 -2.44653 0 0 -19.4925 
7.651 1.987 0.1765 3.75673 0 1.43183 -1.87656 0 -2.45634 0 0 -19.4925 
7.652 1.987 0.1765 3.75485 0 1.42936 -1.87656 0 -2.46615 0 0 -19.4925 
7.653 1.987 0.1765 3.75297 0 1.42689 -1.87656 0 -2.47596 0 0 -19.4925 
7.654 1.987 0.1765 3.7511 0 1.4244 -1.87656 0 -2.48577 0 0 -19.4925 
7.655 1.987 0.1765 3.74922 0 1.42191 -1.87656 0 -2.49558 0 0 -19.4925 
7.656 1.987 0.1765 3.74734 0 1.4194 -1.87656 0 -2.50539 0 0 -19.4925 
7.657 1.987 0.1765 3.74547 0 1.41689 -1.87656 0 -2.5152 0 0 -19.4925 
7.658 1.987 0.1765 3.74359 0 1.41436 -1.87656 0 -2.52501 0 0 -19.4925 
7.659 1.987 0.1765 3.74171 0 1.41183 -1.87656 0 -2.53482 0 0 -19.4925 
7.66 1.987 0.1765 3.73984 0 1.40928 -1.87656 0 -2.54463 0 0 -19.4925 
7.661 1.987 0.1765 3.73796 0 1.40673 -1.87656 0 -2.55444 0 0 -19.4925 
7.662 1.987 0.1765 3.73608 0 1.40416 -1.87656 0 -2.56425 0 0 -19.4925 
7.663 1.987 0.1765 3.73421 0 1.40159 -1.87656 0 -2.57406 0 0 -19.4925 
7.664 1.987 0.1765 3.73233 0 1.39901 -1.87656 0 -2.58387 0 0 -19.4925 
7.665 1.987 0.1765 3.73045 0 1.39641 -1.87656 0 -2.59368 0 0 -19.4925 
7.666 1.987 0.1765 3.72858 0 1.39381 -1.87656 0 -2.60349 0 0 -19.4925 
7.667 1.987 0.1765 3.7267 0 1.3912 -1.87656 0 -2.6133 0 0 -19.4925 
7.668 1.987 0.1765 3.72482 0 1.38857 -1.87656 0 -2.62311 0 0 -19.4925 
7.669 1.987 0.1765 3.72295 0 1.38594 -1.87656 0 -2.63292 0 0 -19.4925 
7.67 1.987 0.1765 3.72107 0 1.3833 -1.87656 0 -2.64273 0 0 -19.4925 
7.671 1.987 0.1765 3.71919 0 1.38064 -1.87656 0 -2.65254 0 0 -19.4925 
7.672 1.987 0.1765 3.71732 0 1.37798 -1.87656 0 -2.66235 0 0 -19.4925 
7.673 1.987 0.1765 3.71544 0 1.37531 -1.87656 0 -2.67216 0 0 -19.4925 
7.674 1.987 0.1765 3.71357 0 1.37263 -1.87656 0 -2.68197 0 0 -19.4925 
7.675 1.987 0.1765 3.71169 0 1.36994 -1.87656 0 -2.69178 0 0 -19.4925 
7.676 1.987 0.1765 3.70981 0 1.36723 -1.87656 0 -2.70159 0 0 -19.4925 
7.677 1.987 0.1765 3.70794 0 1.36452 -1.87656 0 -2.7114 0 0 -19.4925 
7.678 1.987 0.1765 3.70606 0 1.3618 -1.87656 0 -2.72121 0 0 -19.4925 
7.679 1.987 0.1765 3.70418 0 1.35907 -1.87656 0 -2.73102 0 0 -19.4925 
7.68 1.987 0.1765 3.70231 0 1.35633 -1.87656 0 -2.74083 0 0 -19.4925 
7.681 1.987 0.1765 3.70043 0 1.35358 -1.87656 0 -2.75064 0 0 -19.4925 
7.682 1.987 0.1765 3.69855 0 1.35082 -1.87656 0 -2.76045 0 0 -19.4925 
7.683 1.987 0.1765 3.69668 0 1.34805 -1.87656 0 -2.77026 0 0 -19.4925 
7.684 1.987 0.1765 3.6948 0 1.34527 -1.87656 0 -2.78007 0 0 -19.4925 
7.685 1.987 0.1765 3.69292 0 1.34248 -1.87656 0 -2.78988 0 0 -19.4925 
7.686 1.987 0.1765 3.69105 0 1.33968 -1.87656 0 -2.79969 0 0 -19.4925 
7.687 1.987 0.1765 3.68917 0 1.33687 -1.87656 0 -2.8095 0 0 -19.4925 
7.688 1.987 0.1765 3.68729 0 1.33405 -1.87656 0 -2.81931 0 0 -19.4925 
7.689 1.987 0.1765 3.68542 0 1.33122 -1.87656 0 -2.82912 0 0 -19.4925 
7.69 1.987 0.1765 3.68354 0 1.32838 -1.87656 0 -2.83893 0 0 -19.4925 
7.691 1.987 0.1765 3.68166 0 1.32553 -1.87656 0 -2.84874 0 0 -19.4925 
7.692 1.987 0.1765 3.67979 0 1.32267 -1.87656 0 -2.85855 0 0 -19.4925 
7.693 1.987 0.1765 3.67791 0 1.31981 -1.87656 0 -2.86836 0 0 -19.4925 
7.694 1.987 0.1765 3.67603 0 1.31693 -1.87656 0 -2.87817 0 0 -19.4925 
7.695 1.987 0.1765 3.67416 0 1.31404 -1.87656 0 -2.88798 0 0 -19.4925 
7.696 1.987 0.1765 3.67228 0 1.31114 -1.87656 0 -2.89779 0 0 -19.4925 
7.697 1.987 0.1765 3.6704 0 1.30823 -1.87656 0 -2.9076 0 0 -19.4925 
7.698 1.987 0.1765 3.66853 0 1.30532 -1.87656 0 -2.91741 0 0 -19.4925 
7.699 1.987 0.1765 3.66665 0 1.30239 -1.87656 0 -2.92722 0 0 -19.4925 
7.7 1.987 0.1765 3.66477 0 1.29945 -1.87656 0 -2.93703 0 0 -19.4925 
7.701 1.987 0.1765 3.6629 0 1.29651 -1.87656 0 -2.94684 0 0 -19.4925 
7.702 1.987 0.1765 3.66102 0 1.29355 -1.87656 0 -2.95665 0 0 -19.4925 
7.703 1.987 0.1765 3.65915 0 1.29058 -1.87656 0 -2.96646 0 0 -19.4925 
7.704 1.987 0.1765 3.65727 0 1.28761 -1.87656 0 -2.97627 0 0 -19.4925 
7.705 1.987 0.1765 3.65539 0 1.28462 -1.87656 0 -2.98608 0 0 -19.4925 
7.706 1.987 0.1765 3.65352 0 1.28162 -1.87656 0 -2.99589 0 0 -19.4925 
7.707 1.987 0.1765 3.65164 0 1.27862 -1.87656 0 -3.0057 0 0 -19.4925 
7.708 1.987 0.1765 3.64976 0 1.2756 -1.87656 0 -3.01551 0 0 -19.4925 
7.709 1.987 0.1765 3.64789 0 1.27258 -1.87656 0 -3.02532 0 0 -19.4925 
7.71 1.987 0.1765 3.64601 0 1.26954 -1.87656 0 -3.03513 0 0 -19.4925 
7.711 1.987 0.1765 3.64413 0 1.2665 -1.87656 0 -3.04494 0 0 -19.4925 
7.712 1.987 0.1765 3.64226 0 1.26344 -1.87656 0 -3.05475 0 0 -19.4925 
7.713 1.987 0.1765 3.64038 0 1.26038 -1.87656 0 -3.06456 0 0 -19.4925 
7.714 1.987 0.1765 3.6385 0 1.2573 -1.87656 0 -3.07437 0 0 -19.4925 
7.715 1.987 0.1765 3.63663 0 1.25422 -1.87656 0 -3.08418 0 0 -19.4925 
7.716 1.987 0.1765 3.63475 0 1.25113 -1.87656 0 -3.09399 0 0 -19.4925 
7.717 1.987 0.1765 3.63287 0 1.24802 -1.87656 0 -3.1038 0 0 -19.4925 
7.718 1.987 0.1765 3.631 0 1.24491 -1.87656 0 -3.11361 0 0 -19.4925 
7.719 1.987 0.1765 3.62912 0 1.24179 -1.87656 0 -3.12342 0 0 -19.4925 
7.72 1.987 0.1765 3.62724 0 1.23865 -1.87656 0 -3.13323 0 0 -19.4925 
7.721 1.987 0.1765 3.62537 0 1.23551 -1.87656 0 -3.14304 0 0 -19.4925 
7.722 1.987 0.1765 3.62349 0 1.23236 -1.87656 0 -3.15285 0 0 -19.4925 
7.723 1.987 0.1765 3.62161 0 1.22919 -1.87656 0 -3.16266 0 0 -19.4925 
7.724 1.987 0.1765 3.61974 0 1.22602 -1.87656 0 -3.17247 0 0 -19.4925 
7.725 1.987 0.1765 3.61786 0 1.22284 -1.87656 0 -3.18228 0 0 -19.4925 
7.726 1.987 0.1765 3.61598 0 1.21965 -1.87656 0 -3.19209 0 0 -19.4925 
7.727 1.987 0.1765 3.61411 0 1.21644 -1.87656 0 -3.2019 0 0 -19.4925 
7.728 1.987 0.1765 3.61223 0 1.21323 -1.87656 0 -3.21171 0 0 -19.4925 
7.729 1.987 0.1765 3.61035 0 1.21001 -1.87656 0 -3.22152 0 0 -19.4925 
7.73 1.987 0.1765 3.60848 0 1.20678 -1.87656 0 -3.23133 0 0 -19.4925 
7.731 1.987 0.1765 3.6066 0 1.20354 -1.87656 0 -3.24114 0 0 -19.4925 
7.732 1.987 0.1765 3.60472 0 1.20029 -1.87656 0 -3.25095 0 0 -19.4925 
7.733 1.987 0.1765 3.60285 0 1.19703 -1.87656 0 -3.26076 0 0 -19.4925 
7.734 1.987 0.1765 3.60097 0 1.19376 -1.87656 0 -3.27057 0 0 -19.4925 
7.735 1.987 0.1765 3.5991 0 1.19048 -1.87656 0 -3.28038 0 0 -19.4925 
7.736 1.987 0.1765 3.59722 0 1.18719 -1.87656 0 -3.29019 0 0 -19.4925 
7.737 1.987 0.1765 3.59534 0 1.18389 -1.87656 0 -3.3 0 0 -19.4925 
7.738 1.987 0.1765 3.59347 0 1.18058 -1.87656 0 -3.30981 0 0 -19.4925 
7.739 1.987 0.1765 3.59159 0 1.17726 -1.87656 0 -3.31962 0 0 -19.4925 
7.74 1.987 0.1765 3.58971 0 1.17393 -1.87656 0 -3.32943 0 0 -19.4925 
7.741 1.987 0.1765 3.58784 0 1.17059 -1.87656 0 -3.33924 0 0 -19.4925 
7.742 1.987 0.1765 3.58596 0 1.16724 -1.87656 0 -3.34905 0 0 -19.4925 
7.743 1.987 0.1765 3.58408 0 1.16388 -1.87656 0 -3.35886 0 0 -19.4925 
7.744 1.987 0.1765 3.58221 0 1.16051 -1.87656 0 -3.36867 0 0 -19.4925 
7.745 1.987 0.1765 3.58033 0 1.15713 -1.87656 0 -3.37848 0 0 -19.4925 
7.746 1.987 0.1765 3.57845 0 1.15374 -1.87656 0 -3.38829 0 0 -19.4925 
7.747 1.987 0.1765 3.57658 0 1.15035 -1.87656 0 -3.3981 0 0 -19.4925 
7.748 1.987 0.1765 3.5747 0 1.14694 -1.87656 0 -3.40791 0 0 -19.4925 
7.749 1.987 0.1765 3.57282 0 1.14352 -1.87656 0 -3.41772 0 0 -19.4925 
7.75 1.987 0.1765 3.57095 0 1.14009 -1.87656 0 -3.42753 0 0 -19.4925 
7.751 1.987 0.1765 3.56907 0 1.13666 -1.87656 0 -3.43734 0 0 -19.4925 
7.752 1.987 0.1765 3.56719 0 1.13321 -1.87656 0 -3.44715 0 0 -19.4925 
7.753 1.987 0.1765 3.56532 0 1.12975 -1.87656 0 -3.45696 0 0 -19.4925 
7.754 1.987 0.1765 3.56344 0 1.12629 -1.87656 0 -3.46677 0 0 -19.4925 
7.755 1.987 0.1765 3.56156 0 1.12281 -1.87656 0 -3.47658 0 0 -19.4925 
7.756 1.987 0.1765 3.55969 0 1.11932 -1.87656 0 -3.48639 0 0 -19.4925 
7.757 1.987 0.1765 3.55781 0 1.11583 -1.87656 0 -3.4962 0 0 -19.4925 
7.758 1.987 0.1765 3.55593 0 1.11232 -1.87656 0 -3.50601 0 0 -19.4925 
7.759 1.987 0.1765 3.55406 0 1.1088 -1.87656 0 -3.51582 0 0 -19.4925 
7.76 1.987 0.1765 3.55218 0 1.10528 -1.87656 0 -3.52563 0 0 -19.4925 
7.761 1.987 0.1765 3.5503 0 1.10174 -1.87656 0 -3.53544 0 0 -19.4925 
7.762 1.987 0.1765 3.54843 0 1.0982 -1.87656 0 -3.54525 0 0 -19.4925 
7.763 1.987 0.1765 3.54655 0 1.09464 -1.87656 0 -3.55506 0 0 -19.4925 
7.764 1.987 0.1765 3.54468 0 1.09108 -1.87656 0 -3.56487 0 0 -19.4925 
7.765 1.987 0.1765 3.5428 0 1.0875 -1.87656 0 -3.57468 0 0 -19.4925 
7.766 1.987 0.1765 3.54092 0 1.08392 -1.87656 0 -3.58449 0 0 -19.4925 
7.767 1.987 0.1765 3.53905 0 1.08032 -1.87656 0 -3.5943 0 0 -19.4925 
7.768 1.987 0.1765 3.53717 0 1.07672 -1.87656 0 -3.60411 0 0 -19.4925 
7.769 1.987 0.1765 3.53529 0 1.07311 -1.87656 0 -3.61392 0 0 -19.4925 
7.77 1.987 0.1765 3.53342 0 1.06948 -1.87656 0 -3.62373 0 0 -19.4925 
7.771 1.987 0.1765 3.53154 0 1.06585 -1.87656 0 -3.63354 0 0 -19.4925 
7.772 1.987 0.1765 3.52966 0 1.06221 -1.87656 0 -3.64335 0 0 -19.4925 
7.773 1.987 0.1765 3.52779 0 1.05855 -1.87656 0 -3.65316 0 0 -19.4925 
7.774 1.987 0.1765 3.52591 0 1.05489 -1.87656 0 -3.66297 0 0 -19.4925 
7.775 1.987 0.1765 3.52403 0 1.05122 -1.87656 0 -3.67278 0 0 -19.4925 
7.776 1.987 0.1765 3.52216 0 1.04753 -1.87656 0 -3.68259 0 0 -19.4925 
7.777 1.987 0.1765 3.52028 0 1.04384 -1.87656 0 -3.6924 0 0 -19.4925 
7.778 1.987 0.1765 3.5184 0 1.04014 -1.87656 0 -3.70221 0 0 -19.4925 
7.779 1.987 0.1765 3.51653 0 1.03643 -1.87656 0 -3.71202 0 0 -19.4925 
7.78 1.987 0.1765 3.51465 0 1.03271 -1.87656 0 -3.72183 0 0 -19.4925 
7.781 1.987 0.1765 3.51277 0 1.02897 -1.87656 0 -3.73164 0 0 -19.4925 
7.782 1.987 0.1765 3.5109 0 1.02523 -1.87656 0 -3.74145 0 0 -19.4925 
7.783 1.987 0.1765 3.50902 0 1.02148 -1.87656 0 -3.75126 0 0 -19.4925 
7.784 1.987 0.1765 3.50714 0 1.01772 -1.87656 0 -3.76107 0 0 -19.4925 
7.785 1.987 0.1765 3.50527 0 1.01395 -1.87656 0 -3.77088 0 0 -19.4925 
7.786 1.987 0.1765 3.50339 0 1.01017 -1.87656 0 -3.78069 0 0 -19.4925 
7.787 1.987 0.1765 3.50151 0 1.00638 -1.87656 0 -3.7905 0 0 -19.4925 
7.788 1.987 0.1765 3.49964 0 1.00258 -1.87656 0 -3.80031 0 0 -19.4925 
7.789 1.987 0.1765 3.49776 0 0.998768 -1.87656 0 -3.81012 0 0 -19.4925 
7.79 1.987 0.1765 3.49588 0 0.994948 -1.87656 0 -3.81993 0 0 -19.4925 
7.791 1.987 0.1765 3.49401 0 0.991118 -1.87656 0 -3.82974 0 0 -19.4925 
7.792 1.987 0.1765 3.49213 0 0.987278 -1.87656 0 -3.83955 0 0 -19.4925 
7.793 1.987 0.1765 3.49025 0 0.983429 -1.87656 0 -3.84936 0 0 -19.4925 
7.794 1.987 0.1765 3.48838 0 0.97957 -1.87656 0 -3.85917 0 0 -19.4925 
7.795 1.987 0.1765 3.4865 0 0.975701 -1.87656 0 -3.86898 0 0 -19.4925 
7.796 1.987 0.1765 3.48463 0 0.971822 -1.87656 0 -3.87879 0 0 -19.4925 
7.797 1.987 0.1765 3.48275 0 0.967933 -1.87656 0 -3.8886 0 0 -19.4925 
7.798 1.987 0.1765 3.48087 0 0.964035 -1.87656 0 -3.89841 0 0 -19.4925 
7.799 1.987 0.1765 3.479 0 0.960127 -1.87656 0 -3.90822 0 0 -19.4925 
7.8 1.987 0.1765 3.47712 0 0.956209 -1.87656 0 -3.91803 0 0 -19.4925 
7.801 1.987 0.1765 3.47524 0 0.952281 -1.87656 0 -3.92784 0 0 -19.4925 
7.802 1.987 0.1765 3.47337 0 0.948343 -1.87656 0 -3.93765 0 0 -19.4925 
7.803 1.987 0.1765 3.47149 0 0.944396 -1.87656 0 -3.94746 0 0 -19.4925 
7.804 1.987 0.1765 3.46961 0 0.940439 -1.87656 0 -3.95727 0 0 -19.4925 
7.805 1.987 0.1765 3.46774 0 0.936471 -1.87656 0 -3.96708 0 0 -19.4925 
7.806 1.987 0.1765 3.46586 0 0.932495 -1.87656 0 -3.97689 0 0 -19.4925 
7.807 1.987 0.1765 3.46398 0 0.928508 -1.87656 0 -3.9867 0 0 -19.4925 
7.808 1.987 0.1765 3.46211 0 0.924511 -1.87656 0 -3.99651 0 0 -19.4925 
7.809 1.987 0.1765 3.46023 0 0.920505 -1.87656 0 -4.00632 0 0 -19.4925 
7.81 1.987 0.1765 3.45835 0 0.916489 -1.87656 0 -4.01613 0 0 -19.4925 
7.811 1.987 0.1765 3.45648 0 0.912463 -1.87656 0 -4.02594 0 0 -19.4925 
7.812 1.987 0.1765 3.4546 0 0.908427 -1.87656 0 -4.03575 0 0 -19.4925 
7.813 1.987 0.1765 3.45272 0 0.904382 -1.87656 0 -4.04556 0 0 -19.4925 
7.814 1.987 0.1765 3.45085 0 0.900326 -1.87656 0 -4.05537 0 0 -19.4925 
7.815 1.987 0.1765 3.44897 0 0.896261 -1.87656 0 -4.06518 0 0 -19.4925 
7.816 1.987 0.1765 3.44709 0 0.892186 -1.87656 0 -4.07499 0 0 -19.4925 
7.817 1.987 0.1765 3.44522 0 0.888101 -1.87656 0 -4.0848 0 0 -19.4925 
7.818 1.987 0.1765 3.44334 0 0.884007 -1.87656 0 -4.09461 0 0 -19.4925 
7.819 1.987 0.1765 3.44146 0 0.879902 -1.87656 0 -4.10442 0 0 -19.4925 
7.82 1.987 0.1765 3.43959 0 0.875788 -1.87656 0 -4.11423 0 0 -19.4925 
7.821 1.987 0.1765 3.43771 0 0.871664 -1.87656 0 -4.12404 0 0 -19.4925 
7.822 1.987 0.1765 3.43583 0 0.86753 -1.87656 0 -4.13385 0 0 -19.4925 
7.823 1.987 0.1765 3.43396 0 0.863386 -1.87656 0 -4.14366 0 0 -19.4925 
7.824 1.987 0.1765 3.43208 0 0.859233 -1.87656 0 -4.15347 0 0 -19.4925 
7.825 1.987 0.1765 3.4302 0 0.85507 -1.87656 0 -4.16328 0 0 -19.4925 
7.826 1.987 0.1765 3.42833 0 0.850897 -1.87656 0 -4.17309 0 0 -19.4925 
7.827 1.987 0.1765 3.42645 0 0.846714 -1.87656 0 -4.1829 0 0 -19.4925 
7.828 1.987 0.1765 3.42458 0 0.842521 -1.87656 0 -4.19271 0 0 -19.4925 
7.829 1.987 0.1765 3.4227 0 0.838318 -1.87656 0 -4.20252 0 0 -19.4925 
7.83 1.987 0.1765 3.42082 0 0.834106 -1.87656 0 -4.21233 0 0 -19.4925 
7.831 1.987 0.1765 3.41895 0 0.829884 -1.87656 0 -4.22214 0 0 -19.4925 
7.832 1.987 0.1765 3.41707 0 0.825652 -1.87656 0 -4.23195 0 0 -19.4925 
7.833 1.987 0.1765 3.41519 0 0.82141 -1.87656 0 -4.24176 0 0 -19.4925 
7.834 1.987 0.1765 3.41332 0 0.817159 -1.87656 0 -4.25157 0 0 -19.4925 
7.835 1.987 0.1765 3.41144 0 0.812897 -1.87656 0 -4.26138 0 0 -19.4925 
7.836 1.987 0.1765 3.40956 0 0.808626 -1.87656 0 -4.27119 0 0 -19.4925 
7.837 1.987 0.1765 3.40769 0 0.804345 -1.87656 0 -4.281 0 0 -19.4925 
7.838 1.987 0.1765 3.40581 0 0.800054 -1.87656 0 -4.29081 0 0 -19.4925 
7.839 1.987 0.1765 3.40393 0 0.795754 -1.87656 0 -4.30062 0 0 -19.4925 
7.84 1.987 0.1765 3.40206 0 0.791443 -1.87656 0 -4.31043 0 0 -19.4925 
7.841 1.987 0.1765 3.40018 0 0.787123 -1.87656 0 -4.32024 0 0 -19.4925 
7.842 1.987 0.1765 3.3983 0 0.782793 -1.87656 0 -4.33005 0 0 -19.4925 
7.843 1.987 0.1765 3.39643 0 0.778453 -1.87656 0 -4.33986 0 0 -19.4925 
7.844 1.987 0.1765 3.39455 0 0.774103 -1.87656 0 -4.34967 0 0 -19.4925 
7.845 1.987 0.1765 3.39267 0 0.769744 -1.87656 0 -4.35948 0 0 -19.4925 
7.846 1.987 0.1765 3.3908 0 0.765375 -1.87656 0 -4.36929 0 0 -19.4925 
7.847 1.987 0.1765 3.38892 0 0.760996 -1.87656 0 -4.3791 0 0 -19.4925 
7.848 1.987 0.1765 3.38704 0 0.756607 -1.87656 0 -4.38891 0 0 -19.4925 
7.849 1.987 0.1765 3.38517 0 0.752208 -1.87656 0 -4.39872 0 0 -19.4925 
7.85 1.987 0.1765 3.38329 0 0.747799 -1.87656 0 -4.40853 0 0 -19.4925 
7.851 1.987 0.1765 3.38141 0 0.743381 -1.87656 0 -4.41834 0 0 -19.4925 
7.852 1.987 0.1765 3.37954 0 0.738953 -1.87656 0 -4.42815 0 0 -19.4925 
7.853 1.987 0.1765 3.37766 0 0.734515 -1.87656 0 -4.43796 0 0 -19.4925 
7.854 1.987 0.1765 3.37578 0 0.730067 -1.87656 0 -4.44777 0 0 -19.4925 
7.855 1.987 0.1765 3.37391 0 0.72561 -1.87656 0 -4.45758 0 0 -19.4925 
7.856 1.987 0.1765 3.37203 0 0.721142 -1.87656 0 -4.46739 0 0 -19.4925 
7.857 1.987 0.1765 3.37016 0 0.716665 -1.87656 0 -4.4772 0 0 -19.4925 
7.858 1.987 0.1765 3.36828 0 0.712178 -1.87656 0 -4.48701 0 0 -19.4925 
7.859 1.987 0.1765 3.3664 0 0.707681 -1.87656 0 -4.49682 0 0 -19.4925 
7.86 1.987 0.1765 3.36453 0 0.703174 -1.87656 0 -4.50663 0 0 -19.4925 
7.861 1.987 0.1765 3.36265 0 0.698658 -1.87656 0 -4.51644 0 0 -19.4925 
7.862 1.987 0.1765 3.36077 0 0.694132 -1.87656 0 -4.52625 0 0 -19.4925 
7.863 1.987 0.1765 3.3589 0 0.689596 -1.87656 0 -4.53606 0 0 -19.4925 
7.864 1.987 0.1765 3.35702 0 0.68505 -1.87656 0 -4.54587 0 0 -19.4925 
7.865 1.987 0.1765 3.35514 0 0.680494 -1.87656 0 -4.55568 0 0 -19.4925 
7.866 1.987 0.1765 3.35327 0 0.675929 -1.87656 0 -4.56549 0 0 -19.4925 
7.867 1.987 0.1765 3.35139 0 0.671353 -1.87656 0 -4.5753 0 0 -19.4925 
7.868 1.987 0.1765 3.34951 0 0.666768 -1.87656 0 -4.58511 0 0 -19.4925 
7.869 1.987 0.1765 3.34764 0 0.662173 -1.87656 0 -4.59492 0 0 -19.4925 
7.87 1.987 0.1765 3.34576 0 0.657569 -1.87656 0 -4.60473 0 0 -19.4925 
7.871 1.987 0.1765 3.34388 0 0.652954 -1.87656 0 -4.61454 0 0 -19.4925 
7.872 1.987 0.1765 3.34201 0 0.64833 -1.87656 0 -4.62435 0 0 -19.4925 
7.873 1.987 0.1765 3.34013 0 0.643695 -1.87656 0 -4.63416 0 0 -19.4925 
7.874 1.987 0.1765 3.33825 0 0.639052 -1.87656 0 -4.64397 0 0 -19.4925 
7.875 1.987 0.1765 3.33638 0 0.634398 -1.87656 0 -4.65378 0 0 -19.4925 
7.876 1.987 0.1765 3.3345 0 0.629734 -1.87656 0 -4.66359 0 0 -19.4925 
7.877 1.987 0.1765 3.33262 0 0.625061 -1.87656 0 -4.6734 0 0 -19.4925 
7.878 1.987 0.1765 3.33075 0 0.620378 -1.87656 0 -4.68321 0 0 -19.4925 
7.879 1.987 0.1765 3.32887 0 0.615685 -1.87656 0 -4.69302 0 0 -19.4925 
7.88 1.987 0.1765 3.32699 0 0.610982 -1.87656 0 -4.70283 0 0 -19.4925 
7.881 1.987 0.1765 3.32512 0 0.606269 -1.87656 0 -4.71264 0 0 -19.4925 
7.882 1.987 0.1765 3.32324 0 0.601547 -1.87656 0 -4.72245 0 0 -19.4925 
7.883 1.987 0.1765 3.32136 0 0.596814 -1.87656 0 -4.73226 0 0 -19.4925 
7.884 1.987 0.1765 3.31949 0 0.592072 -1.87656 0 -4.74207 0 0 -19.4925 
7.885 1.987 0.1765 3.31761 0 0.58732 -1.87656 0 -4.75188 0 0 -19.4925 
7.886 1.987 0.1765 3.31573 0 0.582559 -1.87656 0 -4.76169 0 0 -19.4925 
7.887 1.987 0.1765 3.31386 0 0.577787 -1.87656 0 -4.7715 0 0 -19.4925 
7.888 1.987 0.1765 3.31198 0 0.573006 -1.87656 0 -4.78131 0 0 -19.4925 
7.889 1.987 0.1765 3.31011 0 0.568215 -1.87656 0 -4.79112 0 0 -19.4925 
7.89 1.987 0.1765 3.30823 0 0.563414 -1.87656 0 -4.80093 0 0 -19.4925 
7.891 1.987 0.1765 3.30635 0 0.558603 -1.87656 0 -4.81074 0 0 -19.4925 
7.892 1.987 0.1765 3.30448 0 0.553782 -1.87656 0 -4.82055 0 0 -19.4925 
7.893 1.987 0.1765 3.3026 0 0.548952 -1.87656 0 -4.83036 0 0 -19.4925 
7.894 1.987 0.1765 3.30072 0 0.544112 -1.87656 0 -4.84017 0 0 -19.4925 
7.895 1.987 0.1765 3.29885 0 0.539262 -1.87656 0 -4.84998 0 0 -19.4925 
7.896 1.987 0.1765 3.29697 0 0.534402 -1.87656 0 -4.85979 0 0 -19.4925 
7.897 1.987 0.1765 3.29509 0 0.529533 -1.87656 0 -4.8696 0 0 -19.4925 
7.898 1.987 0.1765 3.29322 0 0.524653 -1.87656 0 -4.87941 0 0 -19.4925 
7.899 1.987 0.1765 3.29134 0 0.519764 -1.87656 0 -4.88922 0 0 -19.4925 
7.9 1.987 0.1765 3.28946 0 0.514865 -1.87656 0 -4.89903 0 0 -19.4925 
7.901 1.987 0.1765 3.28759 0 0.509956 -1.87656 0 -4.90884 0 0 -19.4925 
7.902 1.987 0.1765 3.28571 0 0.505037 -1.87656 0 -4.91865 0 0 -19.4925 
7.903 1.987 0.1765 3.28383 0 0.500109 -1.87656 0 -4.92846 0 0 -19.4925 
7.904 1.987 0.1765 3.28196 0 0.495171 -1.87656 0 -4.93827 0 0 -19.4925 
7.905 1.987 0.1765 3.28008 0 0.490223 -1.87656 0 -4.94808 0 0 -19.4925 
7.906 1.987 0.1765 3.2782 0 0.485265 -1.87656 0 -4.95789 0 0 -19.4925 
7.907 1.987 0.1765 3.27633 0 0.480297 -1.87656 0 -4.9677 0 0 -19.4925 
7.908 1.987 0.1765 3.27445 0 0.475319 -1.87656 0 -4.97751 0 0 -19.4925 
7.909 1.987 0.1765 3.27257 0 0.470332 -1.87656 0 -4.98732 0 0 -19.4925 
7.91 1.987 0.1765 3.2707 0 0.465335 -1.87656 0 -4.99713 0 0 -19.4925 
7.911 1.987 0.1765 3.26882 0 0.460328 -1.87656 0 -5.00694 0 0 -19.4925 
7.912 1.987 0.1765 3.26694 0 0.455311 -1.87656 0 -5.01675 0 0 -19.4925 
7.913 1.987 0.1765 3.26507 0 0.450285 -1.87656 0 -5.02656 0 0 -19.4925 
7.914 1.987 0.1765 3.26319 0 0.445248 -1.87656 0 -5.03637 0 0 -19.4925 
7.915 1.987 0.1765 3.26131 0 0.440202 -1.87656 0 -5.04618 0 0 -19.4925 
7.916 1.987 0.1765 3.25944 0 0.435146 -1.87656 0 -5.05599 0 0 -19.4925 
7.917 1.987 0.1765 3.25756 0 0.43008 -1.87656 0 -5.0658 0 0 -19.4925 
7.918 1.987 0.1765 3.25569 0 0.425005 -1.87656 0 -5.07561 0 0 -19.4925 
7.919 1.987 0.1765 3.25381 0 0.419919 -1.87656 0 -5.08542 0 0 -19.4925 
7.92 1.987 0.1765 3.25193 0 0.414824 -1.87656 0 -5.09523 0 0 -19.4925 
7.921 1.987 0.1765 3.25006 0 0.409719 -1.87656 0 -5.10504 0 0 -19.4925 
7.922 1.987 0.1765 3.24818 0 0.404604 -1.87656 0 -5.11485 0 0 -19.4925 
7.923 1.987 0.1765 3.2463 0 0.39948 -1.87656 0 -5.12466 0 0 -19.4925 
7.924 1.987 0.1765 3.24443 0 0.394345 -1.87656 0 -5.13447 0 0 -19.4925 
7.925 1.987 0.1765 3.24255 0 0.389201 -1.87656 0 -5.14428 0 0 -19.4925 
7.926 1.987 0.1765 3.24067 0 0.384047 -1.87656 0 -5.15409 0 0 -19.4925 
7.927 1.987 0.1765 3.2388 0 0.378883 -1.87656 0 -5.1639 0 0 -19.4925 
7.928 1.987 0.1765 3.23692 0 0.373709 -1.87656 0 -5.17371 0 0 -19.4925 
7.929 1.987 0.1765 3.23504 0 0.368526 -1.87656 0 -5.18352 0 0 -19.4925 
7.93 1.987 0.1765 3.23317 0 0.363332 -1.87656 0 -5.19333 0 0 -19.4925 
7.931 1.987 0.1765 3.23129 0 0.358129 -1.87656 0 -5.20314 0 0 -19.4925 
7.932 1.987 0.1765 3.22941 0 0.352916 -1.87656 0 -5.21295 0 0 -19.4925 
7.933 1.987 0.1765 3.22754 0 0.347693 -1.87656 0 -5.22276 0 0 -19.4925 
7.934 1.987 0.1765 3.22566 0 0.342461 -1.87656 0 -5.23257 0 0 -19.4925 
7.935 1.987 0.1765 3.22378 0 0.337218 -1.87656 0 -5.24238 0 0 -19.4925 
7.936 1.987 0.1765 3.22191 0 0.331966 -1.87656 0 -5.25219 0 0 -19.4925 
7.937 1.987 0.1765 3.22003 0 0.326704 -1.87656 0 -5.262 0 0 -19.4925 
7.938 1.987 0.1765 3.21815 0 0.321432 -1.87656 0 -5.27181 0 0 -19.4925 
7.939 1.987 0.1765 3.21628 0 0.316151 -1.87656 0 -5.28162 0 0 -19.4925 
7.94 1.987 0.1765 3.2144 0 0.310859 -1.87656 0 -5.29143 0 0 -19.4925 
7.941 1.987 0.1765 3.21252 0 0.305558 -1.87656 0 -5.30124 0 0 -19.4925 
7.942 1.987 0.1765 3.21065 0 0.300247 -1.87656 0 -5.31105 0 0 -19.4925 
7.943 1.987 0.1765 3.20877 0 0.294926 -1.87656 0 -5.32086 0 0 -19.4925 
7.944 1.987 0.1765 3.20689 0 0.289595 -1.87656 0 -5.33067 0 0 -19.4925 
7.945 1.987 0.1765 3.20502 0 0.284255 -1.87656 0 -5.34048 0 0 -19.4925 
7.946 1.987 0.1765 3.20314 0 0.278905 -1.87656 0 -5.35029 0 0 -19.4925 
7.947 1.987 0.1765 3.20126 0 0.273545 -1.87656 0 -5.3601 0 0 -19.4925 
7.948 1.987 0.1765 3.19939 0 0.268175 -1.87656 0 -5.36991 0 0 -19.4925 
7.949 1.987 0.1765 3.19751 0 0.262795 -1.87656 0 -5.37972 0 0 -19.4925 
7.95 1.987 0.1765 3.19564 0 0.257405 -1.87656 0 -5.38953 0 0 -19.4925 
7.951 1.987 0.1765 3.19376 0 0.252006 -1.87656 0 -5.39934 0 0 -19.4925 
7.952 1.987 0.1765 3.19188 0 0.246597 -1.87656 0 -5.40915 0 0 -19.4925 
7.953 1.987 0.1765 3.19001 0 0.241178 -1.87656 0 -5.41896 0 0 -19.4925 
7.954 1.987 0.1765 3.18813 0 0.235749 -1.87656 0 -5.42877 0 0 -19.4925 
7.955 1.987 0.1765 3.18625 0 0.230311 -1.87656 0 -5.43858 0 0 -19.4925 
7.956 1.987 0.1765 3.18438 0 0.224862 -1.87656 0 -5.44839 0 0 -19.4925 
7.957 1.987 0.1765 3.1825 0 0.219404 -1.87656 0 -5.4582 0 0 -19.4925 
7.958 1.987 0.1765 3.18062 0 0.213936 -1.87656 0 -5.46801 0 0 -19.4925 
7.959 1.987 0.1765 3.17875 0 0.208458 -1.87656 0 -5.47782 0 0 -19.4925 
7.96 1.987 0.1765 3.17687 0 0.202971 -1.87656 0 -5.48763 0 0 -19.4925 
7.961 1.987 0.1765 3.17499 0 0.197473 -1.87656 0 -5.49744 0 0 -19.4925 
7.962 1.987 0.1765 3.17312 0 0.191966 -1.87656 0 -5.50725 0 0 -19.4925 
7.963 1.987 0.1765 3.17124 0 0.186449 -1.87656 0 -5.51706 0 0 -19.4925 
7.964 1.987 0.1765 3.16936 0 0.180922 -1.87656 0 -5.52687 0 0 -19.4925 
7.965 1.987 0.1765 3.16749 0 0.175385 -1.87656 0 -5.53668 0 0 -19.4925 
7.966 1.987 0.1765 3.16561 0 0.169843 -1.87656 0 -5.54188 0 0 -10.3172 
7.967 1.987 0.1765 3.16373 0 0.164319 -1.87656 0 -5.52411 0 0 35.2949 
7.968 1.987 0.1765 3.16186 0 0.158836 -1.87656 0 -5.48347 0 0 80.7609 
7.969 1.987 0.1765 3.15998 0 0.153416 -1.87656 0 -5.42011 0 0 125.892 
7.97 1.987 0.1765 3.1581 0 0.148081 -1.87656 0 -5.3343 0 0 170.502 
7.971 1.987 0.1765 3.15623 0 0.142855 -1.87656 0 -5.2264 0 0 214.406 
7.972 1.987 0.1765 3.15435 0 0.137758 -1.87656 0 -5.09684 0 0 257.422 
7.973 1.987 0.1765 3.15247 0 0.132812 -1.87656 0 -4.94618 0 0 299.371 
7.974 1.987 0.1765 3.1506 0 0.128037 -1.87656 0 -4.77503 0 0 340.08 
7.975 1.987 0.1765 3.14872 0 0.123453 -1.87656 0 -4.5841 0 0 379.381 
7.976 1.987 0.1765 3.14684 0 0.119079 -1.87656 0 -4.37418 0 0 417.11 
7.977 1.987 0.1765 3.14497 0 0.114932 -1.87656 0 -4.14614 0 0 453.112 
7.978 1.987 0.1765 3.14309 0 0.111032 -1.87656 0 -3.90093 0 0 487.236 
7.979 1.987 0.1765 3.14122 0 0.107392 -1.87656 0 -3.63956 0 0 519.343 
7.98 1.987 0.1765 3.13934 0 0.104029 -1.87656 0 -3.36311 0 0 549.298 
7.981 1.987 0.1765 3.13746 0 0.100956 -1.87656 0 -3.07273 0 0 576.978 
7.982 1.987 0.1765 3.13559 0 0.0981865 -1.87656 0 -2.76963 0 0 602.268 
7.983 1.987 0.1765 3.13371 0 0.0957315 -1.87656 0 -2.45505 0 0 625.063 
7.984 1.987 0.1765 3.13183 0 0.0936012 -1.87656 0 -2.13031 0 0 645.269 
7.985 1.987 0.1765 3.12996 0 0.0918044 -1.87656 0 -1.79674 0 0 662.803 
7.986 1.987 0.1765 3.12808 0 0.0903487 -1.87656 0 -1.45573 0 0 677.591 
7.987 1.987 0.1765 3.1262 0 0.08924 -1.87656 0 -1.10868 0 0 689.572 
7.988 1.987 0.1765 3.12433 0 0.088483 -1.87656 0 -0.75705 0 0 698.697 
7.989 1.987 0.1765 3.12245 0 0.0880807 -1.87656 0 -0.40228 0 0 704.928 
7.99 1.987 0.1765 3.12057 0 0.0880348 -1.87656 0 -0.0458435 0 0 708.239 
7.991 1.987 0.1765 3.1187 0 0.0883456 -1.87656 0 0.310783 0 0 708.616 
7.992 1.987 0.1765 3.11682 0 0.0890118 -1.87656 0 0.666121 0 0 706.058 
7.993 1.987 0.1765 3.11494 0 0.0900305 -1.87656 0 1.0187 0 0 700.576 
7.994 1.987 0.1765 3.11307 0 0.0913975 -1.87656 0 1.36706 0 0 692.191 
7.995 1.987 0.1765 3.11119 0 0.0931073 -1.87656 0 1.70976 0 0 680.94 
7.996 1.987 0.1765 3.10931 0 0.0951526 -1.87656 0 2.04537 0 0 666.868 
7.997 1.987 0.1765 3.10744 0 0.0975252 -1.87656 0 2.37252 0 0 650.033 
7.998 1.987 0.1765 3.10556 0 0.100215 -1.87656 0 2.68983 0 0 630.507 
7.999 1.987 0.1765 3.10368 0 0.103211 -1.87656 0 2.99601 0 0 608.368 
8 1.987 0.1765 3.10181 0 0.106501 -1.87656 0 3.28977 0 0 583.709 
8.001 1.987 0.1765 3.09993 0 0.110071 -1.87656 0 3.56991 0 0 556.633 
8.002 1.987 0.1765 3.09805 0 0.113906 -1.87656 0 3.83526 0 0 527.251 
8.003 1.987 0.1765 3.09618 0 0.117991 -1.87656 0 4.08472 0 0 495.685 
8.004 1.987 0.1765 3.0943 0 0.122308 -1.87656 0 4.31727 0 0 462.066 
8.005 1.987 0.1765 3.09242 0 0.12684 -1.87656 0 4.53193 0 0 426.533 
8.006 1.987 0.1765 3.09055 0 0.131568 -1.87656 0 4.72782 0 0 389.233 
8.007 1.987 0.1765 3.08867 0 0.136472 -1.87656 0 4.90413 0 0 350.321 
8.008 1.987 0.1765 3.08679 0 0.141532 -1.87656 0 5.06012 0 0 309.958 
8.009 1.987 0.1765 3.08492 0 0.146727 -1.87656 0 5.19515 0 0 268.311 
8.01 1.987 0.1765 3.08304 0 0.152036 -1.87656 0 5.30867 0 0 225.552 
8.011 1.987 0.1765 3.08117 0 0.157436 -1.87656 0 5.40019 0 0 181.86 
8.012 1.987 0.1765 3.07929 0 0.162905 -1.87656 0 5.46935 0 0 137.413 
8.013 1.987 0.1765 3.07741 0 0.168421 -1.87656 0 5.51585 0 0 92.3983 
8.014 1.987 0.1765 3.07554 0 0.173961 -1.87656 0 5.5395 0 0 47.0003 
8.015 1.987 0.1765 3.07366 0 0.179501 -1.87656 0 5.54021 0 0 1.40769 
8.016 1.987 0.1765 3.07178 0 0.185031 -1.87656 0 5.5304 0 0 -19.4925 
8.017 1.987 0.1765 3.06991 0 0.190552 -1.87656 0 5.52059 0 0 -19.4925 
8.018 1.987 0.1765 3.06803 0 0.196063 -1.87656 0 5.51078 0 0 -19.4925 
8.019 1.987 0.1765 3.06615 0 0.201564 -1.87656 0 5.50097 0 0 -19.4925 
8.02 1.987 0.1765 3.06428 0 0.207055 -1.87656 0 5.49116 0 0 -19.4925 
8.021 1.987 0.1765 3.0624 0 0.212536 -1.87656 0 5.48135 0 0 -19.4925 
8.022 1.987 0.1765 3.06052 0 0.218008 -1.87656 0 5.47154 0 0 -19.4925 
8.023 1.987 0.1765 3.05865 0 0.223469 -1.87656 0 5.46173 0 0 -19.4925 
8.024 1.987 0.1765 3.05677 0 0.228921 -1.87656 0 5.45192 0 0 -19.4925 
8.025 1.987 0.1765 3.05489 0 0.234363 -1.87656 0 5.44211 0 0 -19.4925 
8.026 1.987 0.1765 3.05302 0 0.239796 -1.87656 0 5.4323 0 0 -19.4925 
8.027 1.987 0.1765 3.05114 0 0.245218 -1.87656 0 5.42249 0 0 -19.4925 
8.028 1.987 0.1765 3.04926 0 0.250631 -1.87656 0 5.41268 0 0 -19.4925 
8.029 1.987 0.1765 3.04739 0 0.256034 -1.87656 0 5.40287 0 0 -19.4925 
8.03 1.987 0.1765 3.04551 0 0.261427 -1.87656 0 5.39306 0 0 -19.4925 
8.031 1.987 0.1765 3.04363 0 0.26681 -1.87656 0 5.38325 0 0 -19.4925 
8.032 1.987 0.1765 3.04176 0 0.272183 -1.87656 0 5.37344 0 0 -19.4925 
8.033 1.987 0.1765 3.03988 0 0.277547 -1.87656 0 5.36363 0 0 -19.4925 
8.034 1.987 0.1765 3.038 0 0.282901 -1.87656 0 5.35382 0 0 -19.4925 
8.035 1.987 0.1765 3.03613 0 0.288245 -1.87656 0 5.34401 0 0 -19.4925 
8.036 1.987 0.1765 3.03425 0 0.293579 -1.87656 0 5.3342 0 0 -19.4925 
8.037 1.987 0.1765 3.03237 0 0.298904 -1.87656 0 5.32439 0 0 -19.4925 
8.038 1.987 0.1765 3.0305 0 0.304218 -1.87656 0 5.31458 0 0 -19.4925 
8.039 1.987 0.1765 3.02862 0 0.309523 -1.87656 0 5.30477 0 0 -19.4925 
8.04 1.987 0.1765 3.02675 0 0.314818 -1.87656 0 5.29496 0 0 -19.4925 
8.041 1.987 0.1765 3.02487 0 0.320103 -1.87656 0 5.28515 0 0 -19.4925 
8.042 1.987 0.1765 3.02299 0 0.325378 -1.87656 0 5.27534 0 0 -19.4925 
8.043 1.987 0.1765 3.02112 0 0.330644 -1.87656 0 5.26553 0 0 -19.4925 
8.044 1.987 0.1765 3.01924 0 0.3359 -1.87656 0 5.25572 0 0 -19.4925 
8.045 1.987 0.1765 3.01736 0 0.341146 -1.87656 0 5.24591 0 0 -19.4925 
8.046 1.987 0.1765 3.01549 0 0.346382 -1.87656 0 5.2361 0 0 -19.4925 
8.047 1.987 0.1765 3.01361 0 0.351608 -1.87656 0 5.22629 0 0 -19.4925 
8.048 1.987 0.1765 3.01173 0 0.356824 -1.87656 0 5.21648 0 0 -19.4925 
8.049 1.987 0.1765 3.00986 0 0.362031 -1.87656 0 5.20667 0 0 -19.4925 
8.05 1.987 0.1765 3.00798 0 0.367228 -1.87656 0 5.19686 0 0 -19.4925 
8.051 1.987 0.1765 3.0061 0 0.372415 -1.87656 0 5.18705 0 0 -19.4925 
8.052 1.987 0.1765 3.00423 0 0.377592 -1.87656 0 5.17724 0 0 -19.4925 
8.053 1.987 0.1765 3.00235 0 0.38276 -1.87656 0 5.16743 0 0 -19.4925 
8.054 1.987 0.1765 3.00047 0 0.387917 -1.87656 0 5.15762 0 0 -19.4925 
8.055 1.987 0.1765 2.9986 0 0.393065 -1.87656 0 5.14781 0 0 -19.4925 
8.056 1.987 0.1765 2.99672 0 0.398203 -1.87656 0 5.138 0 0 -19.4925 
8.057 1.987 0.1765 2.99484 0 0.403331 -1.87656 0 5.12819 0 0 -19.4925 
8.058 1.987 0.1765 2.99297 0 0.40845 -1.87656 0 5.11838 0 0 -19.4925 
8.059 1.987 0.1765 2.99109 0 0.413558 -1.87656 0 5.10857 0 0 -19.4925 
8.06 1.987 0.1765 2.98921 0 0.418657 -1.87656 0 5.09876 0 0 -19.4925 
8.061 1.987 0.1765 2.98734 0 0.423746 -1.87656 0 5.08895 0 0 -19.4925 
8.062 1.987 0.1765 2.98546 0 0.428825 -1.87656 0 5.07914 0 0 -19.4925 
8.063 1.987 0.1765 2.98358 0 0.433894 -1.87656 0 5.06933 0 0 -19.4925 
8.064 1.987 0.1765 2.98171 0 0.438954 -1.87656 0 5.05952 0 0 -19.4925 
8.065 1.987 0.1765 2.97983 0 0.444004 -1.87656 0 5.04971 0 0 -19.4925 
8.066 1.987 0.1765 2.97795 0 0.449044 -1.87656 0 5.0399 0 0 -19.4925 
8.067 1.987 0.1765 2.97608 0 0.454074 -1.87656 0 5.03009 0 0 -19.4925 
8.068 1.987 0.1765 2.9742 0 0.459094 -1.87656 0 5.02028 0 0 -19.4925 
8.069 1.987 0.1765 2.97232 0 0.464104 -1.87656 0 5.01047 0 0 -19.4925 
8.07 1.987 0.1765 2.97045 0 0.469105 -1.87656 0 5.00066 0 0 -19.4925 
8.071 1.987 0.1765 2.96857 0 0.474096 -1.87656 0 4.99085 0 0 -19.4925 
8.072 1.987 0.1765 2.9667 0 0.479077 -1.87656 0 4.98104 0 0 -19.4925 
8.073 1.987 0.1765 2.96482 0 0.484048 -1.87656 0 4.97123 0 0 -19.4925 
8.074 1.987 0.1765 2.96294 0 0.48901 -1.87656 0 4.96142 0 0 -19.4925 
8.075 1.987 0.1765 2.96107 0 0.493961 -1.87656 0 4.95161 0 0 -19.4925 
8.076 1.987 0.1765 2.95919 0 0.498903 -1.87656 0 4.9418 0 0 -19.4925 
8.077 1.987 0.1765 2.95731 0 0.503835 -1.87656 0 4.93199 0 0 -19.4925 
8.078 1.987 0.1765 2.95544 0 0.508757 -1.87656 0 4.92218 0 0 -19.4925 
8.079 1.987 0.1765 2.95356 0 0.51367 -1.87656 0 4.91237 0 0 -19.4925 
8.08 1.987 0.1765 2.95168 0 0.518572 -1.87656 0 4.90256 0 0 -19.4925 
8.081 1.987 0.1765 2.94981 0 0.523465 -1.87656 0 4.89275 0 0 -19.4925 
8.082 1.987 0.1765 2.94793 0 0.528348 -1.87656 0 4.88294 0 0 -19.4925 
8.083 1.987 0.1765 2.94605 0 0.533221 -1.87656 0 4.87313 0 0 -19.4925 
8.084 1.987 0.1765 2.94418 0 0.538084 -1.87656 0 4.86332 0 0 -19.4925 
8.085 1.987 0.1765 2.9423 0 0.542938 -1.87656 0 4.85351 0 0 -19.4925 
8.086 1.987 0.1765 2.94042 0 0.547781 -1.87656 0 4.8437 0 0 -19.4925 
8.087 1.987 0.1765 2.93855 0 0.552615 -1.87656 0 4.83389 0 0 -19.4925 
8.088 1.987 0.1765 2.93667 0 0.557439 -1.87656 0 4.82408 0 0 -19.4925 
8.089 1.987 0.1765 2.93479 0 0.562254 -1.87656 0 4.81427 0 0 -19.4925 
8.09 1.987 0.1765 2.93292 0 0.567058 -1.87656 0 4.80446 0 0 -19.4925 
8.091 1.987 0.1765 2.93104 0 0.571853 -1.87656 0 4.79465 0 0 -19.4925 
8.092 1.987 0.1765 2.92916 0 0.576638 -1.87656 0 4.78484 0 0 -19.4925 
8.093 1.987 0.1765 2.92729 0 0.581413 -1.87656 0 4.77503 0 0 -19.4925 
8.094 1.987 0.1765 2.92541 0 0.586178 -1.87656 0 4.76522 0 0 -19.4925 
8.095 1.987 0.1765 2.92353 0 0.590933 -1.87656 0 4.75541 0 0 -19.4925 
8.096 1.987 0.1765 2.92166 0 0.595679 -1.87656 0 4.7456 0 0 -19.4925 
8.097 1.987 0.1765 2.91978 0 0.600415 -1.87656 0 4.73579 0 0 -19.4925 
8.098 1.987 0.1765 2.9179 0 0.605141 -1.87656 0 4.72598 0 0 -19.4925 
8.099 1.987 0.1765 2.91603 0 0.609857 -1.87656 0 4.71617 0 0 -19.4925 
8.1 1.987 0.1765 2.91415 0 0.614563 -1.87656 0 4.70636 0 0 -19.4925 
8.101 1.987 0.1765 2.91228 0 0.61926 -1.87656 0 4.69655 0 0 -19.4925 
8.102 1.987 0.1765 2.9104 0 0.623946 -1.87656 0 4.68674 0 0 -19.4925 
8.103 1.987 0.1765 2.90852 0 0.628623 -1.87656 0 4.67693 0 0 -19.4925 
8.104 1.987 0.1765 2.90665 0 0.633291 -1.87656 0 4.66712 0 0 -19.4925 
8.105 1.987 0.1765 2.90477 0 0.637948 -1.87656 0 4.65731 0 0 -19.4925 
8.106 1.987 0.1765 2.90289 0 0.642595 -1.87656 0 4.6475 0 0 -19.4925 
8.107 1.987 0.1765 2.90102 0 0.647233 -1.87656 0 4.63769 0 0 -19.4925 
8.108 1.987 0.1765 2.89914 0 0.651861 -1.87656 0 4.62788 0 0 -19.4925 
8.109 1.987 0.1765 2.89726 0 0.656479 -1.87656 0 4.61807 0 0 -19.4925 
8.11 1.987 0.1765 2.89539 0 0.661087 -1.87656 0 4.60826 0 0 -19.4925 
8.111 1.987 0.1765 2.89351 0 0.665686 -1.87656 0 4.59845 0 0 -19.4925 
8.112 1.987 0.1765 2.89163 0 0.670274 -1.87656 0 4.58864 0 0 -19.4925 
8.113 1.987 0.1765 2.88976 0 0.674853 -1.87656 0 4.57883 0 0 -19.4925 
8.114 1.987 0.1765 2.88788 0 0.679422 -1.87656 0 4.56902 0 0 -19.4925 
8.115 1.987 0.1765 2.886 0 0.683981 -1.87656 0 4.55921 0 0 -19.4925 
8.116 1.987 0.1765 2.88413 0 0.688531 -1.87656 0 4.5494 0 0 -19.4925 
8.117 1.987 0.1765 2.88225 0 0.69307 -1.87656 0 4.53959 0 0 -19.4925 
8.118 1.987 0.1765 2.88037 0 0.6976 -1.87656 0 4.52978 0 0 -19.4925 
8.119 1.987 0.1765 2.8785 0 0.70212 -1.87656 0 4.51997 0 0 -19.4925 
8.12 1.987 0.1765 2.87662 0 0.70663 -1.87656 0 4.51016 0 0 -19.4925 
8.121 1.987 0.1765 2.87474 0 0.711131 -1.87656 0 4.50035 0 0 -19.4925 
8.122 1.987 0.1765 2.87287 0 0.715621 -1.87656 0 4.49054 0 0 -19.4925 
8.123 1.987 0.1765 2.87099 0 0.720102 -1.87656 0 4.48073 0 0 -19.4925 
8.124 1.987 0.1765 2.86911 0 0.724573 -1.87656 0 4.47092 0 0 -19.4925 
8.125 1.987 0.1765 2.86724 0 0.729034 -1.87656 0 4.46111 0 0 -19.4925 
8.126 1.987 0.1765 2.86536 0 0.733485 -1.87656 0 4.4513 0 0 -19.4925 
8.127 1.987 0.1765 2.86348 0 0.737927 -1.87656 0 4.44149 0 0 -19.4925 
8.128 1.987 0.1765 2.86161 0 0.742358 -1.87656 0 4.43168 0 0 -19.4925 
8.129 1.987 0.1765 2.85973 0 0.74678 -1.87656 0 4.42187 0 0 -19.4925 
8.13 1.987 0.1765 2.85785 0 0.751192 -1.87656 0 4.41206 0 0 -19.4925 
8.131 1.987 0.1765 2.85598 0 0.755595 -1.87656 0 4.40225 0 0 -19.4925 
8.132 1.987 0.1765 2.8541 0 0.759987 -1.87656 0 4.39244 0 0 -19.4925 
8.133 1.987 0.1765 2.85223 0 0.76437 -1.87656 0 4.38263 0 0 -19.4925 
8.134 1.987 0.1765 2.85035 0 0.768743 -1.87656 0 4.37282 0 0 -19.4925 
8.135 1.987 0.1765 2.84847 0 0.773106 -1.87656 0 4.36301 0 0 -19.4925 
8.136 1.987 0.1765 2.8466 0 0.777459 -1.87656 0 4.3532 0 0 -19.4925 
8.137 1.987 0.1765 2.84472 0 0.781802 -1.87656 0 4.34339 0 0 -19.4925 
8.138 1.987 0.1765 2.84284 0 0.786136 -1.87656 0 4.33358 0 0 -19.4925 
8.139 1.987 0.1765 2.84097 0 0.790459 -1.87656 0 4.32377 0 0 -19.4925 
8.14 1.987 0.1765 2.83909 0 0.794773 -1.87656 0 4.31396 0 0 -19.4925 
8.141 1.987 0.1765 2.83721 0 0.799078 -1.87656 0 4.30415 0 0 -19.4925 
8.142 1.987 0.1765 2.83534 0 0.803372 -1.87656 0 4.29434 0 0 -19.4925 
8.143 1.987 0.1765 2.83346 0 0.807656 -1.87656 0 4.28453 0 0 -19.4925 
8.144 1.987 0.1765 2.83158 0 0.811931 -1.87656 0 4.27472 0 0 -19.4925 
8.145 1.987 0.1765 2.82971 0 0.816196 -1.87656 0 4.26491 0 0 -19.4925 
8.146 1.987 0.1765 2.82783 0 0.820451 -1.87656 0 4.2551 0 0 -19.4925 
8.147 1.987 0.1765 2.82595 0 0.824696 -1.87656 0 4.24529 0 0 -19.4925 
8.148 1.987 0.1765 2.82408 0 0.828932 -1.87656 0 4.23548 0 0 -19.4925 
8.149 1.987 0.1765 2.8222 0 0.833158 -1.87656 0 4.22567 0 0 -19.4925 
8.15 1.987 0.1765 2.82032 0 0.837373 -1.87656 0 4.21586 0 0 -19.4925 
8.151 1.987 0.1765 2.81845 0 0.84158 -1.87656 0 4.20605 0 0 -19.4925 
8.152 1.987 0.1765 2.81657 0 0.845776 -1.87656 0 4.19624 0 0 -19.4925 
8.153 1.987 0.1765 2.81469 0 0.849962 -1.87656 0 4.18643 0 0 -19.4925 
8.154 1.987 0.1765 2.81282 0 0.854139 -1.87656 0 4.17662 0 0 -19.4925 
8.155 1.987 0.1765 2.81094 0 0.858306 -1.87656 0 4.16681 0 0 -19.4925 
8.156 1.987 0.1765 2.80906 0 0.862463 -1.87656 0 4.157 0 0 -19.4925 
8.157 1.987 0.1765 2.80719 0 0.86661 -1.87656 0 4.14719 0 0 -19.4925 
8.158 1.987 0.1765 2.80531 0 0.870747 -1.87656 0 4.13738 0 0 -19.4925 
8.159 1.987 0.1765 2.80343 0 0.874875 -1.87656 0 4.12757 0 0 -19.4925 
8.16 1.987 0.1765 2.80156 0 0.878993 -1.87656 0 4.11776 0 0 -19.4925 
8.161 1.987 0.1765 2.79968 0 0.8831 -1.87656 0 4.10795 0 0 -19.4925 
8.162 1.987 0.1765 2.79781 0 0.887199 -1.87656 0 4.09814 0 0 -19.4925 
8.163 1.987 0.1765 2.79593 0 0.891287 -1.87656 0 4.08833 0 0 -19.4925 
8.164 1.987 0.1765 2.79405 0 0.895365 -1.87656 0 4.07852 0 0 -19.4925 
8.165 1.987 0.1765 2.79218 0 0.899434 -1.87656 0 4.06871 0 0 -19.4925 
8.166 1.987 0.1765 2.7903 0 0.903493 -1.87656 0 4.0589 0 0 -19.4925 
8.167 1.987 0.1765 2.78842 0 0.907542 -1.87656 0 4.04909 0 0 -19.4925 
8.168 1.987 0.1765 2.78655 0 0.911581 -1.87656 0 4.03928 0 0 -19.4925 
8.169 1.987 0.1765 2.78467 0 0.915611 -1.87656 0 4.02947 0 0 -19.4925 
8.17 1.987 0.1765 2.78279 0 0.919631 -1.87656 0 4.01966 0 0 -19.4925 
8.171 1.987 0.1765 2.78092 0 0.92364 -1.87656 0 4.00985 0 0 -19.4925 
8.172 1.987 0.1765 2.77904 0 0.92764 -1.87656 0 4.00004 0 0 -19.4925 
8.173 1.987 0.1765 2.77716 0 0.931631 -1.87656 0 3.99023 0 0 -19.4925 
8.174 1.987 0.1765 2.77529 0 0.935611 -1.87656 0 3.98042 0 0 -19.4925 
8.175 1.987 0.1765 2.77341 0 0.939582 -1.87656 0 3.97061 0 0 -19.4925 
8.176 1.987 0.1765 2.77153 0 0.943543 -1.87656 0 3.9608 0 0 -19.4925 
8.177 1.987 0.1765 2.76966 0 0.947494 -1.87656 0 3.95099 0 0 -19.4925 
8.178 1.987 0.1765 2.76778 0 0.951435 -1.87656 0 3.94118 0 0 -19.4925 
8.179 1.987 0.1765 2.7659 0 0.955366 -1.87656 0 3.93137 0 0 -19.4925 
8.18 1.987 0.1765 2.76403 0 0.959288 -1.87656 0 3.92156 0 0 -19.4925 
8.181 1.987 0.1765 2.76215 0 0.963199 -1.87656 0 3.91175 0 0 -19.4925 
8.182 1.987 0.1765 2.76027 0 0.967101 -1.87656 0 3.90194 0 0 -19.4925 
8.183 1.987 0.1765 2.7584 0 0.970993 -1.87656 0 3.89213 0 0 -19.4925 
8.184 1.987 0.1765 2.75652 0 0.974876 -1.87656 0 3.88232 0 0 -19.4925 
8.185 1.987 0.1765 2.75464 0 0.978748 -1.87656 0 3.87251 0 0 -19.4925 
8.186 1.987 0.1765 2.75277 0 0.982611 -1.87656 0 3.8627 0 0 -19.4925 
8.187 1.987 0.1765 2.75089 0 0.986464 -1.87656 0 3.85289 0 0 -19.4925 
8.188 1.987 0.1765 2.74901 0 0.990307 -1.87656 0 3.84308 0 0 -19.4925 
8.189 1.987 0.1765 2.74714 0 0.99414 -1.87656 0 3.83327 0 0 -19.4925 
8.19 1.987 0.1765 2.74526 0 0.997964 -1.87656 0 3.82346 0 0 -19.4925 
8.191 1.987 0.1765 2.74338 0 1.00178 -1.87656 0 3.81365 0 0 -19.4925 
8.192 1.987 0.1765 2.74151 0 1.00558 -1.87656 0 3.80384 0 0 -19.4925 
8.193 1.987 0.1765 2.73963 0 1.00938 -1.87656 0 3.79403 0 0 -19.4925 
8.194 1.987 0.1765 2.73776 0 1.01316 -1.87656 0 3.78422 0 0 -19.4925 
8.195 1.987 0.1765 2.73588 0 1.01693 -1.87656 0 3.77441 0 0 -19.4925 
8.196 1.987 0.1765 2.734 0 1.0207 -1.87656 0 3.7646 0 0 -19.4925 
8.197 1.987 0.1765 2.73213 0 1.02445 -1.87656 0 3.75479 0 0 -19.4925 
8.198 1.987 0.1765 2.73025 0 1.0282 -1.87656 0 3.74498 0 0 -19.4925 
8.199 1.987 0.1765 2.72837 0 1.03193 -1.87656 0 3.73517 0 0 -19.4925 
8.2 1.987 0.1765 2.7265 0 1.03566 -1.87656 0 3.72536 0 0 -19.4925 
8.201 1.987 0.1765 2.72462 0 1.03937 -1.87656 0 3.71555 0 0 -19.4925 
8.202 1.987 0.1765 2.72274 0 1.04308 -1.87656 0 3.70574 0 0 -19.4925 
8.203 1.987 0.1765 2.72087 0 1.04678 -1.87656 0 3.69593 0 0 -19.4925 
8.204 1.987 0.1765 2.71899 0 1.05046 -1.87656 0 3.68612 0 0 -19.4925 
8.205 1.987 0.1765 2.71711 0 1.05414 -1.87656 0 3.67631 0 0 -19.4925 
8.206 1.987 0.1765 2.71524 0 1.0578 -1.87656 0 3.6665 0 0 -19.4925 
8.207 1.987 0.1765 2.71336 0 1.06146 -1.87656 0 3.65669 0 0 -19.4925 
8.208 1.987 0.1765 2.71148 0 1.06511 -1.87656 0 3.64688 0 0 -19.4925 
8.209 1.987 0.1765 2.70961 0 1.06875 -1.87656 0 3.63707 0 0 -19.4925 
8.21 1.987 0.1765 2.70773 0 1.07237 -1.87656 0 3.62726 0 0 -19.4925 
8.211 1.987 0.1765 2.70585 0 1.07599 -1.87656 0 3.61745 0 0 -19.4925 
8.212 1.987 0.1765 2.70398 0 1.0796 -1.87656 0 3.60764 0 0 -19.4925 
8.213 1.987 0.1765 2.7021 0 1.0832 -1.87656 0 3.59783 0 0 -19.4925 
8.214 1.987 0.1765 2.70022 0 1.08678 -1.87656 0 3.58802 0 0 -19.4925 
8.215 1.987 0.1765 2.69835 0 1.09036 -1.87656 0 3.57821 0 0 -19.4925 
8.216 1.987 0.1765 2.69647 0 1.09393 -1.87656 0 3.5684 0 0 -19.4925 
8.217 1.987 0.1765 2.69459 0 1.09749 -1.87656 0 3.55859 0 0 -19.4925 
8.218 1.987 0.1765 2.69272 0 1.10104 -1.87656 0 3.54878 0 0 -19.4925 
8.219 1.987 0.1765 2.69084 0 1.10458 -1.87656 0 3.53897 0 0 -19.4925 
8.22 1.987 0.1765 2.68896 0 1.10811 -1.87656 0 3.52916 0 0 -19.4925 
8.221 1.987 0.1765 2.68709 0 1.11163 -1.87656 0 3.51935 0 0 -19.4925 
8.222 1.987 0.1765 2.68521 0 1.11513 -1.87656 0 3.50954 0 0 -19.4925 
8.223 1.987 0.1765 2.68334 0 1.11863 -1.87656 0 3.49973 0 0 -19.4925 
8.224 1.987 0.1765 2.68146 0 1.12212 -1.87656 0 3.48992 0 0 -19.4925 
8.225 1.987 0.1765 2.67958 0 1.1256 -1.87656 0 3.48011 0 0 -19.4925 
8.226 1.987 0.1765 2.67771 0 1.12907 -1.87656 0 3.4703 0 0 -19.4925 
8.227 1.987 0.1765 2.67583 0 1.13254 -1.87656 0 3.46049 0 0 -19.4925 
8.228 1.987 0.1765 2.67395 0 1.13599 -1.87656 0 3.45068 0 0 -19.4925 
8.229 1.987 0.1765 2.67208 0 1.13943 -1.87656 0 3.44087 0 0 -19.4925 
8.23 1.987 0.1765 2.6702 0 1.14286 -1.87656 0 3.43106 0 0 -19.4925 
8.231 1.987 0.1765 2.66832 0 1.14628 -1.87656 0 3.42125 0 0 -19.4925 
8.232 1.987 0.1765 2.66645 0 1.14969 -1.87656 0 3.41144 0 0 -19.4925 
8.233 1.987 0.1765 2.66457 0 1.15309 -1.87656 0 3.40163 0 0 -19.4925 
8.234 1.987 0.1765 2.66269 0 1.15648 -1.87656 0 3.39182 0 0 -19.4925 
8.235 1.987 0.1765 2.66082 0 1.15987 -1.87656 0 3.38201 0 0 -19.4925 
8.236 1.987 0.1765 2.65894 0 1.16324 -1.87656 0 3.3722 0 0 -19.4925 
8.237 1.987 0.1765 2.65706 0 1.1666 -1.87656 0 3.36239 0 0 -19.4925 
8.238 1.987 0.1765 2.65519 0 1.16995 -1.87656 0 3.35258 0 0 -19.4925 
8.239 1.987 0.1765 2.65331 0 1.1733 -1.87656 0 3.34277 0 0 -19.4925 
8.24 1.987 0.1765 2.65143 0 1.17663 -1.87656 0 3.33296 0 0 -19.4925 
8.241 1.987 0.1765 2.64956 0 1.17995 -1.87656 0 3.32315 0 0 -19.4925 
8.242 1.987 0.1765 2.64768 0 1.18327 -1.87656 0 3.31334 0 0 -19.4925 
8.243 1.987 0.1765 2.6458 0 1.18657 -1.87656 0 3.30353 0 0 -19.4925 
8.244 1.987 0.1765 2.64393 0 1.18986 -1.87656 0 3.29372 0 0 -19.4925 
8.245 1.987 0.1765 2.64205 0 1.19315 -1.87656 0 3.28391 0 0 -19.4925 
8.246 1.987 0.1765 2.64017 0 1.19642 -1.87656 0 3.2741 0 0 -19.4925 
8.247 1.987 0.1765 2.6383 0 1.19969 -1.87656 0 3.26429 0 0 -19.4925 
8.248 1.987 0.1765 2.63642 0 1.20294 -1.87656 0 3.25448 0 0 -19.4925 
8.249 1.987 0.1765 2.63454 0 1.20618 -1.87656 0 3.24467 0 0 -19.4925 
8.25 1.987 0.1765 2.63267 0 1.20942 -1.87656 0 3.23486 0 0 -19.4925 
8.251 1.987 0.1765 2.63079 0 1.21264 -1.87656 0 3.22505 0 0 -19.4925 
8.252 1.987 0.1765 2.62891 0 1.21586 -1.87656 0 3.21524 0 0 -19.4925 
8.253 1.987 0.1765 2.62704 0 1.21906 -1.87656 0 3.20543 0 0 -19.4925 
8.254 1.987 0.1765 2.62516 0 1.22226 -1.87656 0 3.19562 0 0 -19.4925 
8.255 1.987 0.1765 2.62329 0 1.22545 -1.87656 0 3.18581 0 0 -19.4925 
8.256 1.987 0.1765 2.62141 0 1.22862 -1.87656 0 3.176 0 0 -19.4925 
8.257 1.987 0.1765 2.61953 0 1.23179 -1.87656 0 3.16619 0 0 -19.4925 
8.258 1.987 0.1765 2.61766 0 1.23494 -1.87656 0 3.15638 0 0 -19.4925 
8.259 1.987 0.1765 2.61578 0 1.23809 -1.87656 0 3.14657 0 0 -19.4925 
8.26 1.987 0.1765 2.6139 0 1.24123 -1.87656 0 3.13676 0 0 -19.4925 
8.261 1.987 0.1765 2.61203 0 1.24436 -1.87656 0 3.12695 0 0 -19.4925 
8.262 1.987 0.1765 2.61015 0 1.24747 -1.87656 0 3.11714 0 0 -19.4925 
8.263 1.987 0.1765 2.60827 0 1.25058 -1.87656 0 3.10733 0 0 -19.4925 
8.264 1.987 0.1765 2.6064 0 1.25368 -1.87656 0 3.09752 0 0 -19.4925 
8.265 1.987 0.1765 2.60452 0 1.25676 -1.87656 0 3.08771 0 0 -19.4925 
8.266 1.987 0.1765 2.60264 0 1.25984 -1.87656 0 3.0779 0 0 -19.4925 
8.267 1.987 0.1765 2.60077 0 1.26291 -1.87656 0 3.06809 0 0 -19.4925 
8.268 1.987 0.1765 2.59889 0 1.26597 -1.87656 0 3.05828 0 0 -19.4925 
8.269 1.987 0.1765 2.59701 0 1.26902 -1.87656 0 3.04847 0 0 -19.4925 
8.27 1.987 0.1765 2.59514 0 1.27206 -1.87656 0 3.03866 0 0 -19.4925 
8.271 1.987 0.1765 2.59326 0 1.27508 -1.87656 0 3.02885 0 0 -19.4925 
8.272 1.987 0.1765 2.59138 0 1.2781 -1.87656 0 3.01904 0 0 -19.4925 
8.273 1.987 0.1765 2.58951 0 1.28111 -1.87656 0 3.00923 0 0 -19.4925 
8.274 1.987 0.1765 2.58763 0 1.28411 -1.87656 0 2.99942 0 0 -19.4925 
8.275 1.987 0.1765 2.58575 0 1.2871 -1.87656 0 2.98961 0 0 -19.4925 
8.276 1.987 0.1765 2.58388 0 1.29008 -1.87656 0 2.9798 0 0 -19.4925 
8.277 1.987 0.1765 2.582 0 1.29305 -1.87656 0 2.96999 0 0 -19.4925 
8.278 1.987 0.1765 2.58012 0 1.29601 -1.87656 0 2.96018 0 0 -19.4925 
8.279 1.987 0.1765 2.57825 0 1.29896 -1.87656 0 2.95037 0 0 -19.4925 
8.28 1.987 0.1765 2.57637 0 1.3019 -1.87656 0 2.94056 0 0 -19.4925 
8.281 1.987 0.1765 2.57449 0 1.30483 -1.87656 0 2.93075 0 0 -19.4925 
8.282 1.987 0.1765 2.57262 0 1.30775 -1.87656 0 2.92094 0 0 -19.4925 
8.283 1.987 0.1765 2.57074 0 1.31067 -1.87656 0 2.91113 0 0 -19.4925 
8.284 1.987 0.1765 2.56887 0 1.31357 -1.87656 0 2.90132 0 0 -19.4925 
8.285 1.987 0.1765 2.56699 0 1.31646 -1.87656 0 2.89151 0 0 -19.4925 
8.286 1.987 0.1765 2.56511 0 1.31934 -1.87656 0 2.8817 0 0 -19.4925 
8.287 1.987 0.1765 2.56324 0 1.32221 -1.87656 0 2.87189 0 0 -19.4925 
8.288 1.987 0.1765 2.56136 0 1.32507 -1.87656 0 2.86208 0 0 -19.4925 
8.289 1.987 0.1765 2.55948 0 1.32793 -1.87656 0 2.85227 0 0 -19.4925 
8.29 1.987 0.1765 2.55761 0 1.33077 -1.87656 0 2.84246 0 0 -19.4925 
8.291 1.987 0.1765 2.55573 0 1.3336 -1.87656 0 2.83265 0 0 -19.4925 
8.292 1.987 0.1765 2.55385 0 1.33642 -1.87656 0 2.82284 0 0 -19.4925 
8.293 1.987 0.1765 2.55198 0 1.33924 -1.87656 0 2.81303 0 0 -19.4925 
8.294 1.987 0.1765 2.5501 0 1.34204 -1.87656 0 2.80322 0 0 -19.4925 
8.295 1.987 0.1765 2.54822 0 1.34483 -1.87656 0 2.79341 0 0 -19.4925 
8.296 1.987 0.1765 2.54635 0 1.34762 -1.87656 0 2.7836 0 0 -19.4925 
8.297 1.987 0.1765 2.54447 0 1.35039 -1.87656 0 2.77379 0 0 -19.4925 
8.298 1.987 0.1765 2.54259 0 1.35316 -1.87656 0 2.76398 0 0 -19.4925 
8.299 1.987 0.1765 2.54072 0 1.35591 -1.87656 0 2.75417 0 0 -19.4925 
8.3 1.987 0.1765 2.53884 0 1.35865 -1.87656 0 2.74436 0 0 -19.4925 
8.301 1.987 0.1765 2.53696 0 1.36139 -1.87656 0 2.73455 0 0 -19.4925 
8.302 1.987 0.1765 2.53509 0 1.36411 -1.87656 0 2.72474 0 0 -19.4925 
8.303 1.987 0.1765 2.53321 0 1.36683 -1.87656 0 2.71493 0 0 -19.4925 
8.304 1.987 0.1765 2.53133 0 1.36953 -1.87656 0 2.70512 0 0 -19.4925 
8.305 1.987 0.1765 2.52946 0 1.37223 -1.87656 0 2.69531 0 0 -19.4925 
8.306 1.987 0.1765 2.52758 0 1.37491 -1.87656 0 2.6855 0 0 -19.4925 
8.307 1.987 0.1765 2.5257 0 1.37759 -1.87656 0 2.67569 0 0 -19.4925 
8.308 1.987 0.1765 2.52383 0 1.38026 -1.87656 0 2.66588 0 0 -19.4925 
8.309 1.987 0.1765 2.52195 0 1.38291 -1.87656 0 2.65607 0 0 -19.4925 
8.31 1.987 0.1765 2.52007 0 1.38556 -1.87656 0 2.64626 0 0 -19.4925 
8.311 1.987 0.1765 2.5182 0 1.38819 -1.87656 0 2.63645 0 0 -19.4925 
8.312 1.987 0.1765 2.51632 0 1.39082 -1.87656 0 2.62664 0 0 -19.4925 
8.313 1.987 0.1765 2.51444 0 1.39344 -1.87656 0 2.61683 0 0 -19.4925 
8.314 1.987 0.1765 2.51257 0 1.39605 -1.87656 0 2.60702 0 0 -19.4925 
8.315 1.987 0.1765 2.51069 0 1.39864 -1.87656 0 2.59721 0 0 -19.4925 
8.316 1.987 0.1765 2.50882 0 1.40123 -1.87656 0 2.5874 0 0 -19.4925 
8.317 1.987 0.1765 2.50694 0 1.40381 -1.87656 0 2.57759 0 0 -19.4925 
8.318 1.987 0.1765 2.50506 0 1.40638 -1.87656 0 2.56778 0 0 -19.4925 
8.319 1.987 0.1765 2.50319 0 1.40893 -1.87656 0 2.55797 0 0 -19.4925 
8.32 1.987 0.1765 2.50131 0 1.41148 -1.87656 0 2.54816 0 0 -19.4925 
8.321 1.987 0.1765 2.49943 0 1.41402 -1.87656 0 2.53835 0 0 -19.4925 
8.322 1.987 0.1765 2.49756 0 1.41655 -1.87656 0 2.52854 0 0 -19.4925 
8.323 1.987 0.1765 2.49568 0 1.41907 -1.87656 0 2.51873 0 0 -19.4925 
8.324 1.987 0.1765 2.4938 0 1.42158 -1.87656 0 2.50892 0 0 -19.4925 
8.325 1.987 0.1765 2.49193 0 1.42408 -1.87656 0 2.49911 0 0 -19.4925 
8.326 1.987 0.1765 2.49005 0 1.42656 -1.87656 0 2.4893 0 0 -19.4925 
8.327 1.987 0.1765 2.48817 0 1.42904 -1.87656 0 2.47949 0 0 -19.4925 
8.328 1.987 0.1765 2.4863 0 1.43151 -1.87656 0 2.46968 0 0 -19.4925 
8.329 1.987 0.1765 2.48442 0 1.43397 -1.87656 0 2.45987 0 0 -19.4925 
8.33 1.987 0.1765 2.48254 0 1.43642 -1.87656 0 2.45006 0 0 -19.4925 
8.331 1.987 0.1765 2.48067 0 1.43886 -1.87656 0 2.44025 0 0 -19.4925 
8.332 1.987 0.1765 2.47879 0 1.44129 -1.87656 0 2.43044 0 0 -19.4925 
8.333 1.987 0.1765 2.47691 0 1.44371 -1.87656 0 2.42063 0 0 -19.4925 
8.334 1.987 0.1765 2.47504 0 1.44613 -1.87656 0 2.41082 0 0 -19.4925 
8.335 1.987 0.1765 2.47316 0 1.44853 -1.87656 0 2.40101 0 0 -19.4925 
8.336 1.987 0.1765 2.47128 0 1.45092 -1.87656 0 2.3912 0 0 -19.4925 
8.337 1.987 0.1765 2.46941 0 1.4533 -1.87656 0 2.38139 0 0 -19.4925 
8.338 1.987 0.1765 2.46753 0 1.45567 -1.87656 0 2.37158 0 0 -19.4925 
8.339 1.987 0.1765 2.46565 0 1.45803 -1.87656 0 2.36177 0 0 -19.4925 
8.34 1.987 0.1765 2.46378 0 1.46038 -1.87656 0 2.35196 0 0 -19.4925 
8.341 1.987 0.1765 2.4619 0 1.46273 -1.87656 0 2.34215 0 0 -19.4925 
8.342 1.987 0.1765 2.46002 0 1.46506 -1.87656 0 2.33234 0 0 -19.4925 
8.343 1.987 0.1765 2.45815 0 1.46738 -1.87656 0 2.32253 0 0 -19.4925 
8.344 1.987 0.1765 2.45627 0 1.46969 -1.87656 0 2.31272 0 0 -19.4925 
8.345 1.987 0.1765 2.45439 0 1.472 -1.87656 0 2.30291 0 0 -19.4925 
8.346 1.987 0.1765 2.45252 0 1.47429 -1.87656 0 2.2931 0 0 -19.4925 
8.347 1.987 0.1765 2.45064 0 1.47657 -1.87656 0 2.28329 0 0 -19.4925 
8.348 1.987 0.1765 2.44877 0 1.47885 -1.87656 0 2.27348 0 0 -19.4925 
8.349 1.987 0.1765 2.44689 0 1.48111 -1.87656 0 2.26367 0 0 -19.4925 
8.35 1.987 0.1765 2.44501 0 1.48336 -1.87656 0 2.25386 0 0 -19.4925 
8.351 1.987 0.1765 2.44314 0 1.48561 -1.87656 0 2.24405 0 0 -19.4925 
8.352 1.987 0.1765 2.44126 0 1.48784 -1.87656 0 2.23424 0 0 -19.4925 
8.353 1.987 0.1765 2.43938 0 1.49007 -1.87656 0 2.22443 0 0 -19.4925 
8.354 1.987 0.1765 2.43751 0 1.49228 -1.87656 0 2.21462 0 0 -19.4925 
8.355 1.987 0.1765 2.43563 0 1.49449 -1.87656 0 2.20481 0 0 -19.4925 
8.356 1.987 0.1765 2.43375 0 1.49668 -1.87656 0 2.195 0 0 -19.4925 
8.357 1.987 0.1765 2.43188 0 1.49887 -1.87656 0 2.18519 0 0 -19.4925 
8.358 1.987 0.1765 2.43 0 1.50104 -1.87656 0 2.17538 0 0 -19.4925 
8.359 1.987 0.1765 2.42812 0 1.50321 -1.87656 0 2.16557 0 0 -19.4925 
8.36 1.987 0.1765 2.42625 0 1.50536 -1.87656 0 2.15576 0 0 -19.4925 
8.361 1.987 0.1765 2.42437 0 1.50751 -1.87656 0 2.14595 0 0 -19.4925 
8.362 1.987 0.1765 2.42249 0 1.50965 -1.87656 0 2.13614 0 0 -19.4925 
8.363 1.987 0.1765 2.42062 0 1.51177 -1.87656 0 2.12633 0 0 -19.4925 
8.364 1.987 0.1765 2.41874 0 1.51389 -1.87656 0 2.11652 0 0 -19.4925 
8.365 1.987 0.1765 2.41686 0 1.516 -1.87656 0 2.10671 0 0 -19.4925 
8.366 1.987 0.1765 2.41499 0 1.51809 -1.87656 0 2.0969 0 0 -19.4925 
8.367 1.987 0.1765 2.41311 0 1.52018 -1.87656 0 2.08709 0 0 -19.4925 
8.368 1.987 0.1765 2.41123 0 1.52226 -1.87656 0 2.07728 0 0 -19.4925 
8.369 1.987 0.1765 2.40936 0 1.52432 -1.87656 0 2.06747 0 0 -19.4925 
8.37 1.987 0.1765 2.40748 0 1.52638 -1.87656 0 2.05766 0 0 -19.4925 
8.371 1.987 0.1765 2.4056 0 1.52843 -1.87656 0 2.04785 0 0 -19.4925 
8.372 1.987 0.1765 2.40373 0 1.53047 -1.87656 0 2.03804 0 0 -19.4925 
8.373 1.987 0.1765 2.40185 0 1.5325 -1.87656 0 2.02823 0 0 -19.4925 
8.374 1.987 0.1765 2.39997 0 1.53451 -1.87656 0 2.01842 0 0 -19.4925 
8.375 1.987 0.1765 2.3981 0 1.53652 -1.87656 0 2.00861 0 0 -19.4925 
8.376 1.987 0.1765 2.39622 0 1.53852 -1.87656 0 1.9988 0 0 -19.4925 
8.377 1.987 0.1765 2.39435 0 1.54051 -1.87656 0 1.98899 0 0 -19.4925 
8.378 1.987 0.1765 2.39247 0 1.54249 -1.87656 0 1.97918 0 0 -19.4925 
8.379 1.987 0.1765 2.39059 0 1.54446 -1.87656 0 1.96937 0 0 -19.4925 
8.38 1.987 0.1765 2.38872 0 1.54642 -1.87656 0 1.95956 0 0 -19.4925 
8.381 1.987 0.1765 2.38684 0 1.54837 -1.87656 0 1.94975 0 0 -19.4925 
8.382 1.987 0.1765 2.38496 0 1.55031 -1.87656 0 1.93994 0 0 -19.4925 
8.383 1.987 0.1765 2.38309 0 1.55224 -1.87656 0 1.93013 0 0 -19.4925 
8.384 1.987 0.1765 2.38121 0 1.55416 -1.87656 0 1.92032 0 0 -19.4925 
8.385 1.987 0.1765 2.37933 0 1.55607 -1.87656 0 1.91051 0 0 -19.4925 
8.386 1.987 0.1765 2.37746 0 1.55797 -1.87656 0 1.9007 0 0 -19.4925 
8.387 1.987 0.1765 2.37558 0 1.55986 -1.87656 0 1.89089 0 0 -19.4925 
8.388 1.987 0.1765 2.3737 0 1.56174 -1.87656 0 1.88108 0 0 -19.4925 
8.389 1.987 0.1765 2.37183 0 1.56361 -1.87656 0 1.87127 0 0 -19.4925 
8.39 1.987 0.1765 2.36995 0 1.56547 -1.87656 0 1.86146 0 0 -19.4925 
8.391 1.987 0.1765 2.36807 0 1.56733 -1.87656 0 1.85165 0 0 -19.4925 
8.392 1.987 0.1765 2.3662 0 1.56917 -1.87656 0 1.84184 0 0 -19.4925 
8.393 1.987 0.1765 2.36432 0 1.571 -1.87656 0 1.83203 0 0 -19.4925 
8.394 1.987 0.1765 2.36244 0 1.57282 -1.87656 0 1.82222 0 0 -19.4925 
8.395 1.987 0.1765 2.36057 0 1.57463 -1.87656 0 1.81241 0 0 -19.4925 
8.396 1.987 0.1765 2.35869 0 1.57644 -1.87656 0 1.8026 0 0 -19.4925 
8.397 1.987 0.1765 2.35681 0 1.57823 -1.87656 0 1.79279 0 0 -19.4925 
8.398 1.987 0.1765 2.35494 0 1.58001 -1.87656 0 1.78298 0 0 -19.4925 
8.399 1.987 0.1765 2.35306 0 1.58179 -1.87656 0 1.77317 0 0 -19.4925 
8.4 1.987 0.1765 2.35118 0 1.58355 -1.87656 0 1.76336 0 0 -19.4925 
8.401 1.987 0.1765 2.34931 0 1.5853 -1.87656 0 1.75355 0 0 -19.4925 
8.402 1.987 0.1765 2.34743 0 1.58705 -1.87656 0 1.74374 0 0 -19.4925 
8.403 1.987 0.1765 2.34555 0 1.58878 -1.87656 0 1.73393 0 0 -19.4925 
8.404 1.987 0.1765 2.34368 0 1.59051 -1.87656 0 1.72412 0 0 -19.4925 
8.405 1.987 0.1765 2.3418 0 1.59222 -1.87656 0 1.71431 0 0 -19.4925 
8.406 1.987 0.1765 2.33992 0 1.59392 -1.87656 0 1.7045 0 0 -19.4925 
8.407 1.987 0.1765 2.33805 0 1.59562 -1.87656 0 1.69469 0 0 -19.4925 
8.408 1.987 0.1765 2.33617 0 1.5973 -1.87656 0 1.68488 0 0 -19.4925 
8.409 1.987 0.1765 2.3343 0 1.59898 -1.87656 0 1.67507 0 0 -19.4925 
8.41 1.987 0.1765 2.33242 0 1.60064 -1.87656 0 1.66526 0 0 -19.4925 
8.411 1.987 0.1765 2.33054 0 1.6023 -1.87656 0 1.65545 0 0 -19.4925 
8.412 1.987 0.1765 2.32867 0 1.60395 -1.87656 0 1.64564 0 0 -19.4925 
8.413 1.987 0.1765 2.32679 0 1.60558 -1.87656 0 1.63583 0 0 -19.4925 
8.414 1.987 0.1765 2.32491 0 1.60721 -1.87656 0 1.62602 0 0 -19.4925 
8.415 1.987 0.1765 2.32304 0 1.60882 -1.87656 0 1.61621 0 0 -19.4925 
8.416 1.987 0.1765 2.32116 0 1.61043 -1.87656 0 1.6064 0 0 -19.4925 
8.417 1.987 0.1765 2.31928 0 1.61203 -1.87656 0 1.59659 0 0 -19.4925 
8.418 1.987 0.1765 2.31741 0 1.61361 -1.87656 0 1.58678 0 0 -19.4925 
8.419 1.987 0.1765 2.31553 0 1.61519 -1.87656 0 1.57697 0 0 -19.4925 
8.42 1.987 0.1765 2.31365 0 1.61676 -1.87656 0 1.56716 0 0 -19.4925 
8.421 1.987 0.1765 2.31178 0 1.61831 -1.87656 0 1.55735 0 0 -19.4925 
8.422 1.987 0.1765 2.3099 0 1.61986 -1.87656 0 1.54754 0 0 -19.4925 
8.423 1.987 0.1765 2.30802 0 1.6214 -1.87656 0 1.53773 0 0 -19.4925 
8.424 1.987 0.1765 2.30615 0 1.62293 -1.87656 0 1.52792 0 0 -19.4925 
8.425 1.987 0.1765 2.30427 0 1.62445 -1.87656 0 1.51811 0 0 -19.4925 
8.426 1.987 0.1765 2.30239 0 1.62595 -1.87656 0 1.5083 0 0 -19.4925 
8.427 1.987 0.1765 2.30052 0 1.62745 -1.87656 0 1.49849 0 0 -19.4925 
8.428 1.987 0.1765 2.29864 0 1.62894 -1.87656 0 1.48868 0 0 -19.4925 
8.429 1.987 0.1765 2.29676 0 1.63042 -1.87656 0 1.47887 0 0 -19.4925 
8.43 1.987 0.1765 2.29489 0 1.63189 -1.87656 0 1.46906 0 0 -19.4925 
8.431 1.987 0.1765 2.29301 0 1.63335 -1.87656 0 1.45925 0 0 -19.4925 
8.432 1.987 0.1765 2.29113 0 1.6348 -1.87656 0 1.44944 0 0 -19.4925 
8.433 1.987 0.1765 2.28926 0 1.63624 -1.87656 0 1.43963 0 0 -19.4925 
8.434 1.987 0.1765 2.28738 0 1.63767 -1.87656 0 1.42982 0 0 -19.4925 
8.435 1.987 0.1765 2.2855 0 1.63909 -1.87656 0 1.42001 0 0 -19.4925 
8.436 1.987 0.1765 2.28363 0 1.6405 -1.87656 0 1.4102 0 0 -19.4925 
8.437 1.987 0.1765 2.28175 0 1.6419 -1.87656 0 1.40039 0 0 -19.4925 
8.438 1.987 0.1765 2.27988 0 1.64329 -1.87656 0 1.39058 0 0 -19.4925 
8.439 1.987 0.1765 2.278 0 1.64467 -1.87656 0 1.38077 0 0 -19.4925 
8.44 1.987 0.1765 2.27612 0 1.64604 -1.87656 0 1.37096 0 0 -19.4925 
8.441 1.987 0.1765 2.27425 0 1.6474 -1.87656 0 1.36115 0 0 -19.4925 
8.442 1.987 0.1765 2.27237 0 1.64875 -1.87656 0 1.35134 0 0 -19.4925 
8.443 1.987 0.1765 2.27049 0 1.65009 -1.87656 0 1.34153 0 0 -19.4925 
8.444 1.987 0.1765 2.26862 0 1.65143 -1.87656 0 1.33172 0 0 -19.4925 
8.445 1.987 0.1765 2.26674 0 1.65275 -1.87656 0 1.32191 0 0 -19.4925 
8.446 1.987 0.1765 2.26486 0 1.65406 -1.87656 0 1.3121 0 0 -19.4925 
8.447 1.987 0.1765 2.26299 0 1.65536 -1.87656 0 1.30229 0 0 -19.4925 
8.448 1.987 0.1765 2.26111 0 1.65665 -1.87656 0 1.29248 0 0 -19.4925 
8.449 1.987 0.1765 2.25923 0 1.65794 -1.87656 0 1.28267 0 0 -19.4925 
8.45 1.987 0.1765 2.25736 0 1.65921 -1.87656 0 1.27286 0 0 -19.4925 
8.451 1.987 0.1765 2.25548 0 1.66047 -1.87656 0 1.26305 0 0 -19.4925 
8.452 1.987 0.1765 2.2536 0 1.66173 -1.87656 0 1.25324 0 0 -19.4925 
8.453 1.987 0.1765 2.25173 0 1.66297 -1.87656 0 1.24343 0 0 -19.4925 
8.454 1.987 0.1765 2.24985 0 1.6642 -1.87656 0 1.23362 0 0 -19.4925 
8.455 1.987 0.1765 2.24797 0 1.66543 -1.87656 0 1.22381 0 0 -19.4925 
8.456 1.987 0.1765 2.2461 0 1.66664 -1.87656 0 1.214 0 0 -19.4925 
8.457 1.987 0.1765 2.24422 0 1.66785 -1.87656 0 1.20419 0 0 -19.4925 
8.458 1.987 0.1765 2.24234 0 1.66904 -1.87656 0 1.19438 0 0 -19.4925 
8.459 1.987 0.1765 2.24047 0 1.67022 -1.87656 0 1.18457 0 0 -19.4925 
8.46 1.987 0.1765 2.23859 0 1.6714 -1.87656 0 1.17476 0 0 -19.4925 
8.461 1.987 0.1765 2.23671 0 1.67256 -1.87656 0 1.16495 0 0 -19.4925 
8.462 1.987 0.1765 2.23484 0 1.67372 -1.87656 0 1.15514 0 0 -19.4925 
8.463 1.987 0.1765 2.23296 0 1.67486 -1.87656 0 1.14533 0 0 -19.4925 
8.464 1.987 0.1765 2.23108 0 1.676 -1.87656 0 1.13552 0 0 -19.4925 
8.465 1.987 0.1765 2.22921 0 1.67713 -1.87656 0 1.12571 0 0 -19.4925 
8.466 1.987 0.1765 2.22733 0 1.67824 -1.87656 0 1.1159 0 0 -19.4925 
8.467 1.987 0.1765 2.22545 0 1.67935 -1.87656 0 1.10609 0 0 -19.4925 
8.468 1.987 0.1765 2.22358 0 1.68044 -1.87656 0 1.09628 0 0 -19.4925 
8.469 1.987 0.1765 2.2217 0 1.68153 -1.87656 0 1.08647 0 0 -19.4925 
8.47 1.987 0.1765 2.21983 0 1.68261 -1.87656 0 1.07666 0 0 -19.4925 
8.471 1.987 0.1765 2.21795 0 1.68367 -1.87656 0 1.06685 0 0 -19.4925 
8.472 1.987 0.1765 2.21607 0 1.68473 -1.87656 0 1.05704 0 0 -19.4925 
8.473 1.987 0.1765 2.2142 0 1.68578 -1.87656 0 1.04723 0 0 -19.4925 
8.474 1.987 0.1765 2.21232 0 1.68682 -1.87656 0 1.03742 0 0 -19.4925 
8.475 1.987 0.1765 2.21044 0 1.68784 -1.87656 0 1.02761 0 0 -19.4925 
8.476 1.987 0.1765 2.20857 0 1.68886 -1.87656 0 1.0178 0 0 -19.4925 
8.477 1.987 0.1765 2.20669 0 1.68987 -1.87656 0 1.00799 0 0 -19.4925 
8.478 1.987 0.1765 2.20481 0 1.69087 -1.87656 0 0.998181 0 0 -19.4925 
8.479 1.987 0.1765 2.20294 0 1.69186 -1.87656 0 0.988371 0 0 -19.4925 
8.48 1.987 0.1765 2.20106 0 1.69283 -1.87656 0 0.978561 0 0 -19.4925 
8.481 1.987 0.1765 2.19918 0 1.6938 -1.87656 0 0.968751 0 0 -19.4925 
8.482 1.987 0.1765 2.19731 0 1.69476 -1.87656 0 0.958941 0 0 -19.4925 
8.483 1.987 0.1765 2.19543 0 1.69571 -1.87656 0 0.949131 0 0 -19.4925 
8.484 1.987 0.1765 2.19355 0 1.69665 -1.87656 0 0.939321 0 0 -19.4925 
8.485 1.987 0.1765 2.19168 0 1.69758 -1.87656 0 0.929511 0 0 -19.4925 
8.486 1.987 0.1765 2.1898 0 1.6985 -1.87656 0 0.919701 0 0 -19.4925 
8.487 1.987 0.1765 2.18792 0 1.69941 -1.87656 0 0.909891 0 0 -19.4925 
8.488 1.987 0.1765 2.18605 0 1.70031 -1.87656 0 0.900081 0 0 -19.4925 
8.489 1.987 0.1765 2.18417 0 1.7012 -1.87656 0 0.890271 0 0 -19.4925 
8.49 1.987 0.1765 2.18229 0 1.70208 -1.87656 0 0.880461 0 0 -19.4925 
8.491 1.987 0.1765 2.18042 0 1.70295 -1.87656 0 0.870651 0 0 -19.4925 
8.492 1.987 0.1765 2.17854 0 1.70381 -1.87656 0 0.860841 0 0 -19.4925 
8.493 1.987 0.1765 2.17666 0 1.70466 -1.87656 0 0.851031 0 0 -19.4925 
8.494 1.987 0.1765 2.17479 0 1.7055 -1.87656 0 0.841221 0 0 -19.4925 
8.495 1.987 0.1765 2.17291 0 1.70634 -1.87656 0 0.831411 0 0 -19.4925 
8.496 1.987 0.1765 2.17103 0 1.70716 -1.87656 0 0.821601 0 0 -19.4925 
8.497 1.987 0.1765 2.16916 0 1.70797 -1.87656 0 0.811791 0 0 -19.4925 
8.498 1.987 0.1765 2.16728 0 1.70877 -1.87656 0 0.801981 0 0 -19.4925 
8.499 1.987 0.1765 2.16541 0 1.70956 -1.87656 0 0.792171 0 0 -19.4925 
8.5 1.987 0.1765 2.16353 0 1.71035 -1.87656 0 0.782361 0 0 -19.4925 
8.501 1.987 0.1765 2.16165 0 1.71112 -1.87656 0 0.772551 0 0 -19.4925 
8.502 1.987 0.1765 2.15978 0 1.71188 -1.87656 0 0.762741 0 0 -19.4925 
8.503 1.987 0.1765 2.1579 0 1.71263 -1.87656 0 0.752931 0 0 -19.4925 
8.504 1.987 0.1765 2.15602 0 1.71338 -1.87656 0 0.743121 0 0 -19.4925 
8.505 1.987 0.1765 2.15415 0 1.71411 -1.87656 0 0.733311 0 0 -19.4925 
8.506 1.987 0.1765 2.15227 0 1.71483 -1.87656 0 0.723501 0 0 -19.4925 
8.507 1.987 0.1765 2.15039 0 1.71555 -1.87656 0 0.713691 0 0 -19.4925 
8.508 1.987 0.1765 2.14852 0 1.71625 -1.87656 0 0.703881 0 0 -19.4925 
8.509 1.987 0.1765 2.14664 0 1.71695 -1.87656 0 0.694071 0 0 -19.4925 
8.51 1.987 0.1765 2.14476 0 1.71763 -1.87656 0 0.684261 0 0 -19.4925 
8.511 1.987 0.1765 2.14289 0 1.7183 -1.87656 0 0.674451 0 0 -19.4925 
8.512 1.987 0.1765 2.14101 0 1.71897 -1.87656 0 0.664641 0 0 -19.4925 
8.513 1.987 0.1765 2.13913 0 1.71962 -1.87656 0 0.654831 0 0 -19.4925 
8.514 1.987 0.1765 2.13726 0 1.72027 -1.87656 0 0.645021 0 0 -19.4925 
8.515 1.987 0.1765 2.13538 0 1.7209 -1.87656 0 0.635211 0 0 -19.4925 
8.516 1.987 0.1765 2.1335 0 1.72153 -1.87656 0 0.625401 0 0 -19.4925 
8.517 1.987 0.1765 2.13163 0 1.72214 -1.87656 0 0.615591 0 0 -19.4925 
8.518 1.987 0.1765 2.12975 0 1.72275 -1.87656 0 0.605781 0 0 -19.4925 
8.519 1.987 0.1765 2.12787 0 1.72335 -1.87656 0 0.595971 0 0 -19.4925 
8.52 1.987 0.1765 2.126 0 1.72393 -1.87656 0 0.586161 0 0 -19.4925 
8.521 1.987 0.1765 2.12412 0 1.72451 -1.87656 0 0.576351 0 0 -19.4925 
8.522 1.987 0.1765 2.12224 0 1.72508 -1.87656 0 0.566541 0 0 -19.4925 
8.523 1.987 0.1765 2.12037 0 1.72563 -1.87656 0 0.556731 0 0 -19.4925 
8.524 1.987 0.1765 2.11849 0 1.72618 -1.87656 0 0.546921 0 0 -19.4925 
8.525 1.987 0.1765 2.11661 0 1.72672 -1.87656 0 0.537111 0 0 -19.4925 
8.526 1.987 0.1765 2.11474 0 1.72724 -1.87656 0 0.527301 0 0 -19.4925 
8.527 1.987 0.1765 2.11286 0 1.72776 -1.87656 0 0.517491 0 0 -19.4925 
8.528 1.987 0.1765 2.11098 0 1.72827 -1.87656 0 0.507681 0 0 -19.4925 
8.529 1.987 0.1765 2.10911 0 1.72877 -1.87656 0 0.497871 0 0 -19.4925 
8.53 1.987 0.1765 2.10723 0 1.72925 -1.87656 0 0.488061 0 0 -19.4925 
8.531 1.987 0.1765 2.10536 0 1.72973 -1.87656 0 0.478251 0 0 -19.4925 
8.532 1.987 0.1765 2.10348 0 1.7302 -1.87656 0 0.468441 0 0 -19.4925 
8.533 1.987 0.1765 2.1016 0 1.73066 -1.87656 0 0.458631 0 0 -19.4925 
8.534 1.987 0.1765 2.09973 0 1.73111 -1.87656 0 0.448821 0 0 -19.4925 
8.535 1.987 0.1765 2.09785 0 1.73155 -1.87656 0 0.439011 0 0 -19.4925 
8.536 1.987 0.1765 2.09597 0 1.73198 -1.87656 0 0.429201 0 0 -19.4925 
8.537 1.987 0.1765 2.0941 0 1.7324 -1.87656 0 0.419391 0 0 -19.4925 
8.538 1.987 0.1765 2.09222 0 1.73281 -1.87656 0 0.409581 0 0 -19.4925 
8.539 1.987 0.1765 2.09034 0 1.73321 -1.87656 0 0.399771 0 0 -19.4925 
8.54 1.987 0.1765 2.08847 0 1.7336 -1.87656 0 0.389961 0 0 -19.4925 
8.541 1.987 0.1765 2.08659 0 1.73398 -1.87656 0 0.380151 0 0 -19.4925 
8.542 1.987 0.1765 2.08471 0 1.73435 -1.87656 0 0.370341 0 0 -19.4925 
8.543 1.987 0.1765 2.08284 0 1.73471 -1.87656 0 0.360531 0 0 -19.4925 
8.544 1.987 0.1765 2.08096 0 1.73506 -1.87656 0 0.350721 0 0 -19.4925 
8.545 1.987 0.1765 2.07908 0 1.7354 -1.87656 0 0.340911 0 0 -19.4925 
8.546 1.987 0.1765 2.07721 0 1.73573 -1.87656 0 0.331101 0 0 -19.4925 
8.547 1.987 0.1765 2.07533 0 1.73605 -1.87656 0 0.321291 0 0 -19.4925 
8.548 1.987 0.1765 2.07345 0 1.73636 -1.87656 0 0.311481 0 0 -19.4925 
8.549 1.987 0.1765 2.07158 0 1.73666 -1.87656 0 0.301671 0 0 -19.4925 
8.55 1.987 0.1765 2.0697 0 1.73696 -1.87656 0 0.291861 0 0 -19.4925 
8.551 1.987 0.1765 2.06782 0 1.73724 -1.87656 0 0.282051 0 0 -19.4925 
8.552 1.987 0.1765 2.06595 0 1.73751 -1.87656 0 0.272241 0 0 -19.4925 
8.553 1.987 0.1765 2.06407 0 1.73777 -1.87656 0 0.262431 0 0 -19.4925 
8.554 1.987 0.1765 2.06219 0 1.73803 -1.87656 0 0.252621 0 0 -19.4925 
8.555 1.987 0.1765 2.06032 0 1.73827 -1.87656 0 0.242811 0 0 -19.4925 
8.556 1.987 0.1765 2.05844 0 1.7385 -1.87656 0 0.233001 0 0 -19.4925 
8.557 1.987 0.1765 2.05656 0 1.73872 -1.87656 0 0.223191 0 0 -19.4925 
8.558 1.987 0.1765 2.05469 0 1.73894 -1.87656 0 0.213381 0 0 -19.4925 
8.559 1.987 0.1765 2.05281 0 1.73914 -1.87656 0 0.203571 0 0 -19.4925 
8.56 1.987 0.1765 2.05094 0 1.73933 -1.87656 0 0.193761 0 0 -19.4925 
8.561 1.987 0.1765 2.04906 0 1.73952 -1.87656 0 0.183951 0 0 -19.4925 
8.562 1.987 0.1765 2.04718 0 1.73969 -1.87656 0 0.174141 0 0 -19.4925 
8.563 1.987 0.1765 2.04531 0 1.73986 -1.87656 0 0.164331 0 0 -19.4925 
8.564 1.987 0.1765 2.04343 0 1.74001 -1.87656 0 0.154521 0 0 -19.4925 
8.565 1.987 0.1765 2.04155 0 1.74016 -1.87656 0 0.144711 0 0 -19.4925 
8.566 1.987 0.1765 2.03968 0 1.74029 -1.87656 0 0.134901 0 0 -19.4925 
8.567 1.987 0.1765 2.0378 0 1.74042 -1.87656 0 0.125091 0 0 -19.4925 
8.568 1.987 0.1765 2.03592 0 1.74053 -1.87656 0 0.115281 0 0 -19.4925 
8.569 1.987 0.1765 2.03405 0 1.74064 -1.87656 0 0.105471 0 0 -19.4925 
8.57 1.987 0.1765 2.03217 0 1.74073 -1.87656 0 0.0956606 0 0 -19.4925 
8.571 1.987 0.1765 2.03029 0 1.74082 -1.87656 0 0.0858506 0 0 -19.4925 
8.572 1.987 0.1765 2.02842 0 1.74089 -1.87656 0 0.0760406 0 0 -19.4925 
8.573 1.987 0.1765 2.02654 0 1.74096 -1.87656 0 0.0662306 0 0 -19.4925 
8.574 1.987 0.1765 2.02466 0 1.74102 -1.87656 0 0.0564206 0 0 -19.4925 
8.575 1.987 0.1765 2.02279 0 1.74106 -1.87656 0 0.0466106 0 0 -19.4925 
8.576 1.987 0.1765 2.02091 0 1.7411 -1.87656 0 0.0368006 0 0 -19.4925 
8.577 1.987 0.1765 2.01903 0 1.74113 -1.87656 0 0.0269906 0 0 -19.4925 
8.578 1.987 0.1765 2.01716 0 1.74114 -1.87656 0 0.0171806 0 0 -19.4925 
8.579 1.987 0.1765 2.01528 0 1.74115 -1.87656 0 0.00737058 0 0 -19.4925 
8.58 1.987 0.1765 2.0134 0 1.74115 -1.87656 0 -0.00243942 0 0 -19.4925 
8.581 1.987 0.1765 2.01153 0 1.74114 -1.87656 0 -0.0122494 0 0 -19.4925 
8.582 1.987 0.1765 2.00965 0 1.74112 -1.87656 0 -0.0220594 0 0 -19.4925 
8.583 1.987 0.1765 2.00777 0 1.74108 -1.87656 0 -0.0318694 0 0 -19.4925 
8.584 1.987 0.1765 2.0059 0 1.74104 -1.87656 0 -0.0416794 0 0 -19.4925 
8.585 1.987 0.1765 2.00402 0 1.74099 -1.87656 0 -0.0514894 0 0 -19.4925 
8.586 1.987 0.1765 2.00214 0 1.74093 -1.87656 0 -0.0612994 0 0 -19.4925 
8.587 1.987 0.1765 2.00027 0 1.74086 -1.87656 0 -0.0711094 0 0 -19.4925 
8.588 1.987 0.1765 1.99839 0 1.74078 -1.87656 0 -0.0809194 0 0 -19.4925 
8.589 1.987 0.1765 1.99651 0 1.74069 -1.87656 0 -0.0907294 0 0 -19.4925 
8.59 1.987 0.1765 1.99464 0 1.74059 -1.87656 0 -0.100539 0 0 -19.4925 
8.591 1.987 0.1765 1.99276 0 1.74048 -1.87656 0 -0.110349 0 0 -19.4925 
8.592 1.987 0.1765 1.99089 0 1.74036 -1.87656 0 -0.120159 0 0 -19.4925 
8.593 1.987 0.1765 1.98901 0 1.74023 -1.87656 0 -0.129969 0 0 -19.4925 
8.594 1.987 0.1765 1.98713 0 1.74009 -1.87656 0 -0.139779 0 0 -19.4925 
8.595 1.987 0.1765 1.98526 0 1.73994 -1.87656 0 -0.149589 0 0 -19.4925 
8.596 1.987 0.1765 1.98338 0 1.73978 -1.87656 0 -0.159399 0 0 -19.4925 
8.597 1.987 0.1765 1.9815 0 1.73961 -1.87656 0 -0.169209 0 0 -19.4925 
8.598 1.987 0.1765 1.97963 0 1.73943 -1.87656 0 -0.179019 0 0 -19.4925 
8.599 1.987 0.1765 1.97775 0 1.73924 -1.87656 0 -0.188829 0 0 -19.4925 
8.6 1.987 0.1765 1.97587 0 1.73904 -1.87656 0 -0.198639 0 0 -19.4925 
8.601 1.987 0.1765 1.974 0 1.73883 -1.87656 0 -0.208449 0 0 -19.4925 
8.602 1.987 0.1765 1.97212 0 1.73861 -1.87656 0 -0.218259 0 0 -19.4925 
8.603 1.987 0.1765 1.97024 0 1.73839 -1.87656 0 -0.228069 0 0 -19.4925 
8.604 1.987 0.1765 1.96837 0 1.73815 -1.87656 0 -0.237879 0 0 -19.4925 
8.605 1.987 0.1765 1.96649 0 1.7379 -1.87656 0 -0.247689 0 0 -19.4925 
8.606 1.987 0.1765 1.96461 0 1.73764 -1.87656 0 -0.257499 0 0 -19.4925 
8.607 1.987 0.1765 1.96274 0 1.73738 -1.87656 0 -0.267309 0 0 -19.4925 
8.608 1.987 0.1765 1.96086 0 1.7371 -1.87656 0 -0.277119 0 0 -19.4925 
8.609 1.987 0.1765 1.95898 0 1.73681 -1.87656 0 -0.286929 0 0 -19.4925 
8.61 1.987 0.1765 1.95711 0 1.73652 -1.87656 0 -0.296739 0 0 -19.4925 
8.611 1.987 0.1765 1.95523 0 1.73621 -1.87656 0 -0.306549 0 0 -19.4925 
8.612 1.987 0.1765 1.95335 0 1.73589 -1.87656 0 -0.316359 0 0 -19.4925 
8.613 1.987 0.1765 1.95148 0 1.73557 -1.87656 0 -0.326169 0 0 -19.4925 
8.614 1.987 0.1765 1.9496 0 1.73523 -1.87656 0 -0.335979 0 0 -19.4925 
8.615 1.987 0.1765 1.94772 0 1.73488 -1.87656 0 -0.345789 0 0 -19.4925 
8.616 1.987 0.1765 1.94585 0 1.73453 -1.87656 0 -0.355599 0 0 -19.4925 
8.617 1.987 0.1765 1.94397 0 1.73416 -1.87656 0 -0.365409 0 0 -19.4925 
8.618 1.987 0.1765 1.94209 0 1.73379 -1.87656 0 -0.375219 0 0 -19.4925 
8.619 1.987 0.1765 1.94022 0 1.7334 -1.87656 0 -0.385029 0 0 -19.4925 
8.62 1.987 0.1765 1.93834 0 1.73301 -1.87656 0 -0.394839 0 0 -19.4925 
8.621 1.987 0.1765 1.93647 0 1.7326 -1.87656 0 -0.404649 0 0 -19.4925 
8.622 1.987 0.1765 1.93459 0 1.73219 -1.87656 0 -0.414459 0 0 -19.4925 
8.623 1.987 0.1765 1.93271 0 1.73176 -1.87656 0 -0.424269 0 0 -19.4925 
8.624 1.987 0.1765 1.93084 0 1.73133 -1.87656 0 -0.434079 0 0 -19.4925 
8.625 1.987 0.1765 1.92896 0 1.73089 -1.87656 0 -0.443889 0 0 -19.4925 
8.626 1.987 0.1765 1.92708 0 1.73043 -1.87656 0 -0.453699 0 0 -19.4925 
8.627 1.987 0.1765 1.92521 0 1.72997 -1.87656 0 -0.463509 0 0 -19.4925 
8.628 1.987 0.1765 1.92333 0 1.7295 -1.87656 0 -0.473319 0 0 -19.4925 
8.629 1.987 0.1765 1.92145 0 1.72901 -1.87656 0 -0.483129 0 0 -19.4925 
8.63 1.987 0.1765 1.91958 0 1.72852 -1.87656 0 -0.492939 0 0 -19.4925 
8.631 1.987 0.1765 1.9177 0 1.72802 -1.87656 0 -0.502749 0 0 -19.4925 
8.632 1.987 0.1765 1.91582 0 1.7275 -1.87656 0 -0.512559 0 0 -19.4925 
8.633 1.987 0.1765 1.91395 0 1.72698 -1.87656 0 -0.522369 0 0 -19.4925 
8.634 1.987 0.1765 1.91207 0 1.72645 -1.87656 0 -0.532179 0 0 -19.4925 
8.635 1.987 0.1765 1.91019 0 1.72591 -1.87656 0 -0.541989 0 0 -19.4925 
8.636 1.987 0.1765 1.90832 0 1.72536 -1.87656 0 -0.551799 0 0 -19.4925 
8.637 1.987 0.1765 1.90644 0 1.72479 -1.87656 0 -0.561609 0 0 -19.4925 
8.638 1.987 0.1765 1.90456 0 1.72422 -1.87656 0 -0.571419 0 0 -19.4925 
8.639 1.987 0.1765 1.90269 0 1.72364 -1.87656 0 -0.581229 0 0 -19.4925 
8.64 1.987 0.1765 1.90081 0 1.72305 -1.87656 0 -0.591039 0 0 -19.4925 
8.641 1.987 0.1765 1.89893 0 1.72245 -1.87656 0 -0.600849 0 0 -19.4925 
8.642 1.987 0.1765 1.89706 0 1.72184 -1.87656 0 -0.610659 0 0 -19.4925 
8.643 1.987 0.1765 1.89518 0 1.72122 -1.87656 0 -0.620469 0 0 -19.4925 
8.644 1.987 0.1765 1.8933 0 1.72059 -1.87656 0 -0.630279 0 0 -19.4925 
8.645 1.987 0.1765 1.89143 0 1.71995 -1.87656 0 -0.640089 0 0 -19.4925 
8.646 1.987 0.1765 1.88955 0 1.7193 -1.87656 0 -0.649899 0 0 -19.4925 
8.647 1.987 0.1765 1.88767 0 1.71864 -1.87656 0 -0.659709 0 0 -19.4925 
8.648 1.987 0.1765 1.8858 0 1.71797 -1.87656 0 -0.669519 0 0 -19.4925 
8.649 1.987 0.1765 1.88392 0 1.71729 -1.87656 0 -0.679329 0 0 -19.4925 
8.65 1.987 0.1765 1.88204 0 1.7166 -1.87656 0 -0.689139 0 0 -19.4925 
8.651 1.987 0.1765 1.88017 0 1.7159 -1.87656 0 -0.698949 0 0 -19.4925 
8.652 1.987 0.1765 1.87829 0 1.71519 -1.87656 0 -0.708759 0 0 -19.4925 
8.653 1.987 0.1765 1.87642 0 1.71447 -1.87656 0 -0.718569 0 0 -19.4925 
8.654 1.987 0.1765 1.87454 0 1.71375 -1.87656 0 -0.728379 0 0 -19.4925 
8.655 1.987 0.1765 1.87266 0 1.71301 -1.87656 0 -0.738189 0 0 -19.4925 
8.656 1.987 0.1765 1.87079 0 1.71226 -1.87656 0 -0.747999 0 0 -19.4925 
8.657 1.987 0.1765 1.86891 0 1.7115 -1.87656 0 -0.757809 0 0 -19.4925 
8.658 1.987 0.1765 1.86703 0 1.71073 -1.87656 0 -0.767619 0 0 -19.4925 
8.659 1.987 0.1765 1.86516 0 1.70996 -1.87656 0 -0.777429 0 0 -19.4925 
8.66 1.987 0.1765 1.86328 0 1.70917 -1.87656 0 -0.787239 0 0 -19.4925 
8.661 1.987 0.1765 1.8614 0 1.70837 -1.87656 0 -0.797049 0 0 -19.4925 
8.662 1.987 0.1765 1.85953 0 1.70757 -1.87656 0 -0.806859 0 0 -19.4925 
8.663 1.987 0.1765 1.85765 0 1.70675 -1.87656 0 -0.816669 0 0 -19.4925 
8.664 1.987 0.1765 1.85577 0 1.70592 -1.87656 0 -0.826479 0 0 -19.4925 
8.665 1.987 0.1765 1.8539 0 1.70509 -1.87656 0 -0.836289 0 0 -19.4925 
8.666 1.987 0.1765 1.85202 0 1.70424 -1.87656 0 -0.846099 0 0 -19.4925 
8.667 1.987 0.1765 1.85014 0 1.70338 -1.87656 0 -0.855909 0 0 -19.4925 
8.668 1.987 0.1765 1.84827 0 1.70252 -1.87656 0 -0.865719 0 0 -19.4925 
8.669 1.987 0.1765 1.84639 0 1.70164 -1.87656 0 -0.875529 0 0 -19.4925 
8.67 1.987 0.1765 1.84451 0 1.70076 -1.87656 0 -0.885339 0 0 -19.4925 
8.671 1.987 0.1765 1.84264 0 1.69986 -1.87656 0 -0.895149 0 0 -19.4925 
8.672 1.987 0.1765 1.84076 0 1.69896 -1.87656 0 -0.904959 0 0 -19.4925 
8.673 1.987 0.1765 1.83888 0 1.69804 -1.87656 0 -0.914769 0 0 -19.4925 
8.674 1.987 0.1765 1.83701 0 1.69712 -1.87656 0 -0.924579 0 0 -19.4925 
8.675 1.987 0.1765 1.83513 0 1.69618 -1.87656 0 -0.934389 0 0 -19.4925 
8.676 1.987 0.1765 1.83325 0 1.69524 -1.87656 0 -0.944199 0 0 -19.4925 
8.677 1.987 0.1765 1.83138 0 1.69429 -1.87656 0 -0.954009 0 0 -19.4925 
8.678 1.987 0.1765 1.8295 0 1.69332 -1.87656 0 -0.963819 0 0 -19.4925 
8.679 1.987 0.1765 1.82762 0 1.69235 -1.87656 0 -0.973629 0 0 -19.4925 
8.68 1.987 0.1765 1.82575 0 1.69137 -1.87656 0 -0.983439 0 0 -19.4925 
8.681 1.987 0.1765 1.82387 0 1.69037 -1.87656 0 -0.993249 0 0 -19.4925 
8.682 1.987 0.1765 1.822 0 1.68937 -1.87656 0 -1.00306 0 0 -19.4925 
8.683 1.987 0.1765 1.82012 0 1.68836 -1.87656 0 -1.01287 0 0 -19.4925 
8.684 1.987 0.1765 1.81824 0 1.68733 -1.87656 0 -1.02268 0 0 -19.4925 
8.685 1.987 0.1765 1.81637 0 1.6863 -1.87656 0 -1.03249 0 0 -19.4925 
8.686 1.987 0.1765 1.81449 0 1.68526 -1.87656 0 -1.0423 0 0 -19.4925 
8.687 1.987 0.1765 1.81261 0 1.68421 -1.87656 0 -1.05211 0 0 -19.4925 
8.688 1.987 0.1765 1.81074 0 1.68314 -1.87656 0 -1.06192 0 0 -19.4925 
8.689 1.987 0.1765 1.80886 0 1.68207 -1.87656 0 -1.07173 0 0 -19.4925 
8.69 1.987 0.1765 1.80698 0 1.68099 -1.87656 0 -1.08154 0 0 -19.4925 
8.691 1.987 0.1765 1.80511 0 1.6799 -1.87656 0 -1.09135 0 0 -19.4925 
8.692 1.987 0.1765 1.80323 0 1.6788 -1.87656 0 -1.10116 0 0 -19.4925 
8.693 1.987 0.1765 1.80135 0 1.67769 -1.87656 0 -1.11097 0 0 -19.4925 
8.694 1.987 0.1765 1.79948 0 1.67657 -1.87656 0 -1.12078 0 0 -19.4925 
8.695 1.987 0.1765 1.7976 0 1.67544 -1.87656 0 -1.13059 0 0 -19.4925 
8.696 1.987 0.1765 1.79572 0 1.6743 -1.87656 0 -1.1404 0 0 -19.4925 
8.697 1.987 0.1765 1.79385 0 1.67315 -1.87656 0 -1.15021 0 0 -19.4925 
8.698 1.987 0.1765 1.79197 0 1.67199 -1.87656 0 -1.16002 0 0 -19.4925 
8.699 1.987 0.1765 1.79009 0 1.67082 -1.87656 0 -1.16983 0 0 -19.4925 
8.7 1.987 0.1765 1.78822 0 1.66964 -1.87656 0 -1.17964 0 0 -19.4925 
8.701 1.987 0.1765 1.78634 0 1.66845 -1.87656 0 -1.18945 0 0 -19.4925 
8.702 1.987 0.1765 1.78446 0 1.66725 -1.87656 0 -1.19926 0 0 -19.4925 
8.703 1.987 0.1765 1.78259 0 1.66604 -1.87656 0 -1.20907 0 0 -19.4925 
8.704 1.987 0.1765 1.78071 0 1.66482 -1.87656 0 -1.21888 0 0 -19.4925 
8.705 1.987 0.1765 1.77883 0 1.66359 -1.87656 0 -1.22869 0 0 -19.4925 
8.706 1.987 0.1765 1.77696 0 1.66235 -1.87656 0 -1.2385 0 0 -19.4925 
8.707 1.987 0.1765 1.77508 0 1.6611 -1.87656 0 -1.24831 0 0 -19.4925 
8.708 1.987 0.1765 1.7732 0 1.65985 -1.87656 0 -1.25812 0 0 -19.4925 
8.709 1.987 0.1765 1.77133 0 1.65858 -1.87656 0 -1.26793 0 0 -19.4925 
8.71 1.987 0.1765 1.76945 0 1.6573 -1.87656 0 -1.27774 0 0 -19.4925 
8.711 1.987 0.1765 1.76757 0 1.65601 -1.87656 0 -1.28755 0 0 -19.4925 
8.712 1.987 0.1765 1.7657 0 1.65472 -1.87656 0 -1.29736 0 0 -19.4925 
8.713 1.987 0.1765 1.76382 0 1.65341 -1.87656 0 -1.30717 0 0 -19.4925 
8.714 1.987 0.1765 1.76195 0 1.65209 -1.87656 0 -1.31698 0 0 -19.4925 
8.715 1.987 0.1765 1.76007 0 1.65076 -1.87656 0 -1.32679 0 0 -19.4925 
8.716 1.987 0.1765 1.75819 0 1.64943 -1.87656 0 -1.3366 0 0 -19.4925 
8.717 1.987 0.1765 1.75632 0 1.64808 -1.87656 0 -1.34641 0 0 -19.4925 
8.718 1.987 0.1765 1.75444 0 1.64673 -1.87656 0 -1.35622 0 0 -19.4925 
8.719 1.987 0.1765 1.75256 0 1.64536 -1.87656 0 -1.36603 0 0 -19.4925 
8.72 1.987 0.1765 1.75069 0 1.64398 -1.87656 0 -1.37584 0 0 -19.4925 
8.721 1.987 0.1765 1.74881 0 1.6426 -1.87656 0 -1.38565 0 0 -19.4925 
8.722 1.987 0.1765 1.74693 0 1.6412 -1.87656 0 -1.39546 0 0 -19.4925 
8.723 1.987 0.1765 1.74506 0 1.6398 -1.87656 0 -1.40527 0 0 -19.4925 
8.724 1.987 0.1765 1.74318 0 1.63838 -1.87656 0 -1.41508 0 0 -19.4925 
8.725 1.987 0.1765 1.7413 0 1.63696 -1.87656 0 -1.42489 0 0 -19.4925 
8.726 1.987 0.1765 1.73943 0 1.63552 -1.87656 0 -1.4347 0 0 -19.4925 
8.727 1.987 0.1765 1.73755 0 1.63408 -1.87656 0 -1.44451 0 0 -19.4925 
8.728 1.987 0.1765 1.73567 0 1.63262 -1.87656 0 -1.45432 0 0 -19.4925 
8.729 1.987 0.1765 1.7338 0 1.63116 -1.87656 0 -1.46413 0 0 -19.4925 
8.73 1.987 0.1765 1.73192 0 1.62969 -1.87656 0 -1.47394 0 0 -19.4925 
8.731 1.987 0.1765 1.73004 0 1.6282 -1.87656 0 -1.48375 0 0 -19.4925 
8.732 1.987 0.1765 1.72817 0 1.62671 -1.87656 0 -1.49356 0 0 -19.4925 
8.733 1.987 0.1765 1.72629 0 1.62521 -1.87656 0 -1.50337 0 0 -19.4925 
8.734 1.987 0.1765 1.72441 0 1.62369 -1.87656 0 -1.51318 0 0 -19.4925 
8.735 1.987 0.1765 1.72254 0 1.62217 -1.87656 0 -1.52299 0 0 -19.4925 
8.736 1.987 0.1765 1.72066 0 1.62064 -1.87656 0 -1.5328 0 0 -19.4925 
8.737 1.987 0.1765 1.71878 0 1.61909 -1.87656 0 -1.54261 0 0 -19.4925 
8.738 1.987 0.1765 1.71691 0 1.61754 -1.87656 0 -1.55242 0 0 -19.4925 
8.739 1.987 0.1765 1.71503 0 1.61598 -1.87656 0 -1.56223 0 0 -19.4925 
8.74 1.987 0.1765 1.71315 0 1.61441 -1.87656 0 -1.57204 0 0 -19.4925 
8.741 1.987 0.1765 1.71128 0 1.61282 -1.87656 0 -1.58185 0 0 -19.4925 
8.742 1.987 0.1765 1.7094 0 1.61123 -1.87656 0 -1.59166 0 0 -19.4925 
8.743 1.987 0.1765 1.70753 0 1.60963 -1.87656 0 -1.60147 0 0 -19.4925 
8.744 1.987 0.1765 1.70565 0 1.60802 -1.87656 0 -1.61128 0 0 -19.4925 
8.745 1.987 0.1765 1.70377 0 1.6064 -1.87656 0 -1.62109 0 0 -19.4925 
8.746 1.987 0.1765 1.7019 0 1.60477 -1.87656 0 -1.6309 0 0 -19.4925 
8.747 1.987 0.1765 1.70002 0 1.60313 -1.87656 0 -1.64071 0 0 -19.4925 
8.748 1.987 0.1765 1.69814 0 1.60148 -1.87656 0 -1.65052 0 0 -19.4925 
8.749 1.987 0.1765 1.69627 0 1.59982 -1.87656 0 -1.66033 0 0 -19.4925 
8.75 1.987 0.1765 1.69439 0 1.59815 -1.87656 0 -1.67014 0 0 -19.4925 
8.751 1.987 0.1765 1.69251 0 1.59647 -1.87656 0 -1.67995 0 0 -19.4925 
8.752 1.987 0.1765 1.69064 0 1.59478 -1.87656 0 -1.68976 0 0 -19.4925 
8.753 1.987 0.1765 1.68876 0 1.59308 -1.87656 0 -1.69957 0 0 -19.4925 
8.754 1.987 0.1765 1.68688 0 1.59137 -1.87656 0 -1.70938 0 0 -19.4925 
8.755 1.987 0.1765 1.68501 0 1.58965 -1.87656 0 -1.71919 0 0 -19.4925 
8.756 1.987 0.1765 1.68313 0 1.58792 -1.87656 0 -1.729 0 0 -19.4925 
8.757 1.987 0.1765 1.68125 0 1.58618 -1.87656 0 -1.73881 0 0 -19.4925 
8.758 1.987 0.1765 1.67938 0 1.58443 -1.87656 0 -1.74862 0 0 -19.4925 
8.759 1.987 0.1765 1.6775 0 1.58267 -1.87656 0 -1.75843 0 0 -19.4925 
8.76 1.987 0.1765 1.67562 0 1.58091 -1.87656 0 -1.76824 0 0 -19.4925 
8.761 1.987 0.1765 1.67375 0 1.57913 -1.87656 0 -1.77805 0 0 -19.4925 
8.762 1.987 0.1765 1.67187 0 1.57734 -1.87656 0 -1.78786 0 0 -19.4925 
8.763 1.987 0.1765 1.66999 0 1.57554 -1.87656 0 -1.79767 0 0 -19.4925 
8.764 1.987 0.1765 1.66812 0 1.57373 -1.87656 0 -1.80748 0 0 -19.4925 
8.765 1.987 0.1765 1.66624 0 1.57192 -1.87656 0 -1.81729 0 0 -19.4925 
8.766 1.987 0.1765 1.66436 0 1.57009 -1.87656 0 -1.8271 0 0 -19.4925 
8.767 1.987 0.1765 1.66249 0 1.56825 -1.87656 0 -1.83691 0 0 -19.4925 
8.768 1.987 0.1765 1.66061 0 1.56641 -1.87656 0 -1.84672 0 0 -19.4925 
8.769 1.987 0.1765 1.65873 0 1.56455 -1.87656 0 -1.85653 0 0 -19.4925 
8.77 1.987 0.1765 1.65686 0 1.56268 -1.87656 0 -1.86634 0 0 -19.4925 
8.771 1.987 0.1765 1.65498 0 1.56081 -1.87656 0 -1.87615 0 0 -19.4925 
8.772 1.987 0.1765 1.6531 0 1.55892 -1.87656 0 -1.88596 0 0 -19.4925 
8.773 1.987 0.1765 1.65123 0 1.55703 -1.87656 0 -1.89577 0 0 -19.4925 
8.774 1.987 0.1765 1.64935 0 1.55512 -1.87656 0 -1.90558 0 0 -19.4925 
8.775 1.987 0.1765 1.64748 0 1.55321 -1.87656 0 -1.91539 0 0 -19.4925 
8.776 1.987 0.1765 1.6456 0 1.55128 -1.87656 0 -1.9252 0 0 -19.4925 
8.777 1.987 0.1765 1.64372 0 1.54934 -1.87656 0 -1.93501 0 0 -19.4925 
8.778 1.987 0.1765 1.64185 0 1.5474 -1.87656 0 -1.94482 0 0 -19.4925 
8.779 1.987 0.1765 1.63997 0 1.54545 -1.87656 0 -1.95463 0 0 -19.4925 
8.78 1.987 0.1765 1.63809 0 1.54348 -1.87656 0 -1.96444 0 0 -19.4925 
8.781 1.987 0.1765 1.63622 0 1.54151 -1.87656 0 -1.97425 0 0 -19.4925 
8.782 1.987 0.1765 1.63434 0 1.53952 -1.87656 0 -1.98406 0 0 -19.4925 
8.783 1.987 0.1765 1.63246 0 1.53753 -1.87656 0 -1.99387 0 0 -19.4925 
8.784 1.987 0.1765 1.63059 0 1.53553 -1.87656 0 -2.00368 0 0 -19.4925 
8.785 1.987 0.1765 1.62871 0 1.53351 -1.87656 0 -2.01349 0 0 -19.4925 
8.786 1.987 0.1765 1.62683 0 1.53149 -1.87656 0 -2.0233 0 0 -19.4925 
8.787 1.987 0.1765 1.62496 0 1.52946 -1.87656 0 -2.03311 0 0 -19.4925 
8.788 1.987 0.1765 1.62308 0 1.52741 -1.87656 0 -2.04292 0 0 -19.4925 
8.789 1.987 0.1765 1.6212 0 1.52536 -1.87656 0 -2.05273 0 0 -19.4925 
8.79 1.987 0.1765 1.61933 0 1.5233 -1.87656 0 -2.06254 0 0 -19.4925 
8.791 1.987 0.1765 1.61745 0 1.52122 -1.87656 0 -2.07235 0 0 -19.4925 
8.792 1.987 0.1765 1.61557 0 1.51914 -1.87656 0 -2.08216 0 0 -19.4925 
8.793 1.987 0.1765 1.6137 0 1.51705 -1.87656 0 -2.09197 0 0 -19.4925 
8.794 1.987 0.1765 1.61182 0 1.51495 -1.87656 0 -2.10178 0 0 -19.4925 
8.795 1.987 0.1765 1.60994 0 1.51284 -1.87656 0 -2.11159 0 0 -19.4925 
8.796 1.987 0.1765 1.60807 0 1.51072 -1.87656 0 -2.1214 0 0 -19.4925 
8.797 1.987 0.1765 1.60619 0 1.50858 -1.87656 0 -2.13121 0 0 -19.4925 
8.798 1.987 0.1765 1.60431 0 1.50644 -1.87656 0 -2.14102 0 0 -19.4925 
8.799 1.987 0.1765 1.60244 0 1.50429 -1.87656 0 -2.15083 0 0 -19.4925 
8.8 1.987 0.1765 1.60056 0 1.50213 -1.87656 0 -2.16064 0 0 -19.4925 
8.801 1.987 0.1765 1.59868 0 1.49996 -1.87656 0 -2.17045 0 0 -19.4925 
8.802 1.987 0.1765 1.59681 0 1.49778 -1.87656 0 -2.18026 0 0 -19.4925 
8.803 1.987 0.1765 1.59493 0 1.49559 -1.87656 0 -2.19007 0 0 -19.4925 
8.804 1.987 0.1765 1.59305 0 1.49339 -1.87656 0 -2.19988 0 0 -19.4925 
8.805 1.987 0.1765 1.59118 0 1.49118 -1.87656 0 -2.20969 0 0 -19.4925 
8.806 1.987 0.1765 1.5893 0 1.48896 -1.87656 0 -2.2195 0 0 -19.4925 
8.807 1.987 0.1765 1.58743 0 1.48673 -1.87656 0 -2.22931 0 0 -19.4925 
8.808 1.987 0.1765 1.58555 0 1.48449 -1.87656 0 -2.23912 0 0 -19.4925 
8.809 1.987 0.1765 1.58367 0 1.48224 -1.87656 0 -2.24893 0 0 -19.4925 
8.81 1.987 0.1765 1.5818 0 1.47999 -1.87656 0 -2.25874 0 0 -19.4925 
8.811 1.987 0.1765 1.57992 0 1.47772 -1.87656 0 -2.26855 0 0 -19.4925 
8.812 1.987 0.1765 1.57804 0 1.47544 -1.87656 0 -2.27836 0 0 -19.4925 
8.813 1.987 0.1765 1.57617 0 1.47315 -1.87656 0 -2.28817 0 0 -19.4925 
8.814 1.987 0.1765 1.57429 0 1.47085 -1.87656 0 -2.29798 0 0 -19.4925 
8.815 1.987 0.1765 1.57241 0 1.46855 -1.87656 0 -2.30779 0 0 -19.4925 
8.816 1.987 0.1765 1.57054 0 1.46623 -1.87656 0 -2.3176 0 0 -19.4925 
8.817 1.987 0.1765 1.56866 0 1.4639 -1.87656 0 -2.32741 0 0 -19.4925 
8.818 1.987 0.1765 1.56678 0 1.46156 -1.87656 0 -2.33722 0 0 -19.4925 
8.819 1.987 0.1765 1.56491 0 1.45922 -1.87656 0 -2.34703 0 0 -19.4925 
8.82 1.987 0.1765 1.56303 0 1.45686 -1.87656 0 -2.35684 0 0 -19.4925 
8.821 1.987 0.1765 1.56115 0 1.45449 -1.87656 0 -2.36665 0 0 -19.4925 
8.822 1.987 0.1765 1.55928 0 1.45212 -1.87656 0 -2.37646 0 0 -19.4925 
8.823 1.987 0.1765 1.5574 0 1.44973 -1.87656 0 -2.38627 0 0 -19.4925 
8.824 1.987 0.1765 1.55552 0 1.44733 -1.87656 0 -2.39608 0 0 -19.4925 
8.825 1.987 0.1765 1.55365 0 1.44493 -1.87656 0 -2.40589 0 0 -19.4925 
8.826 1.987 0.1765 1.55177 0 1.44251 -1.87656 0 -2.4157 0 0 -19.4925 
8.827 1.987 0.1765 1.54989 0 1.44009 -1.87656 0 -2.42551 0 0 -19.4925 
8.828 1.987 0.1765 1.54802 0 1.43765 -1.87656 0 -2.43532 0 0 -19.4925 
8.829 1.987 0.1765 1.54614 0 1.43521 -1.87656 0 -2.44513 0 0 -19.4925 
8.83 1.987 0.1765 1.54426 0 1.43275 -1.87656 0 -2.45494 0 0 -19.4925 
8.831 1.987 0.1765 1.54239 0 1.43029 -1.87656 0 -2.46475 0 0 -19.4925 
8.832 1.987 0.1765 1.54051 0 1.42781 -1.87656 0 -2.47456 0 0 -19.4925 
8.833 1.987 0.1765 1.53863 0 1.42533 -1.87656 0 -2.48437 0 0 -19.4925 
8.834 1.987 0.1765 1.53676 0 1.42283 -1.87656 0 -2.49418 0 0 -19.4925 
8.835 1.987 0.1765 1.53488 0 1.42033 -1.87656 0 -2.50399 0 0 -19.4925 
8.836 1.987 0.1765 1.53301 0 1.41782 -1.87656 0 -2.5138 0 0 -19.4925 
8.837 1.987 0.1765 1.53113 0 1.41529 -1.87656 0 -2.52361 0 0 -19.4925 
8.838 1.987 0.1765 1.52925 0 1.41276 -1.87656 0 -2.53342 0 0 -19.4925 
8.839 1.987 0.1765 1.52738 0 1.41022 -1.87656 0 -2.54323 0 0 -19.4925 
8.84 1.987 0.1765 1.5255 0 1.40766 -1.87656 0 -2.55304 0 0 -19.4925 
8.841 1.987 0.1765 1.52362 0 1.4051 -1.87656 0 -2.56285 0 0 -19.4925 
8.842 1.987 0.1765 1.52175 0 1.40253 -1.87656 0 -2.57266 0 0 -19.4925 
8.843 1.987 0.1765 1.51987 0 1.39994 -1.87656 0 -2.58247 0 0 -19.4925 
8.844 1.987 0.1765 1.51799 0 1.39735 -1.87656 0 -2.59228 0 0 -19.4925 
8.845 1.987 0.1765 1.51612 0 1.39475 -1.87656 0 -2.60209 0 0 -19.4925 
8.846 1.987 0.1765 1.51424 0 1.39214 -1.87656 0 -2.6119 0 0 -19.4925 
8.847 1.987 0.1765 1.51236 0 1.38952 -1.87656 0 -2.62171 0 0 -19.4925 
8.848 1.987 0.1765 1.51049 0 1.38688 -1.87656 0 -2.63152 0 0 -19.4925 
8.849 1.987 0.1765 1.50861 0 1.38424 -1.87656 0 -2.64133 0 0 -19.4925 
8.85 1.987 0.1765 1.50673 0 1.38159 -1.87656 0 -2.65114 0 0 -19.4925 
8.851 1.987 0.1765 1.50486 0 1.37893 -1.87656 0 -2.66095 0 0 -19.4925 
8.852 1.987 0.1765 1.50298 0 1.37626 -1.87656 0 -2.67076 0 0 -19.4925 
8.853 1.987 0.1765 1.5011 0 1.37358 -1.87656 0 -2.68057 0 0 -19.4925 
8.854 1.987 0.1765 1.49923 0 1.37089 -1.87656 0 -2.69038 0 0 -19.4925 
8.855 1.987 0.1765 1.49735 0 1.36819 -1.87656 0 -2.70019 0 0 -19.4925 
8.856 1.987 0.1765 1.49547 0 1.36548 -1.87656 0 -2.71 0 0 -19.4925 
8.857 1.987 0.1765 1.4936 0 1.36276 -1.87656 0 -2.71981 0 0 -19.4925 
8.858 1.987 0.1765 1.49172 0 1.36003 -1.87656 0 -2.72962 0 0 -19.4925 
8.859 1.987 0.1765 1.48984 0 1.35729 -1.87656 0 -2.73943 0 0 -19.4925 
8.86 1.987 0.1765 1.48797 0 1.35454 -1.87656 0 -2.74924 0 0 -19.4925 
8.861 1.987 0.1765 1.48609 0 1.35178 -1.87656 0 -2.75905 0 0 -19.4925 
8.862 1.987 0.1765 1.48421 0 1.34901 -1.87656 0 -2.76886 0 0 -19.4925 
8.863 1.987 0.1765 1.48234 0 1.34623 -1.87656 0 -2.77867 0 0 -19.4925 
8.864 1.987 0.1765 1.48046 0 1.34345 -1.87656 0 -2.78848 0 0 -19.4925 
8.865 1.987 0.1765 1.47858 0 1.34065 -1.87656 0 -2.79829 0 0 -19.4925 
8.866 1.987 0.1765 1.47671 0 1.33784 -1.87656 0 -2.8081 0 0 -19.4925 
8.867 1.987 0.1765 1.47483 0 1.33502 -1.87656 0 -2.81791 0 0 -19.4925 
8.868 1.987 0.1765 1.47296 0 1.33219 -1.87656 0 -2.82772 0 0 -19.4925 
8.869 1.987 0.1765 1.47108 0 1.32936 -1.87656 0 -2.83753 0 0 -19.4925 
8.87 1.987 0.1765 1.4692 0 1.32651 -1.87656 0 -2.84734 0 0 -19.4925 
8.871 1.987 0.1765 1.46733 0 1.32365 -1.87656 0 -2.85715 0 0 -19.4925 
8.872 1.987 0.1765 1.46545 0 1.32079 -1.87656 0 -2.86696 0 0 -19.4925 
8.873 1.987 0.1765 1.46357 0 1.31791 -1.87656 0 -2.87677 0 0 -19.4925 
8.874 1.987 0.1765 1.4617 0 1.31502 -1.87656 0 -2.88658 0 0 -19.4925 
8.875 1.987 0.1765 1.45982 0 1.31213 -1.87656 0 -2.89639 0 0 -19.4925 
8.876 1.987 0.1765 1.45794 0 1.30922 -1.87656 0 -2.9062 0 0 -19.4925 
8.877 1.987 0.1765 1.45607 0 1.3063 -1.87656 0 -2.91601 0 0 -19.4925 
8.878 1.987 0.1765 1.45419 0 1.30338 -1.87656 0 -2.92582 0 0 -19.4925 
8.879 1.987 0.1765 1.45231 0 1.30044 -1.87656 0 -2.93563 0 0 -19.4925 
8.88 1.987 0.1765 1.45044 0 1.2975 -1.87656 0 -2.94544 0 0 -19.4925 
8.881 1.987 0.1765 1.44856 0 1.29454 -1.87656 0 -2.95525 0 0 -19.4925 
8.882 1.987 0.1765 1.44668 0 1.29158 -1.87656 0 -2.96506 0 0 -19.4925 
8.883 1.987 0.1765 1.44481 0 1.2886 -1.87656 0 -2.97487 0 0 -19.4925 
8.884 1.987 0.1765 1.44293 0 1.28562 -1.87656 0 -2.98468 0 0 -19.4925 
8.885 1.987 0.1765 1.44105 0 1.28262 -1.87656 0 -2.99449 0 0 -19.4925 
8.886 1.987 0.1765 1.43918 0 1.27962 -1.87656 0 -3.0043 0 0 -19.4925 
8.887 1.987 0.1765 1.4373 0 1.2766 -1.87656 0 -3.01411 0 0 -19.4925 
8.888 1.987 0.1765 1.43542 0 1.27358 -1.87656 0 -3.02392 0 0 -19.4925 
8.889 1.987 0.1765 1.43355 0 1.27055 -1.87656 0 -3.03373 0 0 -19.4925 
8.89 1.987 0.1765 1.43167 0 1.2675 -1.87656 0 -3.04354 0 0 -19.4925 
8.891 1.987 0.1765 1.42979 0 1.26445 -1.87656 0 -3.05335 0 0 -19.4925 
8.892 1.987 0.1765 1.42792 0 1.26139 -1.87656 0 -3.06316 0 0 -19.4925 
8.893 1.987 0.1765 1.42604 0 1.25831 -1.87656 0 -3.07297 0 0 -19.4925 
8.894 1.987 0.1765 1.42416 0 1.25523 -1.87656 0 -3.08278 0 0 -19.4925 
8.895 1.987 0.1765 1.42229 0 1.25214 -1.87656 0 -3.09259 0 0 -19.4925 
8.896 1.987 0.1765 1.42041 0 1.24904 -1.87656 0 -3.1024 0 0 -19.4925 
8.897 1.987 0.1765 1.41854 0 1.24592 -1.87656 0 -3.11221 0 0 -19.4925 
8.898 1.987 0.1765 1.41666 0 1.2428 -1.87656 0 -3.12202 0 0 -19.4925 
8.899 1.987 0.1765 1.41478 0 1.23967 -1.87656 0 -3.13183 0 0 -19.4925 
8.9 1.987 0.1765 1.41291 0 1.23653 -1.87656 0 -3.14164 0 0 -19.4925 
8.901 1.987 0.1765 1.41103 0 1.23338 -1.87656 0 -3.15145 0 0 -19.4925 
8.902 1.987 0.1765 1.40915 0 1.23021 -1.87656 0 -3.16126 0 0 -19.4925 
8.903 1.987 0.1765 1.40728 0 1.22704 -1.87656 0 -3.17107 0 0 -19.4925 
8.904 1.987 0.1765 1.4054 0 1.22386 -1.87656 0 -3.18088 0 0 -19.4925 
8.905 1.987 0.1765 1.40352 0 1.22067 -1.87656 0 -3.19069 0 0 -19.4925 
8.906 1.987 0.1765 1.40165 0 1.21747 -1.87656 0 -3.2005 0 0 -19.4925 
8.907 1.987 0.1765 1.39977 0 1.21426 -1.87656 0 -3.21031 0 0 -19.4925 
8.908 1.987 0.1765 1.39789 0 1.21104 -1.87656 0 -3.22012 0 0 -19.4925 
8.909 1.987 0.1765 1.39602 0 1.20781 -1.87656 0 -3.22993 0 0 -19.4925 
8.91 1.987 0.1765 1.39414 0 1.20457 -1.87656 0 -3.23974 0 0 -19.4925 
8.911 1.987 0.1765 1.39226 0 1.20132 -1.87656 0 -3.24955 0 0 -19.4925 
8.912 1.987 0.1765 1.39039 0 1.19806 -1.87656 0 -3.25936 0 0 -19.4925 
8.913 1.987 0.1765 1.38851 0 1.19479 -1.87656 0 -3.26917 0 0 -19.4925 
8.914 1.987 0.1765 1.38663 0 1.19151 -1.87656 0 -3.27898 0 0 -19.4925 
8.915 1.987 0.1765 1.38476 0 1.18823 -1.87656 0 -3.28879 0 0 -19.4925 
8.916 1.987 0.1765 1.38288 0 1.18493 -1.87656 0 -3.2986 0 0 -19.4925 
8.917 1.987 0.1765 1.381 0 1.18162 -1.87656 0 -3.30841 0 0 -19.4925 
8.918 1.987 0.1765 1.37913 0 1.1783 -1.87656 0 -3.31822 0 0 -19.4925 
8.919 1.987 0.1765 1.37725 0 1.17497 -1.87656 0 -3.32803 0 0 -19.4925 
8.92 1.987 0.1765 1.37537 0 1.17163 -1.87656 0 -3.33784 0 0 -19.4925 
8.921 1.987 0.1765 1.3735 0 1.16829 -1.87656 0 -3.34765 0 0 -19.4925 
8.922 1.987 0.1765 1.37162 0 1.16493 -1.87656 0 -3.35746 0 0 -19.4925 
8.923 1.987 0.1765 1.36974 0 1.16156 -1.87656 0 -3.36727 0 0 -19.4925 
8.924 1.987 0.1765 1.36787 0 1.15819 -1.87656 0 -3.37708 0 0 -19.4925 
8.925 1.987 0.1765 1.36599 0 1.1548 -1.87656 0 -3.38689 0 0 -19.4925 
8.926 1.987 0.1765 1.36411 0 1.1514 -1.87656 0 -3.3967 0 0 -19.4925 
8.927 1.987 0.1765 1.36224 0 1.148 -1.87656 0 -3.40651 0 0 -19.4925 
8.928 1.987 0.1765 1.36036 0 1.14458 -1.87656 0 -3.41632 0 0 -19.4925 
8.929 1.987 0.1765 1.35849 0 1.14115 -1.87656 0 -3.42613 0 0 -19.4925 
8.93 1.987 0.1765 1.35661 0 1.13772 -1.87656 0 -3.43594 0 0 -19.4925 
8.931 1.987 0.1765 1.35473 0 1.13427 -1.87656 0 -3.44575 0 0 -19.4925 
8.932 1.987 0.1765 1.35286 0 1.13082 -1.87656 0 -3.45556 0 0 -19.4925 
8.933 1.987 0.1765 1.35098 0 1.12735 -1.87656 0 -3.46537 0 0 -19.4925 
8.934 1.987 0.1765 1.3491 0 1.12387 -1.87656 0 -3.47518 0 0 -19.4925 
8.935 1.987 0.1765 1.34723 0 1.12039 -1.87656 0 -3.48499 0 0 -19.4925 
8.936 1.987 0.1765 1.34535 0 1.1169 -1.87656 0 -3.4948 0 0 -19.4925 
8.937 1.987 0.1765 1.34347 0 1.11339 -1.87656 0 -3.50461 0 0 -19.4925 
8.938 1.987 0.1765 1.3416 0 1.10988 -1.87656 0 -3.51442 0 0 -19.4925 
8.939 1.987 0.1765 1.33972 0 1.10635 -1.87656 0 -3.52423 0 0 -19.4925 
8.94 1.987 0.1765 1.33784 0 1.10282 -1.87656 0 -3.53404 0 0 -19.4925 
8.941 1.987 0.1765 1.33597 0 1.09927 -1.87656 0 -3.54385 0 0 -19.4925 
8.942 1.987 0.1765 1.33409 0 1.09572 -1.87656 0 -3.55366 0 0 -19.4925 
8.943 1.987 0.1765 1.33221 0 1.09216 -1.87656 0 -3.56347 0 0 -19.4925 
8.944 1.987 0.1765 1.33034 0 1.08858 -1.87656 0 -3.57328 0 0 -19.4925 
8.945 1.987 0.1765 1.32846 0 1.085 -1.87656 0 -3.58309 0 0 -19.4925 
8.946 1.987 0.1765 1.32658 0 1.08141 -1.87656 0 -3.5929 0 0 -19.4925 
8.947 1.987 0.1765 1.32471 0 1.0778 -1.87656 0 -3.60271 0 0 -19.4925 
8.948 1.987 0.1765 1.32283 0 1.07419 -1.87656 0 -3.61252 0 0 -19.4925 
8.949 1.987 0.1765 1.32095 0 1.07057 -1.87656 0 -3.62233 0 0 -19.4925 
8.95 1.987 0.1765 1.31908 0 1.06694 -1.87656 0 -3.63214 0 0 -19.4925 
8.951 1.987 0.1765 1.3172 0 1.0633 -1.87656 0 -3.64195 0 0 -19.4925 
8.952 1.987 0.1765 1.31532 0 1.05964 -1.87656 0 -3.65176 0 0 -19.4925 
8.953 1.987 0.1765 1.31345 0 1.05598 -1.87656 0 -3.66157 0 0 -19.4925 
8.954 1.987 0.1765 1.31157 0 1.05231 -1.87656 0 -3.67138 0 0 -19.4925 
8.955 1.987 0.1765 1.30969 0 1.04863 -1.87656 0 -3.68119 0 0 -19.4925 
8.956 1.987 0.1765 1.30782 0 1.04494 -1.87656 0 -3.691 0 0 -19.4925 
8.957 1.987 0.1765 1.30594 0 1.04124 -1.87656 0 -3.70081 0 0 -19.4925 
8.958 1.987 0.1765 1.30407 0 1.03753 -1.87656 0 -3.71062 0 0 -19.4925 
8.959 1.987 0.1765 1.30219 0 1.03381 -1.87656 0 -3.72043 0 0 -19.4925 
8.96 1.987 0.1765 1.30031 0 1.03008 -1.87656 0 -3.73024 0 0 -19.4925 
8.961 1.987 0.1765 1.29844 0 1.02634 -1.87656 0 -3.74005 0 0 -19.4925 
8.962 1.987 0.1765 1.29656 0 1.02259 -1.87656 0 -3.74986 0 0 -19.4925 
8.963 1.987 0.1765 1.29468 0 1.01883 -1.87656 0 -3.75967 0 0 -19.4925 
8.964 1.987 0.1765 1.29281 0 1.01506 -1.87656 0 -3.76948 0 0 -19.4925 
8.965 1.987 0.1765 1.29093 0 1.01128 -1.87656 0 -3.77929 0 0 -19.4925 
8.966 1.987 0.1765 1.28905 0 1.00749 -1.87656 0 -3.7891 0 0 -19.4925 
8.967 1.987 0.1765 1.28718 0 1.00369 -1.87656 0 -3.79891 0 0 -19.4925 
8.968 1.987 0.1765 1.2853 0 0.999882 -1.87656 0 -3.80872 0 0 -19.4925 
8.969 1.987 0.1765 1.28342 0 0.996063 -1.87656 0 -3.81853 0 0 -19.4925 
8.97 1.987 0.1765 1.28155 0 0.992235 -1.87656 0 -3.82834 0 0 -19.4925 
8.971 1.987 0.1765 1.27967 0 0.988397 -1.87656 0 -3.83815 0 0 -19.4925 
8.972 1.987 0.1765 1.27779 0 0.984549 -1.87656 0 -3.84796 0 0 -19.4925 
8.973 1.987 0.1765 1.27592 0 0.980691 -1.87656 0 -3.85777 0 0 -19.4925 
8.974 1.987 0.1765 1.27404 0 0.976824 -1.87656 0 -3.86758 0 0 -19.4925 
8.975 1.987 0.1765 1.27216 0 0.972946 -1.87656 0 -3.87739 0 0 -19.4925 
8.976 1.987 0.1765 1.27029 0 0.969059 -1.87656 0 -3.8872 0 0 -19.4925 
8.977 1.987 0.1765 1.26841 0 0.965162 -1.87656 0 -3.89701 0 0 -19.4925 
8.978 1.987 0.1765 1.26653 0 0.961255 -1.87656 0 -3.90682 0 0 -19.4925 
8.979 1.987 0.1765 1.26466 0 0.957339 -1.87656 0 -3.91663 0 0 -19.4925 
8.98 1.987 0.1765 1.26278 0 0.953412 -1.87656 0 -3.92644 0 0 -19.4925 
8.981 1.987 0.1765 1.2609 0 0.949476 -1.87656 0 -3.93625 0 0 -19.4925 
8.982 1.987 0.1765 1.25903 0 0.94553 -1.87656 0 -3.94606 0 0 -19.4925 
8.983 1.987 0.1765 1.25715 0 0.941574 -1.87656 0 -3.95587 0 0 -19.4925 
8.984 1.987 0.1765 1.25527 0 0.937608 -1.87656 0 -3.96568 0 0 -19.4925 
8.985 1.987 0.1765 1.2534 0 0.933633 -1.87656 0 -3.97549 0 0 -19.4925 
8.986 1.987 0.1765 1.25152 0 0.929647 -1.87656 0 -3.9853 0 0 -19.4925 
8.987 1.987 0.1765 1.24964 0 0.925652 -1.87656 0 -3.99511 0 0 -19.4925 
8.988 1.987 0.1765 1.24777 0 0.921647 -1.87656 0 -4.00492 0 0 -19.4925 
8.989 1.987 0.1765 1.24589 0 0.917633 -1.87656 0 -4.01473 0 0 -19.4925 
8.99 1.987 0.1765 1.24402 0 0.913608 -1.87656 0 -4.02454 0 0 -19.4925 
8.991 1.987 0.1765 1.24214 0 0.909574 -1.87656 0 -4.03435 0 0 -19.4925 
8.992 1.987 0.1765 1.24026 0 0.90553 -1.87656 0 -4.04416 0 0 -19.4925 
8.993 1.987 0.1765 1.23839 0 0.901476 -1.87656 0 -4.05397 0 0 -19.4925 
8.994 1.987 0.1765 1.23651 0 0.897412 -1.87656 0 -4.06378 0 0 -19.4925 
8.995 1.987 0.1765 1.23463 0 0.893338 -1.87656 0 -4.07359 0 0 -19.4925 
8.996 1.987 0.1765 1.23276 0 0.889255 -1.87656 0 -4.0834 0 0 -19.4925 
8.997 1.987 0.1765 1.23088 0 0.885162 -1.87656 0 -4.09321 0 0 -19.4925 
8.998 1.987 0.1765 1.229 0 0.881059 -1.87656 0 -4.10302 0 0 -19.4925 
8.999 1.987 0.1765 1.22713 0 0.876946 -1.87656 0 -4.11283 0 0 -19.4925 
9 1.987 0.1765 1.22525 0 0.872823 -1.87656 0 -4.12264 0 0 -19.4925 
9.001 1.987 0.1765 1.22337 0 0.868691 -1.87656 0 -4.13245 0 0 -19.4925 
9.002 1.987 0.1765 1.2215 0 0.864549 -1.87656 0 -4.14226 0 0 -19.4925 
9.003 1.987 0.1765 1.21962 0 0.860396 -1.87656 0 -4.15207 0 0 -19.4925 
9.004 1.987 0.1765 1.21774 0 0.856235 -1.87656 0 -4.16188 0 0 -19.4925 
9.005 1.987 0.1765 1.21587 0 0.852063 -1.87656 0 -4.17169 0 0 -19.4925 
9.006 1.987 0.1765 1.21399 0 0.847881 -1.87656 0 -4.1815 0 0 -19.4925 
9.007 1.987 0.1765 1.21211 0 0.84369 -1.87656 0 -4.19131 0 0 -19.4925 
9.008 1.987 0.1765 1.21024 0 0.839489 -1.87656 0 -4.20112 0 0 -19.4925 
9.009 1.987 0.1765 1.20836 0 0.835278 -1.87656 0 -4.21093 0 0 -19.4925 
9.01 1.987 0.1765 1.20648 0 0.831057 -1.87656 0 -4.22074 0 0 -19.4925 
9.011 1.987 0.1765 1.20461 0 0.826827 -1.87656 0 -4.23055 0 0 -19.4925 
9.012 1.987 0.1765 1.20273 0 0.822586 -1.87656 0 -4.24036 0 0 -19.4925 
9.013 1.987 0.1765 1.20085 0 0.818336 -1.87656 0 -4.25017 0 0 -19.4925 
9.014 1.987 0.1765 1.19898 0 0.814076 -1.87656 0 -4.25998 0 0 -19.4925 
9.015 1.987 0.1765 1.1971 0 0.809806 -1.87656 0 -4.26979 0 0 -19.4925 
9.016 1.987 0.1765 1.19522 0 0.805527 -1.87656 0 -4.2796 0 0 -19.4925 
9.017 1.987 0.1765 1.19335 0 0.801237 -1.87656 0 -4.28941 0 0 -19.4925 
9.018 1.987 0.1765 1.19147 0 0.796938 -1.87656 0 -4.29922 0 0 -19.4925 
9.019 1.987 0.1765 1.1896 0 0.792629 -1.87656 0 -4.30903 0 0 -19.4925 
9.02 1.987 0.1765 1.18772 0 0.78831 -1.87656 0 -4.31884 0 0 -19.4925 
9.021 1.987 0.1765 1.18584 0 0.783982 -1.87656 0 -4.32865 0 0 -19.4925 
9.022 1.987 0.1765 1.18397 0 0.779643 -1.87656 0 -4.33846 0 0 -19.4925 
9.023 1.987 0.1765 1.18209 0 0.775295 -1.87656 0 -4.34827 0 0 -19.4925 
9.024 1.987 0.1765 1.18021 0 0.770937 -1.87656 0 -4.35808 0 0 -19.4925 
9.025 1.987 0.1765 1.17834 0 0.766569 -1.87656 0 -4.36789 0 0 -19.4925 
9.026 1.987 0.1765 1.17646 0 0.762191 -1.87656 0 -4.3777 0 0 -19.4925 
9.027 1.987 0.1765 1.17458 0 0.757804 -1.87656 0 -4.38751 0 0 -19.4925 
9.028 1.987 0.1765 1.17271 0 0.753406 -1.87656 0 -4.39732 0 0 -19.4925 
9.029 1.987 0.1765 1.17083 0 0.748999 -1.87656 0 -4.40713 0 0 -19.4925 
9.03 1.987 0.1765 1.16895 0 0.744582 -1.87656 0 -4.41694 0 0 -19.4925 
9.031 1.987 0.1765 1.16708 0 0.740156 -1.87656 0 -4.42675 0 0 -19.4925 
9.032 1.987 0.1765 1.1652 0 0.735719 -1.87656 0 -4.43656 0 0 -19.4925 
9.033 1.987 0.1765 1.16332 0 0.731273 -1.87656 0 -4.44637 0 0 -19.4925 
9.034 1.987 0.1765 1.16145 0 0.726817 -1.87656 0 -4.45618 0 0 -19.4925 
9.035 1.987 0.1765 1.15957 0 0.722351 -1.87656 0 -4.46599 0 0 -19.4925 
9.036 1.987 0.1765 1.15769 0 0.717875 -1.87656 0 -4.4758 0 0 -19.4925 
9.037 1.987 0.1765 1.15582 0 0.713389 -1.87656 0 -4.48561 0 0 -19.4925 
9.038 1.987 0.1765 1.15394 0 0.708894 -1.87656 0 -4.49542 0 0 -19.4925 
9.039 1.987 0.1765 1.15206 0 0.704388 -1.87656 0 -4.50523 0 0 -19.4925 
9.04 1.987 0.1765 1.15019 0 0.699873 -1.87656 0 -4.51504 0 0 -19.4925 
9.041 1.987 0.1765 1.14831 0 0.695349 -1.87656 0 -4.52485 0 0 -19.4925 
9.042 1.987 0.1765 1.14643 0 0.690814 -1.87656 0 -4.53466 0 0 -19.4925 
9.043 1.987 0.1765 1.14456 0 0.686269 -1.87656 0 -4.54447 0 0 -19.4925 
9.044 1.987 0.1765 1.14268 0 0.681715 -1.87656 0 -4.55428 0 0 -19.4925 
9.045 1.987 0.1765 1.1408 0 0.677151 -1.87656 0 -4.56409 0 0 -19.4925 
9.046 1.987 0.1765 1.13893 0 0.672577 -1.87656 0 -4.5739 0 0 -19.4925 
9.047 1.987 0.1765 1.13705 0 0.667993 -1.87656 0 -4.58371 0 0 -19.4925 
9.048 1.987 0.1765 1.13517 0 0.6634 -1.87656 0 -4.59352 0 0 -19.4925 
9.049 1.987 0.1765 1.1333 0 0.658797 -1.87656 0 -4.60333 0 0 -19.4925 
9.05 1.987 0.1765 1.13142 0 0.654183 -1.87656 0 -4.61314 0 0 -19.4925 
9.051 1.987 0.1765 1.12955 0 0.649561 -1.87656 0 -4.62295 0 0 -19.4925 
9.052 1.987 0.1765 1.12767 0 0.644928 -1.87656 0 -4.63276 0 0 -19.4925 
9.053 1.987 0.1765 1.12579 0 0.640285 -1.87656 0 -4.64257 0 0 -19.4925 
9.054 1.987 0.1765 1.12392 0 0.635633 -1.87656 0 -4.65238 0 0 -19.4925 
9.055 1.987 0.1765 1.12204 0 0.630971 -1.87656 0 -4.66219 0 0 -19.4925 
9.056 1.987 0.1765 1.12016 0 0.626299 -1.87656 0 -4.672 0 0 -19.4925 
9.057 1.987 0.1765 1.11829 0 0.621617 -1.87656 0 -4.68181 0 0 -19.4925 
9.058 1.987 0.1765 1.11641 0 0.616925 -1.87656 0 -4.69162 0 0 -19.4925 
9.059 1.987 0.1765 1.11453 0 0.612224 -1.87656 0 -4.70143 0 0 -19.4925 
9.06 1.987 0.1765 1.11266 0 0.607513 -1.87656 0 -4.71124 0 0 -19.4925 
9.061 1.987 0.1765 1.11078 0 0.602792 -1.87656 0 -4.72105 0 0 -19.4925 
9.062 1.987 0.1765 1.1089 0 0.598061 -1.87656 0 -4.73086 0 0 -19.4925 
9.063 1.987 0.1765 1.10703 0 0.59332 -1.87656 0 -4.74067 0 0 -19.4925 
9.064 1.987 0.1765 1.10515 0 0.588569 -1.87656 0 -4.75048 0 0 -19.4925 
9.065 1.987 0.1765 1.10327 0 0.583809 -1.87656 0 -4.76029 0 0 -19.4925 
9.066 1.987 0.1765 1.1014 0 0.579039 -1.87656 0 -4.7701 0 0 -19.4925 
9.067 1.987 0.1765 1.09952 0 0.574259 -1.87656 0 -4.77991 0 0 -19.4925 
9.068 1.987 0.1765 1.09764 0 0.569469 -1.87656 0 -4.78972 0 0 -19.4925 
9.069 1.987 0.1765 1.09577 0 0.56467 -1.87656 0 -4.79953 0 0 -19.4925 
9.07 1.987 0.1765 1.09389 0 0.559861 -1.87656 0 -4.80934 0 0 -19.4925 
9.071 1.987 0.1765 1.09201 0 0.555041 -1.87656 0 -4.81915 0 0 -19.4925 
9.072 1.987 0.1765 1.09014 0 0.550213 -1.87656 0 -4.82896 0 0 -19.4925 
9.073 1.987 0.1765 1.08826 0 0.545374 -1.87656 0 -4.83877 0 0 -19.4925 
9.074 1.987 0.1765 1.08638 0 0.540525 -1.87656 0 -4.84858 0 0 -19.4925 
9.075 1.987 0.1765 1.08451 0 0.535667 -1.87656 0 -4.85839 0 0 -19.4925 
9.076 1.987 0.1765 1.08263 0 0.530799 -1.87656 0 -4.8682 0 0 -19.4925 
9.077 1.987 0.1765 1.08075 0 0.525921 -1.87656 0 -4.87801 0 0 -19.4925 
9.078 1.987 0.1765 1.07888 0 0.521033 -1.87656 0 -4.88782 0 0 -19.4925 
9.079 1.987 0.1765 1.077 0 0.516135 -1.87656 0 -4.89763 0 0 -19.4925 
9.08 1.987 0.1765 1.07513 0 0.511228 -1.87656 0 -4.90744 0 0 -19.4925 
9.081 1.987 0.1765 1.07325 0 0.50631 -1.87656 0 -4.91725 0 0 -19.4925 
9.082 1.987 0.1765 1.07137 0 0.501383 -1.87656 0 -4.92706 0 0 -19.4925 
9.083 1.987 0.1765 1.0695 0 0.496446 -1.87656 0 -4.93687 0 0 -19.4925 
9.084 1.987 0.1765 1.06762 0 0.4915 -1.87656 0 -4.94668 0 0 -19.4925 
9.085 1.987 0.1765 1.06574 0 0.486543 -1.87656 0 -4.95649 0 0 -19.4925 
9.086 1.987 0.1765 1.06387 0 0.481577 -1.87656 0 -4.9663 0 0 -19.4925 
9.087 1.987 0.1765 1.06199 0 0.476601 -1.87656 0 -4.97611 0 0 -19.4925 
9.088 1.987 0.1765 1.06011 0 0.471615 -1.87656 0 -4.98592 0 0 -19.4925 
9.089 1.987 0.1765 1.05824 0 0.466619 -1.87656 0 -4.99573 0 0 -19.4925 
9.09 1.987 0.1765 1.05636 0 0.461614 -1.87656 0 -5.00554 0 0 -19.4925 
9.091 1.987 0.1765 1.05448 0 0.456598 -1.87656 0 -5.01535 0 0 -19.4925 
9.092 1.987 0.1765 1.05261 0 0.451573 -1.87656 0 -5.02516 0 0 -19.4925 
9.093 1.987 0.1765 1.05073 0 0.446538 -1.87656 0 -5.03497 0 0 -19.4925 
9.094 1.987 0.1765 1.04885 0 0.441493 -1.87656 0 -5.04478 0 0 -19.4925 
9.095 1.987 0.1765 1.04698 0 0.436439 -1.87656 0 -5.05459 0 0 -19.4925 
9.096 1.987 0.1765 1.0451 0 0.431374 -1.87656 0 -5.0644 0 0 -19.4925 
9.097 1.987 0.1765 1.04322 0 0.4263 -1.87656 0 -5.07421 0 0 -19.4925 
9.098 1.987 0.1765 1.04135 0 0.421216 -1.87656 0 -5.08402 0 0 -19.4925 
9.099 1.987 0.1765 1.03947 0 0.416122 -1.87656 0 -5.09383 0 0 -19.4925 
9.1 1.987 0.1765 1.03759 0 0.411019 -1.87656 0 -5.10364 0 0 -19.4925 
9.101 1.987 0.1765 1.03572 0 0.405905 -1.87656 0 -5.11345 0 0 -19.4925 
9.102 1.987 0.1765 1.03384 0 0.400782 -1.87656 0 -5.12326 0 0 -19.4925 
9.103 1.987 0.1765 1.03196 0 0.395649 -1.87656 0 -5.13307 0 0 -19.4925 
9.104 1.987 0.1765 1.03009 0 0.390506 -1.87656 0 -5.14288 0 0 -19.4925 
9.105 1.987 0.1765 1.02821 0 0.385353 -1.87656 0 -5.15269 0 0 -19.4925 
9.106 1.987 0.1765 1.02633 0 0.380191 -1.87656 0 -5.1625 0 0 -19.4925 
9.107 1.987 0.1765 1.02446 0 0.375019 -1.87656 0 -5.17231 0 0 -19.4925 
9.108 1.987 0.1765 1.02258 0 0.369837 -1.87656 0 -5.18212 0 0 -19.4925 
9.109 1.987 0.1765 1.0207 0 0.364645 -1.87656 0 -5.19193 0 0 -19.4925 
9.11 1.987 0.1765 1.01883 0 0.359443 -1.87656 0 -5.20174 0 0 -19.4925 
9.111 1.987 0.1765 1.01695 0 0.354231 -1.87656 0 -5.21155 0 0 -19.4925 
9.112 1.987 0.1765 1.01508 0 0.34901 -1.87656 0 -5.22136 0 0 -19.4925 
9.113 1.987 0.1765 1.0132 0 0.343779 -1.87656 0 -5.23117 0 0 -19.4925 
9.114 1.987 0.1765 1.01132 0 0.338538 -1.87656 0 -5.24098 0 0 -19.4925 
9.115 1.987 0.1765 1.00945 0 0.333287 -1.87656 0 -5.25079 0 0 -19.4925 
9.116 1.987 0.1765 1.00757 0 0.328026 -1.87656 0 -5.2606 0 0 -19.4925 
9.117 1.987 0.1765 1.00569 0 0.322756 -1.87656 0 -5.27041 0 0 -19.4925 
9.118 1.987 0.1765 1.00382 0 0.317476 -1.87656 0 -5.28022 0 0 -19.4925 
9.119 1.987 0.1765 1.00194 0 0.312186 -1.87656 0 -5.29003 0 0 -19.4925 
9.12 1.987 0.1765 1.00006 0 0.306886 -1.87656 0 -5.29984 0 0 -19.4925 
9.121 1.987 0.1765 0.998186 0 0.301576 -1.87656 0 -5.30965 0 0 -19.4925 
9.122 1.987 0.1765 0.99631 0 0.296257 -1.87656 0 -5.31946 0 0 -19.4925 
9.123 1.987 0.1765 0.994433 0 0.290928 -1.87656 0 -5.32927 0 0 -19.4925 
9.124 1.987 0.1765 0.992557 0 0.285588 -1.87656 0 -5.33908 0 0 -19.4925 
9.125 1.987 0.1765 0.99068 0 0.28024 -1.87656 0 -5.34889 0 0 -19.4925 
9.126 1.987 0.1765 0.988803 0 0.274881 -1.87656 0 -5.3587 0 0 -19.4925 
9.127 1.987 0.1765 0.986927 0 0.269512 -1.87656 0 -5.36851 0 0 -19.4925 
9.128 1.987 0.1765 0.98505 0 0.264134 -1.87656 0 -5.37832 0 0 -19.4925 
9.129 1.987 0.1765 0.983174 0 0.258746 -1.87656 0 -5.38813 0 0 -19.4925 
9.13 1.987 0.1765 0.981297 0 0.253348 -1.87656 0 -5.39794 0 0 -19.4925 
9.131 1.987 0.1765 0.979421 0 0.24794 -1.87656 0 -5.40775 0 0 -19.4925 
9.132 1.987 0.1765 0.977544 0 0.242523 -1.87656 0 -5.41756 0 0 -19.4925 
9.133 1.987 0.1765 0.975668 0 0.237095 -1.87656 0 -5.42737 0 0 -19.4925 
9.134 1.987 0.1765 0.973791 0 0.231658 -1.87656 0 -5.43718 0 0 -19.4925 
9.135 1.987 0.1765 0.971914 0 0.226211 -1.87656 0 -5.44699 0 0 -19.4925 
9.136 1.987 0.1765 0.970038 0 0.220754 -1.87656 0 -5.4568 0 0 -19.4925 
9.137 1.987 0.1765 0.968161 0 0.215288 -1.87656 0 -5.46661 0 0 -19.4925 
9.138 1.987 0.1765 0.966285 0 0.209811 -1.87656 0 -5.47642 0 0 -19.4925 
9.139 1.987 0.1765 0.964408 0 0.204325 -1.87656 0 -5.48623 0 0 -19.4925 
9.14 1.987 0.1765 0.962532 0 0.198829 -1.87656 0 -5.49604 0 0 -19.4925 
9.141 1.987 0.1765 0.960655 0 0.193323 -1.87656 0 -5.50585 0 0 -19.4925 
9.142 1.987 0.1765 0.958778 0 0.187807 -1.87656 0 -5.51566 0 0 -19.4925 
9.143 1.987 0.1765 0.956902 0 0.182282 -1.87656 0 -5.52547 0 0 -19.4925 
9.144 1.987 0.1765 0.955025 0 0.176747 -1.87656 0 -5.53528 0 0 -19.4925 
9.145 1.987 0.1765 0.953149 0 0.171202 -1.87656 0 -5.54509 0 0 -19.4925 
9.146 1.987 0.1765 0.951272 0 0.165669 -1.87656 0 -5.53295 0 0 24.1153 
9.147 1.987 0.1765 0.949396 0 0.160171 -1.87656 0 -5.4979 0 0 69.6541 
9.148 1.987 0.1765 0.947519 0 0.154731 -1.87656 0 -5.44007 0 0 114.904 
9.149 1.987 0.1765 0.945643 0 0.149371 -1.87656 0 -5.35971 0 0 159.679 
9.15 1.987 0.1765 0.943766 0 0.144114 -1.87656 0 -5.25715 0 0 203.791 
9.151 1.987 0.1765 0.941889 0 0.138981 -1.87656 0 -5.13281 0 0 247.06 
9.152 1.987 0.1765 0.940013 0 0.133994 -1.87656 0 -4.98721 0 0 289.305 
9.153 1.987 0.1765 0.938136 0 0.129173 -1.87656 0 -4.82095 0 0 330.352 
9.154 1.987 0.1765 0.93626 0 0.124538 -1.87656 0 -4.63473 0 0 370.031 
9.155 1.987 0.1765 0.934383 0 0.120109 -1.87656 0 -4.4293 0 0 408.177 
9.156 1.987 0.1765 0.932507 0 0.115903 -1.87656 0 -4.20553 0 0 444.632 
9.157 1.987 0.1765 0.93063 0 0.111939 -1.87656 0 -3.96434 0 0 479.246 
9.158 1.987 0.1765 0.928754 0 0.108232 -1.87656 0 -3.70673 0 0 511.874 
9.159 1.987 0.1765 0.926877 0 0.104799 -1.87656 0 -3.43376 0 0 542.382 
9.16 1.987 0.1765 0.925 0 0.101652 -1.87656 0 -3.14658 0 0 570.643 
9.161 1.987 0.1765 0.923124 0 0.0988056 -1.87656 0 -2.84635 0 0 596.541 
9.162 1.987 0.1765 0.921247 0 0.0962712 -1.87656 0 -2.53434 0 0 619.968 
9.163 1.987 0.1765 0.919371 0 0.0940594 -1.87656 0 -2.21183 0 0 640.827 
9.164 1.987 0.1765 0.917494 0 0.0921793 -1.87656 0 -1.88016 0 0 659.031 
9.165 1.987 0.1765 0.915618 0 0.0906386 -1.87656 0 -1.5407 0 0 674.506 
9.166 1.987 0.1765 0.913741 0 0.0894437 -1.87656 0 -1.19486 0 0 687.186 
9.167 1.987 0.1765 0.911865 0 0.0885996 -1.87656 0 -0.844069 0 0 697.021 
9.168 1.987 0.1765 0.909988 0 0.0881098 -1.87656 0 -0.489782 0 0 703.968 
9.169 1.987 0.1765 0.908111 0 0.0879764 -1.87656 0 -0.133467 0 0 707.999 
9.17 1.987 0.1765 0.906235 0 0.0881998 -1.87656 0 0.223401 0 0 709.097 
9.171 1.987 0.1765 0.904358 0 0.0887791 -1.87656 0 0.579344 0 0 707.259 
9.172 1.987 0.1765 0.902482 0 0.089712 -1.87656 0 0.932888 0 0 702.49 
9.173 1.987 0.1765 0.900605 0 0.0909946 -1.87656 0 1.28257 0 0 694.812 
9.174 1.987 0.1765 0.898729 0 0.0926215 -1.87656 0 1.62693 0 0 684.256 
9.175 1.987 0.1765 0.896852 0 0.0945861 -1.87656 0 1.96456 0 0 670.866 
9.176 1.987 0.1765 0.894976 0 0.0968801 -1.87656 0 2.29405 0 0 654.697 
9.177 1.987 0.1765 0.893099 0 0.0994942 -1.87656 0 2.61404 0 0 635.816 
9.178 1.987 0.1765 0.891222 0 0.102417 -1.87656 0 2.9232 0 0 614.301 
9.179 1.987 0.1765 0.889346 0 0.105638 -1.87656 0 3.22025 0 0 590.242 
9.18 1.987 0.1765 0.887469 0 0.109142 -1.87656 0 3.50396 0 0 563.737 
9.181 1.987 0.1765 0.885593 0 0.112915 -1.87656 0 3.77316 0 0 534.898 
9.182 1.987 0.1765 0.883716 0 0.116941 -1.87656 0 4.02673 0 0 503.843 
9.183 1.987 0.1765 0.88184 0 0.121205 -1.87656 0 4.26362 0 0 470.701 
9.184 1.987 0.1765 0.879963 0 0.125688 -1.87656 0 4.48285 0 0 435.61 
9.185 1.987 0.1765 0.878086 0 0.130371 -1.87656 0 4.68351 0 0 398.714 
9.186 1.987 0.1765 0.87621 0 0.135236 -1.87656 0 4.86477 0 0 360.167 
9.187 1.987 0.1765 0.874333 0 0.140262 -1.87656 0 5.02589 0 0 320.127 
9.188 1.987 0.1765 0.872457 0 0.145428 -1.87656 0 5.16618 0 0 278.762 
9.189 1.987 0.1765 0.87058 0 0.150713 -1.87656 0 5.28507 0 0 236.242 
9.19 1.987 0.1765 0.868704 0 0.156095 -1.87656 0 5.38207 0 0 192.743 
9.191 1.987 0.1765 0.866827 0 0.161552 -1.87656 0 5.45678 0 0 148.446 
9.192 1.987 0.1765 0.864951 0 0.167061 -1.87656 0 5.50889 0 0 103.535 
9.193 1.987 0.1765 0.863074 0 0.172599 -1.87656 0 5.53818 0 0 58.1939 
9.194 1.987 0.1765 0.861197 0 0.178144 -1.87656 0 5.54452 0 0 12.6122 
9.195 1.987 0.1765 0.859321 0 0.183679 -1.87656 0 5.53471 0 0 -19.4925 
9.196 1.987 0.1765 0.857444 0 0.189203 -1.87656 0 5.5249 0 0 -19.4925 
9.197 1.987 0.1765 0.855568 0 0.194719 -1.87656 0 5.51509 0 0 -19.4925 
9.198 1.987 0.1765 0.853691 0 0.200224 -1.87656 0 5.50528 0 0 -19.4925 
9.199 1.987 0.1765 0.851815 0 0.205719 -1.87656 0 5.49547 0 0 -19.4925 
9.2 1.987 0.1765 0.849938 0 0.211205 -1.87656 0 5.48566 0 0 -19.4925 
9.201 1.987 0.1765 0.848062 0 0.216681 -1.87656 0 5.47585 0 0 -19.4925 
9.202 1.987 0.1765 0.846185 0 0.222147 -1.87656 0 5.46604 0 0 -19.4925 
9.203 1.987 0.1765 0.844308 0 0.227603 -1.87656 0 5.45623 0 0 -19.4925 
9.204 1.987 0.1765 0.842432 0 0.233049 -1.87656 0 5.44642 0 0 -19.4925 
9.205 1.987 0.1765 0.840555 0 0.238486 -1.87656 0 5.43661 0 0 -19.4925 
9.206 1.987 0.1765 0.838679 0 0.243913 -1.87656 0 5.4268 0 0 -19.4925 
9.207 1.987 0.1765 0.836802 0 0.24933 -1.87656 0 5.41699 0 0 -19.4925 
9.208 1.987 0.1765 0.834926 0 0.254737 -1.87656 0 5.40718 0 0 -19.4925 
9.209 1.987 0.1765 0.833049 0 0.260134 -1.87656 0 5.39737 0 0 -19.4925 
9.21 1.987 0.1765 0.831173 0 0.265522 -1.87656 0 5.38756 0 0 -19.4925 
9.211 1.987 0.1765 0.829296 0 0.2709 -1.87656 0 5.37775 0 0 -19.4925 
9.212 1.987 0.1765 0.827419 0 0.276268 -1.87656 0 5.36794 0 0 -19.4925 
9.213 1.987 0.1765 0.825543 0 0.281626 -1.87656 0 5.35813 0 0 -19.4925 
9.214 1.987 0.1765 0.823666 0 0.286974 -1.87656 0 5.34832 0 0 -19.4925 
9.215 1.987 0.1765 0.82179 0 0.292313 -1.87656 0 5.33851 0 0 -19.4925 
9.216 1.987 0.1765 0.819913 0 0.297641 -1.87656 0 5.3287 0 0 -19.4925 
9.217 1.987 0.1765 0.818037 0 0.30296 -1.87656 0 5.31889 0 0 -19.4925 
9.218 1.987 0.1765 0.81616 0 0.308269 -1.87656 0 5.30908 0 0 -19.4925 
9.219 1.987 0.1765 0.814284 0 0.313569 -1.87656 0 5.29927 0 0 -19.4925 
9.22 1.987 0.1765 0.812407 0 0.318858 -1.87656 0 5.28946 0 0 -19.4925 
9.221 1.987 0.1765 0.81053 0 0.324138 -1.87656 0 5.27965 0 0 -19.4925 
9.222 1.987 0.1765 0.808654 0 0.329408 -1.87656 0 5.26984 0 0 -19.4925 
9.223 1.987 0.1765 0.806777 0 0.334668 -1.87656 0 5.26003 0 0 -19.4925 
9.224 1.987 0.1765 0.804901 0 0.339918 -1.87656 0 5.25022 0 0 -19.4925 
9.225 1.987 0.1765 0.803024 0 0.345158 -1.87656 0 5.24041 0 0 -19.4925 
9.226 1.987 0.1765 0.801148 0 0.350389 -1.87656 0 5.2306 0 0 -19.4925 
9.227 1.987 0.1765 0.799271 0 0.35561 -1.87656 0 5.22079 0 0 -19.4925 
9.228 1.987 0.1765 0.797395 0 0.360821 -1.87656 0 5.21098 0 0 -19.4925 
9.229 1.987 0.1765 0.795518 0 0.366022 -1.87656 0 5.20117 0 0 -19.4925 
9.23 1.987 0.1765 0.793641 0 0.371213 -1.87656 0 5.19136 0 0 -19.4925 
9.231 1.987 0.1765 0.791765 0 0.376395 -1.87656 0 5.18155 0 0 -19.4925 
9.232 1.987 0.1765 0.789888 0 0.381567 -1.87656 0 5.17174 0 0 -19.4925 
9.233 1.987 0.1765 0.788012 0 0.386728 -1.87656 0 5.16193 0 0 -19.4925 
9.234 1.987 0.1765 0.786135 0 0.391881 -1.87656 0 5.15212 0 0 -19.4925 
9.235 1.987 0.1765 0.784259 0 0.397023 -1.87656 0 5.14231 0 0 -19.4925 
9.236 1.987 0.1765 0.782382 0 0.402155 -1.87656 0 5.1325 0 0 -19.4925 
9.237 1.987 0.1765 0.780505 0 0.407278 -1.87656 0 5.12269 0 0 -19.4925 
9.238 1.987 0.1765 0.778629 0 0.412391 -1.87656 0 5.11288 0 0 -19.4925 
9.239 1.987 0.1765 0.776752 0 0.417494 -1.87656 0 5.10307 0 0 -19.4925 
9.24 1.987 0.1765 0.774876 0 0.422587 -1.87656 0 5.09326 0 0 -19.4925 
9.241 1.987 0.1765 0.772999 0 0.427671 -1.87656 0 5.08345 0 0 -19.4925 
9.242 1.987 0.1765 0.771123 0 0.432744 -1.87656 0 5.07364 0 0 -19.4925 
9.243 1.987 0.1765 0.769246 0 0.437808 -1.87656 0 5.06383 0 0 -19.4925 
9.244 1.987 0.1765 0.76737 0 0.442862 -1.87656 0 5.05402 0 0 -19.4925 
9.245 1.987 0.1765 0.765493 0 0.447906 -1.87656 0 5.04421 0 0 -19.4925 
9.246 1.987 0.1765 0.763616 0 0.452941 -1.87656 0 5.0344 0 0 -19.4925 
9.247 1.987 0.1765 0.76174 0 0.457965 -1.87656 0 5.02459 0 0 -19.4925 
9.248 1.987 0.1765 0.759863 0 0.46298 -1.87656 0 5.01478 0 0 -19.4925 
9.249 1.987 0.1765 0.757987 0 0.467985 -1.87656 0 5.00497 0 0 -19.4925 
9.25 1.987 0.1765 0.75611 0 0.47298 -1.87656 0 4.99516 0 0 -19.4925 
9.251 1.987 0.1765 0.754234 0 0.477966 -1.87656 0 4.98535 0 0 -19.4925 
9.252 1.987 0.1765 0.752357 0 0.482941 -1.87656 0 4.97554 0 0 -19.4925 
9.253 1.987 0.1765 0.750481 0 0.487907 -1.87656 0 4.96573 0 0 -19.4925 
9.254 1.987 0.1765 0.748604 0 0.492863 -1.87656 0 4.95592 0 0 -19.4925 
9.255 1.987 0.1765 0.746727 0 0.497809 -1.87656 0 4.94611 0 0 -19.4925 
9.256 1.987 0.1765 0.744851 0 0.502745 -1.87656 0 4.9363 0 0 -19.4925 
9.257 1.987 0.1765 0.742974 0 0.507672 -1.87656 0 4.92649 0 0 -19.4925 
9.258 1.987 0.1765 0.741098 0 0.512589 -1.87656 0 4.91668 0 0 -19.4925 
9.259 1.987 0.1765 0.739221 0 0.517495 -1.87656 0 4.90687 0 0 -19.4925 
9.26 1.987 0.1765 0.737345 0 0.522392 -1.87656 0 4.89706 0 0 -19.4925 
9.261 1.987 0.1765 0.735468 0 0.52728 -1.87656 0 4.88725 0 0 -19.4925 
9.262 1.987 0.1765 0.733592 0 0.532157 -1.87656 0 4.87744 0 0 -19.4925 
9.263 1.987 0.1765 0.731715 0 0.537025 -1.87656 0 4.86763 0 0 -19.4925 
9.264 1.987 0.1765 0.729838 0 0.541883 -1.87656 0 4.85782 0 0 -19.4925 
9.265 1.987 0.1765 0.727962 0 0.546731 -1.87656 0 4.84801 0 0 -19.4925 
9.266 1.987 0.1765 0.726085 0 0.551569 -1.87656 0 4.8382 0 0 -19.4925 
9.267 1.987 0.1765 0.724209 0 0.556397 -1.87656 0 4.82839 0 0 -19.4925 
9.268 1.987 0.1765 0.722332 0 0.561216 -1.87656 0 4.81858 0 0 -19.4925 
9.269 1.987 0.1765 0.720456 0 0.566025 -1.87656 0 4.80877 0 0 -19.4925 
9.27 1.987 0.1765 0.718579 0 0.570824 -1.87656 0 4.79896 0 0 -19.4925 
9.271 1.987 0.1765 0.716703 0 0.575613 -1.87656 0 4.78915 0 0 -19.4925 
9.272 1.987 0.1765 0.714826 0 0.580392 -1.87656 0 4.77934 0 0 -19.4925 
9.273 1.987 0.1765 0.712949 0 0.585162 -1.87656 0 4.76953 0 0 -19.4925 
9.274 1.987 0.1765 0.711073 0 0.589921 -1.87656 0 4.75972 0 0 -19.4925 
9.275 1.987 0.1765 0.709196 0 0.594671 -1.87656 0 4.74991 0 0 -19.4925 
9.276 1.987 0.1765 0.70732 0 0.599411 -1.87656 0 4.7401 0 0 -19.4925 
9.277 1.987 0.1765 0.705443 0 0.604142 -1.87656 0 4.73029 0 0 -19.4925 
9.278 1.987 0.1765 0.703567 0 0.608862 -1.87656 0 4.72048 0 0 -19.4925 
9.279 1.987 0.1765 0.70169 0 0.613573 -1.87656 0 4.71067 0 0 -19.4925 
9.28 1.987 0.1765 0.699814 0 0.618274 -1.87656 0 4.70086 0 0 -19.4925 
9.281 1.987 0.1765 0.697937 0 0.622965 -1.87656 0 4.69105 0 0 -19.4925 
9.282 1.987 0.1765 0.69606 0 0.627646 -1.87656 0 4.68124 0 0 -19.4925 
9.283 1.987 0.1765 0.694184 0 0.632317 -1.87656 0 4.67143 0 0 -19.4925 
9.284 1.987 0.1765 0.692307 0 0.636979 -1.87656 0 4.66162 0 0 -19.4925 
9.285 1.987 0.1765 0.690431 0 0.641631 -1.87656 0 4.65181 0 0 -19.4925 
9.286 1.987 0.1765 0.688554 0 0.646273 -1.87656 0 4.642 0 0 -19.4925 
9.287 1.987 0.1765 0.686678 0 0.650905 -1.87656 0 4.63219 0 0 -19.4925 
9.288 1.987 0.1765 0.684801 0 0.655527 -1.87656 0 4.62238 0 0 -19.4925 
9.289 1.987 0.1765 0.682924 0 0.66014 -1.87656 0 4.61257 0 0 -19.4925 
9.29 1.987 0.1765 0.681048 0 0.664743 -1.87656 0 4.60276 0 0 -19.4925 
9.291 1.987 0.1765 0.679171 0 0.669336 -1.87656 0 4.59295 0 0 -19.4925 
9.292 1.987 0.1765 0.677295 0 0.673919 -1.87656 0 4.58314 0 0 -19.4925 
9.293 1.987 0.1765 0.675418 0 0.678492 -1.87656 0 4.57333 0 0 -19.4925 
9.294 1.987 0.1765 0.673542 0 0.683056 -1.87656 0 4.56352 0 0 -19.4925 
9.295 1.987 0.1765 0.671665 0 0.687609 -1.87656 0 4.55371 0 0 -19.4925 
9.296 1.987 0.1765 0.669789 0 0.692153 -1.87656 0 4.5439 0 0 -19.4925 
9.297 1.987 0.1765 0.667912 0 0.696687 -1.87656 0 4.53409 0 0 -19.4925 
9.298 1.987 0.1765 0.666035 0 0.701212 -1.87656 0 4.52428 0 0 -19.4925 
9.299 1.987 0.1765 0.664159 0 0.705726 -1.87656 0 4.51447 0 0 -19.4925 
9.3 1.987 0.1765 0.662282 0 0.710231 -1.87656 0 4.50466 0 0 -19.4925 
9.301 1.987 0.1765 0.660406 0 0.714726 -1.87656 0 4.49485 0 0 -19.4925 
9.302 1.987 0.1765 0.658529 0 0.719211 -1.87656 0 4.48504 0 0 -19.4925 
9.303 1.987 0.1765 0.656653 0 0.723686 -1.87656 0 4.47523 0 0 -19.4925 
9.304 1.987 0.1765 0.654776 0 0.728151 -1.87656 0 4.46542 0 0 -19.4925 
9.305 1.987 0.1765 0.6529 0 0.732607 -1.87656 0 4.45561 0 0 -19.4925 
9.306 1.987 0.1765 0.651023 0 0.737053 -1.87656 0 4.4458 0 0 -19.4925 
9.307 1.987 0.1765 0.649146 0 0.741489 -1.87656 0 4.43599 0 0 -19.4925 
9.308 1.987 0.1765 0.64727 0 0.745915 -1.87656 0 4.42618 0 0 -19.4925 
9.309 1.987 0.1765 0.645393 0 0.750331 -1.87656 0 4.41637 0 0 -19.4925 
9.31 1.987 0.1765 0.643517 0 0.754738 -1.87656 0 4.40656 0 0 -19.4925 
9.311 1.987 0.1765 0.64164 0 0.759135 -1.87656 0 4.39675 0 0 -19.4925 
9.312 1.987 0.1765 0.639764 0 0.763522 -1.87656 0 4.38694 0 0 -19.4925 
9.313 1.987 0.1765 0.637887 0 0.767899 -1.87656 0 4.37713 0 0 -19.4925 
9.314 1.987 0.1765 0.636011 0 0.772266 -1.87656 0 4.36732 0 0 -19.4925 
9.315 1.987 0.1765 0.634134 0 0.776624 -1.87656 0 4.35751 0 0 -19.4925 
9.316 1.987 0.1765 0.632257 0 0.780971 -1.87656 0 4.3477 0 0 -19.4925 
9.317 1.987 0.1765 0.630381 0 0.785309 -1.87656 0 4.33789 0 0 -19.4925 
9.318 1.987 0.1765 0.628504 0 0.789637 -1.87656 0 4.32808 0 0 -19.4925 
9.319 1.987 0.1765 0.626628 0 0.793956 -1.87656 0 4.31827 0 0 -19.4925 
9.32 1.987 0.1765 0.624751 0 0.798264 -1.87656 0 4.30846 0 0 -19.4925 
9.321 1.987 0.1765 0.622875 0 0.802563 -1.87656 0 4.29865 0 0 -19.4925 
9.322 1.987 0.1765 0.620998 0 0.806852 -1.87656 0 4.28884 0 0 -19.4925 
9.323 1.987 0.1765 0.619122 0 0.811131 -1.87656 0 4.27903 0 0 -19.4925 
9.324 1.987 0.1765 0.617245 0 0.8154 -1.87656 0 4.26922 0 0 -19.4925 
9.325 1.987 0.1765 0.615368 0 0.819659 -1.87656 0 4.25941 0 0 -19.4925 
9.326 1.987 0.1765 0.613492 0 0.823909 -1.87656 0 4.2496 0 0 -19.4925 
9.327 1.987 0.1765 0.611615 0 0.828149 -1.87656 0 4.23979 0 0 -19.4925 
9.328 1.987 0.1765 0.609739 0 0.832379 -1.87656 0 4.22998 0 0 -19.4925 
9.329 1.987 0.1765 0.607862 0 0.836599 -1.87656 0 4.22017 0 0 -19.4925 
9.33 1.987 0.1765 0.605986 0 0.840809 -1.87656 0 4.21036 0 0 -19.4925 
9.331 1.987 0.1765 0.604109 0 0.84501 -1.87656 0 4.20055 0 0 -19.4925 
9.332 1.987 0.1765 0.602233 0 0.8492 -1.87656 0 4.19074 0 0 -19.4925 
9.333 1.987 0.1765 0.600356 0 0.853381 -1.87656 0 4.18093 0 0 -19.4925 
9.334 1.987 0.1765 0.598479 0 0.857552 -1.87656 0 4.17112 0 0 -19.4925 
9.335 1.987 0.1765 0.596603 0 0.861714 -1.87656 0 4.16131 0 0 -19.4925 
9.336 1.987 0.1765 0.594726 0 0.865865 -1.87656 0 4.1515 0 0 -19.4925 
9.337 1.987 0.1765 0.59285 0 0.870007 -1.87656 0 4.14169 0 0 -19.4925 
9.338 1.987 0.1765 0.590973 0 0.874139 -1.87656 0 4.13188 0 0 -19.4925 
9.339 1.987 0.1765 0.589097 0 0.878261 -1.87656 0 4.12207 0 0 -19.4925 
9.34 1.987 0.1765 0.58722 0 0.882373 -1.87656 0 4.11226 0 0 -19.4925 
9.341 1.987 0.1765 0.585343 0 0.886476 -1.87656 0 4.10245 0 0 -19.4925 
9.342 1.987 0.1765 0.583467 0 0.890568 -1.87656 0 4.09264 0 0 -19.4925 
9.343 1.987 0.1765 0.58159 0 0.894651 -1.87656 0 4.08283 0 0 -19.4925 
9.344 1.987 0.1765 0.579714 0 0.898724 -1.87656 0 4.07302 0 0 -19.4925 
9.345 1.987 0.1765 0.577837 0 0.902787 -1.87656 0 4.06321 0 0 -19.4925 
9.346 1.987 0.1765 0.575961 0 0.906841 -1.87656 0 4.0534 0 0 -19.4925 
9.347 1.987 0.1765 0.574084 0 0.910884 -1.87656 0 4.04359 0 0 -19.4925 
9.348 1.987 0.1765 0.572208 0 0.914918 -1.87656 0 4.03378 0 0 -19.4925 
9.349 1.987 0.1765 0.570331 0 0.918942 -1.87656 0 4.02397 0 0 -19.4925 
9.35 1.987 0.1765 0.568454 0 0.922956 -1.87656 0 4.01416 0 0 -19.4925 
9.351 1.987 0.1765 0.566578 0 0.926961 -1.87656 0 4.00435 0 0 -19.4925 
9.352 1.987 0.1765 0.564701 0 0.930955 -1.87656 0 3.99454 0 0 -19.4925 
9.353 1.987 0.1765 0.562825 0 0.93494 -1.87656 0 3.98473 0 0 -19.4925 
9.354 1.987 0.1765 0.560948 0 0.938915 -1.87656 0 3.97492 0 0 -19.4925 
9.355 1.987 0.1765 0.559072 0 0.94288 -1.87656 0 3.96511 0 0 -19.4925 
9.356 1.987 0.1765 0.557195 0 0.946835 -1.87656 0 3.9553 0 0 -19.4925 
9.357 1.987 0.1765 0.555319 0 0.950781 -1.87656 0 3.94549 0 0 -19.4925 
9.358 1.987 0.1765 0.553442 0 0.954716 -1.87656 0 3.93568 0 0 -19.4925 
9.359 1.987 0.1765 0.551565 0 0.958642 -1.87656 0 3.92587 0 0 -19.4925 
9.36 1.987 0.1765 0.549689 0 0.962558 -1.87656 0 3.91606 0 0 -19.4925 
9.361 1.987 0.1765 0.547812 0 0.966465 -1.87656 0 3.90625 0 0 -19.4925 
9.362 1.987 0.1765 0.545936 0 0.970361 -1.87656 0 3.89644 0 0 -19.4925 
9.363 1.987 0.1765 0.544059 0 0.974248 -1.87656 0 3.88663 0 0 -19.4925 
9.364 1.987 0.1765 0.542183 0 0.978125 -1.87656 0 3.87682 0 0 -19.4925 
9.365 1.987 0.1765 0.540306 0 0.981992 -1.87656 0 3.86701 0 0 -19.4925 
9.366 1.987 0.1765 0.53843 0 0.985849 -1.87656 0 3.8572 0 0 -19.4925 
9.367 1.987 0.1765 0.536553 0 0.989696 -1.87656 0 3.84739 0 0 -19.4925 
9.368 1.987 0.1765 0.534676 0 0.993534 -1.87656 0 3.83758 0 0 -19.4925 
9.369 1.987 0.1765 0.5328 0 0.997361 -1.87656 0 3.82777 0 0 -19.4925 
9.37 1.987 0.1765 0.530923 0 1.00118 -1.87656 0 3.81796 0 0 -19.4925 
9.371 1.987 0.1765 0.529047 0 1.00499 -1.87656 0 3.80815 0 0 -19.4925 
9.372 1.987 0.1765 0.52717 0 1.00879 -1.87656 0 3.79834 0 0 -19.4925 
9.373 1.987 0.1765 0.525294 0 1.01257 -1.87656 0 3.78853 0 0 -19.4925 
9.374 1.987 0.1765 0.523417 0 1.01635 -1.87656 0 3.77872 0 0 -19.4925 
9.375 1.987 0.1765 0.521541 0 1.02012 -1.87656 0 3.76891 0 0 -19.4925 
9.376 1.987 0.1765 0.519664 0 1.02388 -1.87656 0 3.7591 0 0 -19.4925 
9.377 1.987 0.1765 0.517787 0 1.02763 -1.87656 0 3.74929 0 0 -19.4925 
9.378 1.987 0.1765 0.515911 0 1.03137 -1.87656 0 3.73948 0 0 -19.4925 
9.379 1.987 0.1765 0.514034 0 1.0351 -1.87656 0 3.72967 0 0 -19.4925 
9.38 1.987 0.1765 0.512158 0 1.03882 -1.87656 0 3.71986 0 0 -19.4925 
9.381 1.987 0.1765 0.510281 0 1.04253 -1.87656 0 3.71005 0 0 -19.4925 
9.382 1.987 0.1765 0.508405 0 1.04623 -1.87656 0 3.70024 0 0 -19.4925 
9.383 1.987 0.1765 0.506528 0 1.04992 -1.87656 0 3.69043 0 0 -19.4925 
9.384 1.987 0.1765 0.504652 0 1.0536 -1.87656 0 3.68062 0 0 -19.4925 
9.385 1.987 0.1765 0.502775 0 1.05727 -1.87656 0 3.67081 0 0 -19.4925 
9.386 1.987 0.1765 0.500898 0 1.06093 -1.87656 0 3.661 0 0 -19.4925 
9.387 1.987 0.1765 0.499022 0 1.06458 -1.87656 0 3.65119 0 0 -19.4925 
9.388 1.987 0.1765 0.497145 0 1.06823 -1.87656 0 3.64138 0 0 -19.4925 
9.389 1.987 0.1765 0.495269 0 1.07186 -1.87656 0 3.63157 0 0 -19.4925 
9.39 1.987 0.1765 0.493392 0 1.07548 -1.87656 0 3.62176 0 0 -19.4925 
9.391 1.987 0.1765 0.491516 0 1.07909 -1.87656 0 3.61195 0 0 -19.4925 
9.392 1.987 0.1765 0.489639 0 1.08269 -1.87656 0 3.60214 0 0 -19.4925 
9.393 1.987 0.1765 0.487762 0 1.08629 -1.87656 0 3.59233 0 0 -19.4925 
9.394 1.987 0.1765 0.485886 0 1.08987 -1.87656 0 3.58252 0 0 -19.4925 
9.395 1.987 0.1765 0.484009 0 1.09344 -1.87656 0 3.57271 0 0 -19.4925 
9.396 1.987 0.1765 0.482133 0 1.097 -1.87656 0 3.5629 0 0 -19.4925 
9.397 1.987 0.1765 0.480256 0 1.10056 -1.87656 0 3.55309 0 0 -19.4925 
9.398 1.987 0.1765 0.47838 0 1.1041 -1.87656 0 3.54328 0 0 -19.4925 
9.399 1.987 0.1765 0.476503 0 1.10763 -1.87656 0 3.53347 0 0 -19.4925 
9.4 1.987 0.1765 0.474627 0 1.11116 -1.87656 0 3.52366 0 0 -19.4925 
9.401 1.987 0.1765 0.47275 0 1.11467 -1.87656 0 3.51385 0 0 -19.4925 
9.402 1.987 0.1765 0.470873 0 1.11817 -1.87656 0 3.50404 0 0 -19.4925 
9.403 1.987 0.1765 0.468997 0 1.12167 -1.87656 0 3.49423 0 0 -19.4925 
9.404 1.987 0.1765 0.46712 0 1.12515 -1.87656 0 3.48442 0 0 -19.4925 
9.405 1.987 0.1765 0.465244 0 1.12863 -1.87656 0 3.47461 0 0 -19.4925 
9.406 1.987 0.1765 0.463367 0 1.13209 -1.87656 0 3.4648 0 0 -19.4925 
9.407 1.987 0.1765 0.461491 0 1.13555 -1.87656 0 3.45499 0 0 -19.4925 
9.408 1.987 0.1765 0.459614 0 1.13899 -1.87656 0 3.44518 0 0 -19.4925 
9.409 1.987 0.1765 0.457738 0 1.14243 -1.87656 0 3.43537 0 0 -19.4925 
9.41 1.987 0.1765 0.455861 0 1.14585 -1.87656 0 3.42556 0 0 -19.4925 
9.411 1.987 0.1765 0.453984 0 1.14927 -1.87656 0 3.41575 0 0 -19.4925 
9.412 1.987 0.1765 0.452108 0 1.15268 -1.87656 0 3.40594 0 0 -19.4925 
9.413 1.987 0.1765 0.450231 0 1.15607 -1.87656 0 3.39613 0 0 -19.4925 
9.414 1.987 0.1765 0.448355 0 1.15946 -1.87656 0 3.38632 0 0 -19.4925 
9.415 1.987 0.1765 0.446478 0 1.16283 -1.87656 0 3.37651 0 0 -19.4925 
9.416 1.987 0.1765 0.444602 0 1.1662 -1.87656 0 3.3667 0 0 -19.4925 
9.417 1.987 0.1765 0.442725 0 1.16956 -1.87656 0 3.35689 0 0 -19.4925 
9.418 1.987 0.1765 0.440849 0 1.17291 -1.87656 0 3.34708 0 0 -19.4925 
9.419 1.987 0.1765 0.438972 0 1.17624 -1.87656 0 3.33727 0 0 -19.4925 
9.42 1.987 0.1765 0.437095 0 1.17957 -1.87656 0 3.32746 0 0 -19.4925 
9.421 1.987 0.1765 0.435219 0 1.18289 -1.87656 0 3.31765 0 0 -19.4925 
9.422 1.987 0.1765 0.433342 0 1.1862 -1.87656 0 3.30784 0 0 -19.4925 
9.423 1.987 0.1765 0.431466 0 1.18949 -1.87656 0 3.29803 0 0 -19.4925 
9.424 1.987 0.1765 0.429589 0 1.19278 -1.87656 0 3.28822 0 0 -19.4925 
9.425 1.987 0.1765 0.427713 0 1.19606 -1.87656 0 3.27841 0 0 -19.4925 
9.426 1.987 0.1765 0.425836 0 1.19933 -1.87656 0 3.2686 0 0 -19.4925 
9.427 1.987 0.1765 0.42396 0 1.20259 -1.87656 0 3.25879 0 0 -19.4925 
9.428 1.987 0.1765 0.422083 0 1.20584 -1.87656 0 3.24898 0 0 -19.4925 
9.429 1.987 0.1765 0.420206 0 1.20908 -1.87656 0 3.23917 0 0 -19.4925 
9.43 1.987 0.1765 0.41833 0 1.2123 -1.87656 0 3.22936 0 0 -19.4925 
9.431 1.987 0.1765 0.416453 0 1.21552 -1.87656 0 3.21955 0 0 -19.4925 
9.432 1.987 0.1765 0.414577 0 1.21873 -1.87656 0 3.20974 0 0 -19.4925 
9.433 1.987 0.1765 0.4127 0 1.22193 -1.87656 0 3.19993 0 0 -19.4925 
9.434 1.987 0.1765 0.410824 0 1.22512 -1.87656 0 3.19012 0 0 -19.4925 
9.435 1.987 0.1765 0.408947 0 1.2283 -1.87656 0 3.18031 0 0 -19.4925 
9.436 1.987 0.1765 0.407071 0 1.23148 -1.87656 0 3.1705 0 0 -19.4925 
9.437 1.987 0.1765 0.405194 0 1.23464 -1.87656 0 3.16069 0 0 -19.4925 
9.438 1.987 0.1765 0.403317 0 1.23779 -1.87656 0 3.15088 0 0 -19.4925 
9.439 1.987 0.1765 0.401441 0 1.24093 -1.87656 0 3.14107 0 0 -19.4925 
9.44 1.987 0.1765 0.399564 0 1.24406 -1.87656 0 3.13126 0 0 -19.4925 
9.441 1.987 0.1765 0.397688 0 1.24718 -1.87656 0 3.12145 0 0 -19.4925 
9.442 1.987 0.1765 0.395811 0 1.25029 -1.87656 0 3.11164 0 0 -19.4925 
9.443 1.987 0.1765 0.393935 0 1.25339 -1.87656 0 3.10183 0 0 -19.4925 
9.444 1.987 0.1765 0.392058 0 1.25649 -1.87656 0 3.09202 0 0 -19.4925 
9.445 1.987 0.1765 0.390181 0 1.25957 -1.87656 0 3.08221 0 0 -19.4925 
9.446 1.987 0.1765 0.388305 0 1.26264 -1.87656 0 3.0724 0 0 -19.4925 
9.447 1.987 0.1765 0.386428 0 1.2657 -1.87656 0 3.06259 0 0 -19.4925 
9.448 1.987 0.1765 0.384552 0 1.26876 -1.87656 0 3.05278 0 0 -19.4925 
9.449 1.987 0.1765 0.382675 0 1.2718 -1.87656 0 3.04297 0 0 -19.4925 
9.45 1.987 0.1765 0.380799 0 1.27483 -1.87656 0 3.03316 0 0 -19.4925 
9.451 1.987 0.1765 0.378922 0 1.27786 -1.87656 0 3.02335 0 0 -19.4925 
9.452 1.987 0.1765 0.377046 0 1.28087 -1.87656 0 3.01354 0 0 -19.4925 
9.453 1.987 0.1765 0.375169 0 1.28387 -1.87656 0 3.00373 0 0 -19.4925 
9.454 1.987 0.1765 0.373292 0 1.28687 -1.87656 0 2.99392 0 0 -19.4925 
9.455 1.987 0.1765 0.371416 0 1.28985 -1.87656 0 2.98411 0 0 -19.4925 
9.456 1.987 0.1765 0.369539 0 1.29283 -1.87656 0 2.9743 0 0 -19.4925 
9.457 1.987 0.1765 0.367663 0 1.29579 -1.87656 0 2.96449 0 0 -19.4925 
9.458 1.987 0.1765 0.365786 0 1.29874 -1.87656 0 2.95468 0 0 -19.4925 
9.459 1.987 0.1765 0.36391 0 1.30169 -1.87656 0 2.94487 0 0 -19.4925 
9.46 1.987 0.1765 0.362033 0 1.30462 -1.87656 0 2.93506 0 0 -19.4925 
9.461 1.987 0.1765 0.360157 0 1.30755 -1.87656 0 2.92525 0 0 -19.4925 
9.462 1.987 0.1765 0.35828 0 1.31046 -1.87656 0 2.91544 0 0 -19.4925 
9.463 1.987 0.1765 0.356403 0 1.31337 -1.87656 0 2.90563 0 0 -19.4925 
9.464 1.987 0.1765 0.354527 0 1.31627 -1.87656 0 2.89582 0 0 -19.4925 
9.465 1.987 0.1765 0.35265 0 1.31915 -1.87656 0 2.88601 0 0 -19.4925 
9.466 1.987 0.1765 0.350774 0 1.32203 -1.87656 0 2.8762 0 0 -19.4925 
9.467 1.987 0.1765 0.348897 0 1.3249 -1.87656 0 2.86639 0 0 -19.4925 
9.468 1.987 0.1765 0.347021 0 1.32775 -1.87656 0 2.85658 0 0 -19.4925 
9.469 1.987 0.1765 0.345144 0 1.3306 -1.87656 0 2.84677 0 0 -19.4925 
9.47 1.987 0.1765 0.343268 0 1.33344 -1.87656 0 2.83696 0 0 -19.4925 
9.471 1.987 0.1765 0.341391 0 1.33626 -1.87656 0 2.82715 0 0 -19.4925 
9.472 1.987 0.1765 0.339514 0 1.33908 -1.87656 0 2.81734 0 0 -19.4925 
9.473 1.987 0.1765 0.337638 0 1.34189 -1.87656 0 2.80753 0 0 -19.4925 
9.474 1.987 0.1765 0.335761 0 1.34469 -1.87656 0 2.79772 0 0 -19.4925 
9.475 1.987 0.1765 0.333885 0 1.34747 -1.87656 0 2.78791 0 0 -19.4925 
9.476 1.987 0.1765 0.332008 0 1.35025 -1.87656 0 2.7781 0 0 -19.4925 
9.477 1.987 0.1765 0.330132 0 1.35302 -1.87656 0 2.76829 0 0 -19.4925 
9.478 1.987 0.1765 0.328255 0 1.35578 -1.87656 0 2.75848 0 0 -19.4925 
9.479 1.987 0.1765 0.326379 0 1.35853 -1.87656 0 2.74867 0 0 -19.4925 
9.48 1.987 0.1765 0.324502 0 1.36127 -1.87656 0 2.73886 0 0 -19.4925 
9.481 1.987 0.1765 0.322625 0 1.36399 -1.87656 0 2.72905 0 0 -19.4925 
9.482 1.987 0.1765 0.320749 0 1.36671 -1.87656 0 2.71924 0 0 -19.4925 
9.483 1.987 0.1765 0.318872 0 1.36942 -1.87656 0 2.70943 0 0 -19.4925 
9.484 1.987 0.1765 0.316996 0 1.37212 -1.87656 0 2.69962 0 0 -19.4925 
9.485 1.987 0.1765 0.315119 0 1.37481 -1.87656 0 2.68981 0 0 -19.4925 
9.486 1.987 0.1765 0.313243 0 1.37749 -1.87656 0 2.68 0 0 -19.4925 
9.487 1.987 0.1765 0.311366 0 1.38016 -1.87656 0 2.67019 0 0 -19.4925 
9.488 1.987 0.1765 0.30949 0 1.38282 -1.87656 0 2.66038 0 0 -19.4925 
9.489 1.987 0.1765 0.307613 0 1.38547 -1.87656 0 2.65057 0 0 -19.4925 
9.49 1.987 0.1765 0.305736 0 1.38811 -1.87656 0 2.64076 0 0 -19.4925 
9.491 1.987 0.1765 0.30386 0 1.39075 -1.87656 0 2.63095 0 0 -19.4925 
9.492 1.987 0.1765 0.301983 0 1.39337 -1.87656 0 2.62114 0 0 -19.4925 
9.493 1.987 0.1765 0.300107 0 1.39598 -1.87656 0 2.61133 0 0 -19.4925 
9.494 1.987 0.1765 0.29823 0 1.39858 -1.87656 0 2.60152 0 0 -19.4925 
9.495 1.987 0.1765 0.296354 0 1.40117 -1.87656 0 2.59171 0 0 -19.4925 
9.496 1.987 0.1765 0.294477 0 1.40375 -1.87656 0 2.5819 0 0 -19.4925 
9.497 1.987 0.1765 0.2926 0 1.40633 -1.87656 0 2.57209 0 0 -19.4925 
9.498 1.987 0.1765 0.290724 0 1.40889 -1.87656 0 2.56228 0 0 -19.4925 
9.499 1.987 0.1765 0.288847 0 1.41144 -1.87656 0 2.55247 0 0 -19.4925 
9.5 1.987 0.1765 0.286971 0 1.41398 -1.87656 0 2.54266 0 0 -19.4925 
9.501 1.987 0.1765 0.285094 0 1.41652 -1.87656 0 2.53285 0 0 -19.4925 
9.502 1.987 0.1765 0.283218 0 1.41904 -1.87656 0 2.52304 0 0 -19.4925 
9.503 1.987 0.1765 0.281341 0 1.42155 -1.87656 0 2.51323 0 0 -19.4925 
9.504 1.987 0.1765 0.279465 0 1.42406 -1.87656 0 2.50342 0 0 -19.4925 
9.505 1.987 0.1765 0.277588 0 1.42655 -1.87656 0 2.49361 0 0 -19.4925 
9.506 1.987 0.1765 0.275711 0 1.42903 -1.87656 0 2.4838 0 0 -19.4925 
9.507 1.987 0.1765 0.273835 0 1.43151 -1.87656 0 2.47399 0 0 -19.4925 
9.508 1.987 0.1765 0.271958 0 1.43397 -1.87656 0 2.46418 0 0 -19.4925 
9.509 1.987 0.1765 0.270082 0 1.43643 -1.87656 0 2.45437 0 0 -19.4925 
9.51 1.987 0.1765 0.268205 0 1.43887 -1.87656 0 2.44456 0 0 -19.4925 
9.511 1.987 0.1765 0.266329 0 1.4413 -1.87656 0 2.43475 0 0 -19.4925 
9.512 1.987 0.1765 0.264452 0 1.44373 -1.87656 0 2.42494 0 0 -19.4925 
9.513 1.987 0.1765 0.262576 0 1.44614 -1.87656 0 2.41513 0 0 -19.4925 
9.514 1.987 0.1765 0.260699 0 1.44855 -1.87656 0 2.40532 0 0 -19.4925 
9.515 1.987 0.1765 0.258822 0 1.45095 -1.87656 0 2.39551 0 0 -19.4925 
9.516 1.987 0.1765 0.256946 0 1.45333 -1.87656 0 2.3857 0 0 -19.4925 
9.517 1.987 0.1765 0.255069 0 1.45571 -1.87656 0 2.37589 0 0 -19.4925 
9.518 1.987 0.1765 0.253193 0 1.45807 -1.87656 0 2.36608 0 0 -19.4925 
9.519 1.987 0.1765 0.251316 0 1.46043 -1.87656 0 2.35627 0 0 -19.4925 
9.52 1.987 0.1765 0.24944 0 1.46278 -1.87656 0 2.34646 0 0 -19.4925 
9.521 1.987 0.1765 0.247563 0 1.46511 -1.87656 0 2.33665 0 0 -19.4925 
9.522 1.987 0.1765 0.245687 0 1.46744 -1.87656 0 2.32684 0 0 -19.4925 
9.523 1.987 0.1765 0.24381 0 1.46976 -1.87656 0 2.31703 0 0 -19.4925 
9.524 1.987 0.1765 0.241933 0 1.47206 -1.87656 0 2.30722 0 0 -19.4925 
9.525 1.987 0.1765 0.240057 0 1.47436 -1.87656 0 2.29741 0 0 -19.4925 
9.526 1.987 0.1765 0.23818 0 1.47665 -1.87656 0 2.2876 0 0 -19.4925 
9.527 1.987 0.1765 0.236304 0 1.47893 -1.87656 0 2.27779 0 0 -19.4925 
9.528 1.987 0.1765 0.234427 0 1.48119 -1.87656 0 2.26798 0 0 -19.4925 
9.529 1.987 0.1765 0.232551 0 1.48345 -1.87656 0 2.25817 0 0 -19.4925 
9.53 1.987 0.1765 0.230674 0 1.4857 -1.87656 0 2.24836 0 0 -19.4925 
9.531 1.987 0.1765 0.228798 0 1.48794 -1.87656 0 2.23855 0 0 -19.4925 
9.532 1.987 0.1765 0.226921 0 1.49017 -1.87656 0 2.22874 0 0 -19.4925 
9.533 1.987 0.1765 0.225044 0 1.49239 -1.87656 0 2.21893 0 0 -19.4925 
9.534 1.987 0.1765 0.223168 0 1.4946 -1.87656 0 2.20912 0 0 -19.4925 
9.535 1.987 0.1765 0.221291 0 1.4968 -1.87656 0 2.19931 0 0 -19.4925 
9.536 1.987 0.1765 0.219415 0 1.49899 -1.87656 0 2.1895 0 0 -19.4925 
9.537 1.987 0.1765 0.217538 0 1.50116 -1.87656 0 2.17969 0 0 -19.4925 
9.538 1.987 0.1765 0.215662 0 1.50333 -1.87656 0 2.16988 0 0 -19.4925 
9.539 1.987 0.1765 0.213785 0 1.50549 -1.87656 0 2.16007 0 0 -19.4925 
9.54 1.987 0.1765 0.211909 0 1.50764 -1.87656 0 2.15026 0 0 -19.4925 
9.541 1.987 0.1765 0.210032 0 1.50979 -1.87656 0 2.14045 0 0 -19.4925 
9.542 1.987 0.1765 0.208155 0 1.51192 -1.87656 0 2.13064 0 0 -19.4925 
9.543 1.987 0.1765 0.206279 0 1.51404 -1.87656 0 2.12083 0 0 -19.4925 
9.544 1.987 0.1765 0.204402 0 1.51615 -1.87656 0 2.11102 0 0 -19.4925 
9.545 1.987 0.1765 0.202526 0 1.51825 -1.87656 0 2.10121 0 0 -19.4925 
9.546 1.987 0.1765 0.200649 0 1.52034 -1.87656 0 2.0914 0 0 -19.4925 
9.547 1.987 0.1765 0.198773 0 1.52242 -1.87656 0 2.08159 0 0 -19.4925 
9.548 1.987 0.1765 0.196896 0 1.52449 -1.87656 0 2.07178 0 0 -19.4925 
9.549 1.987 0.1765 0.195019 0 1.52656 -1.87656 0 2.06197 0 0 -19.4925 
9.55 1.987 0.1765 0.193143 0 1.52861 -1.87656 0 2.05216 0 0 -19.4925 
9.551 1.987 0.1765 0.191266 0 1.53065 -1.87656 0 2.04235 0 0 -19.4925 
9.552 1.987 0.1765 0.18939 0 1.53268 -1.87656 0 2.03254 0 0 -19.4925 
9.553 1.987 0.1765 0.187513 0 1.53471 -1.87656 0 2.02273 0 0 -19.4925 
9.554 1.987 0.1765 0.185637 0 1.53672 -1.87656 0 2.01292 0 0 -19.4925 
9.555 1.987 0.1765 0.18376 0 1.53872 -1.87656 0 2.00311 0 0 -19.4925 
9.556 1.987 0.1765 0.181884 0 1.54072 -1.87656 0 1.9933 0 0 -19.4925 
9.557 1.987 0.1765 0.180007 0 1.5427 -1.87656 0 1.98349 0 0 -19.4925 
9.558 1.987 0.1765 0.17813 0 1.54467 -1.87656 0 1.97368 0 0 -19.4925 
9.559 1.987 0.1765 0.176254 0 1.54664 -1.87656 0 1.96387 0 0 -19.4925 
9.56 1.987 0.1765 0.174378 0 1.54859 -1.87554 0 1.95406 2.02541 0 -19.4925 
9.561 1.987 0.1765 0.172512 0 1.55053 -1.86675 0 1.94425 17.4619 0 -19.4925 
9.562 1.987 0.1765 0.170661 0 1.55247 -1.85023 0 1.93444 32.8262 0 -19.4925 
9.563 1.987 0.1765 0.168835 0 1.55439 -1.82605 0 1.92463 48.0544 0 -19.4925 
9.564 1.987 0.1765 0.167041 0 1.55631 -1.7943 0 1.91482 63.0836 0 -19.4925 
9.565 1.987 0.1765 0.165286 0 1.55821 -1.75512 0 1.90501 77.8515 0 -19.4925 
9.566 1.987 0.1765 0.163577 0 1.56011 -1.70867 0 1.8952 92.2969 0 -19.4925 
9.567 1.987 0.1765 0.161922 0 1.56199 -1.65514 0 1.88539 106.36 0 -19.4925 
9.568 1.987 0.1765 0.160327 0 1.56387 -1.59475 0 1.87558 119.983 0 -19.4925 
9.569 1.987 0.1765 0.1588 0 1.56574 -1.52777 0 1.86577 133.108 0 -19.4925 
9.57 1.987 0.1765 0.157345 0 1.56759 -1.45445 0 1.85596 145.682 0 -19.4925 
9.571 1.987 0.1765 0.15597 0 1.56944 -1.37511 0 1.84615 157.653 0 -19.4925 
9.572 1.987 0.1765 0.15468 0 1.57127 -1.29007 0 1.83634 168.971 0 -19.4925 
9.573 1.987 0.1765 0.15348 0 1.5731 -1.19969 0 1.82653 179.589 0 -19.4925 
9.574 1.987 0.1765 0.152376 0 1.57492 -1.10433 0 1.81672 189.463 0 -19.4925 
9.575 1.987 0.1765 0.151372 0 1.57672 -1.00441 0 1.80691 198.552 0 -19.4925 
9.576 1.987 0.1765 0.150471 0 1.57852 -0.900323 0 1.7971 206.819 0 -19.4925 
9.577 1.987 0.1765 0.149679 0 1.58031 -0.792508 0 1.78729 214.229 0 -19.4925 
9.578 1.987 0.1765 0.148997 0 1.58209 -0.68141 0 1.77748 220.751 0 -19.4925 
9.579 1.987 0.1765 0.14843 0 1.58385 -0.56749 0 1.76767 226.36 0 -19.4925 
9.58 1.987 0.1765 0.147979 0 1.58561 -0.451219 0 1.75786 231.03 0 -19.4925 
9.581 1.987 0.1765 0.147646 0 1.58736 -0.333079 0 1.74805 234.744 0 -19.4925 
9.582 1.987 0.1765 0.147432 0 1.5891 -0.213559 0 1.73824 237.485 0 -19.4925 
9.583 1.987 0.1765 0.147339 0 1.59083 -0.0931552 0 1.72843 239.243 0 -19.4925 
9.584 1.987 0.1765 0.147366 0 1.59254 0.0276348 0 1.71862 240.01 0 -19.4925 
9.585 1.987 0.1765 0.147515 0 1.59425 0.14831 0 1.70881 239.782 0 -19.4925 
9.586 1.987 0.1765 0.147783 0 1.59595 0.268372 0 1.699 238.562 0 -19.4925 
9.587 1.987 0.1765 0.14817 0 1.59764 0.387321 0 1.68919 236.353 0 -19.4925 
9.588 1.987 0.1765 0.148675 0 1.59932 0.504667 0 1.67938 233.165 0 -19.4925 
9.589 1.987 0.1765 0.149295 0 1.60099 0.619922 0 1.66957 229.011 0 -19.4925 
9.59 1.987 0.1765 0.150028 0 1.60265 0.732609 0 1.65976 223.909 0 -19.4925 
9.591 1.987 0.1765 0.15087 0 1.6043 0.842261 0 1.64995 217.88 0 -19.4925 
9.592 1.987 0.1765 0.151818 0 1.60594 0.948425 0 1.64014 210.947 0 -19.4925 
9.593 1.987 0.1765 0.152869 0 1.60757 1.05066 0 1.63033 203.141 0 -19.4925 
9.594 1.987 0.1765 0.154018 0 1.60919 1.14854 0 1.62052 194.494 0 -19.4925 
9.595 1.987 0.1765 0.155259 0 1.6108 1.24167 0 1.61071 185.041 0 -19.4925 
9.596 1.987 0.1765 0.156589 0 1.6124 1.32965 0 1.6009 174.821 0 -19.4925 
9.597 1.987 0.1765 0.158001 0 1.61399 1.41213 0 1.59109 163.878 0 -19.4925 
9.598 1.987 0.1765 0.15949 0 1.61558 1.48875 0 1.58128 152.255 0 -19.4925 
9.599 1.987 0.1765 0.161049 0 1.61715 1.55921 0 1.57147 140.002 0 -19.4925 
9.6 1.987 0.1765 0.162672 0 1.61871 1.62321 0 1.56166 127.169 0 -19.4925 
9.601 1.987 0.1765 0.164353 0 1.62026 1.68049 0 1.55185 113.809 0 -19.4925 
9.602 1.987 0.1765 0.166083 0 1.6218 1.73081 0 1.54204 99.9782 0 -19.4925 
9.603 1.987 0.1765 0.167857 0 1.62333 1.77395 0 1.53223 85.7329 0 -19.4925 
9.604 1.987 0.1765 0.169667 0 1.62486 1.80975 0 1.52242 71.1325 0 -19.4925 
9.605 1.987 0.1765 0.171505 0 1.62637 1.83805 0 1.51261 56.2374 0 -19.4925 
9.606 1.987 0.1765 0.173364 0 1.62787 1.85874 0 1.5028 41.1094 0 -19.4925 
9.607 1.987 0.1765 0.175236 0 1.62937 1.87173 0 1.49299 25.8111 0 -19.4925 
9.608 1.987 0.1765 0.177113 0 1.63085 1.87697 0 1.48318 10.4059 0 -19.4925 
9.609 1.987 0.1765 0.17899 0 1.63232 1.87697 0 1.47337 0 0 -19.4925 
9.61 1.987 0.1765 0.180867 0 1.63379 1.87697 0 1.46356 0 0 -19.4925 
9.611 1.987 0.1765 0.182744 0 1.63524 1.87697 0 1.45375 0 0 -19.4925 
9.612 1.987 0.1765 0.184621 0 1.63668 1.87697 0 1.44394 0 0 -19.4925 
9.613 1.987 0.1765 0.186498 0 1.63812 1.87697 0 1.43413 0 0 -19.4925 
9.614 1.987 0.1765 0.188374 0 1.63954 1.87697 0 1.42432 0 0 -19.4925 
9.615 1.987 0.1765 0.190251 0 1.64096 1.87697 0 1.41451 0 0 -19.4925 
9.616 1.987 0.1765 0.192128 0 1.64236 1.87697 0 1.4047 0 0 -19.4925 
9.617 1.987 0.1765 0.194005 0 1.64376 1.87697 0 1.39489 0 0 -19.4925 
9.618 1.987 0.1765 0.195882 0 1.64514 1.87697 0 1.38508 0 0 -19.4925 
9.619 1.987 0.1765 0.197759 0 1.64652 1.87697 0 1.37527 0 0 -19.4925 
9.62 1.987 0.1765 0.199636 0 1.64788 1.87697 0 1.36546 0 0 -19.4925 
9.621 1.987 0.1765 0.201513 0 1.64924 1.87697 0 1.35565 0 0 -19.4925 
9.622 1.987 0.1765 0.20339 0 1.65058 1.87697 0 1.34584 0 0 -19.4925 
9.623 1.987 0.1765 0.205267 0 1.65192 1.87697 0 1.33603 0 0 -19.4925 
9.624 1.987 0.1765 0.207144 0 1.65325 1.87697 0 1.32622 0 0 -19.4925 
9.625 1.987 0.1765 0.209021 0 1.65456 1.87697 0 1.31641 0 0 -19.4925 
9.626 1.987 0.1765 0.210898 0 1.65587 1.87697 0 1.3066 0 0 -19.4925 
9.627 1.987 0.1765 0.212775 0 1.65717 1.87697 0 1.29679 0 0 -19.4925 
9.628 1.987 0.1765 0.214652 0 1.65845 1.87697 0 1.28698 0 0 -19.4925 
9.629 1.987 0.1765 0.216529 0 1.65973 1.87697 0 1.27717 0 0 -19.4925 
9.63 1.987 0.1765 0.218406 0 1.661 1.87697 0 1.26736 0 0 -19.4925 
9.631 1.987 0.1765 0.220283 0 1.66225 1.87697 0 1.25755 0 0 -19.4925 
9.632 1.987 0.1765 0.22216 0 1.6635 1.87697 0 1.24774 0 0 -19.4925 
9.633 1.987 0.1765 0.224037 0 1.66474 1.87697 0 1.23793 0 0 -19.4925 
9.634 1.987 0.1765 0.225914 0 1.66597 1.87697 0 1.22812 0 0 -19.4925 
9.635 1.987 0.1765 0.227791 0 1.66719 1.87697 0 1.21831 0 0 -19.4925 
9.636 1.987 0.1765 0.229668 0 1.66839 1.87697 0 1.2085 0 0 -19.4925 
9.637 1.987 0.1765 0.231545 0 1.66959 1.87697 0 1.19869 0 0 -19.4925 
9.638 1.987 0.1765 0.233422 0 1.67078 1.87697 0 1.18888 0 0 -19.4925 
9.639 1.987 0.1765 0.235299 0 1.67196 1.87697 0 1.17907 0 0 -19.4925 
9.64 1.987 0.1765 0.237176 0 1.67313 1.87697 0 1.16926 0 0 -19.4925 
9.641 1.987 0.1765 0.239053 0 1.67429 1.87697 0 1.15945 0 0 -19.4925 
9.642 1.987 0.1765 0.24093 0 1.67544 1.87697 0 1.14964 0 0 -19.4925 
9.643 1.987 0.1765 0.242807 0 1.67658 1.87697 0 1.13983 0 0 -19.4925 
9.644 1.987 0.1765 0.244684 0 1.67771 1.87697 0 1.13002 0 0 -19.4925 
9.645 1.987 0.1765 0.246561 0 1.67883 1.87697 0 1.12021 0 0 -19.4925 
9.646 1.987 0.1765 0.248438 0 1.67994 1.87697 0 1.1104 0 0 -19.4925 
9.647 1.987 0.1765 0.250314 0 1.68104 1.87697 0 1.10059 0 0 -19.4925 
9.648 1.987 0.1765 0.252191 0 1.68213 1.87697 0 1.09078 0 0 -19.4925 
9.649 1.987 0.1765 0.254068 0 1.68321 1.87697 0 1.08097 0 0 -19.4925 
9.65 1.987 0.1765 0.255945 0 1.68428 1.87697 0 1.07116 0 0 -19.4925 
9.651 1.987 0.1765 0.257822 0 1.68535 1.87697 0 1.06135 0 0 -19.4925 
9.652 1.987 0.1765 0.259699 0 1.6864 1.87697 0 1.05154 0 0 -19.4925 
9.653 1.987 0.1765 0.261576 0 1.68744 1.87697 0 1.04173 0 0 -19.4925 
9.654 1.987 0.1765 0.263453 0 1.68847 1.87697 0 1.03192 0 0 -19.4925 
9.655 1.987 0.1765 0.26533 0 1.68949 1.87697 0 1.02211 0 0 -19.4925 
9.656 1.987 0.1765 0.267207 0 1.6905 1.87697 0 1.0123 0 0 -19.4925 
9.657 1.987 0.1765 0.269084 0 1.69151 1.87697 0 1.00249 0 0 -19.4925 
9.658 1.987 0.1765 0.270961 0 1.6925 1.87697 0 0.992684 0 0 -19.4925 
9.659 1.987 0.1765 0.272838 0 1.69348 1.87697 0 0.982874 0 0 -19.4925 
9.66 1.987 0.1765 0.274715 0 1.69446 1.87697 0 0.973064 0 0 -19.4925 
9.661 1.987 0.1765 0.276592 0 1.69542 1.87697 0 0.963254 0 0 -19.4925 
9.662 1.987 0.1765 0.278469 0 1.69637 1.87697 0 0.953444 0 0 -19.4925 
9.663 1.987 0.1765 0.280346 0 1.69732 1.87697 0 0.943634 0 0 -19.4925 
9.664 1.987 0.1765 0.282223 0 1.69825 1.87697 0 0.933824 0 0 -19.4925 
9.665 1.987 0.1765 0.2841 0 1.69917 1.87697 0 0.924014 0 0 -19.4925 
9.666 1.987 0.1765 0.285977 0 1.70009 1.87697 0 0.914204 0 0 -19.4925 
9.667 1.987 0.1765 0.287854 0 1.70099 1.87697 0 0.904394 0 0 -19.4925 
9.668 1.987 0.1765 0.289731 0 1.70189 1.87697 0 0.894584 0 0 -19.4925 
9.669 1.987 0.1765 0.291608 0 1.70277 1.87697 0 0.884774 0 0 -19.4925 
9.67 1.987 0.1765 0.293485 0 1.70365 1.87697 0 0.874964 0 0 -19.4925 
9.671 1.987 0.1765 0.295362 0 1.70451 1.87697 0 0.865154 0 0 -19.4925 
9.672 1.987 0.1765 0.297239 0 1.70537 1.87697 0 0.855344 0 0 -19.4925 
9.673 1.987 0.1765 0.299116 0 1.70621 1.87697 0 0.845534 0 0 -19.4925 
9.674 1.987 0.1765 0.300993 0 1.70705 1.87697 0 0.835724 0 0 -19.4925 
9.675 1.987 0.1765 0.30287 0 1.70787 1.87697 0 0.825914 0 0 -19.4925 
9.676 1.987 0.1765 0.304747 0 1.70869 1.87697 0 0.816104 0 0 -19.4925 
9.677 1.987 0.1765 0.306624 0 1.7095 1.87697 0 0.806294 0 0 -19.4925 
9.678 1.987 0.1765 0.308501 0 1.71029 1.87697 0 0.796484 0 0 -19.4925 
9.679 1.987 0.1765 0.310378 0 1.71108 1.87697 0 0.786674 0 0 -19.4925 
9.68 1.987 0.1765 0.312254 0 1.71186 1.87697 0 0.776864 0 0 -19.4925 
9.681 1.987 0.1765 0.314131 0 1.71262 1.87697 0 0.767054 0 0 -19.4925 
9.682 1.987 0.1765 0.316008 0 1.71338 1.87697 0 0.757244 0 0 -19.4925 
9.683 1.987 0.1765 0.317885 0 1.71413 1.87697 0 0.747434 0 0 -19.4925 
9.684 1.987 0.1765 0.319762 0 1.71487 1.87697 0 0.737624 0 0 -19.4925 
9.685 1.987 0.1765 0.321639 0 1.71559 1.87697 0 0.727814 0 0 -19.4925 
9.686 1.987 0.1765 0.323516 0 1.71631 1.87697 0 0.718004 0 0 -19.4925 
9.687 1.987 0.1765 0.325393 0 1.71702 1.87697 0 0.708194 0 0 -19.4925 
9.688 1.987 0.1765 0.32727 0 1.71772 1.87697 0 0.698384 0 0 -19.4925 
9.689 1.987 0.1765 0.329147 0 1.71841 1.87697 0 0.688574 0 0 -19.4925 
9.69 1.987 0.1765 0.331024 0 1.71909 1.87697 0 0.678764 0 0 -19.4925 
9.691 1.987 0.1765 0.332901 0 1.71976 1.87697 0 0.668954 0 0 -19.4925 
9.692 1.987 0.1765 0.334778 0 1.72041 1.87697 0 0.659144 0 0 -19.4925 
9.693 1.987 0.1765 0.336655 0 1.72106 1.87697 0 0.649334 0 0 -19.4925 
9.694 1.987 0.1765 0.338532 0 1.7217 1.87697 0 0.639524 0 0 -19.4925 
9.695 1.987 0.1765 0.340409 0 1.72233 1.87697 0 0.629714 0 0 -19.4925 
9.696 1.987 0.1765 0.342286 0 1.72295 1.87697 0 0.619904 0 0 -19.4925 
9.697 1.987 0.1765 0.344163 0 1.72356 1.87697 0 0.610094 0 0 -19.4925 
9.698 1.987 0.1765 0.34604 0 1.72416 1.87697 0 0.600284 0 0 -19.4925 
9.699 1.987 0.1765 0.347917 0 1.72475 1.87697 0 0.590474 0 0 -19.4925 
9.7 1.987 0.1765 0.349794 0 1.72533 1.87697 0 0.580664 0 0 -19.4925 
9.701 1.987 0.1765 0.351671 0 1.72591 1.87697 0 0.570854 0 0 -19.4925 
9.702 1.987 0.1765 0.353548 0 1.72647 1.87697 0 0.561044 0 0 -19.4925 
9.703 1.987 0.1765 0.355425 0 1.72702 1.87697 0 0.551234 0 0 -19.4925 
9.704 1.987 0.1765 0.357302 0 1.72756 1.87697 0 0.541424 0 0 -19.4925 
9.705 1.987 0.1765 0.359179 0 1.72809 1.87697 0 0.531614 0 0 -19.4925 
9.706 1.987 0.1765 0.361056 0 1.72861 1.87697 0 0.521804 0 0 -19.4925 
9.707 1.987 0.1765 0.362933 0 1.72912 1.87697 0 0.511994 0 0 -19.4925 
9.708 1.987 0.1765 0.36481 0 1.72963 1.87697 0 0.502184 0 0 -19.4925 
9.709 1.987 0.1765 0.366687 0 1.73012 1.87697 0 0.492374 0 0 -19.4925 
9.71 1.987 0.1765 0.368564 0 1.7306 1.87697 0 0.482564 0 0 -19.4925 
9.711 1.987 0.1765 0.370441 0 1.73107 1.87697 0 0.472754 0 0 -19.4925 
9.712 1.987 0.1765 0.372318 0 1.73154 1.87697 0 0.462944 0 0 -19.4925 
9.713 1.987 0.1765 0.374194 0 1.73199 1.87697 0 0.453134 0 0 -19.4925 
9.714 1.987 0.1765 0.376071 0 1.73243 1.87697 0 0.443324 0 0 -19.4925 
9.715 1.987 0.1765 0.377948 0 1.73287 1.87697 0 0.433514 0 0 -19.4925 
9.716 1.987 0.1765 0.379825 0 1.73329 1.87697 0 0.423704 0 0 -19.4925 
9.717 1.987 0.1765 0.381702 0 1.7337 1.87697 0 0.413894 0 0 -19.4925 
9.718 1.987 0.1765 0.383579 0 1.73411 1.87697 0 0.404084 0 0 -19.4925 
9.719 1.987 0.1765 0.385456 0 1.7345 1.87697 0 0.394274 0 0 -19.4925 
9.72 1.987 0.1765 0.387333 0 1.73489 1.87697 0 0.384464 0 0 -19.4925 
9.721 1.987 0.1765 0.38921 0 1.73526 1.87697 0 0.374654 0 0 -19.4925 
9.722 1.987 0.1765 0.391087 0 1.73563 1.87697 0 0.364844 0 0 -19.4925 
9.723 1.987 0.1765 0.392964 0 1.73598 1.87697 0 0.355034 0 0 -19.4925 
9.724 1.987 0.1765 0.394841 0 1.73633 1.87697 0 0.345224 0 0 -19.4925 
9.725 1.987 0.1765 0.396718 0 1.73666 1.87697 0 0.335414 0 0 -19.4925 
9.726 1.987 0.1765 0.398595 0 1.73699 1.87697 0 0.325604 0 0 -19.4925 
9.727 1.987 0.1765 0.400472 0 1.7373 1.87697 0 0.315794 0 0 -19.4925 
9.728 1.987 0.1765 0.402349 0 1.73761 1.87697 0 0.305984 0 0 -19.4925 
9.729 1.987 0.1765 0.404226 0 1.73791 1.87697 0 0.296174 0 0 -19.4925 
9.73 1.987 0.1765 0.406103 0 1.73819 1.87697 0 0.286364 0 0 -19.4925 
9.731 1.987 0.1765 0.40798 0 1.73847 1.87697 0 0.276554 0 0 -19.4925 
9.732 1.987 0.1765 0.409857 0 1.73874 1.87697 0 0.266744 0 0 -19.4925 
9.733 1.987 0.1765 0.411734 0 1.73899 1.87697 0 0.256934 0 0 -19.4925 
9.734 1.987 0.1765 0.413611 0 1.73924 1.87697 0 0.247124 0 0 -19.4925 
9.735 1.987 0.1765 0.415488 0 1.73948 1.87697 0 0.237314 0 0 -19.4925 
9.736 1.987 0.1765 0.417365 0 1.7397 1.87697 0 0.227504 0 0 -19.4925 
9.737 1.987 0.1765 0.419242 0 1.73992 1.87697 0 0.217694 0 0 -19.4925 
9.738 1.987 0.1765 0.421119 0 1.74013 1.87697 0 0.207884 0 0 -19.4925 
9.739 1.987 0.1765 0.422996 0 1.74033 1.87697 0 0.198074 0 0 -19.4925 
9.74 1.987 0.1765 0.424873 0 1.74052 1.87697 0 0.188264 0 0 -19.4925 
9.741 1.987 0.1765 0.42675 0 1.7407 1.87697 0 0.178454 0 0 -19.4925 
9.742 1.987 0.1765 0.428627 0 1.74086 1.87697 0 0.168644 0 0 -19.4925 
9.743 1.987 0.1765 0.430504 0 1.74102 1.87697 0 0.158834 0 0 -19.4925 
9.744 1.987 0.1765 0.432381 0 1.74117 1.87697 0 0.149024 0 0 -19.4925 
9.745 1.987 0.1765 0.434258 0 1.74131 1.87697 0 0.139214 0 0 -19.4925 
9.746 1.987 0.1765 0.436134 0 1.74144 1.87697 0 0.129404 0 0 -19.4925 
9.747 1.987 0.1765 0.438011 0 1.74156 1.87697 0 0.119594 0 0 -19.4925 
9.748 1.987 0.1765 0.439888 0 1.74167 1.87697 0 0.109784 0 0 -19.4925 
9.749 1.987 0.1765 0.441765 0 1.74177 1.87697 0 0.0999739 0 0 -19.4925 
9.75 1.987 0.1765 0.443642 0 1.74186 1.87697 0 0.0901639 0 0 -19.4925 
9.751 1.987 0.1765 0.445519 0 1.74194 1.87697 0 0.0803539 0 0 -19.4925 
9.752 1.987 0.1765 0.447396 0 1.74201 1.87697 0 0.0705439 0 0 -19.4925 
9.753 1.987 0.1765 0.449273 0 1.74207 1.87697 0 0.0607339 0 0 -19.4925 
9.754 1.987 0.1765 0.45115 0 1.74212 1.87697 0 0.0509239 0 0 -19.4925 
9.755 1.987 0.1765 0.453027 0 1.74216 1.87697 0 0.0411139 0 0 -19.4925 
9.756 1.987 0.1765 0.454904 0 1.74219 1.87697 0 0.0313039 0 0 -19.4925 
9.757 1.987 0.1765 0.456781 0 1.74222 1.87697 0 0.0214939 0 0 -19.4925 
9.758 1.987 0.1765 0.458658 0 1.74223 1.87697 0 0.0116839 0 0 -19.4925 
9.759 1.987 0.1765 0.460535 0 1.74223 1.87697 0 0.00187388 0 0 -19.4925 
9.76 1.987 0.1765 0.462412 0 1.74222 1.87697 0 -0.00793612 0 0 -19.4925 
9.761 1.987 0.1765 0.464289 0 1.7422 1.87697 0 -0.0177461 0 0 -19.4925 
9.762 1.987 0.1765 0.466166 0 1.74218 1.87697 0 -0.0275561 0 0 -19.4925 
9.763 1.987 0.1765 0.468043 0 1.74214 1.87697 0 -0.0373661 0 0 -19.4925 
9.764 1.987 0.1765 0.46992 0 1.74209 1.87697 0 -0.0471761 0 0 -19.4925 
9.765 1.987 0.1765 0.471797 0 1.74204 1.87697 0 -0.0569861 0 0 -19.4925 
9.766 1.987 0.1765 0.473674 0 1.74197 1.87697 0 -0.0667961 0 0 -19.4925 
9.767 1.987 0.1765 0.475551 0 1.74189 1.87697 0 -0.0766061 0 0 -19.4925 
9.768 1.987 0.1765 0.477428 0 1.74181 1.87697 0 -0.0864161 0 0 -19.4925 
9.769 1.987 0.1765 0.479305 0 1.74171 1.87697 0 -0.0962261 0 0 -19.4925 
9.77 1.987 0.1765 0.481182 0 1.7416 1.87697 0 -0.106036 0 0 -19.4925 
9.771 1.987 0.1765 0.483059 0 1.74149 1.87697 0 -0.115846 0 0 -19.4925 
9.772 1.987 0.1765 0.484936 0 1.74136 1.87697 0 -0.125656 0 0 -19.4925 
9.773 1.987 0.1765 0.486813 0 1.74123 1.87697 0 -0.135466 0 0 -19.4925 
9.774 1.987 0.1765 0.48869 0 1.74108 1.87697 0 -0.145276 0 0 -19.4925 
9.775 1.987 0.1765 0.490567 0 1.74093 1.87697 0 -0.155086 0 0 -19.4925 
9.776 1.987 0.1765 0.492444 0 1.74076 1.87697 0 -0.164896 0 0 -19.4925 
9.777 1.987 0.1765 0.494321 0 1.74059 1.87697 0 -0.174706 0 0 -19.4925 
9.778 1.987 0.1765 0.496198 0 1.7404 1.87697 0 -0.184516 0 0 -19.4925 
9.779 1.987 0.1765 0.498074 0 1.74021 1.87697 0 -0.194326 0 0 -19.4925 
9.78 1.987 0.1765 0.499951 0 1.74 1.87697 0 -0.204136 0 0 -19.4925 
9.781 1.987 0.1765 0.501828 0 1.73979 1.87697 0 -0.213946 0 0 -19.4925 
9.782 1.987 0.1765 0.503705 0 1.73957 1.87697 0 -0.223756 0 0 -19.4925 
9.783 1.987 0.1765 0.505582 0 1.73933 1.87697 0 -0.233566 0 0 -19.4925 
9.784 1.987 0.1765 0.507459 0 1.73909 1.87697 0 -0.243376 0 0 -19.4925 
9.785 1.987 0.1765 0.509336 0 1.73884 1.87697 0 -0.253186 0 0 -19.4925 
9.786 1.987 0.1765 0.511213 0 1.73857 1.87697 0 -0.262996 0 0 -19.4925 
9.787 1.987 0.1765 0.51309 0 1.7383 1.87697 0 -0.272806 0 0 -19.4925 
9.788 1.987 0.1765 0.514967 0 1.73802 1.87697 0 -0.282616 0 0 -19.4925 
9.789 1.987 0.1765 0.516844 0 1.73772 1.87697 0 -0.292426 0 0 -19.4925 
9.79 1.987 0.1765 0.518721 0 1.73742 1.87697 0 -0.302236 0 0 -19.4925 
9.791 1.987 0.1765 0.520598 0 1.73711 1.87697 0 -0.312046 0 0 -19.4925 
9.792 1.987 0.1765 0.522475 0 1.73679 1.87697 0 -0.321856 0 0 -19.4925 
9.793 1.987 0.1765 0.524352 0 1.73646 1.87697 0 -0.331666 0 0 -19.4925 
9.794 1.987 0.1765 0.526229 0 1.73612 1.87697 0 -0.341476 0 0 -19.4925 
9.795 1.987 0.1765 0.528106 0 1.73576 1.87697 0 -0.351286 0 0 -19.4925 
9.796 1.987 0.1765 0.529983 0 1.7354 1.87697 0 -0.361096 0 0 -19.4925 
9.797 1.987 0.1765 0.53186 0 1.73503 1.87697 0 -0.370906 0 0 -19.4925 
9.798 1.987 0.1765 0.533737 0 1.73465 1.87697 0 -0.380716 0 0 -19.4925 
9.799 1.987 0.1765 0.535614 0 1.73426 1.87697 0 -0.390526 0 0 -19.4925 
9.8 1.987 0.1765 0.537491 0 1.73386 1.87697 0 -0.400336 0 0 -19.4925 
9.801 1.987 0.1765 0.539368 0 1.73345 1.87697 0 -0.410146 0 0 -19.4925 
9.802 1.987 0.1765 0.541245 0 1.73303 1.87697 0 -0.419956 0 0 -19.4925 
9.803 1.987 0.1765 0.543122 0 1.7326 1.87697 0 -0.429766 0 0 -19.4925 
9.804 1.987 0.1765 0.544999 0 1.73216 1.87697 0 -0.439576 0 0 -19.4925 
9.805 1.987 0.1765 0.546876 0 1.73171 1.87697 0 -0.449386 0 0 -19.4925 
9.806 1.987 0.1765 0.548753 0 1.73125 1.87697 0 -0.459196 0 0 -19.4925 
9.807 1.987 0.1765 0.55063 0 1.73078 1.87697 0 -0.469006 0 0 -19.4925 
9.808 1.987 0.1765 0.552507 0 1.7303 1.87697 0 -0.478816 0 0 -19.4925 
9.809 1.987 0.1765 0.554384 0 1.72982 1.87697 0 -0.488626 0 0 -19.4925 
9.81 1.987 0.1765 0.556261 0 1.72932 1.87697 0 -0.498436 0 0 -19.4925 
9.811 1.987 0.1765 0.558138 0 1.72881 1.87697 0 -0.508246 0 0 -19.4925 
9.812 1.987 0.1765 0.560014 0 1.72829 1.87697 0 -0.518056 0 0 -19.4925 
9.813 1.987 0.1765 0.561891 0 1.72776 1.87697 0 -0.527866 0 0 -19.4925 
9.814 1.987 0.1765 0.563768 0 1.72723 1.87697 0 -0.537676 0 0 -19.4925 
9.815 1.987 0.1765 0.565645 0 1.72668 1.87697 0 -0.547486 0 0 -19.4925 
9.816 1.987 0.1765 0.567522 0 1.72612 1.87697 0 -0.557296 0 0 -19.4925 
9.817 1.987 0.1765 0.569399 0 1.72555 1.87697 0 -0.567106 0 0 -19.4925 
9.818 1.987 0.1765 0.571276 0 1.72498 1.87697 0 -0.576916 0 0 -19.4925 
9.819 1.987 0.1765 0.573153 0 1.72439 1.87697 0 -0.586726 0 0 -19.4925 
9.82 1.987 0.1765 0.57503 0 1.72379 1.87697 0 -0.596536 0 0 -19.4925 
9.821 1.987 0.1765 0.576907 0 1.72319 1.87697 0 -0.606346 0 0 -19.4925 
9.822 1.987 0.1765 0.578784 0 1.72257 1.87697 0 -0.616156 0 0 -19.4925 
9.823 1.987 0.1765 0.580661 0 1.72194 1.87697 0 -0.625966 0 0 -19.4925 
9.824 1.987 0.1765 0.582538 0 1.72131 1.87697 0 -0.635776 0 0 -19.4925 
9.825 1.987 0.1765 0.584415 0 1.72066 1.87697 0 -0.645586 0 0 -19.4925 
9.826 1.987 0.1765 0.586292 0 1.72001 1.87697 0 -0.655396 0 0 -19.4925 
9.827 1.987 0.1765 0.588169 0 1.71934 1.87697 0 -0.665206 0 0 -19.4925 
9.828 1.987 0.1765 0.590046 0 1.71867 1.87697 0 -0.675016 0 0 -19.4925 
9.829 1.987 0.1765 0.591923 0 1.71798 1.87697 0 -0.684826 0 0 -19.4925 
9.83 1.987 0.1765 0.5938 0 1.71729 1.87697 0 -0.694636 0 0 -19.4925 
9.831 1.987 0.1765 0.595677 0 1.71658 1.87697 0 -0.704446 0 0 -19.4925 
9.832 1.987 0.1765 0.597554 0 1.71587 1.87697 0 -0.714256 0 0 -19.4925 
9.833 1.987 0.1765 0.599431 0 1.71515 1.87697 0 -0.724066 0 0 -19.4925 
9.834 1.987 0.1765 0.601308 0 1.71441 1.87697 0 -0.733876 0 0 -19.4925 
9.835 1.987 0.1765 0.603185 0 1.71367 1.87697 0 -0.743686 0 0 -19.4925 
9.836 1.987 0.1765 0.605062 0 1.71291 1.87697 0 -0.753496 0 0 -19.4925 
9.837 1.987 0.1765 0.606939 0 1.71215 1.87697 0 -0.763306 0 0 -19.4925 
9.838 1.987 0.1765 0.608816 0 1.71138 1.87697 0 -0.773116 0 0 -19.4925 
9.839 1.987 0.1765 0.610693 0 1.7106 1.87697 0 -0.782926 0 0 -19.4925 
9.84 1.987 0.1765 0.61257 0 1.7098 1.87697 0 -0.792736 0 0 -19.4925 
9.841 1.987 0.1765 0.614447 0 1.709 1.87697 0 -0.802546 0 0 -19.4925 
9.842 1.987 0.1765 0.616324 0 1.70819 1.87697 0 -0.812356 0 0 -19.4925 
9.843 1.987 0.1765 0.618201 0 1.70737 1.87697 0 -0.822166 0 0 -19.4925 
9.844 1.987 0.1765 0.620078 0 1.70653 1.87697 0 -0.831976 0 0 -19.4925 
9.845 1.987 0.1765 0.621954 0 1.70569 1.87697 0 -0.841786 0 0 -19.4925 
9.846 1.987 0.1765 0.623831 0 1.70484 1.87697 0 -0.851596 0 0 -19.4925 
9.847 1.987 0.1765 0.625708 0 1.70398 1.87697 0 -0.861406 0 0 -19.4925 
9.848 1.987 0.1765 0.627585 0 1.70311 1.87697 0 -0.871216 0 0 -19.4925 
9.849 1.987 0.1765 0.629462 0 1.70223 1.87697 0 -0.881026 0 0 -19.4925 
9.85 1.987 0.1765 0.631339 0 1.70134 1.87697 0 -0.890836 0 0 -19.4925 
9.851 1.987 0.1765 0.633216 0 1.70044 1.87697 0 -0.900646 0 0 -19.4925 
9.852 1.987 0.1765 0.635093 0 1.69952 1.87697 0 -0.910456 0 0 -19.4925 
9.853 1.987 0.1765 0.63697 0 1.6986 1.87697 0 -0.920266 0 0 -19.4925 
9.854 1.987 0.1765 0.638847 0 1.69767 1.87697 0 -0.930076 0 0 -19.4925 
9.855 1.987 0.1765 0.640724 0 1.69673 1.87697 0 -0.939886 0 0 -19.4925 
9.856 1.987 0.1765 0.642601 0 1.69578 1.87697 0 -0.949696 0 0 -19.4925 
9.857 1.987 0.1765 0.644478 0 1.69483 1.87697 0 -0.959506 0 0 -19.4925 
9.858 1.987 0.1765 0.646355 0 1.69386 1.87697 0 -0.969316 0 0 -19.4925 
9.859 1.987 0.1765 0.648232 0 1.69288 1.87697 0 -0.979126 0 0 -19.4925 
9.86 1.987 0.1765 0.650109 0 1.69189 1.87697 0 -0.988936 0 0 -19.4925 
9.861 1.987 0.1765 0.651986 0 1.69089 1.87697 0 -0.998746 0 0 -19.4925 
9.862 1.987 0.1765 0.653863 0 1.68988 1.87697 0 -1.00856 0 0 -19.4925 
9.863 1.987 0.1765 0.65574 0 1.68886 1.87697 0 -1.01837 0 0 -19.4925 
9.864 1.987 0.1765 0.657617 0 1.68783 1.87697 0 -1.02818 0 0 -19.4925 
9.865 1.987 0.1765 0.659494 0 1.6868 1.87697 0 -1.03799 0 0 -19.4925 
9.866 1.987 0.1765 0.661371 0 1.68575 1.87697 0 -1.0478 0 0 -19.4925 
9.867 1.987 0.1765 0.663248 0 1.68469 1.87697 0 -1.05761 0 0 -19.4925 
9.868 1.987 0.1765 0.665125 0 1.68362 1.87697 0 -1.06742 0 0 -19.4925 
9.869 1.987 0.1765 0.667002 0 1.68255 1.87697 0 -1.07723 0 0 -19.4925 
9.87 1.987 0.1765 0.668879 0 1.68146 1.87697 0 -1.08704 0 0 -19.4925 
9.871 1.987 0.1765 0.670756 0 1.68036 1.87697 0 -1.09685 0 0 -19.4925 
9.872 1.987 0.1765 0.672633 0 1.67926 1.87697 0 -1.10666 0 0 -19.4925 
9.873 1.987 0.1765 0.67451 0 1.67814 1.87697 0 -1.11647 0 0 -19.4925 
9.874 1.987 0.1765 0.676387 0 1.67701 1.87697 0 -1.12628 0 0 -19.4925 
9.875 1.987 0.1765 0.678264 0 1.67588 1.87697 0 -1.13609 0 0 -19.4925 
9.876 1.987 0.1765 0.680141 0 1.67473 1.87697 0 -1.1459 0 0 -19.4925 
9.877 1.987 0.1765 0.682018 0 1.67357 1.87697 0 -1.15571 0 0 -19.4925 
9.878 1.987 0.1765 0.683894 0 1.67241 1.87697 0 -1.16552 0 0 -19.4925 
9.879 1.987 0.1765 0.685771 0 1.67123 1.87697 0 -1.17533 0 0 -19.4925 
9.88 1.987 0.1765 0.687648 0 1.67005 1.87697 0 -1.18514 0 0 -19.4925 
9.881 1.987 0.1765 0.689525 0 1.66885 1.87697 0 -1.19495 0 0 -19.4925 
9.882 1.987 0.1765 0.691402 0 1.66765 1.87697 0 -1.20476 0 0 -19.4925 
9.883 1.987 0.1765 0.693279 0 1.66643 1.87697 0 -1.21457 0 0 -19.4925 
9.884 1.987 0.1765 0.695156 0 1.66521 1.87697 0 -1.22438 0 0 -19.4925 
9.885 1.987 0.1765 0.697033 0 1.66398 1.87697 0 -1.23419 0 0 -19.4925 
9.886 1.987 0.1765 0.69891 0 1.66273 1.87697 0 -1.244 0 0 -19.4925 
9.887 1.987 0.1765 0.700787 0 1.66148 1.87697 0 -1.25381 0 0 -19.4925 
9.888 1.987 0.1765 0.702664 0 1.66021 1.87697 0 -1.26362 0 0 -19.4925 
9.889 1.987 0.1765 0.704541 0 1.65894 1.87697 0 -1.27343 0 0 -19.4925 
9.89 1.987 0.1765 0.706418 0 1.65766 1.87697 0 -1.28324 0 0 -19.4925 
9.891 1.987 0.1765 0.708295 0 1.65637 1.87697 0 -1.29305 0 0 -19.4925 
9.892 1.987 0.1765 0.710172 0 1.65506 1.87697 0 -1.30286 0 0 -19.4925 
9.893 1.987 0.1765 0.712049 0 1.65375 1.87697 0 -1.31267 0 0 -19.4925 
9.894 1.987 0.1765 0.713926 0 1.65243 1.87697 0 -1.32248 0 0 -19.4925 
9.895 1.987 0.1765 0.715803 0 1.65109 1.87697 0 -1.33229 0 0 -19.4925 
9.896 1.987 0.1765 0.71768 0 1.64975 1.87697 0 -1.3421 0 0 -19.4925 
9.897 1.987 0.1765 0.719557 0 1.6484 1.87697 0 -1.35191 0 0 -19.4925 
9.898 1.987 0.1765 0.721434 0 1.64704 1.87697 0 -1.36172 0 0 -19.4925 
9.899 1.987 0.1765 0.723311 0 1.64567 1.87697 0 -1.37153 0 0 -19.4925 
9.9 1.987 0.1765 0.725188 0 1.64429 1.87697 0 -1.38134 0 0 -19.4925 
9.901 1.987 0.1765 0.727065 0 1.6429 1.87697 0 -1.39115 0 0 -19.4925 
9.902 1.987 0.1765 0.728942 0 1.64149 1.87697 0 -1.40096 0 0 -19.4925 
9.903 1.987 0.1765 0.730819 0 1.64008 1.87697 0 -1.41077 0 0 -19.4925 
9.904 1.987 0.1765 0.732696 0 1.63866 1.87697 0 -1.42058 0 0 -19.4925 
9.905 1.987 0.1765 0.734573 0 1.63723 1.87697 0 -1.43039 0 0 -19.4925 
9.906 1.987 0.1765 0.73645 0 1.63579 1.87697 0 -1.4402 0 0 -19.4925 
9.907 1.987 0.1765 0.738327 0 1.63434 1.87697 0 -1.45001 0 0 -19.4925 
9.908 1.987 0.1765 0.740204 0 1.63288 1.87697 0 -1.45982 0 0 -19.4925 
9.909 1.987 0.1765 0.742081 0 1.63141 1.87697 0 -1.46963 0 0 -19.4925 
9.91 1.987 0.1765 0.743958 0 1.62993 1.87697 0 -1.47944 0 0 -19.4925 
9.911 1.987 0.1765 0.745834 0 1.62844 1.87697 0 -1.48925 0 0 -19.4925 
9.912 1.987 0.1765 0.747711 0 1.62694 1.87697 0 -1.49906 0 0 -19.4925 
9.913 1.987 0.1765 0.749588 0 1.62544 1.87697 0 -1.50887 0 0 -19.4925 
9.914 1.987 0.1765 0.751465 0 1.62392 1.87697 0 -1.51868 0 0 -19.4925 
9.915 1.987 0.1765 0.753342 0 1.62239 1.87697 0 -1.52849 0 0 -19.4925 
9.916 1.987 0.1765 0.755219 0 1.62085 1.87697 0 -1.5383 0 0 -19.4925 
9.917 1.987 0.1765 0.757096 0 1.6193 1.87697 0 -1.54811 0 0 -19.4925 
9.918 1.987 0.1765 0.758973 0 1.61774 1.87697 0 -1.55792 0 0 -19.4925 
9.919 1.987 0.1765 0.76085 0 1.61618 1.87697 0 -1.56773 0 0 -19.4925 
9.92 1.987 0.1765 0.762727 0 1.6146 1.87697 0 -1.57754 0 0 -19.4925 
9.921 1.987 0.1765 0.764604 0 1.61301 1.87697 0 -1.58735 0 0 -19.4925 
9.922 1.987 0.1765 0.766481 0 1.61141 1.87697 0 -1.59716 0 0 -19.4925 
9.923 1.987 0.1765 0.768358 0 1.60981 1.87697 0 -1.60697 0 0 -19.4925 
9.924 1.987 0.1765 0.770235 0 1.60819 1.87697 0 -1.61678 0 0 -19.4925 
9.925 1.987 0.1765 0.772112 0 1.60656 1.87697 0 -1.62659 0 0 -19.4925 
9.926 1.987 0.1765 0.773989 0 1.60493 1.87697 0 -1.6364 0 0 -19.4925 
9.927 1.987 0.1765 0.775866 0 1.60328 1.87697 0 -1.64621 0 0 -19.4925 
9.928 1.987 0.1765 0.777743 0 1.60163 1.87697 0 -1.65602 0 0 -19.4925 
9.929 1.987 0.1765 0.77962 0 1.59996 1.87697 0 -1.66583 0 0 -19.4925 
9.93 1.987 0.1765 0.781497 0 1.59828 1.87697 0 -1.67564 0 0 -19.4925 
9.931 1.987 0.1765 0.783374 0 1.5966 1.87697 0 -1.68545 0 0 -19.4925 
9.932 1.987 0.1765 0.785251 0 1.5949 1.87697 0 -1.69526 0 0 -19.4925 
9.933 1.987 0.1765 0.787128 0 1.5932 1.87697 0 -1.70507 0 0 -19.4925 
9.934 1.987 0.1765 0.789005 0 1.59148 1.87697 0 -1.71488 0 0 -19.4925 
9.935 1.987 0.1765 0.790882 0 1.58976 1.87697 0 -1.72469 0 0 -19.4925 
9.936 1.987 0.1765 0.792759 0 1.58802 1.87697 0 -1.7345 0 0 -19.4925 
9.937 1.987 0.1765 0.794636 0 1.58628 1.87697 0 -1.74431 0 0 -19.4925 
9.938 1.987 0.1765 0.796513 0 1.58453 1.87697 0 -1.75412 0 0 -19.4925 
9.939 1.987 0.1765 0.79839 0 1.58276 1.87697 0 -1.76393 0 0 -19.4925 
9.94 1.987 0.1765 0.800267 0 1.58099 1.87697 0 -1.77374 0 0 -19.4925 
9.941 1.987 0.1765 0.802144 0 1.5792 1.87697 0 -1.78355 0 0 -19.4925 
9.942 1.987 0.1765 0.804021 0 1.57741 1.87697 0 -1.79336 0 0 -19.4925 
9.943 1.987 0.1765 0.805898 0 1.57561 1.87697 0 -1.80317 0 0 -19.4925 
9.944 1.987 0.1765 0.807774 0 1.5738 1.87697 0 -1.81298 0 0 -19.4925 
9.945 1.987 0.1765 0.809651 0 1.57197 1.87697 0 -1.82279 0 0 -19.4925 
9.946 1.987 0.1765 0.811528 0 1.57014 1.87697 0 -1.8326 0 0 -19.4925 
9.947 1.987 0.1765 0.813405 0 1.5683 1.87697 0 -1.84241 0 0 -19.4925 
9.948 1.987 0.1765 0.815282 0 1.56645 1.87697 0 -1.85222 0 0 -19.4925 
9.949 1.987 0.1765 0.817159 0 1.56458 1.87697 0 -1.86203 0 0 -19.4925 
9.95 1.987 0.1765 0.819036 0 1.56271 1.87697 0 -1.87184 0 0 -19.4925 
9.951 1.987 0.1765 0.820913 0 1.56083 1.87697 0 -1.88165 0 0 -19.4925 
9.952 1.987 0.1765 0.82279 0 1.55894 1.87697 0 -1.89146 0 0 -19.4925 
9.953 1.987 0.1765 0.824667 0 1.55704 1.87697 0 -1.90127 0 0 -19.4925 
9.954 1.987 0.1765 0.826544 0 1.55513 1.87697 0 -1.91108 0 0 -19.4925 
9.955 1.987 0.1765 0.828421 0 1.55321 1.87697 0 -1.92089 0 0 -19.4925 
9.956 1.987 0.1765 0.830298 0 1.55127 1.87697 0 -1.9307 0 0 -19.4925 
9.957 1.987 0.1765 0.832175 0 1.54933 1.87697 0 -1.94051 0 0 -19.4925 
9.958 1.987 0.1765 0.834052 0 1.54738 1.87697 0 -1.95032 0 0 -19.4925 
9.959 1.987 0.1765 0.835929 0 1.54542 1.87697 0 -1.96013 0 0 -19.4925 
9.96 1.987 0.1765 0.837806 0 1.54345 1.87697 0 -1.96994 0 0 -19.4925 
9.961 1.987 0.1765 0.839683 0 1.54147 1.87697 0 -1.97975 0 0 -19.4925 
9.962 1.987 0.1765 0.84156 0 1.53948 1.87697 0 -1.98956 0 0 -19.4925 
9.963 1.987 0.1765 0.843437 0 1.53749 1.87697 0 -1.99937 0 0 -19.4925 
9.964 1.987 0.1765 0.845314 0 1.53548 1.87697 0 -2.00918 0 0 -19.4925 
9.965 1.987 0.1765 0.847191 0 1.53346 1.87697 0 -2.01899 0 0 -19.4925 
9.966 1.987 0.1765 0.849068 0 1.53143 1.87697 0 -2.0288 0 0 -19.4925 
9.967 1.987 0.1765 0.850945 0 1.52939 1.87697 0 -2.03861 0 0 -19.4925 
9.968 1.987 0.1765 0.852822 0 1.52734 1.87697 0 -2.04842 0 0 -19.4925 
9.969 1.987 0.1765 0.854699 0 1.52528 1.87697 0 -2.05823 0 0 -19.4925 
9.97 1.987 0.1765 0.856576 0 1.52321 1.87697 0 -2.06804 0 0 -19.4925 
9.971 1.987 0.1765 0.858453 0 1.52114 1.87697 0 -2.07785 0 0 -19.4925 
9.972 1.987 0.1765 0.86033 0 1.51905 1.87697 0 -2.08766 0 0 -19.4925 
9.973 1.987 0.1765 0.862207 0 1.51695 1.87697 0 -2.09747 0 0 -19.4925 
9.974 1.987 0.1765 0.864084 0 1.51484 1.87697 0 -2.10728 0 0 -19.4925 
9.975 1.987 0.1765 0.865961 0 1.51273 1.87697 0 -2.11709 0 0 -19.4925 
9.976 1.987 0.1765 0.867838 0 1.5106 1.87697 0 -2.1269 0 0 -19.4925 
9.977 1.987 0.1765 0.869714 0 1.50846 1.87697 0 -2.13671 0 0 -19.4925 
9.978 1.987 0.1765 0.871591 0 1.50632 1.87697 0 -2.14652 0 0 -19.4925 
9.979 1.987 0.1765 0.873468 0 1.50416 1.87697 0 -2.15633 0 0 -19.4925 
9.98 1.987 0.1765 0.875345 0 1.50199 1.87697 0 -2.16614 0 0 -19.4925 
9.981 1.987 0.1765 0.877222 0 1.49982 1.87697 0 -2.17595 0 0 -19.4925 
9.982 1.987 0.1765 0.879099 0 1.49763 1.87697 0 -2.18576 0 0 -19.4925 
9.983 1.987 0.1765 0.880976 0 1.49544 1.87697 0 -2.19557 0 0 -19.4925 
9.984 1.987 0.1765 0.882853 0 1.49323 1.87697 0 -2.20538 0 0 -19.4925 
9.985 1.987 0.1765 0.88473 0 1.49102 1.87697 0 -2.21519 0 0 -19.4925 
9.986 1.987 0.1765 0.886607 0 1.48879 1.87697 0 -2.225 0 0 -19.4925 
9.987 1.987 0.1765 0.888484 0 1.48656 1.87697 0 -2.23481 0 0 -19.4925 
9.988 1.987 0.1765 0.890361 0 1.48431 1.87697 0 -2.24462 0 0 -19.4925 
9.989 1.987 0.1765 0.892238 0 1.48206 1.87697 0 -2.25443 0 0 -19.4925 
9.99 1.987 0.1765 0.894115 0 1.47979 1.87697 0 -2.26424 0 0 -19.4925 
9.991 1.987 0.1765 0.895992 0 1.47752 1.87697 0 -2.27405 0 0 -19.4925 
9.992 1.987 0.1765 0.897869 0 1.47524 1.87697 0 -2.28386 0 0 -19.4925 
9.993 1.987 0.1765 0.899746 0 1.47294 1.87697 0 -2.29367 0 0 -19.4925 
9.994 1.987 0.1765 0.901623 0 1.47064 1.87697 0 -2.30348 0 0 -19.4925 
9.995 1.987 0.1765 0.9035 0 1.46833 1.87697 0 -2.31329 0 0 -19.4925 
9.996 1.987 0.1765 0.905377 0 1.466 1.87697 0 -2.3231 0 0 -19.4925 
9.997 1.987 0.1765 0.907254 0 1.46367 1.87697 0 -2.33291 0 0 -19.4925 
9.998 1.987 0.1765 0.909131 0 1.46133 1.87697 0 -2.34272 0 0 -19.4925 
9.999 1.987 0.1765 0.911008 0 1.45897 1.87697 0 -2.35253 0 0 -19.4925 
10 1.987 0.1765 0.912885 0 1.45661 1.87697 0 -2.36234 0 0 -19.4925 
10.001 1.987 0.1765 0.914762 0 1.45424 1.87697 0 -2.37215 0 0 -19.4925 
10.002 1.987 0.1765 0.916639 0 1.45186 1.87697 0 -2.38196 0 0 -19.4925 
10.003 1.987 0.1765 0.918516 0 1.44947 1.87697 0 -2.39177 0 0 -19.4925 
10.004 1.987 0.1765 0.920393 0 1.44706 1.87697 0 -2.40158 0 0 -19.4925 
10.005 1.987 0.1765 0.92227 0 1.44465 1.87697 0 -2.41139 0 0 -19.4925 
10.006 1.987 0.1765 0.924147 0 1.44223 1.87697 0 -2.4212 0 0 -19.4925 
10.007 1.987 0.1765 0.926024 0 1.4398 1.87697 0 -2.43101 0 0 -19.4925 
10.008 1.987 0.1765 0.927901 0 1.43736 1.87697 0 -2.44082 0 0 -19.4925 
10.009 1.987 0.1765 0.929778 0 1.43491 1.87697 0 -2.45063 0 0 -19.4925 
10.01 1.987 0.1765 0.931654 0 1.43245 1.87697 0 -2.46044 0 0 -19.4925 
10.011 1.987 0.1765 0.933531 0 1.42998 1.87697 0 -2.47025 0 0 -19.4925 
10.012 1.987 0.1765 0.935408 0 1.4275 1.87697 0 -2.48006 0 0 -19.4925 
10.013 1.987 0.1765 0.937285 0 1.42501 1.87697 0 -2.48987 0 0 -19.4925 
10.014 1.987 0.1765 0.939162 0 1.42251 1.87697 0 -2.49968 0 0 -19.4925 
10.015 1.987 0.1765 0.941039 0 1.42 1.87697 0 -2.50949 0 0 -19.4925 
10.016 1.987 0.1765 0.942916 0 1.41748 1.87697 0 -2.5193 0 0 -19.4925 
10.017 1.987 0.1765 0.944793 0 1.41495 1.87697 0 -2.52911 0 0 -19.4925 
10.018 1.987 0.1765 0.94667 0 1.41241 1.87697 0 -2.53892 0 0 -19.4925 
10.019 1.987 0.1765 0.948547 0 1.40986 1.87697 0 -2.54873 0 0 -19.4925 
10.02 1.987 0.1765 0.950424 0 1.40731 1.87697 0 -2.55854 0 0 -19.4925 
10.021 1.987 0.1765 0.952301 0 1.40474 1.87697 0 -2.56835 0 0 -19.4925 
10.022 1.987 0.1765 0.954178 0 1.40216 1.87697 0 -2.57816 0 0 -19.4925 
10.023 1.987 0.1765 0.956055 0 1.39957 1.87697 0 -2.58797 0 0 -19.4925 
10.024 1.987 0.1765 0.957932 0 1.39697 1.87697 0 -2.59778 0 0 -19.4925 
10.025 1.987 0.1765 0.959809 0 1.39437 1.87697 0 -2.60759 0 0 -19.4925 
10.026 1.987 0.1765 0.961686 0 1.39175 1.87697 0 -2.6174 0 0 -19.4925 
10.027 1.987 0.1765 0.963563 0 1.38912 1.87697 0 -2.62721 0 0 -19.4925 
10.028 1.987 0.1765 0.96544 0 1.38648 1.87697 0 -2.63702 0 0 -19.4925 
10.029 1.987 0.1765 0.967317 0 1.38384 1.87697 0 -2.64683 0 0 -19.4925 
10.03 1.987 0.1765 0.969194 0 1.38118 1.87697 0 -2.65664 0 0 -19.4925 
10.031 1.987 0.1765 0.971071 0 1.37851 1.87697 0 -2.66645 0 0 -19.4925 
10.032 1.987 0.1765 0.972948 0 1.37584 1.87697 0 -2.67626 0 0 -19.4925 
10.033 1.987 0.1765 0.974825 0 1.37315 1.87697 0 -2.68607 0 0 -19.4925 
10.034 1.987 0.1765 0.976702 0 1.37046 1.87697 0 -2.69588 0 0 -19.4925 
10.035 1.987 0.1765 0.978579 0 1.36775 1.87697 0 -2.70569 0 0 -19.4925 
10.036 1.987 0.1765 0.980456 0 1.36503 1.87697 0 -2.7155 0 0 -19.4925 
10.037 1.987 0.1765 0.982333 0 1.36231 1.87697 0 -2.72531 0 0 -19.4925 
10.038 1.987 0.1765 0.98421 0 1.35957 1.87697 0 -2.73512 0 0 -19.4925 
10.039 1.987 0.1765 0.986087 0 1.35683 1.87697 0 -2.74493 0 0 -19.4925 
10.04 1.987 0.1765 0.987964 0 1.35407 1.87697 0 -2.75474 0 0 -19.4925 
10.041 1.987 0.1765 0.989841 0 1.35131 1.87697 0 -2.76455 0 0 -19.4925 
10.042 1.987 0.1765 0.991718 0 1.34854 1.87697 0 -2.77436 0 0 -19.4925 
10.043 1.987 0.1765 0.993594 0 1.34575 1.87697 0 -2.78417 0 0 -19.4925 
10.044 1.987 0.1765 0.995471 0 1.34296 1.87697 0 -2.79398 0 0 -19.4925 
10.045 1.987 0.1765 0.997348 0 1.34015 1.87697 0 -2.80379 0 0 -19.4925 
10.046 1.987 0.1765 0.999225 0 1.33734 1.87697 0 -2.8136 0 0 -19.4925 
10.047 1.987 0.1765 1.0011 0 1.33452 1.87697 0 -2.82341 0 0 -19.4925 
10.048 1.987 0.1765 1.00298 0 1.33168 1.87697 0 -2.83322 0 0 -19.4925 
10.049 1.987 0.1765 1.00486 0 1.32884 1.87697 0 -2.84303 0 0 -19.4925 
10.05 1.987 0.1765 1.00673 0 1.32599 1.87697 0 -2.85284 0 0 -19.4925 
10.051 1.987 0.1765 1.00861 0 1.32312 1.87697 0 -2.86265 0 0 -19.4925 
10.052 1.987 0.1765 1.01049 0 1.32025 1.87697 0 -2.87246 0 0 -19.4925 
10.053 1.987 0.1765 1.01236 0 1.31737 1.87697 0 -2.88227 0 0 -19.4925 
10.054 1.987 0.1765 1.01424 0 1.31448 1.87697 0 -2.89208 0 0 -19.4925 
10.055 1.987 0.1765 1.01612 0 1.31158 1.87697 0 -2.90189 0 0 -19.4925 
10.056 1.987 0.1765 1.018 0 1.30866 1.87697 0 -2.9117 0 0 -19.4925 
10.057 1.987 0.1765 1.01987 0 1.30574 1.87697 0 -2.92151 0 0 -19.4925 
10.058 1.987 0.1765 1.02175 0 1.30281 1.87697 0 -2.93132 0 0 -19.4925 
10.059 1.987 0.1765 1.02363 0 1.29987 1.87697 0 -2.94113 0 0 -19.4925 
10.06 1.987 0.1765 1.0255 0 1.29692 1.87697 0 -2.95094 0 0 -19.4925 
10.061 1.987 0.1765 1.02738 0 1.29396 1.87697 0 -2.96075 0 0 -19.4925 
10.062 1.987 0.1765 1.02926 0 1.29099 1.87697 0 -2.97056 0 0 -19.4925 
10.063 1.987 0.1765 1.03113 0 1.28801 1.87697 0 -2.98037 0 0 -19.4925 
10.064 1.987 0.1765 1.03301 0 1.28502 1.87697 0 -2.99018 0 0 -19.4925 
10.065 1.987 0.1765 1.03489 0 1.28202 1.87697 0 -2.99999 0 0 -19.4925 
10.066 1.987 0.1765 1.03676 0 1.27901 1.87697 0 -3.0098 0 0 -19.4925 
10.067 1.987 0.1765 1.03864 0 1.27599 1.87697 0 -3.01961 0 0 -19.4925 
10.068 1.987 0.1765 1.04052 0 1.27296 1.87697 0 -3.02942 0 0 -19.4925 
10.069 1.987 0.1765 1.0424 0 1.26992 1.87697 0 -3.03923 0 0 -19.4925 
10.07 1.987 0.1765 1.04427 0 1.26687 1.87697 0 -3.04904 0 0 -19.4925 
10.071 1.987 0.1765 1.04615 0 1.26381 1.87697 0 -3.05885 0 0 -19.4925 
10.072 1.987 0.1765 1.04803 0 1.26074 1.87697 0 -3.06866 0 0 -19.4925 
10.073 1.987 0.1765 1.0499 0 1.25766 1.87697 0 -3.07847 0 0 -19.4925 
10.074 1.987 0.1765 1.05178 0 1.25458 1.87697 0 -3.08828 0 0 -19.4925 
10.075 1.987 0.1765 1.05366 0 1.25148 1.87697 0 -3.09809 0 0 -19.4925 
10.076 1.987 0.1765 1.05553 0 1.24837 1.87697 0 -3.1079 0 0 -19.4925 
10.077 1.987 0.1765 1.05741 0 1.24525 1.87697 0 -3.11771 0 0 -19.4925 
10.078 1.987 0.1765 1.05929 0 1.24213 1.87697 0 -3.12752 0 0 -19.4925 
10.079 1.987 0.1765 1.06117 0 1.23899 1.87697 0 -3.13733 0 0 -19.4925 
10.08 1.987 0.1765 1.06304 0 1.23584 1.87697 0 -3.14714 0 0 -19.4925 
10.081 1.987 0.1765 1.06492 0 1.23268 1.87697 0 -3.15695 0 0 -19.4925 
10.082 1.987 0.1765 1.0668 0 1.22952 1.87697 0 -3.16676 0 0 -19.4925 
10.083 1.987 0.1765 1.06867 0 1.22634 1.87697 0 -3.17657 0 0 -19.4925 
10.084 1.987 0.1765 1.07055 0 1.22315 1.87697 0 -3.18638 0 0 -19.4925 
10.085 1.987 0.1765 1.07243 0 1.21996 1.87697 0 -3.19619 0 0 -19.4925 
10.086 1.987 0.1765 1.0743 0 1.21675 1.87697 0 -3.206 0 0 -19.4925 
10.087 1.987 0.1765 1.07618 0 1.21354 1.87697 0 -3.21581 0 0 -19.4925 
10.088 1.987 0.1765 1.07806 0 1.21031 1.87697 0 -3.22562 0 0 -19.4925 
10.089 1.987 0.1765 1.07994 0 1.20708 1.87697 0 -3.23543 0 0 -19.4925 
10.09 1.987 0.1765 1.08181 0 1.20383 1.87697 0 -3.24524 0 0 -19.4925 
10.091 1.987 0.1765 1.08369 0 1.20057 1.87697 0 -3.25505 0 0 -19.4925 
10.092 1.987 0.1765 1.08557 0 1.19731 1.87697 0 -3.26486 0 0 -19.4925 
10.093 1.987 0.1765 1.08744 0 1.19404 1.87697 0 -3.27467 0 0 -19.4925 
10.094 1.987 0.1765 1.08932 0 1.19075 1.87697 0 -3.28448 0 0 -19.4925 
10.095 1.987 0.1765 1.0912 0 1.18746 1.87697 0 -3.29429 0 0 -19.4925 
10.096 1.987 0.1765 1.09307 0 1.18415 1.87697 0 -3.3041 0 0 -19.4925 
10.097 1.987 0.1765 1.09495 0 1.18084 1.87697 0 -3.31391 0 0 -19.4925 
10.098 1.987 0.1765 1.09683 0 1.17751 1.87697 0 -3.32372 0 0 -19.4925 
10.099 1.987 0.1765 1.0987 0 1.17418 1.87697 0 -3.33353 0 0 -19.4925 
10.1 1.987 0.1765 1.10058 0 1.17084 1.87697 0 -3.34334 0 0 -19.4925 
10.101 1.987 0.1765 1.10246 0 1.16748 1.87697 0 -3.35315 0 0 -19.4925 
10.102 1.987 0.1765 1.10434 0 1.16412 1.87697 0 -3.36296 0 0 -19.4925 
10.103 1.987 0.1765 1.10621 0 1.16075 1.87697 0 -3.37277 0 0 -19.4925 
10.104 1.987 0.1765 1.10809 0 1.15737 1.87697 0 -3.38258 0 0 -19.4925 
10.105 1.987 0.1765 1.10997 0 1.15397 1.87697 0 -3.39239 0 0 -19.4925 
10.106 1.987 0.1765 1.11184 0 1.15057 1.87697 0 -3.4022 0 0 -19.4925 
10.107 1.987 0.1765 1.11372 0 1.14716 1.87697 0 -3.41201 0 0 -19.4925 
10.108 1.987 0.1765 1.1156 0 1.14374 1.87697 0 -3.42182 0 0 -19.4925 
10.109 1.987 0.1765 1.11747 0 1.14031 1.87697 0 -3.43163 0 0 -19.4925 
10.11 1.987 0.1765 1.11935 0 1.13687 1.87697 0 -3.44144 0 0 -19.4925 
10.111 1.987 0.1765 1.12123 0 1.13341 1.87697 0 -3.45125 0 0 -19.4925 
10.112 1.987 0.1765 1.12311 0 1.12995 1.87697 0 -3.46106 0 0 -19.4925 
10.113 1.987 0.1765 1.12498 0 1.12648 1.87697 0 -3.47087 0 0 -19.4925 
10.114 1.987 0.1765 1.12686 0 1.123 1.87697 0 -3.48068 0 0 -19.4925 
10.115 1.987 0.1765 1.12874 0 1.11951 1.87697 0 -3.49049 0 0 -19.4925 
10.116 1.987 0.1765 1.13061 0 1.11601 1.87697 0 -3.5003 0 0 -19.4925 
10.117 1.987 0.1765 1.13249 0 1.1125 1.87697 0 -3.51011 0 0 -19.4925 
10.118 1.987 0.1765 1.13437 0 1.10898 1.87697 0 -3.51992 0 0 -19.4925 
10.119 1.987 0.1765 1.13624 0 1.10545 1.87697 0 -3.52973 0 0 -19.4925 
10.12 1.987 0.1765 1.13812 0 1.10191 1.87697 0 -3.53954 0 0 -19.4925 
10.121 1.987 0.1765 1.14 0 1.09836 1.87697 0 -3.54935 0 0 -19.4925 
10.122 1.987 0.1765 1.14188 0 1.0948 1.87697 0 -3.55916 0 0 -19.4925 
10.123 1.987 0.1765 1.14375 0 1.09123 1.87697 0 -3.56897 0 0 -19.4925 
10.124 1.987 0.1765 1.14563 0 1.08765 1.87697 0 -3.57878 0 0 -19.4925 
10.125 1.987 0.1765 1.14751 0 1.08407 1.87697 0 -3.58859 0 0 -19.4925 
10.126 1.987 0.1765 1.14938 0 1.08047 1.87697 0 -3.5984 0 0 -19.4925 
10.127 1.987 0.1765 1.15126 0 1.07686 1.87697 0 -3.60821 0 0 -19.4925 
10.128 1.987 0.1765 1.15314 0 1.07324 1.87697 0 -3.61802 0 0 -19.4925 
10.129 1.987 0.1765 1.15501 0 1.06961 1.87697 0 -3.62783 0 0 -19.4925 
10.13 1.987 0.1765 1.15689 0 1.06598 1.87697 0 -3.63764 0 0 -19.4925 
10.131 1.987 0.1765 1.15877 0 1.06233 1.87697 0 -3.64745 0 0 -19.4925 
10.132 1.987 0.1765 1.16064 0 1.05867 1.87697 0 -3.65726 0 0 -19.4925 
10.133 1.987 0.1765 1.16252 0 1.055 1.87697 0 -3.66707 0 0 -19.4925 
10.134 1.987 0.1765 1.1644 0 1.05133 1.87697 0 -3.67688 0 0 -19.4925 
10.135 1.987 0.1765 1.16628 0 1.04764 1.87697 0 -3.68669 0 0 -19.4925 
10.136 1.987 0.1765 1.16815 0 1.04394 1.87697 0 -3.6965 0 0 -19.4925 
10.137 1.987 0.1765 1.17003 0 1.04024 1.87697 0 -3.70631 0 0 -19.4925 
10.138 1.987 0.1765 1.17191 0 1.03652 1.87697 0 -3.71612 0 0 -19.4925 
10.139 1.987 0.1765 1.17378 0 1.0328 1.87697 0 -3.72593 0 0 -19.4925 
10.14 1.987 0.1765 1.17566 0 1.02906 1.87697 0 -3.73574 0 0 -19.4925 
10.141 1.987 0.1765 1.17754 0 1.02531 1.87697 0 -3.74555 0 0 -19.4925 
10.142 1.987 0.1765 1.17941 0 1.02156 1.87697 0 -3.75536 0 0 -19.4925 
10.143 1.987 0.1765 1.18129 0 1.01779 1.87697 0 -3.76517 0 0 -19.4925 
10.144 1.987 0.1765 1.18317 0 1.01402 1.87697 0 -3.77498 0 0 -19.4925 
10.145 1.987 0.1765 1.18505 0 1.01023 1.87697 0 -3.78479 0 0 -19.4925 
10.146 1.987 0.1765 1.18692 0 1.00644 1.87697 0 -3.7946 0 0 -19.4925 
10.147 1.987 0.1765 1.1888 0 1.00264 1.87697 0 -3.80441 0 0 -19.4925 
10.148 1.987 0.1765 1.19068 0 0.998821 1.87697 0 -3.81422 0 0 -19.4925 
10.149 1.987 0.1765 1.19255 0 0.994997 1.87697 0 -3.82403 0 0 -19.4925 
10.15 1.987 0.1765 1.19443 0 0.991163 1.87697 0 -3.83384 0 0 -19.4925 
10.151 1.987 0.1765 1.19631 0 0.98732 1.87697 0 -3.84365 0 0 -19.4925 
10.152 1.987 0.1765 1.19818 0 0.983466 1.87697 0 -3.85346 0 0 -19.4925 
10.153 1.987 0.1765 1.20006 0 0.979603 1.87697 0 -3.86327 0 0 -19.4925 
10.154 1.987 0.1765 1.20194 0 0.97573 1.87697 0 -3.87308 0 0 -19.4925 
10.155 1.987 0.1765 1.20382 0 0.971847 1.87697 0 -3.88289 0 0 -19.4925 
10.156 1.987 0.1765 1.20569 0 0.967954 1.87697 0 -3.8927 0 0 -19.4925 
10.157 1.987 0.1765 1.20757 0 0.964052 1.87697 0 -3.90251 0 0 -19.4925 
10.158 1.987 0.1765 1.20945 0 0.96014 1.87697 0 -3.91232 0 0 -19.4925 
10.159 1.987 0.1765 1.21132 0 0.956217 1.87697 0 -3.92213 0 0 -19.4925 
10.16 1.987 0.1765 1.2132 0 0.952285 1.87697 0 -3.93194 0 0 -19.4925 
10.161 1.987 0.1765 1.21508 0 0.948344 1.87697 0 -3.94175 0 0 -19.4925 
10.162 1.987 0.1765 1.21695 0 0.944392 1.87697 0 -3.95156 0 0 -19.4925 
10.163 1.987 0.1765 1.21883 0 0.940431 1.87697 0 -3.96137 0 0 -19.4925 
10.164 1.987 0.1765 1.22071 0 0.93646 1.87697 0 -3.97118 0 0 -19.4925 
10.165 1.987 0.1765 1.22258 0 0.932479 1.87697 0 -3.98099 0 0 -19.4925 
10.166 1.987 0.1765 1.22446 0 0.928488 1.87697 0 -3.9908 0 0 -19.4925 
10.167 1.987 0.1765 1.22634 0 0.924487 1.87697 0 -4.00061 0 0 -19.4925 
10.168 1.987 0.1765 1.22822 0 0.920477 1.87697 0 -4.01042 0 0 -19.4925 
10.169 1.987 0.1765 1.23009 0 0.916457 1.87697 0 -4.02023 0 0 -19.4925 
10.17 1.987 0.1765 1.23197 0 0.912427 1.87697 0 -4.03004 0 0 -19.4925 
10.171 1.987 0.1765 1.23385 0 0.908387 1.87697 0 -4.03985 0 0 -19.4925 
10.172 1.987 0.1765 1.23572 0 0.904337 1.87697 0 -4.04966 0 0 -19.4925 
10.173 1.987 0.1765 1.2376 0 0.900278 1.87697 0 -4.05947 0 0 -19.4925 
10.174 1.987 0.1765 1.23948 0 0.896208 1.87697 0 -4.06928 0 0 -19.4925 
10.175 1.987 0.1765 1.24135 0 0.892129 1.87697 0 -4.07909 0 0 -19.4925 
10.176 1.987 0.1765 1.24323 0 0.88804 1.87697 0 -4.0889 0 0 -19.4925 
10.177 1.987 0.1765 1.24511 0 0.883942 1.87697 0 -4.09871 0 0 -19.4925 
10.178 1.987 0.1765 1.24699 0 0.879833 1.87697 0 -4.10852 0 0 -19.4925 
10.179 1.987 0.1765 1.24886 0 0.875715 1.87697 0 -4.11833 0 0 -19.4925 
10.18 1.987 0.1765 1.25074 0 0.871587 1.87697 0 -4.12814 0 0 -19.4925 
10.181 1.987 0.1765 1.25262 0 0.867449 1.87697 0 -4.13795 0 0 -19.4925 
10.182 1.987 0.1765 1.25449 0 0.863301 1.87697 0 -4.14776 0 0 -19.4925 
10.183 1.987 0.1765 1.25637 0 0.859143 1.87697 0 -4.15757 0 0 -19.4925 
10.184 1.987 0.1765 1.25825 0 0.854976 1.87697 0 -4.16738 0 0 -19.4925 
10.185 1.987 0.1765 1.26012 0 0.850799 1.87697 0 -4.17719 0 0 -19.4925 
10.186 1.987 0.1765 1.262 0 0.846612 1.87697 0 -4.187 0 0 -19.4925 
10.187 1.987 0.1765 1.26388 0 0.842415 1.87697 0 -4.19681 0 0 -19.4925 
10.188 1.987 0.1765 1.26576 0 0.838208 1.87697 0 -4.20662 0 0 -19.4925 
10.189 1.987 0.1765 1.26763 0 0.833992 1.87697 0 -4.21643 0 0 -19.4925 
10.19 1.987 0.1765 1.26951 0 0.829766 1.87697 0 -4.22624 0 0 -19.4925 
10.191 1.987 0.1765 1.27139 0 0.82553 1.87697 0 -4.23605 0 0 -19.4925 
10.192 1.987 0.1765 1.27326 0 0.821284 1.87697 0 -4.24586 0 0 -19.4925 
10.193 1.987 0.1765 1.27514 0 0.817028 1.87697 0 -4.25567 0 0 -19.4925 
10.194 1.987 0.1765 1.27702 0 0.812763 1.87697 0 -4.26548 0 0 -19.4925 
10.195 1.987 0.1765 1.27889 0 0.808487 1.87697 0 -4.27529 0 0 -19.4925 
10.196 1.987 0.1765 1.28077 0 0.804202 1.87697 0 -4.2851 0 0 -19.4925 
10.197 1.987 0.1765 1.28265 0 0.799907 1.87697 0 -4.29491 0 0 -19.4925 
10.198 1.987 0.1765 1.28452 0 0.795603 1.87697 0 -4.30472 0 0 -19.4925 
10.199 1.987 0.1765 1.2864 0 0.791288 1.87697 0 -4.31453 0 0 -19.4925 
10.2 1.987 0.1765 1.28828 0 0.786964 1.87697 0 -4.32434 0 0 -19.4925 
10.201 1.987 0.1765 1.29016 0 0.78263 1.87697 0 -4.33415 0 0 -19.4925 
10.202 1.987 0.1765 1.29203 0 0.778286 1.87697 0 -4.34396 0 0 -19.4925 
10.203 1.987 0.1765 1.29391 0 0.773932 1.87697 0 -4.35377 0 0 -19.4925 
10.204 1.987 0.1765 1.29579 0 0.769568 1.87697 0 -4.36358 0 0 -19.4925 
10.205 1.987 0.1765 1.29766 0 0.765195 1.87697 0 -4.37339 0 0 -19.4925 
10.206 1.987 0.1765 1.29954 0 0.760812 1.87697 0 -4.3832 0 0 -19.4925 
10.207 1.987 0.1765 1.30142 0 0.756419 1.87697 0 -4.39301 0 0 -19.4925 
10.208 1.987 0.1765 1.30329 0 0.752016 1.87697 0 -4.40282 0 0 -19.4925 
10.209 1.987 0.1765 1.30517 0 0.747603 1.87697 0 -4.41263 0 0 -19.4925 
10.21 1.987 0.1765 1.30705 0 0.743181 1.87697 0 -4.42244 0 0 -19.4925 
10.211 1.987 0.1765 1.30893 0 0.738749 1.87697 0 -4.43225 0 0 -19.4925 
10.212 1.987 0.1765 1.3108 0 0.734307 1.87697 0 -4.44206 0 0 -19.4925 
10.213 1.987 0.1765 1.31268 0 0.729855 1.87697 0 -4.45187 0 0 -19.4925 
10.214 1.987 0.1765 1.31456 0 0.725393 1.87697 0 -4.46168 0 0 -19.4925 
10.215 1.987 0.1765 1.31643 0 0.720922 1.87697 0 -4.47149 0 0 -19.4925 
10.216 1.987 0.1765 1.31831 0 0.71644 1.87697 0 -4.4813 0 0 -19.4925 
10.217 1.987 0.1765 1.32019 0 0.711949 1.87697 0 -4.49111 0 0 -19.4925 
10.218 1.987 0.1765 1.32206 0 0.707448 1.87697 0 -4.50092 0 0 -19.4925 
10.219 1.987 0.1765 1.32394 0 0.702938 1.87697 0 -4.51073 0 0 -19.4925 
10.22 1.987 0.1765 1.32582 0 0.698417 1.87697 0 -4.52054 0 0 -19.4925 
10.221 1.987 0.1765 1.3277 0 0.693887 1.87697 0 -4.53035 0 0 -19.4925 
10.222 1.987 0.1765 1.32957 0 0.689347 1.87697 0 -4.54016 0 0 -19.4925 
10.223 1.987 0.1765 1.33145 0 0.684797 1.87697 0 -4.54997 0 0 -19.4925 
10.224 1.987 0.1765 1.33333 0 0.680237 1.87697 0 -4.55978 0 0 -19.4925 
10.225 1.987 0.1765 1.3352 0 0.675667 1.87697 0 -4.56959 0 0 -19.4925 
10.226 1.987 0.1765 1.33708 0 0.671088 1.87697 0 -4.5794 0 0 -19.4925 
10.227 1.987 0.1765 1.33896 0 0.666499 1.87697 0 -4.58921 0 0 -19.4925 
10.228 1.987 0.1765 1.34083 0 0.6619 1.87697 0 -4.59902 0 0 -19.4925 
10.229 1.987 0.1765 1.34271 0 0.657291 1.87697 0 -4.60883 0 0 -19.4925 
10.23 1.987 0.1765 1.34459 0 0.652672 1.87697 0 -4.61864 0 0 -19.4925 
10.231 1.987 0.1765 1.34646 0 0.648044 1.87697 0 -4.62845 0 0 -19.4925 
10.232 1.987 0.1765 1.34834 0 0.643405 1.87697 0 -4.63826 0 0 -19.4925 
10.233 1.987 0.1765 1.35022 0 0.638757 1.87697 0 -4.64807 0 0 -19.4925 
10.234 1.987 0.1765 1.3521 0 0.634099 1.87697 0 -4.65788 0 0 -19.4925 
10.235 1.987 0.1765 1.35397 0 0.629432 1.87697 0 -4.66769 0 0 -19.4925 
10.236 1.987 0.1765 1.35585 0 0.624754 1.87697 0 -4.6775 0 0 -19.4925 
10.237 1.987 0.1765 1.35773 0 0.620067 1.87697 0 -4.68731 0 0 -19.4925 
10.238 1.987 0.1765 1.3596 0 0.61537 1.87697 0 -4.69712 0 0 -19.4925 
10.239 1.987 0.1765 1.36148 0 0.610663 1.87697 0 -4.70693 0 0 -19.4925 
10.24 1.987 0.1765 1.36336 0 0.605946 1.87697 0 -4.71674 0 0 -19.4925 
10.241 1.987 0.1765 1.36523 0 0.60122 1.87697 0 -4.72655 0 0 -19.4925 
10.242 1.987 0.1765 1.36711 0 0.596483 1.87697 0 -4.73636 0 0 -19.4925 
10.243 1.987 0.1765 1.36899 0 0.591737 1.87697 0 -4.74617 0 0 -19.4925 
10.244 1.987 0.1765 1.37087 0 0.586981 1.87697 0 -4.75598 0 0 -19.4925 
10.245 1.987 0.1765 1.37274 0 0.582215 1.87697 0 -4.76579 0 0 -19.4925 
10.246 1.987 0.1765 1.37462 0 0.57744 1.87697 0 -4.7756 0 0 -19.4925 
10.247 1.987 0.1765 1.3765 0 0.572654 1.87697 0 -4.78541 0 0 -19.4925 
10.248 1.987 0.1765 1.37837 0 0.567859 1.87697 0 -4.79522 0 0 -19.4925 
10.249 1.987 0.1765 1.38025 0 0.563054 1.87697 0 -4.80503 0 0 -19.4925 
10.25 1.987 0.1765 1.38213 0 0.558239 1.87697 0 -4.81484 0 0 -19.4925 
10.251 1.987 0.1765 1.384 0 0.553415 1.87697 0 -4.82465 0 0 -19.4925 
10.252 1.987 0.1765 1.38588 0 0.54858 1.87697 0 -4.83446 0 0 -19.4925 
10.253 1.987 0.1765 1.38776 0 0.543736 1.87697 0 -4.84427 0 0 -19.4925 
10.254 1.987 0.1765 1.38964 0 0.538882 1.87697 0 -4.85408 0 0 -19.4925 
10.255 1.987 0.1765 1.39151 0 0.534018 1.87697 0 -4.86389 0 0 -19.4925 
10.256 1.987 0.1765 1.39339 0 0.529144 1.87697 0 -4.8737 0 0 -19.4925 
10.257 1.987 0.1765 1.39527 0 0.524261 1.87697 0 -4.88351 0 0 -19.4925 
10.258 1.987 0.1765 1.39714 0 0.519367 1.87697 0 -4.89332 0 0 -19.4925 
10.259 1.987 0.1765 1.39902 0 0.514464 1.87697 0 -4.90313 0 0 -19.4925 
10.26 1.987 0.1765 1.4009 0 0.509551 1.87697 0 -4.91294 0 0 -19.4925 
10.261 1.987 0.1765 1.40277 0 0.504629 1.87697 0 -4.92275 0 0 -19.4925 
10.262 1.987 0.1765 1.40465 0 0.499696 1.87697 0 -4.93256 0 0 -19.4925 
10.263 1.987 0.1765 1.40653 0 0.494754 1.87697 0 -4.94237 0 0 -19.4925 
10.264 1.987 0.1765 1.4084 0 0.489802 1.87697 0 -4.95218 0 0 -19.4925 
10.265 1.987 0.1765 1.41028 0 0.48484 1.87697 0 -4.96199 0 0 -19.4925 
10.266 1.987 0.1765 1.41216 0 0.479868 1.87697 0 -4.9718 0 0 -19.4925 
10.267 1.987 0.1765 1.41404 0 0.474886 1.87697 0 -4.98161 0 0 -19.4925 
10.268 1.987 0.1765 1.41591 0 0.469895 1.87697 0 -4.99142 0 0 -19.4925 
10.269 1.987 0.1765 1.41779 0 0.464893 1.87697 0 -5.00123 0 0 -19.4925 
10.27 1.987 0.1765 1.41967 0 0.459882 1.87697 0 -5.01104 0 0 -19.4925 
10.271 1.987 0.1765 1.42154 0 0.454862 1.87697 0 -5.02085 0 0 -19.4925 
10.272 1.987 0.1765 1.42342 0 0.449831 1.87697 0 -5.03066 0 0 -19.4925 
10.273 1.987 0.1765 1.4253 0 0.44479 1.87697 0 -5.04047 0 0 -19.4925 
10.274 1.987 0.1765 1.42717 0 0.43974 1.87697 0 -5.05028 0 0 -19.4925 
10.275 1.987 0.1765 1.42905 0 0.43468 1.87697 0 -5.06009 0 0 -19.4925 
10.276 1.987 0.1765 1.43093 0 0.42961 1.87697 0 -5.0699 0 0 -19.4925 
10.277 1.987 0.1765 1.43281 0 0.424531 1.87697 0 -5.07971 0 0 -19.4925 
10.278 1.987 0.1765 1.43468 0 0.419441 1.87697 0 -5.08952 0 0 -19.4925 
10.279 1.987 0.1765 1.43656 0 0.414342 1.87697 0 -5.09933 0 0 -19.4925 
10.28 1.987 0.1765 1.43844 0 0.409233 1.87697 0 -5.10914 0 0 -19.4925 
10.281 1.987 0.1765 1.44031 0 0.404114 1.87697 0 -5.11895 0 0 -19.4925 
10.282 1.987 0.1765 1.44219 0 0.398985 1.87697 0 -5.12876 0 0 -19.4925 
10.283 1.987 0.1765 1.44407 0 0.393846 1.87697 0 -5.13857 0 0 -19.4925 
10.284 1.987 0.1765 1.44594 0 0.388698 1.87697 0 -5.14838 0 0 -19.4925 
10.285 1.987 0.1765 1.44782 0 0.38354 1.87697 0 -5.15819 0 0 -19.4925 
10.286 1.987 0.1765 1.4497 0 0.378372 1.87697 0 -5.168 0 0 -19.4925 
10.287 1.987 0.1765 1.45158 0 0.373194 1.87697 0 -5.17781 0 0 -19.4925 
10.288 1.987 0.1765 1.45345 0 0.368006 1.87697 0 -5.18762 0 0 -19.4925 
10.289 1.987 0.1765 1.45533 0 0.362809 1.87697 0 -5.19743 0 0 -19.4925 
10.29 1.987 0.1765 1.45721 0 0.357602 1.87697 0 -5.20724 0 0 -19.4925 
10.291 1.987 0.1765 1.45908 0 0.352385 1.87697 0 -5.21705 0 0 -19.4925 
10.292 1.987 0.1765 1.46096 0 0.347158 1.87697 0 -5.22686 0 0 -19.4925 
10.293 1.987 0.1765 1.46284 0 0.341921 1.87697 0 -5.23667 0 0 -19.4925 
10.294 1.987 0.1765 1.46471 0 0.336675 1.87697 0 -5.24648 0 0 -19.4925 
10.295 1.987 0.1765 1.46659 0 0.331418 1.87697 0 -5.25629 0 0 -19.4925 
10.296 1.987 0.1765 1.46847 0 0.326152 1.87697 0 -5.2661 0 0 -19.4925 
10.297 1.987 0.1765 1.47034 0 0.320876 1.87697 0 -5.27591 0 0 -19.4925 
10.298 1.987 0.1765 1.47222 0 0.315591 1.87697 0 -5.28572 0 0 -19.4925 
10.299 1.987 0.1765 1.4741 0 0.310295 1.87697 0 -5.29553 0 0 -19.4925 
10.3 1.987 0.1765 1.47598 0 0.30499 1.87697 0 -5.30534 0 0 -19.4925 
10.301 1.987 0.1765 1.47785 0 0.299675 1.87697 0 -5.31515 0 0 -19.4925 
10.302 1.987 0.1765 1.47973 0 0.29435 1.87697 0 -5.32496 0 0 -19.4925 
10.303 1.987 0.1765 1.48161 0 0.289015 1.87697 0 -5.33477 0 0 -19.4925 
10.304 1.987 0.1765 1.48348 0 0.28367 1.87697 0 -5.34458 0 0 -19.4925 
10.305 1.987 0.1765 1.48536 0 0.278316 1.87697 0 -5.35439 0 0 -19.4925 
10.306 1.987 0.1765 1.48724 0 0.272952 1.87697 0 -5.3642 0 0 -19.4925 
10.307 1.987 0.1765 1.48911 0 0.267578 1.87697 0 -5.37401 0 0 -19.4925 
10.308 1.987 0.1765 1.49099 0 0.262194 1.87697 0 -5.38382 0 0 -19.4925 
10.309 1.987 0.1765 1.49287 0 0.2568 1.87697 0 -5.39363 0 0 -19.4925 
10.31 1.987 0.1765 1.49475 0 0.251397 1.87697 0 -5.40344 0 0 -19.4925 
10.311 1.987 0.1765 1.49662 0 0.245984 1.87697 0 -5.41325 0 0 -19.4925 
10.312 1.987 0.1765 1.4985 0 0.24056 1.87697 0 -5.42306 0 0 -19.4925 
10.313 1.987 0.1765 1.50038 0 0.235128 1.87697 0 -5.43287 0 0 -19.4925 
10.314 1.987 0.1765 1.50225 0 0.229685 1.87697 0 -5.44268 0 0 -19.4925 
10.315 1.987 0.1765 1.50413 0 0.224232 1.87697 0 -5.45249 0 0 -19.4925 
10.316 1.987 0.1765 1.50601 0 0.21877 1.87697 0 -5.4623 0 0 -19.4925 
10.317 1.987 0.1765 1.50788 0 0.213298 1.87697 0 -5.47211 0 0 -19.4925 
10.318 1.987 0.1765 1.50976 0 0.207816 1.87697 0 -5.48192 0 0 -19.4925 
10.319 1.987 0.1765 1.51164 0 0.202324 1.87697 0 -5.49173 0 0 -19.4925 
10.32 1.987 0.1765 1.51352 0 0.196823 1.87697 0 -5.50154 0 0 -19.4925 
10.321 1.987 0.1765 1.51539 0 0.191312 1.87697 0 -5.51135 0 0 -19.4925 
10.322 1.987 0.1765 1.51727 0 0.18579 1.87697 0 -5.52116 0 0 -19.4925 
10.323 1.987 0.1765 1.51915 0 0.180259 1.87697 0 -5.53097 0 0 -19.4925 
10.324 1.987 0.1765 1.52102 0 0.174719 1.87697 0 -5.54078 0 0 -19.4925 
10.325 1.987 0.1765 1.5229 0 0.169175 1.87697 0 -5.54321 0 0 -4.83112 
10.326 1.987 0.1765 1.52478 0 0.163653 1.87697 0 -5.52268 0 0 40.792 
10.327 1.987 0.1765 1.52665 0 0.158173 1.87697 0 -5.47927 0 0 86.2462 
10.328 1.987 0.1765 1.52853 0 0.15276 1.87697 0 -5.41317 0 0 131.343 
10.329 1.987 0.1765 1.53041 0 0.147436 1.87697 0 -5.32465 0 0 175.896 
10.33 1.987 0.1765 1.53228 0 0.142222 1.87697 0 -5.21407 0 0 219.72 
10.331 1.987 0.1765 1.53416 0 0.13714 1.87697 0 -5.08189 0 0 262.634 
10.332 1.987 0.1765 1.53604 0 0.132211 1.87697 0 -4.92867 0 0 304.461 
10.333 1.987 0.1765 1.53792 0 0.127456 1.87697 0 -4.75503 0 0 345.026 
10.334 1.987 0.1765 1.53979 0 0.122894 1.87697 0 -4.56169 0 0 384.162 
10.335 1.987 0.1765 1.54167 0 0.118545 1.87697 0 -4.34945 0 0 421.707 
10.336 1.987 0.1765 1.54355 0 0.114426 1.87697 0 -4.11921 0 0 457.505 
10.337 1.987 0.1765 1.54542 0 0.110554 1.87697 0 -3.87189 0 0 491.408 
10.338 1.987 0.1765 1.5473 0 0.106945 1.87697 0 -3.60854 0 0 523.275 
10.339 1.987 0.1765 1.54918 0 0.103615 1.87697 0 -3.33025 0 0 552.975 
10.34 1.987 0.1765 1.55105 0 0.100577 1.87697 0 -3.03816 0 0 580.385 
10.341 1.987 0.1765 1.55293 0 0.0978433 1.87697 0 -2.73348 0 0 605.39 
10.342 1.987 0.1765 1.55481 0 0.0954259 1.87697 0 -2.41748 0 0 627.888 
10.343 1.987 0.1765 1.55669 0 0.0933344 1.87697 0 -2.09147 0 0 647.785 
10.344 1.987 0.1765 1.55856 0 0.0915776 1.87697 0 -1.7568 0 0 664.999 
10.345 1.987 0.1765 1.56044 0 0.0901627 1.87697 0 -1.41485 0 0 679.458 
