0 1.987 0.1765 0.102035 0 2.002 2.03498 0 1.99509 629.63 0 -19.4925 1.987 0.1765 4.89792 0 2.002 -2.0793 0 1.99509 -805.762 0 -19.4925 
0.001 1.987 0.1765 0.104378 0 2.00398 2.34342 0 1.98528 612.881 0 -19.4925 1.987 0.1765 4.89544 0 2.00398 -2.4762 0 1.98528 -788.648 0 -19.4925 
0.002 1.987 0.1765 0.107021 0 2.00596 2.64216 0 1.97547 593.594 0 -19.4925 1.987 0.1765 4.89258 0 2.00596 -2.86285 0 1.97547 -768.268 0 -19.4925 
0.003 1.987 0.1765 0.109951 0 2.00792 2.92996 0 1.96566 571.848 0 -19.4925 1.987 0.1765 4.88934 0 2.00792 -3.23764 0 1.96566 -744.705 0 -19.4925 
0.004 1.987 0.1765 0.113156 0 2.00988 3.20561 0 1.95585 547.733 0 -19.4925 1.987 0.1765 4.88574 0 2.00988 -3.59902 0 1.95585 -718.058 0 -19.4925 
0.005 1.987 0.1765 0.116624 0 2.01182 3.46799 0 1.94604 521.349 0 -19.4925 1.987 0.1765 4.8818 0 2.01182 -3.94549 0 1.94604 -688.437 0 -19.4925 
0.006 1.987 0.1765 0.12034 0 2.01376 3.71601 0 1.93623 492.806 0 -19.4925 1.987 0.1765 4.87752 0 2.01376 -4.27561 0 1.93623 -655.963 0 -19.4925 
0.007 1.987 0.1765 0.124289 0 2.01569 3.94863 0 1.92642 462.221 0 -19.4925 1.987 0.1765 4.87294 0 2.01569 -4.58803 0 1.92642 -620.773 0 -19.4925 
0.008 1.987 0.1765 0.128454 0 2.0176 4.1649 0 1.91661 429.722 0 -19.4925 1.987 0.1765 4.86805 0 2.0176 -4.88144 0 1.91661 -583.012 0 -19.4925 
0.009 1.987 0.1765 0.132818 0 2.01951 4.36391 0 1.9068 395.443 0 -19.4925 1.987 0.1765 4.8629 0 2.01951 -5.15464 0 1.9068 -542.835 0 -19.4925 
0.01 1.987 0.1765 0.137362 0 2.02141 4.54485 0 1.89699 359.526 0 -19.4925 1.987 0.1765 4.85749 0 2.02141 -5.40648 0 1.89699 -500.41 0 -19.4925 
0.011 1.987 0.1765 0.142069 0 2.02329 4.70697 0 1.88718 322.12 0 -19.4925 1.987 0.1765 4.85186 0 2.02329 -5.63593 0 1.88718 -455.912 0 -19.4925 
0.012 1.987 0.1765 0.146919 0 2.02517 4.84958 0 1.87737 283.38 0 -19.4925 1.987 0.1765 4.84602 0 2.02517 -5.84203 0 1.87737 -409.526 0 -19.4925 
0.013 1.987 0.1765 0.151891 0 2.02704 4.97211 0 1.86756 243.465 0 -19.4925 1.987 0.1765 4.83999 0 2.02704 -6.02393 0 1.86756 -361.443 0 -19.4925 
0.014 1.987 0.1765 0.156965 0 2.0289 5.07405 0 1.85775 202.543 0 -19.4925 1.987 0.1765 4.83381 0 2.0289 -6.18089 0 1.85775 -311.864 0 -19.4925 
0.015 1.987 0.1765 0.16212 0 2.03074 5.15496 0 1.84794 160.781 0 -19.4925 1.987 0.1765 4.8275 0 2.03074 -6.31224 0 1.84794 -260.992 0 -19.4925 
0.016 1.987 0.1765 0.167335 0 2.03258 5.21453 0 1.83813 118.353 0 -19.4925 1.987 0.1765 4.82108 0 2.03258 -6.41744 0 1.83813 -209.04 0 -19.4925 
0.017 1.987 0.1765 0.172587 0 2.03441 5.25249 0 1.82832 75.4352 0 -19.4925 1.987 0.1765 4.81458 0 2.03441 -6.49606 0 1.82832 -156.221 0 -19.4925 
0.018 1.987 0.1765 0.177856 0 2.03623 5.2687 0 1.81851 32.2048 0 -19.4925 1.987 0.1765 4.80804 0 2.03623 -6.54777 0 1.81851 -102.756 0 -19.4925 
0.019 1.987 0.1765 0.183125 0 2.03804 5.2687 0 1.8087 0 0 -19.4925 1.987 0.1765 4.80146 0 2.03804 -6.57237 0 1.8087 -48.8644 0 -19.4925 
0.02 1.987 0.1765 0.188393 0 2.03984 5.2687 0 1.79889 0 0 -19.4925 1.987 0.1765 4.79489 0 2.03984 -6.57237 0 1.79889 0 0 -19.4925 
0.021 1.987 0.1765 0.193662 0 2.04163 5.2687 0 1.78908 0 0 -19.4925 1.987 0.1765 4.78832 0 2.04163 -6.57237 0 1.78908 0 0 -19.4925 
0.022 1.987 0.1765 0.198931 0 2.04341 5.2687 0 1.77927 0 0 -19.4925 1.987 0.1765 4.78175 0 2.04341 -6.57237 0 1.77927 0 0 -19.4925 
0.023 1.987 0.1765 0.204199 0 2.04517 5.2687 0 1.76946 0 0 -19.4925 1.987 0.1765 4.77518 0 2.04517 -6.57237 0 1.76946 0 0 -19.4925 
0.024 1.987 0.1765 0.209468 0 2.04693 5.2687 0 1.75965 0 0 -19.4925 1.987 0.1765 4.7686 0 2.04693 -6.57237 0 1.75965 0 0 -19.4925 
0.025 1.987 0.1765 0.214737 0 2.04868 5.2687 0 1.74984 0 0 -19.4925 1.987 0.1765 4.76203 0 2.04868 -6.57237 0 1.74984 0 0 -19.4925 
0.026 1.987 0.1765 0.220005 0 2.05042 5.2687 0 1.74003 0 0 -19.4925 1.987 0.1765 4.75546 0 2.05042 -6.57237 0 1.74003 0 0 -19.4925 
0.027 1.987 0.1765 0.225274 0 2.05215 5.2687 0 1.73022 0 0 -19.4925 1.987 0.1765 4.74889 0 2.05215 -6.57237 0 1.73022 0 0 -19.4925 
0.028 1.987 0.1765 0.230543 0 2.05387 5.2687 0 1.72041 0 0 -19.4925 1.987 0.1765 4.74231 0 2.05387 -6.57237 0 1.72041 0 0 -19.4925 
0.029 1.987 0.1765 0.235812 0 2.05559 5.2687 0 1.7106 0 0 -19.4925 1.987 0.1765 4.73574 0 2.05559 -6.57237 0 1.7106 0 0 -19.4925 
0.03 1.987 0.1765 0.24108 0 2.05729 5.2687 0 1.70079 0 0 -19.4925 1.987 0.1765 4.72917 0 2.05729 -6.57237 0 1.70079 0 0 -19.4925 
0.031 1.987 0.1765 0.246349 0 2.05898 5.2687 0 1.69098 0 0 -19.4925 1.987 0.1765 4.7226 0 2.05898 -6.57237 0 1.69098 0 0 -19.4925 
0.032 1.987 0.1765 0.251618 0 2.06066 5.2687 0 1.68117 0 0 -19.4925 1.987 0.1765 4.71602 0 2.06066 -6.57237 0 1.68117 0 0 -19.4925 
0.033 1.987 0.1765 0.256886 0 2.06233 5.2687 0 1.67136 0 0 -19.4925 1.987 0.1765 4.70945 0 2.06233 -6.57237 0 1.67136 0 0 -19.4925 
0.034 1.987 0.1765 0.262155 0 2.06399 5.2687 0 1.66155 0 0 -19.4925 1.987 0.1765 4.70288 0 2.06399 -6.57237 0 1.66155 0 0 -19.4925 
0.035 1.987 0.1765 0.267424 0 2.06564 5.2687 0 1.65174 0 0 -19.4925 1.987 0.1765 4.69631 0 2.06564 -6.57237 0 1.65174 0 0 -19.4925 
0.036 1.987 0.1765 0.272692 0 2.06729 5.2687 0 1.64193 0 0 -19.4925 1.987 0.1765 4.68973 0 2.06729 -6.57237 0 1.64193 0 0 -19.4925 
0.037 1.987 0.1765 0.277961 0 2.06892 5.2687 0 1.63212 0 0 -19.4925 1.987 0.1765 4.68316 0 2.06892 -6.57237 0 1.63212 0 0 -19.4925 
0.038 1.987 0.1765 0.28323 0 2.07054 5.2687 0 1.62231 0 0 -19.4925 1.987 0.1765 4.67659 0 2.07054 -6.57237 0 1.62231 0 0 -19.4925 
0.039 1.987 0.1765 0.288498 0 2.07215 5.2687 0 1.6125 0 0 -19.4925 1.987 0.1765 4.67002 0 2.07215 -6.57237 0 1.6125 0 0 -19.4925 
0.04 1.987 0.1765 0.293767 0 2.07375 5.2687 0 1.60269 0 0 -19.4925 1.987 0.1765 4.66344 0 2.07375 -6.57237 0 1.60269 0 0 -19.4925 
0.041 1.987 0.1765 0.299036 0 2.07535 5.2687 0 1.59288 0 0 -19.4925 1.987 0.1765 4.65687 0 2.07535 -6.57237 0 1.59288 0 0 -19.4925 
0.042 1.987 0.1765 0.304305 0 2.07693 5.2687 0 1.58307 0 0 -19.4925 1.987 0.1765 4.6503 0 2.07693 -6.57237 0 1.58307 0 0 -19.4925 
0.043 1.987 0.1765 0.309573 0 2.0785 5.2687 0 1.57326 0 0 -19.4925 1.987 0.1765 4.64373 0 2.0785 -6.57237 0 1.57326 0 0 -19.4925 
0.044 1.987 0.1765 0.314842 0 2.08007 5.2687 0 1.56345 0 0 -19.4925 1.987 0.1765 4.63716 0 2.08007 -6.57237 0 1.56345 0 0 -19.4925 
0.045 1.987 0.1765 0.320111 0 2.08162 5.2687 0 1.55364 0 0 -19.4925 1.987 0.1765 4.63058 0 2.08162 -6.57237 0 1.55364 0 0 -19.4925 
0.046 1.987 0.1765 0.325379 0 2.08316 5.2687 0 1.54383 0 0 -19.4925 1.987 0.1765 4.62401 0 2.08316 -6.57237 0 1.54383 0 0 -19.4925 
0.047 1.987 0.1765 0.330648 0 2.0847 5.2687 0 1.53402 0 0 -19.4925 1.987 0.1765 4.61744 0 2.0847 -6.57237 0 1.53402 0 0 -19.4925 
0.048 1.987 0.1765 0.335917 0 2.08622 5.2687 0 1.52421 0 0 -19.4925 1.987 0.1765 4.61087 0 2.08622 -6.57237 0 1.52421 0 0 -19.4925 
0.049 1.987 0.1765 0.341185 0 2.08774 5.2687 0 1.5144 0 0 -19.4925 1.987 0.1765 4.60429 0 2.08774 -6.57237 0 1.5144 0 0 -19.4925 
0.05 1.987 0.1765 0.346454 0 2.08924 5.2687 0 1.50459 0 0 -19.4925 1.987 0.1765 4.59772 0 2.08924 -6.57237 0 1.50459 0 0 -19.4925 
0.051 1.987 0.1765 0.351723 0 2.09074 5.2687 0 1.49478 0 0 -19.4925 1.987 0.1765 4.59115 0 2.09074 -6.57237 0 1.49478 0 0 -19.4925 
0.052 1.987 0.1765 0.356992 0 2.09222 5.2687 0 1.48497 0 0 -19.4925 1.987 0.1765 4.58458 0 2.09222 -6.57237 0 1.48497 0 0 -19.4925 
0.053 1.987 0.1765 0.36226 0 2.0937 5.2687 0 1.47516 0 0 -19.4925 1.987 0.1765 4.578 0 2.0937 -6.57237 0 1.47516 0 0 -19.4925 
0.054 1.987 0.1765 0.367529 0 2.09516 5.2687 0 1.46535 0 0 -19.4925 1.987 0.1765 4.57143 0 2.09516 -6.57237 0 1.46535 0 0 -19.4925 
0.055 1.987 0.1765 0.372798 0 2.09662 5.2687 0 1.45554 0 0 -19.4925 1.987 0.1765 4.56486 0 2.09662 -6.57237 0 1.45554 0 0 -19.4925 
0.056 1.987 0.1765 0.378066 0 2.09806 5.2687 0 1.44573 0 0 -19.4925 1.987 0.1765 4.55829 0 2.09806 -6.57237 0 1.44573 0 0 -19.4925 
0.057 1.987 0.1765 0.383335 0 2.0995 5.2687 0 1.43592 0 0 -19.4925 1.987 0.1765 4.55171 0 2.0995 -6.57237 0 1.43592 0 0 -19.4925 
0.058 1.987 0.1765 0.388604 0 2.10093 5.2687 0 1.42611 0 0 -19.4925 1.987 0.1765 4.54514 0 2.10093 -6.57237 0 1.42611 0 0 -19.4925 
0.059 1.987 0.1765 0.393872 0 2.10234 5.2687 0 1.4163 0 0 -19.4925 1.987 0.1765 4.53857 0 2.10234 -6.57237 0 1.4163 0 0 -19.4925 
0.06 1.987 0.1765 0.399141 0 2.10375 5.2687 0 1.40649 0 0 -19.4925 1.987 0.1765 4.532 0 2.10375 -6.57237 0 1.40649 0 0 -19.4925 
0.061 1.987 0.1765 0.40441 0 2.10515 5.2687 0 1.39668 0 0 -19.4925 1.987 0.1765 4.52543 0 2.10515 -6.57237 0 1.39668 0 0 -19.4925 
0.062 1.987 0.1765 0.409679 0 2.10653 5.2687 0 1.38687 0 0 -19.4925 1.987 0.1765 4.51885 0 2.10653 -6.57237 0 1.38687 0 0 -19.4925 
0.063 1.987 0.1765 0.414947 0 2.10791 5.2687 0 1.37706 0 0 -19.4925 1.987 0.1765 4.51228 0 2.10791 -6.57237 0 1.37706 0 0 -19.4925 
0.064 1.987 0.1765 0.420216 0 2.10928 5.2687 0 1.36725 0 0 -19.4925 1.987 0.1765 4.50571 0 2.10928 -6.57237 0 1.36725 0 0 -19.4925 
0.065 1.987 0.1765 0.425485 0 2.11063 5.2687 0 1.35744 0 0 -19.4925 1.987 0.1765 4.49914 0 2.11063 -6.57237 0 1.35744 0 0 -19.4925 
0.066 1.987 0.1765 0.430753 0 2.11198 5.2687 0 1.34763 0 0 -19.4925 1.987 0.1765 4.49256 0 2.11198 -6.57237 0 1.34763 0 0 -19.4925 
0.067 1.987 0.1765 0.436022 0 2.11332 5.2687 0 1.33782 0 0 -19.4925 1.987 0.1765 4.48599 0 2.11332 -6.57237 0 1.33782 0 0 -19.4925 
0.068 1.987 0.1765 0.441291 0 2.11465 5.2687 0 1.32801 0 0 -19.4925 1.987 0.1765 4.47942 0 2.11465 -6.57237 0 1.32801 0 0 -19.4925 
0.069 1.987 0.1765 0.446559 0 2.11597 5.2687 0 1.3182 0 0 -19.4925 1.987 0.1765 4.47285 0 2.11597 -6.57237 0 1.3182 0 0 -19.4925 
0.07 1.987 0.1765 0.451828 0 2.11727 5.2687 0 1.30839 0 0 -19.4925 1.987 0.1765 4.46627 0 2.11727 -6.57237 0 1.30839 0 0 -19.4925 
0.071 1.987 0.1765 0.457097 0 2.11857 5.2687 0 1.29858 0 0 -19.4925 1.987 0.1765 4.4597 0 2.11857 -6.57237 0 1.29858 0 0 -19.4925 
0.072 1.987 0.1765 0.462366 0 2.11986 5.2687 0 1.28877 0 0 -19.4925 1.987 0.1765 4.45313 0 2.11986 -6.57237 0 1.28877 0 0 -19.4925 
0.073 1.987 0.1765 0.467634 0 2.12114 5.2687 0 1.27896 0 0 -19.4925 1.987 0.1765 4.44656 0 2.12114 -6.57237 0 1.27896 0 0 -19.4925 
0.074 1.987 0.1765 0.472903 0 2.12241 5.2687 0 1.26915 0 0 -19.4925 1.987 0.1765 4.43998 0 2.12241 -6.57237 0 1.26915 0 0 -19.4925 
0.075 1.987 0.1765 0.478172 0 2.12367 5.2687 0 1.25934 0 0 -19.4925 1.987 0.1765 4.43341 0 2.12367 -6.57237 0 1.25934 0 0 -19.4925 
0.076 1.987 0.1765 0.48344 0 2.12492 5.2687 0 1.24953 0 0 -19.4925 1.987 0.1765 4.42684 0 2.12492 -6.57237 0 1.24953 0 0 -19.4925 
0.077 1.987 0.1765 0.488709 0 2.12616 5.2687 0 1.23972 0 0 -19.4925 1.987 0.1765 4.42027 0 2.12616 -6.57237 0 1.23972 0 0 -19.4925 
0.078 1.987 0.1765 0.493978 0 2.12739 5.2687 0 1.22991 0 0 -19.4925 1.987 0.1765 4.4137 0 2.12739 -6.57237 0 1.22991 0 0 -19.4925 
0.079 1.987 0.1765 0.499246 0 2.12861 5.2687 0 1.2201 0 0 -19.4925 1.987 0.1765 4.40712 0 2.12861 -6.57237 0 1.2201 0 0 -19.4925 
0.08 1.987 0.1765 0.504515 0 2.12982 5.2687 0 1.21029 0 0 -19.4925 1.987 0.1765 4.40055 0 2.12982 -6.57237 0 1.21029 0 0 -19.4925 
0.081 1.987 0.1765 0.509784 0 2.13102 5.2687 0 1.20048 0 0 -19.4925 1.987 0.1765 4.39398 0 2.13102 -6.57237 0 1.20048 0 0 -19.4925 
0.082 1.987 0.1765 0.515053 0 2.13221 5.2687 0 1.19067 0 0 -19.4925 1.987 0.1765 4.38741 0 2.13221 -6.57237 0 1.19067 0 0 -19.4925 
0.083 1.987 0.1765 0.520321 0 2.13339 5.2687 0 1.18086 0 0 -19.4925 1.987 0.1765 4.38083 0 2.13339 -6.57237 0 1.18086 0 0 -19.4925 
0.084 1.987 0.1765 0.52559 0 2.13456 5.2687 0 1.17105 0 0 -19.4925 1.987 0.1765 4.37426 0 2.13456 -6.57237 0 1.17105 0 0 -19.4925 
0.085 1.987 0.1765 0.530859 0 2.13572 5.2687 0 1.16124 0 0 -19.4925 1.987 0.1765 4.36769 0 2.13572 -6.57237 0 1.16124 0 0 -19.4925 
0.086 1.987 0.1765 0.536127 0 2.13687 5.2687 0 1.15143 0 0 -19.4925 1.987 0.1765 4.36112 0 2.13687 -6.57237 0 1.15143 0 0 -19.4925 
0.087 1.987 0.1765 0.541396 0 2.13802 5.2687 0 1.14162 0 0 -19.4925 1.987 0.1765 4.35454 0 2.13802 -6.57237 0 1.14162 0 0 -19.4925 
0.088 1.987 0.1765 0.546665 0 2.13915 5.2687 0 1.13181 0 0 -19.4925 1.987 0.1765 4.34797 0 2.13915 -6.57237 0 1.13181 0 0 -19.4925 
0.089 1.987 0.1765 0.551933 0 2.14027 5.2687 0 1.122 0 0 -19.4925 1.987 0.1765 4.3414 0 2.14027 -6.57237 0 1.122 0 0 -19.4925 
0.09 1.987 0.1765 0.557202 0 2.14138 5.2687 0 1.11219 0 0 -19.4925 1.987 0.1765 4.33483 0 2.14138 -6.57237 0 1.11219 0 0 -19.4925 
0.091 1.987 0.1765 0.562471 0 2.14248 5.2687 0 1.10238 0 0 -19.4925 1.987 0.1765 4.32825 0 2.14248 -6.57237 0 1.10238 0 0 -19.4925 
0.092 1.987 0.1765 0.56774 0 2.14358 5.2687 0 1.09257 0 0 -19.4925 1.987 0.1765 4.32168 0 2.14358 -6.57237 0 1.09257 0 0 -19.4925 
0.093 1.987 0.1765 0.573008 0 2.14466 5.2687 0 1.08276 0 0 -19.4925 1.987 0.1765 4.31511 0 2.14466 -6.57237 0 1.08276 0 0 -19.4925 
0.094 1.987 0.1765 0.578277 0 2.14573 5.2687 0 1.07295 0 0 -19.4925 1.987 0.1765 4.30854 0 2.14573 -6.57237 0 1.07295 0 0 -19.4925 
0.095 1.987 0.1765 0.583546 0 2.1468 5.2687 0 1.06314 0 0 -19.4925 1.987 0.1765 4.30196 0 2.1468 -6.57237 0 1.06314 0 0 -19.4925 
0.096 1.987 0.1765 0.588814 0 2.14785 5.2687 0 1.05333 0 0 -19.4925 1.987 0.1765 4.29539 0 2.14785 -6.57237 0 1.05333 0 0 -19.4925 
0.097 1.987 0.1765 0.594083 0 2.14889 5.2687 0 1.04352 0 0 -19.4925 1.987 0.1765 4.28882 0 2.14889 -6.57237 0 1.04352 0 0 -19.4925 
0.098 1.987 0.1765 0.599352 0 2.14993 5.2687 0 1.03371 0 0 -19.4925 1.987 0.1765 4.28225 0 2.14993 -6.57237 0 1.03371 0 0 -19.4925 
0.099 1.987 0.1765 0.60462 0 2.15095 5.2687 0 1.0239 0 0 -19.4925 1.987 0.1765 4.27568 0 2.15095 -6.57237 0 1.0239 0 0 -19.4925 
0.1 1.987 0.1765 0.609889 0 2.15196 5.2687 0 1.01409 0 0 -19.4925 1.987 0.1765 4.2691 0 2.15196 -6.57237 0 1.01409 0 0 -19.4925 
0.101 1.987 0.1765 0.615158 0 2.15297 5.2687 0 1.00428 0 0 -19.4925 1.987 0.1765 4.26253 0 2.15297 -6.57237 0 1.00428 0 0 -19.4925 
0.102 1.987 0.1765 0.620427 0 2.15396 5.2687 0 0.994475 0 0 -19.4925 1.987 0.1765 4.25596 0 2.15396 -6.57237 0 0.994475 0 0 -19.4925 
0.103 1.987 0.1765 0.625695 0 2.15495 5.2687 0 0.984665 0 0 -19.4925 1.987 0.1765 4.24939 0 2.15495 -6.57237 0 0.984665 0 0 -19.4925 
0.104 1.987 0.1765 0.630964 0 2.15592 5.2687 0 0.974855 0 0 -19.4925 1.987 0.1765 4.24281 0 2.15592 -6.57237 0 0.974855 0 0 -19.4925 
0.105 1.987 0.1765 0.636233 0 2.15689 5.2687 0 0.965045 0 0 -19.4925 1.987 0.1765 4.23624 0 2.15689 -6.57237 0 0.965045 0 0 -19.4925 
0.106 1.987 0.1765 0.641501 0 2.15784 5.2687 0 0.955235 0 0 -19.4925 1.987 0.1765 4.22967 0 2.15784 -6.57237 0 0.955235 0 0 -19.4925 
0.107 1.987 0.1765 0.64677 0 2.15879 5.2687 0 0.945425 0 0 -19.4925 1.987 0.1765 4.2231 0 2.15879 -6.57237 0 0.945425 0 0 -19.4925 
0.108 1.987 0.1765 0.652039 0 2.15972 5.2687 0 0.935615 0 0 -19.4925 1.987 0.1765 4.21652 0 2.15972 -6.57237 0 0.935615 0 0 -19.4925 
0.109 1.987 0.1765 0.657307 0 2.16065 5.2687 0 0.925805 0 0 -19.4925 1.987 0.1765 4.20995 0 2.16065 -6.57237 0 0.925805 0 0 -19.4925 
0.11 1.987 0.1765 0.662576 0 2.16157 5.2687 0 0.915995 0 0 -19.4925 1.987 0.1765 4.20338 0 2.16157 -6.57237 0 0.915995 0 0 -19.4925 
0.111 1.987 0.1765 0.667845 0 2.16247 5.2687 0 0.906185 0 0 -19.4925 1.987 0.1765 4.19681 0 2.16247 -6.57237 0 0.906185 0 0 -19.4925 
0.112 1.987 0.1765 0.673113 0 2.16337 5.2687 0 0.896375 0 0 -19.4925 1.987 0.1765 4.19023 0 2.16337 -6.57237 0 0.896375 0 0 -19.4925 
0.113 1.987 0.1765 0.678382 0 2.16425 5.2687 0 0.886565 0 0 -19.4925 1.987 0.1765 4.18366 0 2.16425 -6.57237 0 0.886565 0 0 -19.4925 
0.114 1.987 0.1765 0.683651 0 2.16513 5.2687 0 0.876755 0 0 -19.4925 1.987 0.1765 4.17709 0 2.16513 -6.57237 0 0.876755 0 0 -19.4925 
0.115 1.987 0.1765 0.68892 0 2.166 5.2687 0 0.866945 0 0 -19.4925 1.987 0.1765 4.17052 0 2.166 -6.57237 0 0.866945 0 0 -19.4925 
0.116 1.987 0.1765 0.694188 0 2.16686 5.2687 0 0.857135 0 0 -19.4925 1.987 0.1765 4.16395 0 2.16686 -6.57237 0 0.857135 0 0 -19.4925 
0.117 1.987 0.1765 0.699457 0 2.1677 5.2687 0 0.847325 0 0 -19.4925 1.987 0.1765 4.15737 0 2.1677 -6.57237 0 0.847325 0 0 -19.4925 
0.118 1.987 0.1765 0.704726 0 2.16854 5.2687 0 0.837515 0 0 -19.4925 1.987 0.1765 4.1508 0 2.16854 -6.57237 0 0.837515 0 0 -19.4925 
0.119 1.987 0.1765 0.709994 0 2.16937 5.2687 0 0.827705 0 0 -19.4925 1.987 0.1765 4.14423 0 2.16937 -6.57237 0 0.827705 0 0 -19.4925 
0.12 1.987 0.1765 0.715263 0 2.17019 5.2687 0 0.817895 0 0 -19.4925 1.987 0.1765 4.13766 0 2.17019 -6.57237 0 0.817895 0 0 -19.4925 
0.121 1.987 0.1765 0.720532 0 2.17099 5.2687 0 0.808085 0 0 -19.4925 1.987 0.1765 4.13108 0 2.17099 -6.57237 0 0.808085 0 0 -19.4925 
0.122 1.987 0.1765 0.7258 0 2.17179 5.2687 0 0.798275 0 0 -19.4925 1.987 0.1765 4.12451 0 2.17179 -6.57237 0 0.798275 0 0 -19.4925 
0.123 1.987 0.1765 0.731069 0 2.17258 5.2687 0 0.788465 0 0 -19.4925 1.987 0.1765 4.11794 0 2.17258 -6.57237 0 0.788465 0 0 -19.4925 
0.124 1.987 0.1765 0.736338 0 2.17336 5.2687 0 0.778655 0 0 -19.4925 1.987 0.1765 4.11137 0 2.17336 -6.57237 0 0.778655 0 0 -19.4925 
0.125 1.987 0.1765 0.741607 0 2.17413 5.2687 0 0.768845 0 0 -19.4925 1.987 0.1765 4.10479 0 2.17413 -6.57237 0 0.768845 0 0 -19.4925 
0.126 1.987 0.1765 0.746875 0 2.17489 5.2687 0 0.759035 0 0 -19.4925 1.987 0.1765 4.09822 0 2.17489 -6.57237 0 0.759035 0 0 -19.4925 
0.127 1.987 0.1765 0.752144 0 2.17564 5.2687 0 0.749225 0 0 -19.4925 1.987 0.1765 4.09165 0 2.17564 -6.57237 0 0.749225 0 0 -19.4925 
0.128 1.987 0.1765 0.757413 0 2.17638 5.2687 0 0.739415 0 0 -19.4925 1.987 0.1765 4.08508 0 2.17638 -6.57237 0 0.739415 0 0 -19.4925 
0.129 1.987 0.1765 0.762681 0 2.17711 5.2687 0 0.729605 0 0 -19.4925 1.987 0.1765 4.0785 0 2.17711 -6.57237 0 0.729605 0 0 -19.4925 
0.13 1.987 0.1765 0.76795 0 2.17783 5.2687 0 0.719795 0 0 -19.4925 1.987 0.1765 4.07193 0 2.17783 -6.57237 0 0.719795 0 0 -19.4925 
0.131 1.987 0.1765 0.773219 0 2.17854 5.2687 0 0.709985 0 0 -19.4925 1.987 0.1765 4.06536 0 2.17854 -6.57237 0 0.709985 0 0 -19.4925 
0.132 1.987 0.1765 0.778487 0 2.17924 5.2687 0 0.700175 0 0 -19.4925 1.987 0.1765 4.05879 0 2.17924 -6.57237 0 0.700175 0 0 -19.4925 
0.133 1.987 0.1765 0.783756 0 2.17993 5.2687 0 0.690365 0 0 -19.4925 1.987 0.1765 4.05221 0 2.17993 -6.57237 0 0.690365 0 0 -19.4925 
0.134 1.987 0.1765 0.789025 0 2.18061 5.2687 0 0.680555 0 0 -19.4925 1.987 0.1765 4.04564 0 2.18061 -6.57237 0 0.680555 0 0 -19.4925 
0.135 1.987 0.1765 0.794294 0 2.18128 5.2687 0 0.670745 0 0 -19.4925 1.987 0.1765 4.03907 0 2.18128 -6.57237 0 0.670745 0 0 -19.4925 
0.136 1.987 0.1765 0.799562 0 2.18194 5.2687 0 0.660935 0 0 -19.4925 1.987 0.1765 4.0325 0 2.18194 -6.57237 0 0.660935 0 0 -19.4925 
0.137 1.987 0.1765 0.804831 0 2.18259 5.2687 0 0.651125 0 0 -19.4925 1.987 0.1765 4.02593 0 2.18259 -6.57237 0 0.651125 0 0 -19.4925 
0.138 1.987 0.1765 0.8101 0 2.18323 5.2687 0 0.641315 0 0 -19.4925 1.987 0.1765 4.01935 0 2.18323 -6.57237 0 0.641315 0 0 -19.4925 
0.139 1.987 0.1765 0.815368 0 2.18386 5.2687 0 0.631505 0 0 -19.4925 1.987 0.1765 4.01278 0 2.18386 -6.57237 0 0.631505 0 0 -19.4925 
0.14 1.987 0.1765 0.820637 0 2.18448 5.2687 0 0.621695 0 0 -19.4925 1.987 0.1765 4.00621 0 2.18448 -6.57237 0 0.621695 0 0 -19.4925 
0.141 1.987 0.1765 0.825906 0 2.1851 5.2687 0 0.611885 0 0 -19.4925 1.987 0.1765 3.99964 0 2.1851 -6.57237 0 0.611885 0 0 -19.4925 
0.142 1.987 0.1765 0.831174 0 2.1857 5.2687 0 0.602075 0 0 -19.4925 1.987 0.1765 3.99306 0 2.1857 -6.57237 0 0.602075 0 0 -19.4925 
0.143 1.987 0.1765 0.836443 0 2.18629 5.2687 0 0.592265 0 0 -19.4925 1.987 0.1765 3.98649 0 2.18629 -6.57237 0 0.592265 0 0 -19.4925 
0.144 1.987 0.1765 0.841712 0 2.18687 5.2687 0 0.582455 0 0 -19.4925 1.987 0.1765 3.97992 0 2.18687 -6.57237 0 0.582455 0 0 -19.4925 
0.145 1.987 0.1765 0.846981 0 2.18745 5.2687 0 0.572645 0 0 -19.4925 1.987 0.1765 3.97335 0 2.18745 -6.57237 0 0.572645 0 0 -19.4925 
0.146 1.987 0.1765 0.852249 0 2.18801 5.2687 0 0.562835 0 0 -19.4925 1.987 0.1765 3.96677 0 2.18801 -6.57237 0 0.562835 0 0 -19.4925 
0.147 1.987 0.1765 0.857518 0 2.18856 5.2687 0 0.553025 0 0 -19.4925 1.987 0.1765 3.9602 0 2.18856 -6.57237 0 0.553025 0 0 -19.4925 
0.148 1.987 0.1765 0.862787 0 2.1891 5.2687 0 0.543215 0 0 -19.4925 1.987 0.1765 3.95363 0 2.1891 -6.57237 0 0.543215 0 0 -19.4925 
0.149 1.987 0.1765 0.868055 0 2.18964 5.2687 0 0.533405 0 0 -19.4925 1.987 0.1765 3.94706 0 2.18964 -6.57237 0 0.533405 0 0 -19.4925 
0.15 1.987 0.1765 0.873324 0 2.19016 5.2687 0 0.523595 0 0 -19.4925 1.987 0.1765 3.94048 0 2.19016 -6.57237 0 0.523595 0 0 -19.4925 
0.151 1.987 0.1765 0.878593 0 2.19067 5.2687 0 0.513785 0 0 -19.4925 1.987 0.1765 3.93391 0 2.19067 -6.57237 0 0.513785 0 0 -19.4925 
0.152 1.987 0.1765 0.883861 0 2.19118 5.2687 0 0.503975 0 0 -19.4925 1.987 0.1765 3.92734 0 2.19118 -6.57237 0 0.503975 0 0 -19.4925 
0.153 1.987 0.1765 0.88913 0 2.19167 5.2687 0 0.494165 0 0 -19.4925 1.987 0.1765 3.92077 0 2.19167 -6.57237 0 0.494165 0 0 -19.4925 
0.154 1.987 0.1765 0.894399 0 2.19216 5.2687 0 0.484355 0 0 -19.4925 1.987 0.1765 3.9142 0 2.19216 -6.57237 0 0.484355 0 0 -19.4925 
0.155 1.987 0.1765 0.899668 0 2.19263 5.2687 0 0.474545 0 0 -19.4925 1.987 0.1765 3.90762 0 2.19263 -6.57237 0 0.474545 0 0 -19.4925 
0.156 1.987 0.1765 0.904936 0 2.1931 5.2687 0 0.464735 0 0 -19.4925 1.987 0.1765 3.90105 0 2.1931 -6.57237 0 0.464735 0 0 -19.4925 
0.157 1.987 0.1765 0.910205 0 2.19355 5.2687 0 0.454925 0 0 -19.4925 1.987 0.1765 3.89448 0 2.19355 -6.57237 0 0.454925 0 0 -19.4925 
0.158 1.987 0.1765 0.915474 0 2.194 5.2687 0 0.445115 0 0 -19.4925 1.987 0.1765 3.88791 0 2.194 -6.57237 0 0.445115 0 0 -19.4925 
0.159 1.987 0.1765 0.920742 0 2.19443 5.2687 0 0.435305 0 0 -19.4925 1.987 0.1765 3.88133 0 2.19443 -6.57237 0 0.435305 0 0 -19.4925 
0.16 1.987 0.1765 0.926011 0 2.19486 5.2687 0 0.425495 0 0 -19.4925 1.987 0.1765 3.87476 0 2.19486 -6.57237 0 0.425495 0 0 -19.4925 
0.161 1.987 0.1765 0.93128 0 2.19527 5.2687 0 0.415685 0 0 -19.4925 1.987 0.1765 3.86819 0 2.19527 -6.57237 0 0.415685 0 0 -19.4925 
0.162 1.987 0.1765 0.936548 0 2.19568 5.2687 0 0.405875 0 0 -19.4925 1.987 0.1765 3.86162 0 2.19568 -6.57237 0 0.405875 0 0 -19.4925 
0.163 1.987 0.1765 0.941817 0 2.19608 5.2687 0 0.396065 0 0 -19.4925 1.987 0.1765 3.85504 0 2.19608 -6.57237 0 0.396065 0 0 -19.4925 
0.164 1.987 0.1765 0.947086 0 2.19646 5.2687 0 0.386255 0 0 -19.4925 1.987 0.1765 3.84847 0 2.19646 -6.57237 0 0.386255 0 0 -19.4925 
0.165 1.987 0.1765 0.952355 0 2.19684 5.2687 0 0.376445 0 0 -19.4925 1.987 0.1765 3.8419 0 2.19684 -6.57237 0 0.376445 0 0 -19.4925 
0.166 1.987 0.1765 0.957623 0 2.1972 5.2687 0 0.366635 0 0 -19.4925 1.987 0.1765 3.83533 0 2.1972 -6.57237 0 0.366635 0 0 -19.4925 
0.167 1.987 0.1765 0.962892 0 2.19756 5.2687 0 0.356825 0 0 -19.4925 1.987 0.1765 3.82875 0 2.19756 -6.57237 0 0.356825 0 0 -19.4925 
0.168 1.987 0.1765 0.968161 0 2.19791 5.2687 0 0.347015 0 0 -19.4925 1.987 0.1765 3.82218 0 2.19791 -6.57237 0 0.347015 0 0 -19.4925 
0.169 1.987 0.1765 0.973429 0 2.19825 5.2687 0 0.337205 0 0 -19.4925 1.987 0.1765 3.81561 0 2.19825 -6.57237 0 0.337205 0 0 -19.4925 
0.17 1.987 0.1765 0.978698 0 2.19857 5.2687 0 0.327395 0 0 -19.4925 1.987 0.1765 3.80904 0 2.19857 -6.57237 0 0.327395 0 0 -19.4925 
0.171 1.987 0.1765 0.983967 0 2.19889 5.2687 0 0.317585 0 0 -19.4925 1.987 0.1765 3.80246 0 2.19889 -6.57237 0 0.317585 0 0 -19.4925 
0.172 1.987 0.1765 0.989235 0 2.1992 5.2687 0 0.307775 0 0 -19.4925 1.987 0.1765 3.79589 0 2.1992 -6.57237 0 0.307775 0 0 -19.4925 
0.173 1.987 0.1765 0.994504 0 2.1995 5.2687 0 0.297965 0 0 -19.4925 1.987 0.1765 3.78932 0 2.1995 -6.57237 0 0.297965 0 0 -19.4925 
0.174 1.987 0.1765 0.999773 0 2.19978 5.2687 0 0.288155 0 0 -19.4925 1.987 0.1765 3.78275 0 2.19978 -6.57237 0 0.288155 0 0 -19.4925 
0.175 1.987 0.1765 1.00504 0 2.20006 5.2687 0 0.278345 0 0 -19.4925 1.987 0.1765 3.77618 0 2.20006 -6.57237 0 0.278345 0 0 -19.4925 
0.176 1.987 0.1765 1.01031 0 2.20033 5.2687 0 0.268535 0 0 -19.4925 1.987 0.1765 3.7696 0 2.20033 -6.57237 0 0.268535 0 0 -19.4925 
0.177 1.987 0.1765 1.01558 0 2.20059 5.2687 0 0.258725 0 0 -19.4925 1.987 0.1765 3.76303 0 2.20059 -6.57237 0 0.258725 0 0 -19.4925 
0.178 1.987 0.1765 1.02085 0 2.20084 5.2687 0 0.248915 0 0 -19.4925 1.987 0.1765 3.75646 0 2.20084 -6.57237 0 0.248915 0 0 -19.4925 
0.179 1.987 0.1765 1.02612 0 2.20108 5.2687 0 0.239105 0 0 -19.4925 1.987 0.1765 3.74989 0 2.20108 -6.57237 0 0.239105 0 0 -19.4925 
0.18 1.987 0.1765 1.03139 0 2.20131 5.2687 0 0.229295 0 0 -19.4925 1.987 0.1765 3.74331 0 2.20131 -6.57237 0 0.229295 0 0 -19.4925 
0.181 1.987 0.1765 1.03665 0 2.20153 5.2687 0 0.219485 0 0 -19.4925 1.987 0.1765 3.73674 0 2.20153 -6.57237 0 0.219485 0 0 -19.4925 
0.182 1.987 0.1765 1.04192 0 2.20174 5.2687 0 0.209675 0 0 -19.4925 1.987 0.1765 3.73017 0 2.20174 -6.57237 0 0.209675 0 0 -19.4925 
0.183 1.987 0.1765 1.04719 0 2.20194 5.2687 0 0.199865 0 0 -19.4925 1.987 0.1765 3.7236 0 2.20194 -6.57237 0 0.199865 0 0 -19.4925 
0.184 1.987 0.1765 1.05246 0 2.20213 5.2687 0 0.190055 0 0 -19.4925 1.987 0.1765 3.71702 0 2.20213 -6.57237 0 0.190055 0 0 -19.4925 
0.185 1.987 0.1765 1.05773 0 2.20231 5.2687 0 0.180245 0 0 -19.4925 1.987 0.1765 3.71045 0 2.20231 -6.57237 0 0.180245 0 0 -19.4925 
0.186 1.987 0.1765 1.063 0 2.20248 5.2687 0 0.170435 0 0 -19.4925 1.987 0.1765 3.70388 0 2.20248 -6.57237 0 0.170435 0 0 -19.4925 
0.187 1.987 0.1765 1.06827 0 2.20264 5.2687 0 0.160625 0 0 -19.4925 1.987 0.1765 3.69731 0 2.20264 -6.57237 0 0.160625 0 0 -19.4925 
0.188 1.987 0.1765 1.07353 0 2.20279 5.2687 0 0.150815 0 0 -19.4925 1.987 0.1765 3.69073 0 2.20279 -6.57237 0 0.150815 0 0 -19.4925 
0.189 1.987 0.1765 1.0788 0 2.20293 5.2687 0 0.141005 0 0 -19.4925 1.987 0.1765 3.68416 0 2.20293 -6.57237 0 0.141005 0 0 -19.4925 
0.19 1.987 0.1765 1.08407 0 2.20306 5.2687 0 0.131195 0 0 -19.4925 1.987 0.1765 3.67759 0 2.20306 -6.57237 0 0.131195 0 0 -19.4925 
0.191 1.987 0.1765 1.08934 0 2.20318 5.2687 0 0.121385 0 0 -19.4925 1.987 0.1765 3.67102 0 2.20318 -6.57237 0 0.121385 0 0 -19.4925 
0.192 1.987 0.1765 1.09461 0 2.20329 5.2687 0 0.111575 0 0 -19.4925 1.987 0.1765 3.66445 0 2.20329 -6.57237 0 0.111575 0 0 -19.4925 
0.193 1.987 0.1765 1.09988 0 2.2034 5.2687 0 0.101765 0 0 -19.4925 1.987 0.1765 3.65787 0 2.2034 -6.57237 0 0.101765 0 0 -19.4925 
0.194 1.987 0.1765 1.10515 0 2.20349 5.2687 0 0.091955 0 0 -19.4925 1.987 0.1765 3.6513 0 2.20349 -6.57237 0 0.091955 0 0 -19.4925 
0.195 1.987 0.1765 1.11042 0 2.20357 5.2687 0 0.082145 0 0 -19.4925 1.987 0.1765 3.64473 0 2.20357 -6.57237 0 0.082145 0 0 -19.4925 
0.196 1.987 0.1765 1.11568 0 2.20364 5.2687 0 0.072335 0 0 -19.4925 1.987 0.1765 3.63816 0 2.20364 -6.57237 0 0.072335 0 0 -19.4925 
0.197 1.987 0.1765 1.12095 0 2.2037 5.2687 0 0.062525 0 0 -19.4925 1.987 0.1765 3.63158 0 2.2037 -6.57237 0 0.062525 0 0 -19.4925 
0.198 1.987 0.1765 1.12622 0 2.20376 5.2687 0 0.052715 0 0 -19.4925 1.987 0.1765 3.62501 0 2.20376 -6.57237 0 0.052715 0 0 -19.4925 
0.199 1.987 0.1765 1.13149 0 2.2038 5.2687 0 0.042905 0 0 -19.4925 1.987 0.1765 3.61844 0 2.2038 -6.57237 0 0.042905 0 0 -19.4925 
0.2 1.987 0.1765 1.13676 0 2.20383 5.2687 0 0.033095 0 0 -19.4925 1.987 0.1765 3.61187 0 2.20383 -6.57237 0 0.033095 0 0 -19.4925 
0.201 1.987 0.1765 1.14203 0 2.20386 5.2687 0 0.023285 0 0 -19.4925 1.987 0.1765 3.60529 0 2.20386 -6.57237 0 0.023285 0 0 -19.4925 
0.202 1.987 0.1765 1.1473 0 2.20387 5.2687 0 0.013475 0 0 -19.4925 1.987 0.1765 3.59872 0 2.20387 -6.57237 0 0.013475 0 0 -19.4925 
0.203 1.987 0.1765 1.15257 0 2.20387 5.2687 0 0.003665 0 0 -19.4925 1.987 0.1765 3.59215 0 2.20387 -6.57237 0 0.003665 0 0 -19.4925 
0.204 1.987 0.1765 1.15783 0 2.20387 5.2687 0 -0.006145 0 0 -19.4925 1.987 0.1765 3.58558 0 2.20387 -6.57237 0 -0.006145 0 0 -19.4925 
0.205 1.987 0.1765 1.1631 0 2.20385 5.2687 0 -0.015955 0 0 -19.4925 1.987 0.1765 3.579 0 2.20385 -6.57237 0 -0.015955 0 0 -19.4925 
0.206 1.987 0.1765 1.16837 0 2.20383 5.2687 0 -0.025765 0 0 -19.4925 1.987 0.1765 3.57243 0 2.20383 -6.57237 0 -0.025765 0 0 -19.4925 
0.207 1.987 0.1765 1.17364 0 2.20379 5.2687 0 -0.035575 0 0 -19.4925 1.987 0.1765 3.56586 0 2.20379 -6.57237 0 -0.035575 0 0 -19.4925 
0.208 1.987 0.1765 1.17891 0 2.20374 5.2687 0 -0.045385 0 0 -19.4925 1.987 0.1765 3.55929 0 2.20374 -6.57237 0 -0.045385 0 0 -19.4925 
0.209 1.987 0.1765 1.18418 0 2.20369 5.2687 0 -0.055195 0 0 -19.4925 1.987 0.1765 3.55272 0 2.20369 -6.57237 0 -0.055195 0 0 -19.4925 
0.21 1.987 0.1765 1.18945 0 2.20362 5.2687 0 -0.065005 0 0 -19.4925 1.987 0.1765 3.54614 0 2.20362 -6.57237 0 -0.065005 0 0 -19.4925 
0.211 1.987 0.1765 1.19471 0 2.20355 5.2687 0 -0.074815 0 0 -19.4925 1.987 0.1765 3.53957 0 2.20355 -6.57237 0 -0.074815 0 0 -19.4925 
0.212 1.987 0.1765 1.19998 0 2.20347 5.2687 0 -0.084625 0 0 -19.4925 1.987 0.1765 3.533 0 2.20347 -6.57237 0 -0.084625 0 0 -19.4925 
0.213 1.987 0.1765 1.20525 0 2.20337 5.2687 0 -0.094435 0 0 -19.4925 1.987 0.1765 3.52643 0 2.20337 -6.57237 0 -0.094435 0 0 -19.4925 
0.214 1.987 0.1765 1.21052 0 2.20327 5.2687 0 -0.104245 0 0 -19.4925 1.987 0.1765 3.51985 0 2.20327 -6.57237 0 -0.104245 0 0 -19.4925 
0.215 1.987 0.1765 1.21579 0 2.20315 5.2687 0 -0.114055 0 0 -19.4925 1.987 0.1765 3.51328 0 2.20315 -6.57237 0 -0.114055 0 0 -19.4925 
0.216 1.987 0.1765 1.22106 0 2.20303 5.2687 0 -0.123865 0 0 -19.4925 1.987 0.1765 3.50671 0 2.20303 -6.57237 0 -0.123865 0 0 -19.4925 
0.217 1.987 0.1765 1.22633 0 2.20289 5.2687 0 -0.133675 0 0 -19.4925 1.987 0.1765 3.50014 0 2.20289 -6.57237 0 -0.133675 0 0 -19.4925 
0.218 1.987 0.1765 1.2316 0 2.20275 5.2687 0 -0.143485 0 0 -19.4925 1.987 0.1765 3.49356 0 2.20275 -6.57237 0 -0.143485 0 0 -19.4925 
0.219 1.987 0.1765 1.23686 0 2.2026 5.2687 0 -0.153295 0 0 -19.4925 1.987 0.1765 3.48699 0 2.2026 -6.57237 0 -0.153295 0 0 -19.4925 
0.22 1.987 0.1765 1.24213 0 2.20243 5.2687 0 -0.163105 0 0 -19.4925 1.987 0.1765 3.48042 0 2.20243 -6.57237 0 -0.163105 0 0 -19.4925 
0.221 1.987 0.1765 1.2474 0 2.20226 5.2687 0 -0.172915 0 0 -19.4925 1.987 0.1765 3.47385 0 2.20226 -6.57237 0 -0.172915 0 0 -19.4925 
0.222 1.987 0.1765 1.25267 0 2.20208 5.2687 0 -0.182725 0 0 -19.4925 1.987 0.1765 3.46727 0 2.20208 -6.57237 0 -0.182725 0 0 -19.4925 
0.223 1.987 0.1765 1.25794 0 2.20189 5.2687 0 -0.192535 0 0 -19.4925 1.987 0.1765 3.4607 0 2.20189 -6.57237 0 -0.192535 0 0 -19.4925 
0.224 1.987 0.1765 1.26321 0 2.20168 5.2687 0 -0.202345 0 0 -19.4925 1.987 0.1765 3.45413 0 2.20168 -6.57237 0 -0.202345 0 0 -19.4925 
0.225 1.987 0.1765 1.26848 0 2.20147 5.2687 0 -0.212155 0 0 -19.4925 1.987 0.1765 3.44756 0 2.20147 -6.57237 0 -0.212155 0 0 -19.4925 
0.226 1.987 0.1765 1.27375 0 2.20125 5.2687 0 -0.221965 0 0 -19.4925 1.987 0.1765 3.44098 0 2.20125 -6.57237 0 -0.221965 0 0 -19.4925 
0.227 1.987 0.1765 1.27901 0 2.20102 5.2687 0 -0.231775 0 0 -19.4925 1.987 0.1765 3.43441 0 2.20102 -6.57237 0 -0.231775 0 0 -19.4925 
0.228 1.987 0.1765 1.28428 0 2.20078 5.2687 0 -0.241585 0 0 -19.4925 1.987 0.1765 3.42784 0 2.20078 -6.57237 0 -0.241585 0 0 -19.4925 
0.229 1.987 0.1765 1.28955 0 2.20053 5.2687 0 -0.251395 0 0 -19.4925 1.987 0.1765 3.42127 0 2.20053 -6.57237 0 -0.251395 0 0 -19.4925 
0.23 1.987 0.1765 1.29482 0 2.20026 5.2687 0 -0.261205 0 0 -19.4925 1.987 0.1765 3.4147 0 2.20026 -6.57237 0 -0.261205 0 0 -19.4925 
0.231 1.987 0.1765 1.30009 0 2.19999 5.2687 0 -0.271015 0 0 -19.4925 1.987 0.1765 3.40812 0 2.19999 -6.57237 0 -0.271015 0 0 -19.4925 
0.232 1.987 0.1765 1.30536 0 2.19971 5.2687 0 -0.280825 0 0 -19.4925 1.987 0.1765 3.40155 0 2.19971 -6.57237 0 -0.280825 0 0 -19.4925 
0.233 1.987 0.1765 1.31063 0 2.19942 5.2687 0 -0.290635 0 0 -19.4925 1.987 0.1765 3.39498 0 2.19942 -6.57237 0 -0.290635 0 0 -19.4925 
0.234 1.987 0.1765 1.31589 0 2.19912 5.2687 0 -0.300445 0 0 -19.4925 1.987 0.1765 3.38841 0 2.19912 -6.57237 0 -0.300445 0 0 -19.4925 
0.235 1.987 0.1765 1.32116 0 2.19881 5.2687 0 -0.310255 0 0 -19.4925 1.987 0.1765 3.38183 0 2.19881 -6.57237 0 -0.310255 0 0 -19.4925 
0.236 1.987 0.1765 1.32643 0 2.19849 5.2687 0 -0.320065 0 0 -19.4925 1.987 0.1765 3.37526 0 2.19849 -6.57237 0 -0.320065 0 0 -19.4925 
0.237 1.987 0.1765 1.3317 0 2.19816 5.2687 0 -0.329875 0 0 -19.4925 1.987 0.1765 3.36869 0 2.19816 -6.57237 0 -0.329875 0 0 -19.4925 
0.238 1.987 0.1765 1.33697 0 2.19782 5.2687 0 -0.339685 0 0 -19.4925 1.987 0.1765 3.36212 0 2.19782 -6.57237 0 -0.339685 0 0 -19.4925 
0.239 1.987 0.1765 1.34224 0 2.19747 5.2687 0 -0.349495 0 0 -19.4925 1.987 0.1765 3.35554 0 2.19747 -6.57237 0 -0.349495 0 0 -19.4925 
0.24 1.987 0.1765 1.34751 0 2.19711 5.2687 0 -0.359305 0 0 -19.4925 1.987 0.1765 3.34897 0 2.19711 -6.57237 0 -0.359305 0 0 -19.4925 
0.241 1.987 0.1765 1.35278 0 2.19674 5.2687 0 -0.369115 0 0 -19.4925 1.987 0.1765 3.3424 0 2.19674 -6.57237 0 -0.369115 0 0 -19.4925 
0.242 1.987 0.1765 1.35804 0 2.19636 5.2687 0 -0.378925 0 0 -19.4925 1.987 0.1765 3.33583 0 2.19636 -6.57237 0 -0.378925 0 0 -19.4925 
0.243 1.987 0.1765 1.36331 0 2.19598 5.2687 0 -0.388735 0 0 -19.4925 1.987 0.1765 3.32925 0 2.19598 -6.57237 0 -0.388735 0 0 -19.4925 
0.244 1.987 0.1765 1.36858 0 2.19558 5.2687 0 -0.398545 0 0 -19.4925 1.987 0.1765 3.32268 0 2.19558 -6.57237 0 -0.398545 0 0 -19.4925 
0.245 1.987 0.1765 1.37385 0 2.19517 5.2687 0 -0.408355 0 0 -19.4925 1.987 0.1765 3.31611 0 2.19517 -6.57237 0 -0.408355 0 0 -19.4925 
0.246 1.987 0.1765 1.37912 0 2.19475 5.2687 0 -0.418165 0 0 -19.4925 1.987 0.1765 3.30954 0 2.19475 -6.57237 0 -0.418165 0 0 -19.4925 
0.247 1.987 0.1765 1.38439 0 2.19432 5.2687 0 -0.427975 0 0 -19.4925 1.987 0.1765 3.30297 0 2.19432 -6.57237 0 -0.427975 0 0 -19.4925 
0.248 1.987 0.1765 1.38966 0 2.19389 5.2687 0 -0.437785 0 0 -19.4925 1.987 0.1765 3.29639 0 2.19389 -6.57237 0 -0.437785 0 0 -19.4925 
0.249 1.987 0.1765 1.39493 0 2.19344 5.2687 0 -0.447595 0 0 -19.4925 1.987 0.1765 3.28982 0 2.19344 -6.57237 0 -0.447595 0 0 -19.4925 
0.25 1.987 0.1765 1.40019 0 2.19298 5.2687 0 -0.457405 0 0 -19.4925 1.987 0.1765 3.28325 0 2.19298 -6.57237 0 -0.457405 0 0 -19.4925 
0.251 1.987 0.1765 1.40546 0 2.19251 5.2687 0 -0.467215 0 0 -19.4925 1.987 0.1765 3.27668 0 2.19251 -6.57237 0 -0.467215 0 0 -19.4925 
0.252 1.987 0.1765 1.41073 0 2.19204 5.2687 0 -0.477025 0 0 -19.4925 1.987 0.1765 3.2701 0 2.19204 -6.57237 0 -0.477025 0 0 -19.4925 
0.253 1.987 0.1765 1.416 0 2.19155 5.2687 0 -0.486835 0 0 -19.4925 1.987 0.1765 3.26353 0 2.19155 -6.57237 0 -0.486835 0 0 -19.4925 
0.254 1.987 0.1765 1.42127 0 2.19105 5.2687 0 -0.496645 0 0 -19.4925 1.987 0.1765 3.25696 0 2.19105 -6.57237 0 -0.496645 0 0 -19.4925 
0.255 1.987 0.1765 1.42654 0 2.19055 5.2687 0 -0.506455 0 0 -19.4925 1.987 0.1765 3.25039 0 2.19055 -6.57237 0 -0.506455 0 0 -19.4925 
0.256 1.987 0.1765 1.43181 0 2.19003 5.2687 0 -0.516265 0 0 -19.4925 1.987 0.1765 3.24381 0 2.19003 -6.57237 0 -0.516265 0 0 -19.4925 
0.257 1.987 0.1765 1.43707 0 2.1895 5.2687 0 -0.526075 0 0 -19.4925 1.987 0.1765 3.23724 0 2.1895 -6.57237 0 -0.526075 0 0 -19.4925 
0.258 1.987 0.1765 1.44234 0 2.18897 5.2687 0 -0.535885 0 0 -19.4925 1.987 0.1765 3.23067 0 2.18897 -6.57237 0 -0.535885 0 0 -19.4925 
0.259 1.987 0.1765 1.44761 0 2.18842 5.2687 0 -0.545695 0 0 -19.4925 1.987 0.1765 3.2241 0 2.18842 -6.57237 0 -0.545695 0 0 -19.4925 
0.26 1.987 0.1765 1.45288 0 2.18787 5.2687 0 -0.555505 0 0 -19.4925 1.987 0.1765 3.21752 0 2.18787 -6.57237 0 -0.555505 0 0 -19.4925 
0.261 1.987 0.1765 1.45815 0 2.1873 5.2687 0 -0.565315 0 0 -19.4925 1.987 0.1765 3.21095 0 2.1873 -6.57237 0 -0.565315 0 0 -19.4925 
0.262 1.987 0.1765 1.46342 0 2.18673 5.2687 0 -0.575125 0 0 -19.4925 1.987 0.1765 3.20438 0 2.18673 -6.57237 0 -0.575125 0 0 -19.4925 
0.263 1.987 0.1765 1.46869 0 2.18614 5.2687 0 -0.584935 0 0 -19.4925 1.987 0.1765 3.19781 0 2.18614 -6.57237 0 -0.584935 0 0 -19.4925 
0.264 1.987 0.1765 1.47396 0 2.18555 5.2687 0 -0.594745 0 0 -19.4925 1.987 0.1765 3.19123 0 2.18555 -6.57237 0 -0.594745 0 0 -19.4925 
0.265 1.987 0.1765 1.47922 0 2.18494 5.2687 0 -0.604555 0 0 -19.4925 1.987 0.1765 3.18466 0 2.18494 -6.57237 0 -0.604555 0 0 -19.4925 
0.266 1.987 0.1765 1.48449 0 2.18433 5.2687 0 -0.614365 0 0 -19.4925 1.987 0.1765 3.17809 0 2.18433 -6.57237 0 -0.614365 0 0 -19.4925 
0.267 1.987 0.1765 1.48976 0 2.1837 5.2687 0 -0.624175 0 0 -19.4925 1.987 0.1765 3.17152 0 2.1837 -6.57237 0 -0.624175 0 0 -19.4925 
0.268 1.987 0.1765 1.49503 0 2.18307 5.2687 0 -0.633985 0 0 -19.4925 1.987 0.1765 3.16495 0 2.18307 -6.57237 0 -0.633985 0 0 -19.4925 
0.269 1.987 0.1765 1.5003 0 2.18243 5.2687 0 -0.643795 0 0 -19.4925 1.987 0.1765 3.15837 0 2.18243 -6.57237 0 -0.643795 0 0 -19.4925 
0.27 1.987 0.1765 1.50557 0 2.18177 5.2687 0 -0.653605 0 0 -19.4925 1.987 0.1765 3.1518 0 2.18177 -6.57237 0 -0.653605 0 0 -19.4925 
0.271 1.987 0.1765 1.51084 0 2.18111 5.2687 0 -0.663415 0 0 -19.4925 1.987 0.1765 3.14523 0 2.18111 -6.57237 0 -0.663415 0 0 -19.4925 
0.272 1.987 0.1765 1.51611 0 2.18044 5.2687 0 -0.673225 0 0 -19.4925 1.987 0.1765 3.13866 0 2.18044 -6.57237 0 -0.673225 0 0 -19.4925 
0.273 1.987 0.1765 1.52137 0 2.17975 5.2687 0 -0.683035 0 0 -19.4925 1.987 0.1765 3.13208 0 2.17975 -6.57237 0 -0.683035 0 0 -19.4925 
0.274 1.987 0.1765 1.52664 0 2.17906 5.2687 0 -0.692845 0 0 -19.4925 1.987 0.1765 3.12551 0 2.17906 -6.57237 0 -0.692845 0 0 -19.4925 
0.275 1.987 0.1765 1.53191 0 2.17836 5.2687 0 -0.702655 0 0 -19.4925 1.987 0.1765 3.11894 0 2.17836 -6.57237 0 -0.702655 0 0 -19.4925 
0.276 1.987 0.1765 1.53718 0 2.17764 5.2687 0 -0.712465 0 0 -19.4925 1.987 0.1765 3.11237 0 2.17764 -6.57237 0 -0.712465 0 0 -19.4925 
0.277 1.987 0.1765 1.54245 0 2.17692 5.2687 0 -0.722275 0 0 -19.4925 1.987 0.1765 3.10579 0 2.17692 -6.57237 0 -0.722275 0 0 -19.4925 
0.278 1.987 0.1765 1.54772 0 2.17619 5.2687 0 -0.732085 0 0 -19.4925 1.987 0.1765 3.09922 0 2.17619 -6.57237 0 -0.732085 0 0 -19.4925 
0.279 1.987 0.1765 1.55299 0 2.17545 5.2687 0 -0.741895 0 0 -19.4925 1.987 0.1765 3.09265 0 2.17545 -6.57237 0 -0.741895 0 0 -19.4925 
0.28 1.987 0.1765 1.55825 0 2.1747 5.2687 0 -0.751705 0 0 -19.4925 1.987 0.1765 3.08608 0 2.1747 -6.57237 0 -0.751705 0 0 -19.4925 
0.281 1.987 0.1765 1.56352 0 2.17393 5.2687 0 -0.761515 0 0 -19.4925 1.987 0.1765 3.0795 0 2.17393 -6.57237 0 -0.761515 0 0 -19.4925 
0.282 1.987 0.1765 1.56879 0 2.17316 5.2687 0 -0.771325 0 0 -19.4925 1.987 0.1765 3.07293 0 2.17316 -6.57237 0 -0.771325 0 0 -19.4925 
0.283 1.987 0.1765 1.57406 0 2.17238 5.2687 0 -0.781135 0 0 -19.4925 1.987 0.1765 3.06636 0 2.17238 -6.57237 0 -0.781135 0 0 -19.4925 
0.284 1.987 0.1765 1.57933 0 2.17159 5.2687 0 -0.790945 0 0 -19.4925 1.987 0.1765 3.05979 0 2.17159 -6.57237 0 -0.790945 0 0 -19.4925 
0.285 1.987 0.1765 1.5846 0 2.17079 5.2687 0 -0.800755 0 0 -19.4925 1.987 0.1765 3.05322 0 2.17079 -6.57237 0 -0.800755 0 0 -19.4925 
0.286 1.987 0.1765 1.58987 0 2.16998 5.2687 0 -0.810565 0 0 -19.4925 1.987 0.1765 3.04664 0 2.16998 -6.57237 0 -0.810565 0 0 -19.4925 
0.287 1.987 0.1765 1.59514 0 2.16916 5.2687 0 -0.820375 0 0 -19.4925 1.987 0.1765 3.04007 0 2.16916 -6.57237 0 -0.820375 0 0 -19.4925 
0.288 1.987 0.1765 1.6004 0 2.16833 5.2687 0 -0.830185 0 0 -19.4925 1.987 0.1765 3.0335 0 2.16833 -6.57237 0 -0.830185 0 0 -19.4925 
0.289 1.987 0.1765 1.60567 0 2.16749 5.2687 0 -0.839995 0 0 -19.4925 1.987 0.1765 3.02693 0 2.16749 -6.57237 0 -0.839995 0 0 -19.4925 
0.29 1.987 0.1765 1.61094 0 2.16664 5.2687 0 -0.849805 0 0 -19.4925 1.987 0.1765 3.02035 0 2.16664 -6.57237 0 -0.849805 0 0 -19.4925 
0.291 1.987 0.1765 1.61621 0 2.16578 5.2687 0 -0.859615 0 0 -19.4925 1.987 0.1765 3.01378 0 2.16578 -6.57237 0 -0.859615 0 0 -19.4925 
0.292 1.987 0.1765 1.62148 0 2.16491 5.2687 0 -0.869425 0 0 -19.4925 1.987 0.1765 3.00721 0 2.16491 -6.57237 0 -0.869425 0 0 -19.4925 
0.293 1.987 0.1765 1.62675 0 2.16403 5.2687 0 -0.879235 0 0 -19.4925 1.987 0.1765 3.00064 0 2.16403 -6.57237 0 -0.879235 0 0 -19.4925 
0.294 1.987 0.1765 1.63202 0 2.16314 5.2687 0 -0.889045 0 0 -19.4925 1.987 0.1765 2.99406 0 2.16314 -6.57237 0 -0.889045 0 0 -19.4925 
0.295 1.987 0.1765 1.63729 0 2.16224 5.2687 0 -0.898855 0 0 -19.4925 1.987 0.1765 2.98749 0 2.16224 -6.57237 0 -0.898855 0 0 -19.4925 
0.296 1.987 0.1765 1.64255 0 2.16133 5.2687 0 -0.908665 0 0 -19.4925 1.987 0.1765 2.98092 0 2.16133 -6.57237 0 -0.908665 0 0 -19.4925 
0.297 1.987 0.1765 1.64782 0 2.16042 5.2687 0 -0.918475 0 0 -19.4925 1.987 0.1765 2.97435 0 2.16042 -6.57237 0 -0.918475 0 0 -19.4925 
0.298 1.987 0.1765 1.65309 0 2.15949 5.2687 0 -0.928285 0 0 -19.4925 1.987 0.1765 2.96777 0 2.15949 -6.57237 0 -0.928285 0 0 -19.4925 
0.299 1.987 0.1765 1.65836 0 2.15855 5.2687 0 -0.938095 0 0 -19.4925 1.987 0.1765 2.9612 0 2.15855 -6.57237 0 -0.938095 0 0 -19.4925 
0.3 1.987 0.1765 1.66363 0 2.1576 5.2687 0 -0.947905 0 0 -19.4925 1.987 0.1765 2.95463 0 2.1576 -6.57237 0 -0.947905 0 0 -19.4925 
0.301 1.987 0.1765 1.6689 0 2.15664 5.2687 0 -0.957715 0 0 -19.4925 1.987 0.1765 2.94806 0 2.15664 -6.57237 0 -0.957715 0 0 -19.4925 
0.302 1.987 0.1765 1.67417 0 2.15568 5.2687 0 -0.967525 0 0 -19.4925 1.987 0.1765 2.94148 0 2.15568 -6.57237 0 -0.967525 0 0 -19.4925 
0.303 1.987 0.1765 1.67943 0 2.1547 5.2687 0 -0.977335 0 0 -19.4925 1.987 0.1765 2.93491 0 2.1547 -6.57237 0 -0.977335 0 0 -19.4925 
0.304 1.987 0.1765 1.6847 0 2.15371 5.2687 0 -0.987145 0 0 -19.4925 1.987 0.1765 2.92834 0 2.15371 -6.57237 0 -0.987145 0 0 -19.4925 
0.305 1.987 0.1765 1.68997 0 2.15272 5.2687 0 -0.996955 0 0 -19.4925 1.987 0.1765 2.92177 0 2.15272 -6.57237 0 -0.996955 0 0 -19.4925 
0.306 1.987 0.1765 1.69524 0 2.15171 5.2687 0 -1.00677 0 0 -19.4925 1.987 0.1765 2.9152 0 2.15171 -6.57237 0 -1.00677 0 0 -19.4925 
0.307 1.987 0.1765 1.70051 0 2.15069 5.2687 0 -1.01658 0 0 -19.4925 1.987 0.1765 2.90862 0 2.15069 -6.57237 0 -1.01658 0 0 -19.4925 
0.308 1.987 0.1765 1.70578 0 2.14967 5.2687 0 -1.02639 0 0 -19.4925 1.987 0.1765 2.90205 0 2.14967 -6.57237 0 -1.02639 0 0 -19.4925 
0.309 1.987 0.1765 1.71105 0 2.14863 5.2687 0 -1.0362 0 0 -19.4925 1.987 0.1765 2.89548 0 2.14863 -6.57237 0 -1.0362 0 0 -19.4925 
0.31 1.987 0.1765 1.71632 0 2.14758 5.2687 0 -1.04601 0 0 -19.4925 1.987 0.1765 2.88891 0 2.14758 -6.57237 0 -1.04601 0 0 -19.4925 
0.311 1.987 0.1765 1.72158 0 2.14653 5.2687 0 -1.05582 0 0 -19.4925 1.987 0.1765 2.88233 0 2.14653 -6.57237 0 -1.05582 0 0 -19.4925 
0.312 1.987 0.1765 1.72685 0 2.14546 5.2687 0 -1.06563 0 0 -19.4925 1.987 0.1765 2.87576 0 2.14546 -6.57237 0 -1.06563 0 0 -19.4925 
0.313 1.987 0.1765 1.73212 0 2.14439 5.2687 0 -1.07544 0 0 -19.4925 1.987 0.1765 2.86919 0 2.14439 -6.57237 0 -1.07544 0 0 -19.4925 
0.314 1.987 0.1765 1.73739 0 2.1433 5.2687 0 -1.08525 0 0 -19.4925 1.987 0.1765 2.86262 0 2.1433 -6.57237 0 -1.08525 0 0 -19.4925 
0.315 1.987 0.1765 1.74266 0 2.14221 5.2687 0 -1.09506 0 0 -19.4925 1.987 0.1765 2.85604 0 2.14221 -6.57237 0 -1.09506 0 0 -19.4925 
0.316 1.987 0.1765 1.74793 0 2.1411 5.2687 0 -1.10487 0 0 -19.4925 1.987 0.1765 2.84947 0 2.1411 -6.57237 0 -1.10487 0 0 -19.4925 
0.317 1.987 0.1765 1.7532 0 2.13999 5.2687 0 -1.11468 0 0 -19.4925 1.987 0.1765 2.8429 0 2.13999 -6.57237 0 -1.11468 0 0 -19.4925 
0.318 1.987 0.1765 1.75847 0 2.13886 5.2687 0 -1.12449 0 0 -19.4925 1.987 0.1765 2.83633 0 2.13886 -6.57237 0 -1.12449 0 0 -19.4925 
0.319 1.987 0.1765 1.76373 0 2.13773 5.2687 0 -1.1343 0 0 -19.4925 1.987 0.1765 2.82975 0 2.13773 -6.57237 0 -1.1343 0 0 -19.4925 
0.32 1.987 0.1765 1.769 0 2.13658 5.2687 0 -1.14411 0 0 -19.4925 1.987 0.1765 2.82318 0 2.13658 -6.57237 0 -1.14411 0 0 -19.4925 
0.321 1.987 0.1765 1.77427 0 2.13543 5.2687 0 -1.15392 0 0 -19.4925 1.987 0.1765 2.81661 0 2.13543 -6.57237 0 -1.15392 0 0 -19.4925 
0.322 1.987 0.1765 1.77954 0 2.13427 5.2687 0 -1.16373 0 0 -19.4925 1.987 0.1765 2.81004 0 2.13427 -6.57237 0 -1.16373 0 0 -19.4925 
0.323 1.987 0.1765 1.78481 0 2.13309 5.2687 0 -1.17354 0 0 -19.4925 1.987 0.1765 2.80347 0 2.13309 -6.57237 0 -1.17354 0 0 -19.4925 
0.324 1.987 0.1765 1.79008 0 2.13191 5.2687 0 -1.18335 0 0 -19.4925 1.987 0.1765 2.79689 0 2.13191 -6.57237 0 -1.18335 0 0 -19.4925 
0.325 1.987 0.1765 1.79535 0 2.13072 5.2687 0 -1.19316 0 0 -19.4925 1.987 0.1765 2.79032 0 2.13072 -6.57237 0 -1.19316 0 0 -19.4925 
0.326 1.987 0.1765 1.80062 0 2.12951 5.2687 0 -1.20297 0 0 -19.4925 1.987 0.1765 2.78375 0 2.12951 -6.57237 0 -1.20297 0 0 -19.4925 
0.327 1.987 0.1765 1.80588 0 2.1283 5.2687 0 -1.21278 0 0 -19.4925 1.987 0.1765 2.77718 0 2.1283 -6.57237 0 -1.21278 0 0 -19.4925 
0.328 1.987 0.1765 1.81115 0 2.12708 5.2687 0 -1.22259 0 0 -19.4925 1.987 0.1765 2.7706 0 2.12708 -6.57237 0 -1.22259 0 0 -19.4925 
0.329 1.987 0.1765 1.81642 0 2.12585 5.2687 0 -1.2324 0 0 -19.4925 1.987 0.1765 2.76403 0 2.12585 -6.57237 0 -1.2324 0 0 -19.4925 
0.33 1.987 0.1765 1.82169 0 2.1246 5.2687 0 -1.24221 0 0 -19.4925 1.987 0.1765 2.75746 0 2.1246 -6.57237 0 -1.24221 0 0 -19.4925 
0.331 1.987 0.1765 1.82696 0 2.12335 5.2687 0 -1.25202 0 0 -19.4925 1.987 0.1765 2.75089 0 2.12335 -6.57237 0 -1.25202 0 0 -19.4925 
0.332 1.987 0.1765 1.83223 0 2.12209 5.2687 0 -1.26183 0 0 -19.4925 1.987 0.1765 2.74431 0 2.12209 -6.57237 0 -1.26183 0 0 -19.4925 
0.333 1.987 0.1765 1.8375 0 2.12082 5.2687 0 -1.27164 0 0 -19.4925 1.987 0.1765 2.73774 0 2.12082 -6.57237 0 -1.27164 0 0 -19.4925 
0.334 1.987 0.1765 1.84276 0 2.11954 5.2687 0 -1.28145 0 0 -19.4925 1.987 0.1765 2.73117 0 2.11954 -6.57237 0 -1.28145 0 0 -19.4925 
0.335 1.987 0.1765 1.84803 0 2.11825 5.2687 0 -1.29126 0 0 -19.4925 1.987 0.1765 2.7246 0 2.11825 -6.57237 0 -1.29126 0 0 -19.4925 
0.336 1.987 0.1765 1.8533 0 2.11694 5.2687 0 -1.30107 0 0 -19.4925 1.987 0.1765 2.71802 0 2.11694 -6.57237 0 -1.30107 0 0 -19.4925 
0.337 1.987 0.1765 1.85857 0 2.11563 5.2687 0 -1.31088 0 0 -19.4925 1.987 0.1765 2.71145 0 2.11563 -6.57237 0 -1.31088 0 0 -19.4925 
0.338 1.987 0.1765 1.86384 0 2.11431 5.2687 0 -1.32069 0 0 -19.4925 1.987 0.1765 2.70488 0 2.11431 -6.57237 0 -1.32069 0 0 -19.4925 
0.339 1.987 0.1765 1.86911 0 2.11298 5.2687 0 -1.3305 0 0 -19.4925 1.987 0.1765 2.69831 0 2.11298 -6.57237 0 -1.3305 0 0 -19.4925 
0.34 1.987 0.1765 1.87438 0 2.11164 5.2687 0 -1.34031 0 0 -19.4925 1.987 0.1765 2.69173 0 2.11164 -6.57237 0 -1.34031 0 0 -19.4925 
0.341 1.987 0.1765 1.87965 0 2.11029 5.2687 0 -1.35012 0 0 -19.4925 1.987 0.1765 2.68516 0 2.11029 -6.57237 0 -1.35012 0 0 -19.4925 
0.342 1.987 0.1765 1.88491 0 2.10893 5.2687 0 -1.35993 0 0 -19.4925 1.987 0.1765 2.67859 0 2.10893 -6.57237 0 -1.35993 0 0 -19.4925 
0.343 1.987 0.1765 1.89018 0 2.10756 5.2687 0 -1.36974 0 0 -19.4925 1.987 0.1765 2.67202 0 2.10756 -6.57237 0 -1.36974 0 0 -19.4925 
0.344 1.987 0.1765 1.89545 0 2.10618 5.2687 0 -1.37955 0 0 -19.4925 1.987 0.1765 2.66545 0 2.10618 -6.57237 0 -1.37955 0 0 -19.4925 
0.345 1.987 0.1765 1.90072 0 2.10479 5.2687 0 -1.38936 0 0 -19.4925 1.987 0.1765 2.65887 0 2.10479 -6.57237 0 -1.38936 0 0 -19.4925 
0.346 1.987 0.1765 1.90599 0 2.10339 5.2687 0 -1.39917 0 0 -19.4925 1.987 0.1765 2.6523 0 2.10339 -6.57237 0 -1.39917 0 0 -19.4925 
0.347 1.987 0.1765 1.91126 0 2.10198 5.2687 0 -1.40898 0 0 -19.4925 1.987 0.1765 2.64573 0 2.10198 -6.57237 0 -1.40898 0 0 -19.4925 
0.348 1.987 0.1765 1.91653 0 2.10057 5.2687 0 -1.41879 0 0 -19.4925 1.987 0.1765 2.63916 0 2.10057 -6.57237 0 -1.41879 0 0 -19.4925 
0.349 1.987 0.1765 1.9218 0 2.09914 5.2687 0 -1.4286 0 0 -19.4925 1.987 0.1765 2.63258 0 2.09914 -6.57237 0 -1.4286 0 0 -19.4925 
0.35 1.987 0.1765 1.92706 0 2.0977 5.2687 0 -1.43841 0 0 -19.4925 1.987 0.1765 2.62601 0 2.0977 -6.57237 0 -1.43841 0 0 -19.4925 
0.351 1.987 0.1765 1.93233 0 2.09625 5.2687 0 -1.44822 0 0 -19.4925 1.987 0.1765 2.61944 0 2.09625 -6.57237 0 -1.44822 0 0 -19.4925 
0.352 1.987 0.1765 1.9376 0 2.09479 5.2687 0 -1.45803 0 0 -19.4925 1.987 0.1765 2.61287 0 2.09479 -6.57237 0 -1.45803 0 0 -19.4925 
0.353 1.987 0.1765 1.94287 0 2.09333 5.2687 0 -1.46784 0 0 -19.4925 1.987 0.1765 2.60629 0 2.09333 -6.57237 0 -1.46784 0 0 -19.4925 
0.354 1.987 0.1765 1.94814 0 2.09185 5.2687 0 -1.47765 0 0 -19.4925 1.987 0.1765 2.59972 0 2.09185 -6.57237 0 -1.47765 0 0 -19.4925 
0.355 1.987 0.1765 1.95341 0 2.09036 5.2687 0 -1.48746 0 0 -19.4925 1.987 0.1765 2.59315 0 2.09036 -6.57237 0 -1.48746 0 0 -19.4925 
0.356 1.987 0.1765 1.95868 0 2.08886 5.2687 0 -1.49727 0 0 -19.4925 1.987 0.1765 2.58658 0 2.08886 -6.57237 0 -1.49727 0 0 -19.4925 
0.357 1.987 0.1765 1.96394 0 2.08736 5.2687 0 -1.50708 0 0 -19.4925 1.987 0.1765 2.58 0 2.08736 -6.57237 0 -1.50708 0 0 -19.4925 
0.358 1.987 0.1765 1.96921 0 2.08584 5.2687 0 -1.51689 0 0 -19.4925 1.987 0.1765 2.57343 0 2.08584 -6.57237 0 -1.51689 0 0 -19.4925 
0.359 1.987 0.1765 1.97448 0 2.08431 5.2687 0 -1.5267 0 0 -19.4925 1.987 0.1765 2.56686 0 2.08431 -6.57237 0 -1.5267 0 0 -19.4925 
0.36 1.987 0.1765 1.97975 0 2.08278 5.2687 0 -1.53651 0 0 -19.4925 1.987 0.1765 2.56029 0 2.08278 -6.57237 0 -1.53651 0 0 -19.4925 
0.361 1.987 0.1765 1.98502 0 2.08123 5.2687 0 -1.54632 0 0 -19.4925 1.987 0.1765 2.55372 0 2.08123 -6.57237 0 -1.54632 0 0 -19.4925 
0.362 1.987 0.1765 1.99029 0 2.07967 5.2687 0 -1.55613 0 0 -19.4925 1.987 0.1765 2.54714 0 2.07967 -6.57237 0 -1.55613 0 0 -19.4925 
0.363 1.987 0.1765 1.99556 0 2.07811 5.2687 0 -1.56594 0 0 -19.4925 1.987 0.1765 2.54057 0 2.07811 -6.57237 0 -1.56594 0 0 -19.4925 
0.364 1.987 0.1765 2.00083 0 2.07653 5.2687 0 -1.57575 0 0 -19.4925 1.987 0.1765 2.534 0 2.07653 -6.57237 0 -1.57575 0 0 -19.4925 
0.365 1.987 0.1765 2.00609 0 2.07495 5.2687 0 -1.58556 0 0 -19.4925 1.987 0.1765 2.52743 0 2.07495 -6.57237 0 -1.58556 0 0 -19.4925 
0.366 1.987 0.1765 2.01136 0 2.07335 5.2687 0 -1.59537 0 0 -19.4925 1.987 0.1765 2.52085 0 2.07335 -6.57237 0 -1.59537 0 0 -19.4925 
0.367 1.987 0.1765 2.01663 0 2.07175 5.2687 0 -1.60518 0 0 -19.4925 1.987 0.1765 2.51428 0 2.07175 -6.57237 0 -1.60518 0 0 -19.4925 
0.368 1.987 0.1765 2.0219 0 2.07013 5.2687 0 -1.61499 0 0 -19.4925 1.987 0.1765 2.50771 0 2.07013 -6.57237 0 -1.61499 0 0 -19.4925 
0.369 1.987 0.1765 2.02717 0 2.06851 5.2687 0 -1.6248 0 0 -19.4925 1.987 0.1765 2.50114 0 2.06851 -6.57237 0 -1.6248 0 0 -19.4925 
0.37 1.987 0.1765 2.03244 0 2.06687 5.2687 0 -1.63461 0 0 -19.4925 1.987 0.1765 2.49456 0 2.06687 -6.57237 0 -1.63461 0 0 -19.4925 
0.371 1.987 0.1765 2.03771 0 2.06523 5.2687 0 -1.64442 0 0 -19.4925 1.987 0.1765 2.48799 0 2.06523 -6.57237 0 -1.64442 0 0 -19.4925 
0.372 1.987 0.1765 2.04298 0 2.06357 5.2687 0 -1.65423 0 0 -19.4925 1.987 0.1765 2.48142 0 2.06357 -6.57237 0 -1.65423 0 0 -19.4925 
0.373 1.987 0.1765 2.04824 0 2.06191 5.2687 0 -1.66404 0 0 -19.4925 1.987 0.1765 2.47485 0 2.06191 -6.57237 0 -1.66404 0 0 -19.4925 
0.374 1.987 0.1765 2.05351 0 2.06023 5.2687 0 -1.67385 0 0 -19.4925 1.987 0.1765 2.46827 0 2.06023 -6.57237 0 -1.67385 0 0 -19.4925 
0.375 1.987 0.1765 2.05878 0 2.05855 5.2687 0 -1.68366 0 0 -19.4925 1.987 0.1765 2.4617 0 2.05855 -6.57237 0 -1.68366 0 0 -19.4925 
0.376 1.987 0.1765 2.06405 0 2.05686 5.2687 0 -1.69347 0 0 -19.4925 1.987 0.1765 2.45513 0 2.05686 -6.57237 0 -1.69347 0 0 -19.4925 
0.377 1.987 0.1765 2.06932 0 2.05515 5.2687 0 -1.70328 0 0 -19.4925 1.987 0.1765 2.44856 0 2.05515 -6.57237 0 -1.70328 0 0 -19.4925 
0.378 1.987 0.1765 2.07459 0 2.05344 5.2687 0 -1.71309 0 0 -19.4925 1.987 0.1765 2.44199 0 2.05344 -6.57237 0 -1.71309 0 0 -19.4925 
0.379 1.987 0.1765 2.07986 0 2.05172 5.2687 0 -1.7229 0 0 -19.4925 1.987 0.1765 2.43541 0 2.05172 -6.57237 0 -1.7229 0 0 -19.4925 
0.38 1.987 0.1765 2.08512 0 2.04999 5.2687 0 -1.73271 0 0 -19.4925 1.987 0.1765 2.42884 0 2.04999 -6.57237 0 -1.73271 0 0 -19.4925 
0.381 1.987 0.1765 2.09035 0 2.04824 5.23024 0 -1.74252 -76.415 0 -19.4925 1.987 0.1765 2.42231 0 2.04824 -6.53391 0 -1.74252 76.415 0 -19.4925 
0.382 1.987 0.1765 2.0955 0 2.04649 5.14305 0 -1.75233 -173.239 0 -19.4925 1.987 0.1765 2.41586 0 2.04649 -6.44672 0 -1.75233 173.239 0 -19.4925 
0.383 1.987 0.1765 2.10051 0 2.04473 5.00786 0 -1.76214 -268.629 0 -19.4925 1.987 0.1765 2.40955 0 2.04473 -6.31153 0 -1.76214 268.629 0 -19.4925 
0.384 1.987 0.1765 2.10533 0 2.04296 4.82578 0 -1.77195 -361.792 0 -19.4925 1.987 0.1765 2.40342 0 2.04296 -6.12945 0 -1.77195 361.792 0 -19.4925 
0.385 1.987 0.1765 2.10993 0 2.04117 4.59832 0 -1.78176 -451.959 0 -19.4925 1.987 0.1765 2.39752 0 2.04117 -5.90199 0 -1.78176 451.959 0 -19.4925 
0.386 1.987 0.1765 2.11426 0 2.03938 4.32737 0 -1.79157 -538.381 0 -19.4925 1.987 0.1765 2.39189 0 2.03938 -5.63104 0 -1.79157 538.381 0 -19.4925 
0.387 1.987 0.1765 2.11827 0 2.03758 4.01517 0 -1.80138 -620.344 0 -19.4925 1.987 0.1765 2.38657 0 2.03758 -5.31884 0 -1.80138 620.344 0 -19.4925 
0.388 1.987 0.1765 2.12194 0 2.03577 3.66431 0 -1.81119 -697.167 0 -19.4925 1.987 0.1765 2.3816 0 2.03577 -4.96798 0 -1.81119 697.167 0 -19.4925 
0.389 1.987 0.1765 2.12521 0 2.03395 3.27769 0 -1.821 -768.214 0 -19.4925 1.987 0.1765 2.37702 0 2.03395 -4.58136 0 -1.821 768.214 0 -19.4925 
0.39 1.987 0.1765 2.12807 0 2.03212 2.85851 0 -1.83081 -832.898 0 -19.4925 1.987 0.1765 2.37286 0 2.03212 -4.16218 0 -1.83081 832.898 0 -19.4925 
0.391 1.987 0.1765 2.13048 0 2.03028 2.41026 0 -1.84062 -890.681 0 -19.4925 1.987 0.1765 2.36914 0 2.03028 -3.71393 0 -1.84062 890.681 0 -19.4925 
0.392 1.987 0.1765 2.13242 0 2.02843 1.93664 0 -1.85043 -941.086 0 -19.4925 1.987 0.1765 2.3659 0 2.02843 -3.24031 0 -1.85043 941.086 0 -19.4925 
0.393 1.987 0.1765 2.13386 0 2.02657 1.44157 0 -1.86024 -983.695 0 -19.4925 1.987 0.1765 2.36316 0 2.02657 -2.74524 0 -1.86024 983.695 0 -19.4925 
0.394 1.987 0.1765 2.13479 0 2.0247 0.929165 0 -1.87005 -1018.15 0 -19.4925 1.987 0.1765 2.36092 0 2.0247 -2.23283 0 -1.87005 1018.15 0 -19.4925 
0.395 1.987 0.1765 2.13519 0 2.02282 0.403659 0 -1.87986 -1044.18 0 -19.4925 1.987 0.1765 2.35922 0 2.02282 -1.70733 0 -1.87986 1044.18 0 -19.4925 
0.396 1.987 0.1765 2.13506 0 2.02093 -0.13059 0 -1.88967 -1061.55 0 -19.4925 1.987 0.1765 2.35804 0 2.02093 -1.17308 0 -1.88967 1061.55 0 -19.4925 
0.397 1.987 0.1765 2.13439 0 2.01903 -0.669157 0 -1.89948 -1070.13 0 -19.4925 1.987 0.1765 2.35741 0 2.01903 -0.634511 0 -1.89948 1070.13 0 -19.4925 
0.398 1.987 0.1765 2.13319 0 2.01712 -1.20758 0 -1.90929 -1069.85 0 -19.4925 1.987 0.1765 2.35731 0 2.01712 -0.0960867 0 -1.90929 1069.85 0 -19.4925 
0.399 1.987 0.1765 2.13145 0 2.0152 -1.7414 0 -1.9191 -1060.7 0 -19.4925 1.987 0.1765 2.35775 0 2.0152 0.437733 0 -1.9191 1060.7 0 -19.4925 
0.4 1.987 0.1765 2.12918 0 2.01327 -2.26619 0 -1.92891 -1042.76 0 -19.4925 1.987 0.1765 2.35871 0 2.01327 0.962527 0 -1.92891 1042.76 0 -19.4925 
0.401 1.987 0.1765 2.1264 0 2.01133 -2.77761 0 -1.93872 -1016.19 0 -19.4925 1.987 0.1765 2.36019 0 2.01133 1.47395 0 -1.93872 1016.19 0 -19.4925 
0.402 1.987 0.1765 2.12313 0 2.00938 -3.27142 0 -1.94853 -981.199 0 -19.4925 1.987 0.1765 2.36215 0 2.00938 1.96776 0 -1.94853 981.199 0 -19.4925 
0.403 1.987 0.1765 2.11939 0 2.00743 -3.74353 0 -1.95834 -938.078 0 -19.4925 1.987 0.1765 2.36459 0 2.00743 2.43986 0 -1.95834 938.078 0 -19.4925 
0.404 1.987 0.1765 2.1152 0 2.00546 -4.19003 0 -1.96815 -887.186 0 -19.4925 1.987 0.1765 2.36748 0 2.00546 2.88636 0 -1.96815 887.186 0 -19.4925 
0.405 1.987 0.1765 2.11059 0 2.00348 -4.60721 0 -1.97796 -828.944 0 -19.4925 1.987 0.1765 2.37078 0 2.00348 3.30354 0 -1.97796 828.944 0 -19.4925 
0.406 1.987 0.1765 2.1056 0 2.00149 -4.99163 0 -1.98777 -763.835 0 -19.4925 1.987 0.1765 2.37447 0 2.00149 3.68796 0 -1.98777 763.835 0 -19.4925 
0.407 1.987 0.1765 2.10026 0 1.99949 -5.34009 0 -1.99758 -692.398 0 -19.4925 1.987 0.1765 2.37851 0 1.99949 4.03642 0 -1.99758 692.398 0 -19.4925 
0.408 1.987 0.1765 2.09461 0 1.99749 -5.64971 0 -2.00739 -615.225 0 -19.4925 1.987 0.1765 2.38285 0 1.99749 4.34605 0 -2.00739 615.225 0 -19.4925 
0.409 1.987 0.1765 2.08869 0 1.99547 -5.91794 0 -2.0172 -532.955 0 -19.4925 1.987 0.1765 2.38747 0 1.99547 4.61427 0 -2.0172 532.955 0 -19.4925 
0.41 1.987 0.1765 2.08255 0 1.99344 -6.14253 0 -2.02701 -446.27 0 -19.4925 1.987 0.1765 2.39231 0 1.99344 4.83886 0 -2.02701 446.27 0 -19.4925 
0.411 1.987 0.1765 2.07623 0 1.99141 -6.32164 0 -2.03682 -355.888 0 -19.4925 1.987 0.1765 2.39733 0 1.99141 5.01797 0 -2.03682 355.888 0 -19.4925 
0.412 1.987 0.1765 2.06977 0 1.98936 -6.45378 0 -2.04663 -262.558 0 -19.4925 1.987 0.1765 2.40248 0 1.98936 5.15011 0 -2.04663 262.558 0 -19.4925 
0.413 1.987 0.1765 2.06323 0 1.9873 -6.53785 0 -2.05644 -167.053 0 -19.4925 1.987 0.1765 2.40771 0 1.9873 5.23418 0 -2.05644 167.053 0 -19.4925 
0.414 1.987 0.1765 2.05666 0 1.98524 -6.57316 0 -2.06625 -70.1637 0 -19.4925 1.987 0.1765 2.41298 0 1.98524 5.26949 0 -2.06625 70.1637 0 -19.4925 
0.415 1.987 0.1765 2.05009 0 1.98316 -6.57316 0 -2.07606 0 0 -19.4925 1.987 0.1765 2.41825 0 1.98316 5.26949 0 -2.07606 0 0 -19.4925 
0.416 1.987 0.1765 2.04351 0 1.98107 -6.57316 0 -2.08587 0 0 -19.4925 1.987 0.1765 2.42352 0 1.98107 5.26949 0 -2.08587 0 0 -19.4925 
0.417 1.987 0.1765 2.03694 0 1.97898 -6.57316 0 -2.09568 0 0 -19.4925 1.987 0.1765 2.42879 0 1.97898 5.26949 0 -2.09568 0 0 -19.4925 
0.418 1.987 0.1765 2.03037 0 1.97687 -6.57316 0 -2.10549 0 0 -19.4925 1.987 0.1765 2.43406 0 1.97687 5.26949 0 -2.10549 0 0 -19.4925 
0.419 1.987 0.1765 2.0238 0 1.97476 -6.57316 0 -2.1153 0 0 -19.4925 1.987 0.1765 2.43933 0 1.97476 5.26949 0 -2.1153 0 0 -19.4925 
0.42 1.987 0.1765 2.01722 0 1.97263 -6.57316 0 -2.12511 0 0 -19.4925 1.987 0.1765 2.4446 0 1.97263 5.26949 0 -2.12511 0 0 -19.4925 
0.421 1.987 0.1765 2.01065 0 1.9705 -6.57316 0 -2.13492 0 0 -19.4925 1.987 0.1765 2.44987 0 1.9705 5.26949 0 -2.13492 0 0 -19.4925 
0.422 1.987 0.1765 2.00408 0 1.96835 -6.57316 0 -2.14473 0 0 -19.4925 1.987 0.1765 2.45514 0 1.96835 5.26949 0 -2.14473 0 0 -19.4925 
0.423 1.987 0.1765 1.9975 0 1.9662 -6.57316 0 -2.15454 0 0 -19.4925 1.987 0.1765 2.4604 0 1.9662 5.26949 0 -2.15454 0 0 -19.4925 
0.424 1.987 0.1765 1.99093 0 1.96403 -6.57316 0 -2.16435 0 0 -19.4925 1.987 0.1765 2.46567 0 1.96403 5.26949 0 -2.16435 0 0 -19.4925 
0.425 1.987 0.1765 1.98436 0 1.96186 -6.57316 0 -2.17416 0 0 -19.4925 1.987 0.1765 2.47094 0 1.96186 5.26949 0 -2.17416 0 0 -19.4925 
0.426 1.987 0.1765 1.97778 0 1.95968 -6.57316 0 -2.18397 0 0 -19.4925 1.987 0.1765 2.47621 0 1.95968 5.26949 0 -2.18397 0 0 -19.4925 
0.427 1.987 0.1765 1.97121 0 1.95748 -6.57316 0 -2.19378 0 0 -19.4925 1.987 0.1765 2.48148 0 1.95748 5.26949 0 -2.19378 0 0 -19.4925 
0.428 1.987 0.1765 1.96464 0 1.95528 -6.57316 0 -2.20359 0 0 -19.4925 1.987 0.1765 2.48675 0 1.95528 5.26949 0 -2.20359 0 0 -19.4925 
0.429 1.987 0.1765 1.95806 0 1.95307 -6.57316 0 -2.2134 0 0 -19.4925 1.987 0.1765 2.49202 0 1.95307 5.26949 0 -2.2134 0 0 -19.4925 
0.43 1.987 0.1765 1.95149 0 1.95084 -6.57316 0 -2.22321 0 0 -19.4925 1.987 0.1765 2.49729 0 1.95084 5.26949 0 -2.22321 0 0 -19.4925 
0.431 1.987 0.1765 1.94492 0 1.94861 -6.57316 0 -2.23302 0 0 -19.4925 1.987 0.1765 2.50256 0 1.94861 5.26949 0 -2.23302 0 0 -19.4925 
0.432 1.987 0.1765 1.93834 0 1.94637 -6.57316 0 -2.24283 0 0 -19.4925 1.987 0.1765 2.50783 0 1.94637 5.26949 0 -2.24283 0 0 -19.4925 
0.433 1.987 0.1765 1.93177 0 1.94411 -6.57316 0 -2.25264 0 0 -19.4925 1.987 0.1765 2.5131 0 1.94411 5.26949 0 -2.25264 0 0 -19.4925 
0.434 1.987 0.1765 1.9252 0 1.94185 -6.57316 0 -2.26245 0 0 -19.4925 1.987 0.1765 2.51837 0 1.94185 5.26949 0 -2.26245 0 0 -19.4925 
0.435 1.987 0.1765 1.91862 0 1.93958 -6.57316 0 -2.27226 0 0 -19.4925 1.987 0.1765 2.52364 0 1.93958 5.26949 0 -2.27226 0 0 -19.4925 
0.436 1.987 0.1765 1.91205 0 1.9373 -6.57316 0 -2.28207 0 0 -19.4925 1.987 0.1765 2.52891 0 1.9373 5.26949 0 -2.28207 0 0 -19.4925 
0.437 1.987 0.1765 1.90548 0 1.93501 -6.57316 0 -2.29188 0 0 -19.4925 1.987 0.1765 2.53418 0 1.93501 5.26949 0 -2.29188 0 0 -19.4925 
0.438 1.987 0.1765 1.89891 0 1.9327 -6.57316 0 -2.30169 0 0 -19.4925 1.987 0.1765 2.53945 0 1.9327 5.26949 0 -2.30169 0 0 -19.4925 
0.439 1.987 0.1765 1.89233 0 1.93039 -6.57316 0 -2.3115 0 0 -19.4925 1.987 0.1765 2.54472 0 1.93039 5.26949 0 -2.3115 0 0 -19.4925 
0.44 1.987 0.1765 1.88576 0 1.92807 -6.57316 0 -2.32131 0 0 -19.4925 1.987 0.1765 2.54999 0 1.92807 5.26949 0 -2.32131 0 0 -19.4925 
0.441 1.987 0.1765 1.87919 0 1.92574 -6.57316 0 -2.33112 0 0 -19.4925 1.987 0.1765 2.55526 0 1.92574 5.26949 0 -2.33112 0 0 -19.4925 
0.442 1.987 0.1765 1.87261 0 1.9234 -6.57316 0 -2.34093 0 0 -19.4925 1.987 0.1765 2.56052 0 1.9234 5.26949 0 -2.34093 0 0 -19.4925 
0.443 1.987 0.1765 1.86604 0 1.92105 -6.57316 0 -2.35074 0 0 -19.4925 1.987 0.1765 2.56579 0 1.92105 5.26949 0 -2.35074 0 0 -19.4925 
0.444 1.987 0.1765 1.85947 0 1.91869 -6.57316 0 -2.36055 0 0 -19.4925 1.987 0.1765 2.57106 0 1.91869 5.26949 0 -2.36055 0 0 -19.4925 
0.445 1.987 0.1765 1.85289 0 1.91632 -6.57316 0 -2.37036 0 0 -19.4925 1.987 0.1765 2.57633 0 1.91632 5.26949 0 -2.37036 0 0 -19.4925 
0.446 1.987 0.1765 1.84632 0 1.91394 -6.57316 0 -2.38017 0 0 -19.4925 1.987 0.1765 2.5816 0 1.91394 5.26949 0 -2.38017 0 0 -19.4925 
0.447 1.987 0.1765 1.83975 0 1.91155 -6.57316 0 -2.38998 0 0 -19.4925 1.987 0.1765 2.58687 0 1.91155 5.26949 0 -2.38998 0 0 -19.4925 
0.448 1.987 0.1765 1.83317 0 1.90915 -6.57316 0 -2.39979 0 0 -19.4925 1.987 0.1765 2.59214 0 1.90915 5.26949 0 -2.39979 0 0 -19.4925 
0.449 1.987 0.1765 1.8266 0 1.90674 -6.57316 0 -2.4096 0 0 -19.4925 1.987 0.1765 2.59741 0 1.90674 5.26949 0 -2.4096 0 0 -19.4925 
0.45 1.987 0.1765 1.82003 0 1.90432 -6.57316 0 -2.41941 0 0 -19.4925 1.987 0.1765 2.60268 0 1.90432 5.26949 0 -2.41941 0 0 -19.4925 
0.451 1.987 0.1765 1.81345 0 1.90189 -6.57316 0 -2.42922 0 0 -19.4925 1.987 0.1765 2.60795 0 1.90189 5.26949 0 -2.42922 0 0 -19.4925 
0.452 1.987 0.1765 1.80688 0 1.89945 -6.57316 0 -2.43903 0 0 -19.4925 1.987 0.1765 2.61322 0 1.89945 5.26949 0 -2.43903 0 0 -19.4925 
0.453 1.987 0.1765 1.80031 0 1.897 -6.57316 0 -2.44884 0 0 -19.4925 1.987 0.1765 2.61849 0 1.897 5.26949 0 -2.44884 0 0 -19.4925 
0.454 1.987 0.1765 1.79373 0 1.89454 -6.57316 0 -2.45865 0 0 -19.4925 1.987 0.1765 2.62376 0 1.89454 5.26949 0 -2.45865 0 0 -19.4925 
0.455 1.987 0.1765 1.78716 0 1.89207 -6.57316 0 -2.46846 0 0 -19.4925 1.987 0.1765 2.62903 0 1.89207 5.26949 0 -2.46846 0 0 -19.4925 
0.456 1.987 0.1765 1.78059 0 1.8896 -6.57316 0 -2.47827 0 0 -19.4925 1.987 0.1765 2.6343 0 1.8896 5.26949 0 -2.47827 0 0 -19.4925 
0.457 1.987 0.1765 1.77402 0 1.88711 -6.57316 0 -2.48808 0 0 -19.4925 1.987 0.1765 2.63957 0 1.88711 5.26949 0 -2.48808 0 0 -19.4925 
0.458 1.987 0.1765 1.76744 0 1.88461 -6.57316 0 -2.49789 0 0 -19.4925 1.987 0.1765 2.64484 0 1.88461 5.26949 0 -2.49789 0 0 -19.4925 
0.459 1.987 0.1765 1.76087 0 1.8821 -6.57316 0 -2.5077 0 0 -19.4925 1.987 0.1765 2.65011 0 1.8821 5.26949 0 -2.5077 0 0 -19.4925 
0.46 1.987 0.1765 1.7543 0 1.87958 -6.57316 0 -2.51751 0 0 -19.4925 1.987 0.1765 2.65538 0 1.87958 5.26949 0 -2.51751 0 0 -19.4925 
0.461 1.987 0.1765 1.74772 0 1.87706 -6.57316 0 -2.52732 0 0 -19.4925 1.987 0.1765 2.66065 0 1.87706 5.26949 0 -2.52732 0 0 -19.4925 
0.462 1.987 0.1765 1.74115 0 1.87452 -6.57316 0 -2.53713 0 0 -19.4925 1.987 0.1765 2.66591 0 1.87452 5.26949 0 -2.53713 0 0 -19.4925 
0.463 1.987 0.1765 1.73458 0 1.87197 -6.57316 0 -2.54694 0 0 -19.4925 1.987 0.1765 2.67118 0 1.87197 5.26949 0 -2.54694 0 0 -19.4925 
0.464 1.987 0.1765 1.728 0 1.86942 -6.57316 0 -2.55675 0 0 -19.4925 1.987 0.1765 2.67645 0 1.86942 5.26949 0 -2.55675 0 0 -19.4925 
0.465 1.987 0.1765 1.72143 0 1.86685 -6.57316 0 -2.56656 0 0 -19.4925 1.987 0.1765 2.68172 0 1.86685 5.26949 0 -2.56656 0 0 -19.4925 
0.466 1.987 0.1765 1.71486 0 1.86427 -6.57316 0 -2.57637 0 0 -19.4925 1.987 0.1765 2.68699 0 1.86427 5.26949 0 -2.57637 0 0 -19.4925 
0.467 1.987 0.1765 1.70828 0 1.86169 -6.57316 0 -2.58618 0 0 -19.4925 1.987 0.1765 2.69226 0 1.86169 5.26949 0 -2.58618 0 0 -19.4925 
0.468 1.987 0.1765 1.70171 0 1.85909 -6.57316 0 -2.59599 0 0 -19.4925 1.987 0.1765 2.69753 0 1.85909 5.26949 0 -2.59599 0 0 -19.4925 
0.469 1.987 0.1765 1.69514 0 1.85649 -6.57316 0 -2.6058 0 0 -19.4925 1.987 0.1765 2.7028 0 1.85649 5.26949 0 -2.6058 0 0 -19.4925 
0.47 1.987 0.1765 1.68856 0 1.85387 -6.57316 0 -2.61561 0 0 -19.4925 1.987 0.1765 2.70807 0 1.85387 5.26949 0 -2.61561 0 0 -19.4925 
0.471 1.987 0.1765 1.68199 0 1.85124 -6.57316 0 -2.62542 0 0 -19.4925 1.987 0.1765 2.71334 0 1.85124 5.26949 0 -2.62542 0 0 -19.4925 
0.472 1.987 0.1765 1.67542 0 1.84861 -6.57316 0 -2.63523 0 0 -19.4925 1.987 0.1765 2.71861 0 1.84861 5.26949 0 -2.63523 0 0 -19.4925 
0.473 1.987 0.1765 1.66884 0 1.84596 -6.57316 0 -2.64504 0 0 -19.4925 1.987 0.1765 2.72388 0 1.84596 5.26949 0 -2.64504 0 0 -19.4925 
0.474 1.987 0.1765 1.66227 0 1.84331 -6.57316 0 -2.65485 0 0 -19.4925 1.987 0.1765 2.72915 0 1.84331 5.26949 0 -2.65485 0 0 -19.4925 
0.475 1.987 0.1765 1.6557 0 1.84064 -6.57316 0 -2.66466 0 0 -19.4925 1.987 0.1765 2.73442 0 1.84064 5.26949 0 -2.66466 0 0 -19.4925 
0.476 1.987 0.1765 1.64913 0 1.83797 -6.57316 0 -2.67447 0 0 -19.4925 1.987 0.1765 2.73969 0 1.83797 5.26949 0 -2.67447 0 0 -19.4925 
0.477 1.987 0.1765 1.64255 0 1.83529 -6.57316 0 -2.68428 0 0 -19.4925 1.987 0.1765 2.74496 0 1.83529 5.26949 0 -2.68428 0 0 -19.4925 
0.478 1.987 0.1765 1.63598 0 1.83259 -6.57316 0 -2.69409 0 0 -19.4925 1.987 0.1765 2.75023 0 1.83259 5.26949 0 -2.69409 0 0 -19.4925 
0.479 1.987 0.1765 1.62941 0 1.82989 -6.57316 0 -2.7039 0 0 -19.4925 1.987 0.1765 2.7555 0 1.82989 5.26949 0 -2.7039 0 0 -19.4925 
0.48 1.987 0.1765 1.62283 0 1.82717 -6.57316 0 -2.71371 0 0 -19.4925 1.987 0.1765 2.76077 0 1.82717 5.26949 0 -2.71371 0 0 -19.4925 
0.481 1.987 0.1765 1.61626 0 1.82445 -6.57316 0 -2.72352 0 0 -19.4925 1.987 0.1765 2.76604 0 1.82445 5.26949 0 -2.72352 0 0 -19.4925 
0.482 1.987 0.1765 1.60969 0 1.82172 -6.57316 0 -2.73333 0 0 -19.4925 1.987 0.1765 2.7713 0 1.82172 5.26949 0 -2.73333 0 0 -19.4925 
0.483 1.987 0.1765 1.60311 0 1.81897 -6.57316 0 -2.74314 0 0 -19.4925 1.987 0.1765 2.77657 0 1.81897 5.26949 0 -2.74314 0 0 -19.4925 
0.484 1.987 0.1765 1.59654 0 1.81622 -6.57316 0 -2.75295 0 0 -19.4925 1.987 0.1765 2.78184 0 1.81622 5.26949 0 -2.75295 0 0 -19.4925 
0.485 1.987 0.1765 1.58997 0 1.81346 -6.57316 0 -2.76276 0 0 -19.4925 1.987 0.1765 2.78711 0 1.81346 5.26949 0 -2.76276 0 0 -19.4925 
0.486 1.987 0.1765 1.58339 0 1.81069 -6.57316 0 -2.77257 0 0 -19.4925 1.987 0.1765 2.79238 0 1.81069 5.26949 0 -2.77257 0 0 -19.4925 
0.487 1.987 0.1765 1.57682 0 1.8079 -6.57316 0 -2.78238 0 0 -19.4925 1.987 0.1765 2.79765 0 1.8079 5.26949 0 -2.78238 0 0 -19.4925 
0.488 1.987 0.1765 1.57025 0 1.80511 -6.57316 0 -2.79219 0 0 -19.4925 1.987 0.1765 2.80292 0 1.80511 5.26949 0 -2.79219 0 0 -19.4925 
0.489 1.987 0.1765 1.56367 0 1.80231 -6.57316 0 -2.802 0 0 -19.4925 1.987 0.1765 2.80819 0 1.80231 5.26949 0 -2.802 0 0 -19.4925 
0.49 1.987 0.1765 1.5571 0 1.7995 -6.57316 0 -2.81181 0 0 -19.4925 1.987 0.1765 2.81346 0 1.7995 5.26949 0 -2.81181 0 0 -19.4925 
0.491 1.987 0.1765 1.55053 0 1.79668 -6.57316 0 -2.82162 0 0 -19.4925 1.987 0.1765 2.81873 0 1.79668 5.26949 0 -2.82162 0 0 -19.4925 
0.492 1.987 0.1765 1.54395 0 1.79384 -6.57316 0 -2.83143 0 0 -19.4925 1.987 0.1765 2.824 0 1.79384 5.26949 0 -2.83143 0 0 -19.4925 
0.493 1.987 0.1765 1.53738 0 1.791 -6.57316 0 -2.84124 0 0 -19.4925 1.987 0.1765 2.82927 0 1.791 5.26949 0 -2.84124 0 0 -19.4925 
0.494 1.987 0.1765 1.53081 0 1.78815 -6.57316 0 -2.85105 0 0 -19.4925 1.987 0.1765 2.83454 0 1.78815 5.26949 0 -2.85105 0 0 -19.4925 
0.495 1.987 0.1765 1.52424 0 1.78529 -6.57316 0 -2.86086 0 0 -19.4925 1.987 0.1765 2.83981 0 1.78529 5.26949 0 -2.86086 0 0 -19.4925 
0.496 1.987 0.1765 1.51766 0 1.78242 -6.57316 0 -2.87067 0 0 -19.4925 1.987 0.1765 2.84508 0 1.78242 5.26949 0 -2.87067 0 0 -19.4925 
0.497 1.987 0.1765 1.51109 0 1.77954 -6.57316 0 -2.88048 0 0 -19.4925 1.987 0.1765 2.85035 0 1.77954 5.26949 0 -2.88048 0 0 -19.4925 
0.498 1.987 0.1765 1.50452 0 1.77665 -6.57316 0 -2.89029 0 0 -19.4925 1.987 0.1765 2.85562 0 1.77665 5.26949 0 -2.89029 0 0 -19.4925 
0.499 1.987 0.1765 1.49794 0 1.77375 -6.57316 0 -2.9001 0 0 -19.4925 1.987 0.1765 2.86089 0 1.77375 5.26949 0 -2.9001 0 0 -19.4925 
0.5 1.987 0.1765 1.49137 0 1.77084 -6.57316 0 -2.90991 0 0 -19.4925 1.987 0.1765 2.86616 0 1.77084 5.26949 0 -2.90991 0 0 -19.4925 
0.501 1.987 0.1765 1.4848 0 1.76792 -6.57316 0 -2.91972 0 0 -19.4925 1.987 0.1765 2.87143 0 1.76792 5.26949 0 -2.91972 0 0 -19.4925 
0.502 1.987 0.1765 1.47822 0 1.76499 -6.57316 0 -2.92953 0 0 -19.4925 1.987 0.1765 2.87669 0 1.76499 5.26949 0 -2.92953 0 0 -19.4925 
0.503 1.987 0.1765 1.47165 0 1.76205 -6.57316 0 -2.93934 0 0 -19.4925 1.987 0.1765 2.88196 0 1.76205 5.26949 0 -2.93934 0 0 -19.4925 
0.504 1.987 0.1765 1.46508 0 1.7591 -6.57316 0 -2.94915 0 0 -19.4925 1.987 0.1765 2.88723 0 1.7591 5.26949 0 -2.94915 0 0 -19.4925 
0.505 1.987 0.1765 1.4585 0 1.75614 -6.57316 0 -2.95896 0 0 -19.4925 1.987 0.1765 2.8925 0 1.75614 5.26949 0 -2.95896 0 0 -19.4925 
0.506 1.987 0.1765 1.45193 0 1.75317 -6.57316 0 -2.96877 0 0 -19.4925 1.987 0.1765 2.89777 0 1.75317 5.26949 0 -2.96877 0 0 -19.4925 
0.507 1.987 0.1765 1.44536 0 1.7502 -6.57316 0 -2.97858 0 0 -19.4925 1.987 0.1765 2.90304 0 1.7502 5.26949 0 -2.97858 0 0 -19.4925 
0.508 1.987 0.1765 1.43878 0 1.74721 -6.57316 0 -2.98839 0 0 -19.4925 1.987 0.1765 2.90831 0 1.74721 5.26949 0 -2.98839 0 0 -19.4925 
0.509 1.987 0.1765 1.43221 0 1.74421 -6.57316 0 -2.9982 0 0 -19.4925 1.987 0.1765 2.91358 0 1.74421 5.26949 0 -2.9982 0 0 -19.4925 
0.51 1.987 0.1765 1.42564 0 1.7412 -6.57316 0 -3.00801 0 0 -19.4925 1.987 0.1765 2.91885 0 1.7412 5.26949 0 -3.00801 0 0 -19.4925 
0.511 1.987 0.1765 1.41906 0 1.73818 -6.57316 0 -3.01782 0 0 -19.4925 1.987 0.1765 2.92412 0 1.73818 5.26949 0 -3.01782 0 0 -19.4925 
0.512 1.987 0.1765 1.41249 0 1.73516 -6.57316 0 -3.02763 0 0 -19.4925 1.987 0.1765 2.92939 0 1.73516 5.26949 0 -3.02763 0 0 -19.4925 
0.513 1.987 0.1765 1.40592 0 1.73212 -6.57316 0 -3.03744 0 0 -19.4925 1.987 0.1765 2.93466 0 1.73212 5.26949 0 -3.03744 0 0 -19.4925 
0.514 1.987 0.1765 1.39935 0 1.72907 -6.57316 0 -3.04725 0 0 -19.4925 1.987 0.1765 2.93993 0 1.72907 5.26949 0 -3.04725 0 0 -19.4925 
0.515 1.987 0.1765 1.39277 0 1.72601 -6.57316 0 -3.05706 0 0 -19.4925 1.987 0.1765 2.9452 0 1.72601 5.26949 0 -3.05706 0 0 -19.4925 
0.516 1.987 0.1765 1.3862 0 1.72295 -6.57316 0 -3.06687 0 0 -19.4925 1.987 0.1765 2.95047 0 1.72295 5.26949 0 -3.06687 0 0 -19.4925 
0.517 1.987 0.1765 1.37963 0 1.71987 -6.57316 0 -3.07668 0 0 -19.4925 1.987 0.1765 2.95574 0 1.71987 5.26949 0 -3.07668 0 0 -19.4925 
0.518 1.987 0.1765 1.37305 0 1.71678 -6.57316 0 -3.08649 0 0 -19.4925 1.987 0.1765 2.96101 0 1.71678 5.26949 0 -3.08649 0 0 -19.4925 
0.519 1.987 0.1765 1.36648 0 1.71369 -6.57316 0 -3.0963 0 0 -19.4925 1.987 0.1765 2.96628 0 1.71369 5.26949 0 -3.0963 0 0 -19.4925 
0.52 1.987 0.1765 1.35991 0 1.71058 -6.57316 0 -3.10611 0 0 -19.4925 1.987 0.1765 2.97155 0 1.71058 5.26949 0 -3.10611 0 0 -19.4925 
0.521 1.987 0.1765 1.35333 0 1.70747 -6.57316 0 -3.11592 0 0 -19.4925 1.987 0.1765 2.97681 0 1.70747 5.26949 0 -3.11592 0 0 -19.4925 
0.522 1.987 0.1765 1.34676 0 1.70434 -6.57316 0 -3.12573 0 0 -19.4925 1.987 0.1765 2.98208 0 1.70434 5.26949 0 -3.12573 0 0 -19.4925 
0.523 1.987 0.1765 1.34019 0 1.7012 -6.57316 0 -3.13554 0 0 -19.4925 1.987 0.1765 2.98735 0 1.7012 5.26949 0 -3.13554 0 0 -19.4925 
0.524 1.987 0.1765 1.33361 0 1.69806 -6.57316 0 -3.14535 0 0 -19.4925 1.987 0.1765 2.99262 0 1.69806 5.26949 0 -3.14535 0 0 -19.4925 
0.525 1.987 0.1765 1.32704 0 1.6949 -6.57316 0 -3.15516 0 0 -19.4925 1.987 0.1765 2.99789 0 1.6949 5.26949 0 -3.15516 0 0 -19.4925 
0.526 1.987 0.1765 1.32047 0 1.69174 -6.57316 0 -3.16497 0 0 -19.4925 1.987 0.1765 3.00316 0 1.69174 5.26949 0 -3.16497 0 0 -19.4925 
0.527 1.987 0.1765 1.31389 0 1.68856 -6.57316 0 -3.17478 0 0 -19.4925 1.987 0.1765 3.00843 0 1.68856 5.26949 0 -3.17478 0 0 -19.4925 
0.528 1.987 0.1765 1.30732 0 1.68538 -6.57316 0 -3.18459 0 0 -19.4925 1.987 0.1765 3.0137 0 1.68538 5.26949 0 -3.18459 0 0 -19.4925 
0.529 1.987 0.1765 1.30075 0 1.68219 -6.57316 0 -3.1944 0 0 -19.4925 1.987 0.1765 3.01897 0 1.68219 5.26949 0 -3.1944 0 0 -19.4925 
0.53 1.987 0.1765 1.29417 0 1.67898 -6.57316 0 -3.20421 0 0 -19.4925 1.987 0.1765 3.02424 0 1.67898 5.26949 0 -3.20421 0 0 -19.4925 
0.531 1.987 0.1765 1.2876 0 1.67577 -6.57316 0 -3.21402 0 0 -19.4925 1.987 0.1765 3.02951 0 1.67577 5.26949 0 -3.21402 0 0 -19.4925 
0.532 1.987 0.1765 1.28103 0 1.67254 -6.57316 0 -3.22383 0 0 -19.4925 1.987 0.1765 3.03478 0 1.67254 5.26949 0 -3.22383 0 0 -19.4925 
0.533 1.987 0.1765 1.27446 0 1.66931 -6.57316 0 -3.23364 0 0 -19.4925 1.987 0.1765 3.04005 0 1.66931 5.26949 0 -3.23364 0 0 -19.4925 
0.534 1.987 0.1765 1.26788 0 1.66607 -6.57316 0 -3.24345 0 0 -19.4925 1.987 0.1765 3.04532 0 1.66607 5.26949 0 -3.24345 0 0 -19.4925 
0.535 1.987 0.1765 1.26131 0 1.66281 -6.57316 0 -3.25326 0 0 -19.4925 1.987 0.1765 3.05059 0 1.66281 5.26949 0 -3.25326 0 0 -19.4925 
0.536 1.987 0.1765 1.25474 0 1.65955 -6.57316 0 -3.26307 0 0 -19.4925 1.987 0.1765 3.05586 0 1.65955 5.26949 0 -3.26307 0 0 -19.4925 
0.537 1.987 0.1765 1.24816 0 1.65628 -6.57316 0 -3.27288 0 0 -19.4925 1.987 0.1765 3.06113 0 1.65628 5.26949 0 -3.27288 0 0 -19.4925 
0.538 1.987 0.1765 1.24159 0 1.65299 -6.57316 0 -3.28269 0 0 -19.4925 1.987 0.1765 3.0664 0 1.65299 5.26949 0 -3.28269 0 0 -19.4925 
0.539 1.987 0.1765 1.23502 0 1.6497 -6.57316 0 -3.2925 0 0 -19.4925 1.987 0.1765 3.07167 0 1.6497 5.26949 0 -3.2925 0 0 -19.4925 
0.54 1.987 0.1765 1.22844 0 1.6464 -6.57316 0 -3.30231 0 0 -19.4925 1.987 0.1765 3.07694 0 1.6464 5.26949 0 -3.30231 0 0 -19.4925 
0.541 1.987 0.1765 1.22187 0 1.64309 -6.57316 0 -3.31212 0 0 -19.4925 1.987 0.1765 3.0822 0 1.64309 5.26949 0 -3.31212 0 0 -19.4925 
0.542 1.987 0.1765 1.2153 0 1.63977 -6.57316 0 -3.32193 0 0 -19.4925 1.987 0.1765 3.08747 0 1.63977 5.26949 0 -3.32193 0 0 -19.4925 
0.543 1.987 0.1765 1.20872 0 1.63643 -6.57316 0 -3.33174 0 0 -19.4925 1.987 0.1765 3.09274 0 1.63643 5.26949 0 -3.33174 0 0 -19.4925 
0.544 1.987 0.1765 1.20215 0 1.63309 -6.57316 0 -3.34155 0 0 -19.4925 1.987 0.1765 3.09801 0 1.63309 5.26949 0 -3.34155 0 0 -19.4925 
0.545 1.987 0.1765 1.19558 0 1.62974 -6.57316 0 -3.35136 0 0 -19.4925 1.987 0.1765 3.10328 0 1.62974 5.26949 0 -3.35136 0 0 -19.4925 
0.546 1.987 0.1765 1.189 0 1.62638 -6.57316 0 -3.36117 0 0 -19.4925 1.987 0.1765 3.10855 0 1.62638 5.26949 0 -3.36117 0 0 -19.4925 
0.547 1.987 0.1765 1.18243 0 1.62301 -6.57316 0 -3.37098 0 0 -19.4925 1.987 0.1765 3.11382 0 1.62301 5.26949 0 -3.37098 0 0 -19.4925 
0.548 1.987 0.1765 1.17586 0 1.61963 -6.57316 0 -3.38079 0 0 -19.4925 1.987 0.1765 3.11909 0 1.61963 5.26949 0 -3.38079 0 0 -19.4925 
0.549 1.987 0.1765 1.16928 0 1.61624 -6.57316 0 -3.3906 0 0 -19.4925 1.987 0.1765 3.12436 0 1.61624 5.26949 0 -3.3906 0 0 -19.4925 
0.55 1.987 0.1765 1.16271 0 1.61284 -6.57316 0 -3.40041 0 0 -19.4925 1.987 0.1765 3.12963 0 1.61284 5.26949 0 -3.40041 0 0 -19.4925 
0.551 1.987 0.1765 1.15614 0 1.60943 -6.57316 0 -3.41021 0 0 -19.4925 1.987 0.1765 3.1349 0 1.60943 5.26949 0 -3.41021 0 0 -19.4925 
0.552 1.987 0.1765 1.14956 0 1.60601 -6.57316 0 -3.42002 0 0 -19.4925 1.987 0.1765 3.14017 0 1.60601 5.26949 0 -3.42002 0 0 -19.4925 
0.553 1.987 0.1765 1.14299 0 1.60258 -6.57316 0 -3.42983 0 0 -19.4925 1.987 0.1765 3.14544 0 1.60258 5.26949 0 -3.42983 0 0 -19.4925 
0.554 1.987 0.1765 1.13642 0 1.59914 -6.57316 0 -3.43964 0 0 -19.4925 1.987 0.1765 3.15071 0 1.59914 5.26949 0 -3.43964 0 0 -19.4925 
0.555 1.987 0.1765 1.12985 0 1.59569 -6.57316 0 -3.44945 0 0 -19.4925 1.987 0.1765 3.15598 0 1.59569 5.26949 0 -3.44945 0 0 -19.4925 
0.556 1.987 0.1765 1.12327 0 1.59223 -6.57316 0 -3.45926 0 0 -19.4925 1.987 0.1765 3.16125 0 1.59223 5.26949 0 -3.45926 0 0 -19.4925 
0.557 1.987 0.1765 1.1167 0 1.58876 -6.57316 0 -3.46907 0 0 -19.4925 1.987 0.1765 3.16652 0 1.58876 5.26949 0 -3.46907 0 0 -19.4925 
0.558 1.987 0.1765 1.11013 0 1.58528 -6.57316 0 -3.47888 0 0 -19.4925 1.987 0.1765 3.17179 0 1.58528 5.26949 0 -3.47888 0 0 -19.4925 
0.559 1.987 0.1765 1.10355 0 1.58179 -6.57316 0 -3.48869 0 0 -19.4925 1.987 0.1765 3.17706 0 1.58179 5.26949 0 -3.48869 0 0 -19.4925 
0.56 1.987 0.1765 1.09698 0 1.57829 -6.57316 0 -3.4985 0 0 -19.4925 1.987 0.1765 3.18233 0 1.57829 5.26949 0 -3.4985 0 0 -19.4925 
0.561 1.987 0.1765 1.09041 0 1.57479 -6.57316 0 -3.50831 0 0 -19.4925 1.987 0.1765 3.18759 0 1.57479 5.26949 0 -3.50831 0 0 -19.4925 
0.562 1.987 0.1765 1.08383 0 1.57127 -6.57316 0 -3.51812 0 0 -19.4925 1.987 0.1765 3.19286 0 1.57127 5.26949 0 -3.51812 0 0 -19.4925 
0.563 1.987 0.1765 1.07726 0 1.56774 -6.57316 0 -3.52793 0 0 -19.4925 1.987 0.1765 3.19813 0 1.56774 5.26949 0 -3.52793 0 0 -19.4925 
0.564 1.987 0.1765 1.07069 0 1.5642 -6.57316 0 -3.53774 0 0 -19.4925 1.987 0.1765 3.2034 0 1.5642 5.26949 0 -3.53774 0 0 -19.4925 
0.565 1.987 0.1765 1.06411 0 1.56065 -6.57316 0 -3.54755 0 0 -19.4925 1.987 0.1765 3.20867 0 1.56065 5.26949 0 -3.54755 0 0 -19.4925 
0.566 1.987 0.1765 1.05754 0 1.5571 -6.57316 0 -3.55736 0 0 -19.4925 1.987 0.1765 3.21394 0 1.5571 5.26949 0 -3.55736 0 0 -19.4925 
0.567 1.987 0.1765 1.05097 0 1.55353 -6.57316 0 -3.56717 0 0 -19.4925 1.987 0.1765 3.21921 0 1.55353 5.26949 0 -3.56717 0 0 -19.4925 
0.568 1.987 0.1765 1.04439 0 1.54995 -6.57316 0 -3.57698 0 0 -19.4925 1.987 0.1765 3.22448 0 1.54995 5.26949 0 -3.57698 0 0 -19.4925 
0.569 1.987 0.1765 1.03782 0 1.54637 -6.57316 0 -3.58679 0 0 -19.4925 1.987 0.1765 3.22975 0 1.54637 5.26949 0 -3.58679 0 0 -19.4925 
0.57 1.987 0.1765 1.03125 0 1.54277 -6.57316 0 -3.5966 0 0 -19.4925 1.987 0.1765 3.23502 0 1.54277 5.26949 0 -3.5966 0 0 -19.4925 
0.571 1.987 0.1765 1.02467 0 1.53916 -6.57316 0 -3.60641 0 0 -19.4925 1.987 0.1765 3.24029 0 1.53916 5.26949 0 -3.60641 0 0 -19.4925 
0.572 1.987 0.1765 1.0181 0 1.53555 -6.57316 0 -3.61622 0 0 -19.4925 1.987 0.1765 3.24556 0 1.53555 5.26949 0 -3.61622 0 0 -19.4925 
0.573 1.987 0.1765 1.01153 0 1.53192 -6.57316 0 -3.62603 0 0 -19.4925 1.987 0.1765 3.25083 0 1.53192 5.26949 0 -3.62603 0 0 -19.4925 
0.574 1.987 0.1765 1.00496 0 1.52828 -6.57316 0 -3.63584 0 0 -19.4925 1.987 0.1765 3.2561 0 1.52828 5.26949 0 -3.63584 0 0 -19.4925 
0.575 1.987 0.1765 0.998382 0 1.52464 -6.57316 0 -3.64565 0 0 -19.4925 1.987 0.1765 3.26137 0 1.52464 5.26949 0 -3.64565 0 0 -19.4925 
0.576 1.987 0.1765 0.991809 0 1.52098 -6.57316 0 -3.65546 0 0 -19.4925 1.987 0.1765 3.26664 0 1.52098 5.26949 0 -3.65546 0 0 -19.4925 
0.577 1.987 0.1765 0.985236 0 1.51732 -6.57316 0 -3.66527 0 0 -19.4925 1.987 0.1765 3.27191 0 1.51732 5.26949 0 -3.66527 0 0 -19.4925 
0.578 1.987 0.1765 0.978663 0 1.51364 -6.57316 0 -3.67508 0 0 -19.4925 1.987 0.1765 3.27718 0 1.51364 5.26949 0 -3.67508 0 0 -19.4925 
0.579 1.987 0.1765 0.97209 0 1.50996 -6.57316 0 -3.68489 0 0 -19.4925 1.987 0.1765 3.28245 0 1.50996 5.26949 0 -3.68489 0 0 -19.4925 
0.58 1.987 0.1765 0.965516 0 1.50626 -6.57316 0 -3.6947 0 0 -19.4925 1.987 0.1765 3.28772 0 1.50626 5.26949 0 -3.6947 0 0 -19.4925 
0.581 1.987 0.1765 0.958943 0 1.50256 -6.57316 0 -3.70451 0 0 -19.4925 1.987 0.1765 3.29298 0 1.50256 5.26949 0 -3.70451 0 0 -19.4925 
0.582 1.987 0.1765 0.95237 0 1.49884 -6.57316 0 -3.71432 0 0 -19.4925 1.987 0.1765 3.29825 0 1.49884 5.26949 0 -3.71432 0 0 -19.4925 
0.583 1.987 0.1765 0.945797 0 1.49512 -6.57316 0 -3.72413 0 0 -19.4925 1.987 0.1765 3.30352 0 1.49512 5.26949 0 -3.72413 0 0 -19.4925 
0.584 1.987 0.1765 0.939224 0 1.49139 -6.57316 0 -3.73394 0 0 -19.4925 1.987 0.1765 3.30879 0 1.49139 5.26949 0 -3.73394 0 0 -19.4925 
0.585 1.987 0.1765 0.932651 0 1.48764 -6.57316 0 -3.74375 0 0 -19.4925 1.987 0.1765 3.31406 0 1.48764 5.26949 0 -3.74375 0 0 -19.4925 
0.586 1.987 0.1765 0.926077 0 1.48389 -6.57316 0 -3.75356 0 0 -19.4925 1.987 0.1765 3.31933 0 1.48389 5.26949 0 -3.75356 0 0 -19.4925 
0.587 1.987 0.1765 0.919504 0 1.48013 -6.57316 0 -3.76337 0 0 -19.4925 1.987 0.1765 3.3246 0 1.48013 5.26949 0 -3.76337 0 0 -19.4925 
0.588 1.987 0.1765 0.912931 0 1.47635 -6.57316 0 -3.77318 0 0 -19.4925 1.987 0.1765 3.32987 0 1.47635 5.26949 0 -3.77318 0 0 -19.4925 
0.589 1.987 0.1765 0.906358 0 1.47257 -6.57316 0 -3.78299 0 0 -19.4925 1.987 0.1765 3.33514 0 1.47257 5.26949 0 -3.78299 0 0 -19.4925 
0.59 1.987 0.1765 0.899785 0 1.46878 -6.57316 0 -3.7928 0 0 -19.4925 1.987 0.1765 3.34041 0 1.46878 5.26949 0 -3.7928 0 0 -19.4925 
0.591 1.987 0.1765 0.893212 0 1.46497 -6.57316 0 -3.80261 0 0 -19.4925 1.987 0.1765 3.34568 0 1.46497 5.26949 0 -3.80261 0 0 -19.4925 
0.592 1.987 0.1765 0.886639 0 1.46116 -6.57316 0 -3.81242 0 0 -19.4925 1.987 0.1765 3.35095 0 1.46116 5.26949 0 -3.81242 0 0 -19.4925 
0.593 1.987 0.1765 0.880065 0 1.45734 -6.57316 0 -3.82223 0 0 -19.4925 1.987 0.1765 3.35622 0 1.45734 5.26949 0 -3.82223 0 0 -19.4925 
0.594 1.987 0.1765 0.873492 0 1.45351 -6.57316 0 -3.83204 0 0 -19.4925 1.987 0.1765 3.36149 0 1.45351 5.26949 0 -3.83204 0 0 -19.4925 
0.595 1.987 0.1765 0.866919 0 1.44967 -6.57316 0 -3.84185 0 0 -19.4925 1.987 0.1765 3.36676 0 1.44967 5.26949 0 -3.84185 0 0 -19.4925 
0.596 1.987 0.1765 0.860346 0 1.44581 -6.57316 0 -3.85166 0 0 -19.4925 1.987 0.1765 3.37203 0 1.44581 5.26949 0 -3.85166 0 0 -19.4925 
0.597 1.987 0.1765 0.853773 0 1.44195 -6.57316 0 -3.86147 0 0 -19.4925 1.987 0.1765 3.3773 0 1.44195 5.26949 0 -3.86147 0 0 -19.4925 
0.598 1.987 0.1765 0.8472 0 1.43808 -6.57316 0 -3.87128 0 0 -19.4925 1.987 0.1765 3.38257 0 1.43808 5.26949 0 -3.87128 0 0 -19.4925 
0.599 1.987 0.1765 0.840626 0 1.4342 -6.57316 0 -3.88109 0 0 -19.4925 1.987 0.1765 3.38784 0 1.4342 5.26949 0 -3.88109 0 0 -19.4925 
0.6 1.987 0.1765 0.834053 0 1.43031 -6.57316 0 -3.8909 0 0 -19.4925 1.987 0.1765 3.3931 0 1.43031 5.26949 0 -3.8909 0 0 -19.4925 
0.601 1.987 0.1765 0.82748 0 1.42641 -6.57316 0 -3.90071 0 0 -19.4925 1.987 0.1765 3.39837 0 1.42641 5.26949 0 -3.90071 0 0 -19.4925 
0.602 1.987 0.1765 0.820907 0 1.4225 -6.57316 0 -3.91052 0 0 -19.4925 1.987 0.1765 3.40364 0 1.4225 5.26949 0 -3.91052 0 0 -19.4925 
0.603 1.987 0.1765 0.814334 0 1.41858 -6.57316 0 -3.92033 0 0 -19.4925 1.987 0.1765 3.40891 0 1.41858 5.26949 0 -3.92033 0 0 -19.4925 
0.604 1.987 0.1765 0.807761 0 1.41465 -6.57316 0 -3.93014 0 0 -19.4925 1.987 0.1765 3.41418 0 1.41465 5.26949 0 -3.93014 0 0 -19.4925 
0.605 1.987 0.1765 0.801187 0 1.41071 -6.57316 0 -3.93995 0 0 -19.4925 1.987 0.1765 3.41945 0 1.41071 5.26949 0 -3.93995 0 0 -19.4925 
0.606 1.987 0.1765 0.794614 0 1.40676 -6.57316 0 -3.94976 0 0 -19.4925 1.987 0.1765 3.42472 0 1.40676 5.26949 0 -3.94976 0 0 -19.4925 
0.607 1.987 0.1765 0.788041 0 1.4028 -6.57316 0 -3.95957 0 0 -19.4925 1.987 0.1765 3.42999 0 1.4028 5.26949 0 -3.95957 0 0 -19.4925 
0.608 1.987 0.1765 0.781468 0 1.39883 -6.57316 0 -3.96938 0 0 -19.4925 1.987 0.1765 3.43526 0 1.39883 5.26949 0 -3.96938 0 0 -19.4925 
0.609 1.987 0.1765 0.774895 0 1.39485 -6.57316 0 -3.97919 0 0 -19.4925 1.987 0.1765 3.44053 0 1.39485 5.26949 0 -3.97919 0 0 -19.4925 
0.61 1.987 0.1765 0.768322 0 1.39086 -6.57316 0 -3.989 0 0 -19.4925 1.987 0.1765 3.4458 0 1.39086 5.26949 0 -3.989 0 0 -19.4925 
0.611 1.987 0.1765 0.761748 0 1.38686 -6.57316 0 -3.99881 0 0 -19.4925 1.987 0.1765 3.45107 0 1.38686 5.26949 0 -3.99881 0 0 -19.4925 
0.612 1.987 0.1765 0.755175 0 1.38285 -6.57316 0 -4.00862 0 0 -19.4925 1.987 0.1765 3.45634 0 1.38285 5.26949 0 -4.00862 0 0 -19.4925 
0.613 1.987 0.1765 0.748602 0 1.37883 -6.57316 0 -4.01843 0 0 -19.4925 1.987 0.1765 3.46161 0 1.37883 5.26949 0 -4.01843 0 0 -19.4925 
0.614 1.987 0.1765 0.742029 0 1.37481 -6.57316 0 -4.02824 0 0 -19.4925 1.987 0.1765 3.46688 0 1.37481 5.26949 0 -4.02824 0 0 -19.4925 
0.615 1.987 0.1765 0.735456 0 1.37077 -6.57316 0 -4.03805 0 0 -19.4925 1.987 0.1765 3.47215 0 1.37077 5.26949 0 -4.03805 0 0 -19.4925 
0.616 1.987 0.1765 0.728883 0 1.36672 -6.57316 0 -4.04786 0 0 -19.4925 1.987 0.1765 3.47742 0 1.36672 5.26949 0 -4.04786 0 0 -19.4925 
0.617 1.987 0.1765 0.722309 0 1.36266 -6.57316 0 -4.05767 0 0 -19.4925 1.987 0.1765 3.48269 0 1.36266 5.26949 0 -4.05767 0 0 -19.4925 
0.618 1.987 0.1765 0.715736 0 1.3586 -6.57316 0 -4.06748 0 0 -19.4925 1.987 0.1765 3.48796 0 1.3586 5.26949 0 -4.06748 0 0 -19.4925 
0.619 1.987 0.1765 0.709163 0 1.35452 -6.57316 0 -4.07729 0 0 -19.4925 1.987 0.1765 3.49323 0 1.35452 5.26949 0 -4.07729 0 0 -19.4925 
0.62 1.987 0.1765 0.70259 0 1.35043 -6.57316 0 -4.0871 0 0 -19.4925 1.987 0.1765 3.49849 0 1.35043 5.26949 0 -4.0871 0 0 -19.4925 
0.621 1.987 0.1765 0.696017 0 1.34633 -6.57316 0 -4.09691 0 0 -19.4925 1.987 0.1765 3.50376 0 1.34633 5.26949 0 -4.09691 0 0 -19.4925 
0.622 1.987 0.1765 0.689444 0 1.34223 -6.57316 0 -4.10672 0 0 -19.4925 1.987 0.1765 3.50903 0 1.34223 5.26949 0 -4.10672 0 0 -19.4925 
0.623 1.987 0.1765 0.68287 0 1.33811 -6.57316 0 -4.11653 0 0 -19.4925 1.987 0.1765 3.5143 0 1.33811 5.26949 0 -4.11653 0 0 -19.4925 
0.624 1.987 0.1765 0.676297 0 1.33398 -6.57316 0 -4.12634 0 0 -19.4925 1.987 0.1765 3.51957 0 1.33398 5.26949 0 -4.12634 0 0 -19.4925 
0.625 1.987 0.1765 0.669724 0 1.32985 -6.57316 0 -4.13615 0 0 -19.4925 1.987 0.1765 3.52484 0 1.32985 5.26949 0 -4.13615 0 0 -19.4925 
0.626 1.987 0.1765 0.663151 0 1.3257 -6.57316 0 -4.14596 0 0 -19.4925 1.987 0.1765 3.53011 0 1.3257 5.26949 0 -4.14596 0 0 -19.4925 
0.627 1.987 0.1765 0.656578 0 1.32155 -6.57316 0 -4.15577 0 0 -19.4925 1.987 0.1765 3.53538 0 1.32155 5.26949 0 -4.15577 0 0 -19.4925 
0.628 1.987 0.1765 0.650005 0 1.31738 -6.57316 0 -4.16558 0 0 -19.4925 1.987 0.1765 3.54065 0 1.31738 5.26949 0 -4.16558 0 0 -19.4925 
0.629 1.987 0.1765 0.643432 0 1.31321 -6.57316 0 -4.17539 0 0 -19.4925 1.987 0.1765 3.54592 0 1.31321 5.26949 0 -4.17539 0 0 -19.4925 
0.63 1.987 0.1765 0.636858 0 1.30902 -6.57316 0 -4.1852 0 0 -19.4925 1.987 0.1765 3.55119 0 1.30902 5.26949 0 -4.1852 0 0 -19.4925 
0.631 1.987 0.1765 0.630285 0 1.30483 -6.57316 0 -4.19501 0 0 -19.4925 1.987 0.1765 3.55646 0 1.30483 5.26949 0 -4.19501 0 0 -19.4925 
0.632 1.987 0.1765 0.623712 0 1.30062 -6.57316 0 -4.20482 0 0 -19.4925 1.987 0.1765 3.56173 0 1.30062 5.26949 0 -4.20482 0 0 -19.4925 
0.633 1.987 0.1765 0.617139 0 1.29641 -6.57316 0 -4.21463 0 0 -19.4925 1.987 0.1765 3.567 0 1.29641 5.26949 0 -4.21463 0 0 -19.4925 
0.634 1.987 0.1765 0.610566 0 1.29218 -6.57316 0 -4.22444 0 0 -19.4925 1.987 0.1765 3.57227 0 1.29218 5.26949 0 -4.22444 0 0 -19.4925 
0.635 1.987 0.1765 0.603993 0 1.28795 -6.57316 0 -4.23425 0 0 -19.4925 1.987 0.1765 3.57754 0 1.28795 5.26949 0 -4.23425 0 0 -19.4925 
0.636 1.987 0.1765 0.597419 0 1.2837 -6.57316 0 -4.24406 0 0 -19.4925 1.987 0.1765 3.58281 0 1.2837 5.26949 0 -4.24406 0 0 -19.4925 
0.637 1.987 0.1765 0.590846 0 1.27945 -6.57316 0 -4.25387 0 0 -19.4925 1.987 0.1765 3.58808 0 1.27945 5.26949 0 -4.25387 0 0 -19.4925 
0.638 1.987 0.1765 0.584273 0 1.27519 -6.57316 0 -4.26368 0 0 -19.4925 1.987 0.1765 3.59335 0 1.27519 5.26949 0 -4.26368 0 0 -19.4925 
0.639 1.987 0.1765 0.5777 0 1.27091 -6.57316 0 -4.27349 0 0 -19.4925 1.987 0.1765 3.59862 0 1.27091 5.26949 0 -4.27349 0 0 -19.4925 
0.64 1.987 0.1765 0.571127 0 1.26663 -6.57316 0 -4.2833 0 0 -19.4925 1.987 0.1765 3.60388 0 1.26663 5.26949 0 -4.2833 0 0 -19.4925 
0.641 1.987 0.1765 0.564554 0 1.26234 -6.57316 0 -4.29311 0 0 -19.4925 1.987 0.1765 3.60915 0 1.26234 5.26949 0 -4.29311 0 0 -19.4925 
0.642 1.987 0.1765 0.55798 0 1.25803 -6.57316 0 -4.30292 0 0 -19.4925 1.987 0.1765 3.61442 0 1.25803 5.26949 0 -4.30292 0 0 -19.4925 
0.643 1.987 0.1765 0.551407 0 1.25372 -6.57316 0 -4.31273 0 0 -19.4925 1.987 0.1765 3.61969 0 1.25372 5.26949 0 -4.31273 0 0 -19.4925 
0.644 1.987 0.1765 0.544834 0 1.2494 -6.57316 0 -4.32254 0 0 -19.4925 1.987 0.1765 3.62496 0 1.2494 5.26949 0 -4.32254 0 0 -19.4925 
0.645 1.987 0.1765 0.538261 0 1.24507 -6.57316 0 -4.33235 0 0 -19.4925 1.987 0.1765 3.63023 0 1.24507 5.26949 0 -4.33235 0 0 -19.4925 
0.646 1.987 0.1765 0.531688 0 1.24072 -6.57316 0 -4.34216 0 0 -19.4925 1.987 0.1765 3.6355 0 1.24072 5.26949 0 -4.34216 0 0 -19.4925 
0.647 1.987 0.1765 0.525115 0 1.23637 -6.57316 0 -4.35197 0 0 -19.4925 1.987 0.1765 3.64077 0 1.23637 5.26949 0 -4.35197 0 0 -19.4925 
0.648 1.987 0.1765 0.518541 0 1.23201 -6.57316 0 -4.36178 0 0 -19.4925 1.987 0.1765 3.64604 0 1.23201 5.26949 0 -4.36178 0 0 -19.4925 
0.649 1.987 0.1765 0.511968 0 1.22764 -6.57316 0 -4.37159 0 0 -19.4925 1.987 0.1765 3.65131 0 1.22764 5.26949 0 -4.37159 0 0 -19.4925 
0.65 1.987 0.1765 0.505395 0 1.22326 -6.57316 0 -4.3814 0 0 -19.4925 1.987 0.1765 3.65658 0 1.22326 5.26949 0 -4.3814 0 0 -19.4925 
0.651 1.987 0.1765 0.498822 0 1.21886 -6.57316 0 -4.39121 0 0 -19.4925 1.987 0.1765 3.66185 0 1.21886 5.26949 0 -4.39121 0 0 -19.4925 
0.652 1.987 0.1765 0.492249 0 1.21446 -6.57316 0 -4.40102 0 0 -19.4925 1.987 0.1765 3.66712 0 1.21446 5.26949 0 -4.40102 0 0 -19.4925 
0.653 1.987 0.1765 0.485676 0 1.21005 -6.57316 0 -4.41083 0 0 -19.4925 1.987 0.1765 3.67239 0 1.21005 5.26949 0 -4.41083 0 0 -19.4925 
0.654 1.987 0.1765 0.479102 0 1.20563 -6.57316 0 -4.42064 0 0 -19.4925 1.987 0.1765 3.67766 0 1.20563 5.26949 0 -4.42064 0 0 -19.4925 
0.655 1.987 0.1765 0.472529 0 1.2012 -6.57316 0 -4.43045 0 0 -19.4925 1.987 0.1765 3.68293 0 1.2012 5.26949 0 -4.43045 0 0 -19.4925 
0.656 1.987 0.1765 0.465956 0 1.19676 -6.57316 0 -4.44026 0 0 -19.4925 1.987 0.1765 3.6882 0 1.19676 5.26949 0 -4.44026 0 0 -19.4925 
0.657 1.987 0.1765 0.459383 0 1.19231 -6.57316 0 -4.45007 0 0 -19.4925 1.987 0.1765 3.69347 0 1.19231 5.26949 0 -4.45007 0 0 -19.4925 
0.658 1.987 0.1765 0.45281 0 1.18785 -6.57316 0 -4.45988 0 0 -19.4925 1.987 0.1765 3.69874 0 1.18785 5.26949 0 -4.45988 0 0 -19.4925 
0.659 1.987 0.1765 0.446237 0 1.18338 -6.57316 0 -4.46969 0 0 -19.4925 1.987 0.1765 3.70401 0 1.18338 5.26949 0 -4.46969 0 0 -19.4925 
0.66 1.987 0.1765 0.439664 0 1.1789 -6.57316 0 -4.4795 0 0 -19.4925 1.987 0.1765 3.70927 0 1.1789 5.26949 0 -4.4795 0 0 -19.4925 
0.661 1.987 0.1765 0.43309 0 1.17441 -6.57316 0 -4.48931 0 0 -19.4925 1.987 0.1765 3.71454 0 1.17441 5.26949 0 -4.48931 0 0 -19.4925 
0.662 1.987 0.1765 0.426517 0 1.16991 -6.57316 0 -4.49912 0 0 -19.4925 1.987 0.1765 3.71981 0 1.16991 5.26949 0 -4.49912 0 0 -19.4925 
0.663 1.987 0.1765 0.419944 0 1.16541 -6.57316 0 -4.50893 0 0 -19.4925 1.987 0.1765 3.72508 0 1.16541 5.26949 0 -4.50893 0 0 -19.4925 
0.664 1.987 0.1765 0.413371 0 1.16089 -6.57316 0 -4.51874 0 0 -19.4925 1.987 0.1765 3.73035 0 1.16089 5.26949 0 -4.51874 0 0 -19.4925 
0.665 1.987 0.1765 0.406798 0 1.15636 -6.57316 0 -4.52855 0 0 -19.4925 1.987 0.1765 3.73562 0 1.15636 5.26949 0 -4.52855 0 0 -19.4925 
0.666 1.987 0.1765 0.400225 0 1.15182 -6.57316 0 -4.53836 0 0 -19.4925 1.987 0.1765 3.74089 0 1.15182 5.26949 0 -4.53836 0 0 -19.4925 
0.667 1.987 0.1765 0.393651 0 1.14727 -6.57316 0 -4.54817 0 0 -19.4925 1.987 0.1765 3.74616 0 1.14727 5.26949 0 -4.54817 0 0 -19.4925 
0.668 1.987 0.1765 0.387078 0 1.14271 -6.57316 0 -4.55798 0 0 -19.4925 1.987 0.1765 3.75143 0 1.14271 5.26949 0 -4.55798 0 0 -19.4925 
0.669 1.987 0.1765 0.380505 0 1.13815 -6.57316 0 -4.56779 0 0 -19.4925 1.987 0.1765 3.7567 0 1.13815 5.26949 0 -4.56779 0 0 -19.4925 
0.67 1.987 0.1765 0.373932 0 1.13357 -6.57316 0 -4.5776 0 0 -19.4925 1.987 0.1765 3.76197 0 1.13357 5.26949 0 -4.5776 0 0 -19.4925 
0.671 1.987 0.1765 0.367359 0 1.12898 -6.57316 0 -4.58741 0 0 -19.4925 1.987 0.1765 3.76724 0 1.12898 5.26949 0 -4.58741 0 0 -19.4925 
0.672 1.987 0.1765 0.360786 0 1.12438 -6.57316 0 -4.59722 0 0 -19.4925 1.987 0.1765 3.77251 0 1.12438 5.26949 0 -4.59722 0 0 -19.4925 
0.673 1.987 0.1765 0.354212 0 1.11978 -6.57316 0 -4.60703 0 0 -19.4925 1.987 0.1765 3.77778 0 1.11978 5.26949 0 -4.60703 0 0 -19.4925 
0.674 1.987 0.1765 0.347639 0 1.11516 -6.57316 0 -4.61684 0 0 -19.4925 1.987 0.1765 3.78305 0 1.11516 5.26949 0 -4.61684 0 0 -19.4925 
0.675 1.987 0.1765 0.341066 0 1.11053 -6.57316 0 -4.62665 0 0 -19.4925 1.987 0.1765 3.78832 0 1.11053 5.26949 0 -4.62665 0 0 -19.4925 
0.676 1.987 0.1765 0.334493 0 1.1059 -6.57316 0 -4.63646 0 0 -19.4925 1.987 0.1765 3.79359 0 1.1059 5.26949 0 -4.63646 0 0 -19.4925 
0.677 1.987 0.1765 0.32792 0 1.10125 -6.57316 0 -4.64627 0 0 -19.4925 1.987 0.1765 3.79886 0 1.10125 5.26949 0 -4.64627 0 0 -19.4925 
0.678 1.987 0.1765 0.321347 0 1.09659 -6.57316 0 -4.65608 0 0 -19.4925 1.987 0.1765 3.80413 0 1.09659 5.26949 0 -4.65608 0 0 -19.4925 
0.679 1.987 0.1765 0.314773 0 1.09193 -6.57316 0 -4.66589 0 0 -19.4925 1.987 0.1765 3.80939 0 1.09193 5.26949 0 -4.66589 0 0 -19.4925 
0.68 1.987 0.1765 0.3082 0 1.08725 -6.57316 0 -4.6757 0 0 -19.4925 1.987 0.1765 3.81466 0 1.08725 5.26949 0 -4.6757 0 0 -19.4925 
0.681 1.987 0.1765 0.301627 0 1.08257 -6.57316 0 -4.68551 0 0 -19.4925 1.987 0.1765 3.81993 0 1.08257 5.26949 0 -4.68551 0 0 -19.4925 
0.682 1.987 0.1765 0.295054 0 1.07787 -6.57316 0 -4.69532 0 0 -19.4925 1.987 0.1765 3.8252 0 1.07787 5.26949 0 -4.69532 0 0 -19.4925 
0.683 1.987 0.1765 0.288481 0 1.07317 -6.57316 0 -4.70513 0 0 -19.4925 1.987 0.1765 3.83047 0 1.07317 5.26949 0 -4.70513 0 0 -19.4925 
0.684 1.987 0.1765 0.281908 0 1.06845 -6.57316 0 -4.71494 0 0 -19.4925 1.987 0.1765 3.83574 0 1.06845 5.26949 0 -4.71494 0 0 -19.4925 
0.685 1.987 0.1765 0.275334 0 1.06373 -6.57316 0 -4.72475 0 0 -19.4925 1.987 0.1765 3.84101 0 1.06373 5.26949 0 -4.72475 0 0 -19.4925 
0.686 1.987 0.1765 0.268761 0 1.05899 -6.57316 0 -4.73456 0 0 -19.4925 1.987 0.1765 3.84628 0 1.05899 5.26949 0 -4.73456 0 0 -19.4925 
0.687 1.987 0.1765 0.262188 0 1.05425 -6.57316 0 -4.74437 0 0 -19.4925 1.987 0.1765 3.85155 0 1.05425 5.26949 0 -4.74437 0 0 -19.4925 
0.688 1.987 0.1765 0.255615 0 1.04949 -6.57316 0 -4.75418 0 0 -19.4925 1.987 0.1765 3.85682 0 1.04949 5.26949 0 -4.75418 0 0 -19.4925 
0.689 1.987 0.1765 0.249042 0 1.04473 -6.57316 0 -4.76399 0 0 -19.4925 1.987 0.1765 3.86209 0 1.04473 5.26949 0 -4.76399 0 0 -19.4925 
0.69 1.987 0.1765 0.242469 0 1.03996 -6.57316 0 -4.7738 0 0 -19.4925 1.987 0.1765 3.86736 0 1.03996 5.26949 0 -4.7738 0 0 -19.4925 
0.691 1.987 0.1765 0.235895 0 1.03517 -6.57316 0 -4.78361 0 0 -19.4925 1.987 0.1765 3.87263 0 1.03517 5.26949 0 -4.78361 0 0 -19.4925 
0.692 1.987 0.1765 0.229322 0 1.03038 -6.57316 0 -4.79342 0 0 -19.4925 1.987 0.1765 3.8779 0 1.03038 5.26949 0 -4.79342 0 0 -19.4925 
0.693 1.987 0.1765 0.222749 0 1.02558 -6.57316 0 -4.80323 0 0 -19.4925 1.987 0.1765 3.88317 0 1.02558 5.26949 0 -4.80323 0 0 -19.4925 
0.694 1.987 0.1765 0.216176 0 1.02076 -6.57316 0 -4.81304 0 0 -19.4925 1.987 0.1765 3.88844 0 1.02076 5.26949 0 -4.81304 0 0 -19.4925 
0.695 1.987 0.1765 0.209603 0 1.01594 -6.57316 0 -4.82285 0 0 -19.4925 1.987 0.1765 3.89371 0 1.01594 5.26949 0 -4.82285 0 0 -19.4925 
0.696 1.987 0.1765 0.20303 0 1.01111 -6.57316 0 -4.83266 0 0 -19.4925 1.987 0.1765 3.89898 0 1.01111 5.26949 0 -4.83266 0 0 -19.4925 
0.697 1.987 0.1765 0.196457 0 1.00626 -6.57316 0 -4.84247 0 0 -19.4925 1.987 0.1765 3.90425 0 1.00626 5.26949 0 -4.84247 0 0 -19.4925 
0.698 1.987 0.1765 0.189883 0 1.00141 -6.57316 0 -4.85228 0 0 -19.4925 1.987 0.1765 3.90952 0 1.00141 5.26949 0 -4.85228 0 0 -19.4925 
0.699 1.987 0.1765 0.18331 0 0.99655 -6.57316 0 -4.86209 0 0 -19.4925 1.987 0.1765 3.91478 0 0.99655 5.26949 0 -4.86209 0 0 -19.4925 
0.7 1.987 0.1765 0.176737 0 0.991678 -6.57316 0 -4.8719 0 0 -19.4925 1.987 0.1765 3.92005 0 0.991678 5.26949 0 -4.8719 0 0 -19.4925 
0.701 1.987 0.1765 0.170164 0 0.986796 -6.57316 0 -4.88171 0 0 -19.4925 1.987 0.1765 3.92532 0 0.986796 5.26949 0 -4.88171 0 0 -19.4925 
0.702 1.987 0.1765 0.163617 0 0.981905 -6.54692 0 -4.89152 52.1492 0 -19.4925 1.987 0.1765 3.93059 0 0.981905 5.26949 0 -4.89152 0 0 -19.4925 
0.703 1.987 0.1765 0.157123 0 0.977004 -6.49355 0 -4.90133 106.033 0 -19.4925 1.987 0.1765 3.93586 0 0.977004 5.26949 0 -4.90133 0 0 -19.4925 
0.704 1.987 0.1765 0.15071 0 0.972092 -6.41329 0 -4.91114 159.478 0 -19.4925 1.987 0.1765 3.94113 0 0.972092 5.26949 0 -4.91114 0 0 -19.4925 
0.705 1.987 0.1765 0.144404 0 0.967171 -6.30647 0 -4.92095 212.263 0 -19.4925 1.987 0.1765 3.9464 0 0.967171 5.26949 0 -4.92095 0 0 -19.4925 
0.706 1.987 0.1765 0.13823 0 0.962241 -6.17352 0 -4.93076 264.168 0 -19.4925 1.987 0.1765 3.95167 0 0.962241 5.26949 0 -4.93076 0 0 -19.4925 
0.707 1.987 0.1765 0.132215 0 0.9573 -6.015 0 -4.94057 314.979 0 -19.4925 1.987 0.1765 3.95694 0 0.9573 5.26949 0 -4.94057 0 0 -19.4925 
0.708 1.987 0.1765 0.126384 0 0.95235 -5.83156 0 -4.95038 364.485 0 -19.4925 1.987 0.1765 3.96221 0 0.95235 5.26949 0 -4.95038 0 0 -19.4925 
0.709 1.987 0.1765 0.12076 0 0.947389 -5.62397 0 -4.96019 412.481 0 -19.4925 1.987 0.1765 3.96748 0 0.947389 5.26949 0 -4.96019 0 0 -19.4925 
0.71 1.987 0.1765 0.115367 0 0.942419 -5.39309 0 -4.97 458.769 0 -19.4925 1.987 0.1765 3.97275 0 0.942419 5.26949 0 -4.97 0 0 -19.4925 
0.711 1.987 0.1765 0.110227 0 0.93744 -5.13986 0 -4.97981 503.157 0 -19.4925 1.987 0.1765 3.97802 0 0.93744 5.26949 0 -4.97981 0 0 -19.4925 
0.712 1.987 0.1765 0.105361 0 0.93245 -4.86535 0 -4.98962 545.46 0 -19.4925 1.987 0.1765 3.98329 0 0.93245 5.26949 0 -4.98962 0 0 -19.4925 
0.713 1.987 0.1765 0.100791 0 0.927451 -4.57068 0 -4.99943 585.504 0 -19.4925 1.987 0.1765 3.98856 0 0.927451 5.26949 0 -4.99943 0 0 -19.4925 
0.714 1.987 0.1765 0.0965335 0 0.922441 -4.25708 0 -5.00924 623.123 0 -19.4925 1.987 0.1765 3.99383 0 0.922441 5.26949 0 -5.00924 0 0 -19.4925 
0.715 1.987 0.1765 0.0926077 0 0.917422 -3.92585 0 -5.01905 658.161 0 -19.4925 1.987 0.1765 3.9991 0 0.917422 5.26949 0 -5.01905 0 0 -19.4925 
0.716 1.987 0.1765 0.0890293 0 0.912393 -3.57836 0 -5.02886 690.472 0 -19.4925 1.987 0.1765 4.00437 0 0.912393 5.26949 0 -5.02886 0 0 -19.4925 
0.717 1.987 0.1765 0.0858133 0 0.907355 -3.21604 0 -5.03867 719.924 0 -19.4925 1.987 0.1765 4.00964 0 0.907355 5.26949 0 -5.03867 0 0 -19.4925 
0.718 1.987 0.1765 0.0829729 0 0.902306 -2.8404 0 -5.04848 746.393 0 -19.4925 1.987 0.1765 4.01491 0 0.902306 5.26949 0 -5.04848 0 0 -19.4925 
0.719 1.987 0.1765 0.0805199 0 0.897248 -2.453 0 -5.05829 769.771 0 -19.4925 1.987 0.1765 4.02017 0 0.897248 5.26949 0 -5.05829 0 0 -19.4925 
0.72 1.987 0.1765 0.0784644 0 0.89218 -2.05543 0 -5.0681 789.96 0 -19.4925 1.987 0.1765 4.02544 0 0.89218 5.26949 0 -5.0681 0 0 -19.4925 
0.721 1.987 0.1765 0.0768151 0 0.887102 -1.64935 0 -5.07791 806.877 0 -19.4925 1.987 0.1765 4.03071 0 0.887102 5.26949 0 -5.07791 0 0 -19.4925 
0.722 1.987 0.1765 0.0755787 0 0.882014 -1.23644 0 -5.08772 820.452 0 -19.4925 1.987 0.1765 4.03598 0 0.882014 5.26949 0 -5.08772 0 0 -19.4925 
0.723 1.987 0.1765 0.0747602 0 0.876917 -0.818412 0 -5.09753 830.629 0 -19.4925 1.987 0.1765 4.04125 0 0.876917 5.26949 0 -5.09753 0 0 -19.4925 
0.724 1.987 0.1765 0.0743632 0 0.871809 -0.396991 0 -5.10734 837.365 0 -19.4925 1.987 0.1765 4.04652 0 0.871809 5.26949 0 -5.10734 0 0 -19.4925 
0.725 1.987 0.1765 0.0743893 0 0.866692 0.0260754 0 -5.11715 840.632 0 -19.4925 1.987 0.1765 4.05179 0 0.866692 5.26949 0 -5.11715 0 0 -19.4925 
0.726 1.987 0.1765 0.0748384 0 0.861565 0.449033 0 -5.12696 840.418 0 -19.4925 1.987 0.1765 4.05706 0 0.861565 5.26949 0 -5.12696 0 0 -19.4925 
0.727 1.987 0.1765 0.0757085 0 0.856428 0.870131 0 -5.13677 836.722 0 -19.4925 1.987 0.1765 4.06233 0 0.856428 5.26949 0 -5.13677 0 0 -19.4925 
0.728 1.987 0.1765 0.0769961 0 0.851282 1.28763 0 -5.14658 829.56 0 -19.4925 1.987 0.1765 4.0676 0 0.851282 5.26949 0 -5.14658 0 0 -19.4925 
0.729 1.987 0.1765 0.0786959 0 0.846125 1.69979 0 -5.15639 818.962 0 -19.4925 1.987 0.1765 4.07287 0 0.846125 5.26949 0 -5.15639 0 0 -19.4925 
0.73 1.987 0.1765 0.0808008 0 0.840959 2.1049 0 -5.1662 804.972 0 -19.4925 1.987 0.1765 4.07814 0 0.840959 5.26949 0 -5.1662 0 0 -19.4925 
0.731 1.987 0.1765 0.0833021 0 0.835783 2.50131 0 -5.17601 787.648 0 -19.4925 1.987 0.1765 4.08341 0 0.835783 5.26949 0 -5.17601 0 0 -19.4925 
0.732 1.987 0.1765 0.0861895 0 0.830597 2.88735 0 -5.18582 767.061 0 -19.4925 1.987 0.1765 4.08868 0 0.830597 5.26949 0 -5.18582 0 0 -19.4925 
0.733 1.987 0.1765 0.0894509 0 0.825402 3.26143 0 -5.19563 743.297 0 -19.4925 1.987 0.1765 4.09395 0 0.825402 5.26949 0 -5.19563 0 0 -19.4925 
0.734 1.987 0.1765 0.0930729 0 0.820196 3.622 0 -5.20544 716.454 0 -19.4925 1.987 0.1765 4.09922 0 0.820196 5.26949 0 -5.20544 0 0 -19.4925 
0.735 1.987 0.1765 0.0970404 0 0.814981 3.96756 0 -5.21525 686.643 0 -19.4925 1.987 0.1765 4.10449 0 0.814981 5.26949 0 -5.21525 0 0 -19.4925 
0.736 1.987 0.1765 0.101337 0 0.809756 4.2967 0 -5.22506 653.988 0 -19.4925 1.987 0.1765 4.10976 0 0.809756 5.26949 0 -5.22506 0 0 -19.4925 
0.737 1.987 0.1765 0.105945 0 0.804521 4.60803 0 -5.23487 618.625 0 -19.4925 1.987 0.1765 4.11503 0 0.804521 5.26949 0 -5.23487 0 0 -19.4925 
0.738 1.987 0.1765 0.110845 0 0.799276 4.90028 0 -5.24468 580.698 0 -19.4925 1.987 0.1765 4.1203 0 0.799276 5.26949 0 -5.24468 0 0 -19.4925 
0.739 1.987 0.1765 0.116018 0 0.794022 5.17223 0 -5.25449 540.367 0 -19.4925 1.987 0.1765 4.12556 0 0.794022 5.26949 0 -5.25449 0 0 -19.4925 
0.74 1.987 0.1765 0.12144 0 0.788758 5.42276 0 -5.2643 497.797 0 -19.4925 1.987 0.1765 4.13083 0 0.788758 5.26949 0 -5.2643 0 0 -19.4925 
0.741 1.987 0.1765 0.127091 0 0.783484 5.65083 0 -5.27411 453.165 0 -19.4925 1.987 0.1765 4.1361 0 0.783484 5.26949 0 -5.27411 0 0 -19.4925 
0.742 1.987 0.1765 0.132947 0 0.7782 5.85548 0 -5.28392 406.656 0 -19.4925 1.987 0.1765 4.14137 0 0.7782 5.26949 0 -5.28392 0 0 -19.4925 
0.743 1.987 0.1765 0.138983 0 0.772906 6.03589 0 -5.29373 358.463 0 -19.4925 1.987 0.1765 4.14664 0 0.772906 5.26949 0 -5.29373 0 0 -19.4925 
0.744 1.987 0.1765 0.145174 0 0.767602 6.19129 0 -5.30354 308.785 0 -19.4925 1.987 0.1765 4.15191 0 0.767602 5.26949 0 -5.30354 0 0 -19.4925 
0.745 1.987 0.1765 0.151495 0 0.762289 6.32105 0 -5.31335 257.828 0 -19.4925 1.987 0.1765 4.15718 0 0.762289 5.26949 0 -5.31335 0 0 -19.4925 
0.746 1.987 0.1765 0.15792 0 0.756966 6.42462 0 -5.32316 205.803 0 -19.4925 1.987 0.1765 4.16245 0 0.756966 5.26949 0 -5.32316 0 0 -19.4925 
0.747 1.987 0.1765 0.164421 0 0.751633 6.50159 0 -5.33297 152.925 0 -19.4925 1.987 0.1765 4.16772 0 0.751633 5.26949 0 -5.33297 0 0 -19.4925 
0.748 1.987 0.1765 0.170973 0 0.74629 6.55162 0 -5.34278 99.4141 0 -19.4925 1.987 0.1765 4.17299 0 0.74629 5.26949 0 -5.34278 0 0 -19.4925 
0.749 1.987 0.1765 0.177547 0 0.740937 6.57451 0 -5.35259 45.4913 0 -19.4925 1.987 0.1765 4.17826 0 0.740937 5.26949 0 -5.35259 0 0 -19.4925 
0.75 1.987 0.1765 0.184122 0 0.735575 6.57451 0 -5.3624 0 0 -19.4925 1.987 0.1765 4.18353 0 0.735575 5.26949 0 -5.3624 0 0 -19.4925 
0.751 1.987 0.1765 0.190696 0 0.730203 6.57451 0 -5.37221 0 0 -19.4925 1.987 0.1765 4.1888 0 0.730203 5.26949 0 -5.37221 0 0 -19.4925 
0.752 1.987 0.1765 0.197271 0 0.724821 6.57451 0 -5.38202 0 0 -19.4925 1.987 0.1765 4.19407 0 0.724821 5.26949 0 -5.38202 0 0 -19.4925 
0.753 1.987 0.1765 0.203845 0 0.719429 6.57451 0 -5.39183 0 0 -19.4925 1.987 0.1765 4.19934 0 0.719429 5.26949 0 -5.39183 0 0 -19.4925 
0.754 1.987 0.1765 0.21042 0 0.714027 6.57451 0 -5.40164 0 0 -19.4925 1.987 0.1765 4.20461 0 0.714027 5.26949 0 -5.40164 0 0 -19.4925 
0.755 1.987 0.1765 0.216994 0 0.708616 6.57451 0 -5.41145 0 0 -19.4925 1.987 0.1765 4.20988 0 0.708616 5.26949 0 -5.41145 0 0 -19.4925 
0.756 1.987 0.1765 0.223569 0 0.703195 6.57451 0 -5.42126 0 0 -19.4925 1.987 0.1765 4.21515 0 0.703195 5.26949 0 -5.42126 0 0 -19.4925 
0.757 1.987 0.1765 0.230143 0 0.697764 6.57451 0 -5.43107 0 0 -19.4925 1.987 0.1765 4.22042 0 0.697764 5.26949 0 -5.43107 0 0 -19.4925 
0.758 1.987 0.1765 0.236718 0 0.692323 6.57451 0 -5.44088 0 0 -19.4925 1.987 0.1765 4.22568 0 0.692323 5.26949 0 -5.44088 0 0 -19.4925 
0.759 1.987 0.1765 0.243292 0 0.686872 6.57451 0 -5.45069 0 0 -19.4925 1.987 0.1765 4.23095 0 0.686872 5.26949 0 -5.45069 0 0 -19.4925 
0.76 1.987 0.1765 0.249867 0 0.681411 6.57451 0 -5.4605 0 0 -19.4925 1.987 0.1765 4.23622 0 0.681411 5.26949 0 -5.4605 0 0 -19.4925 
0.761 1.987 0.1765 0.256441 0 0.675941 6.57451 0 -5.47031 0 0 -19.4925 1.987 0.1765 4.24149 0 0.675941 5.26949 0 -5.47031 0 0 -19.4925 
0.762 1.987 0.1765 0.263016 0 0.670461 6.57451 0 -5.48012 0 0 -19.4925 1.987 0.1765 4.24676 0 0.670461 5.26949 0 -5.48012 0 0 -19.4925 
0.763 1.987 0.1765 0.26959 0 0.664971 6.57451 0 -5.48993 0 0 -19.4925 1.987 0.1765 4.25203 0 0.664971 5.26949 0 -5.48993 0 0 -19.4925 
0.764 1.987 0.1765 0.276165 0 0.659471 6.57451 0 -5.49974 0 0 -19.4925 1.987 0.1765 4.2573 0 0.659471 5.26949 0 -5.49974 0 0 -19.4925 
0.765 1.987 0.1765 0.28274 0 0.653962 6.57451 0 -5.50955 0 0 -19.4925 1.987 0.1765 4.26257 0 0.653962 5.26949 0 -5.50955 0 0 -19.4925 
0.766 1.987 0.1765 0.289314 0 0.648442 6.57451 0 -5.51936 0 0 -19.4925 1.987 0.1765 4.26784 0 0.648442 5.26949 0 -5.51936 0 0 -19.4925 
0.767 1.987 0.1765 0.295889 0 0.642913 6.57451 0 -5.52917 0 0 -19.4925 1.987 0.1765 4.27311 0 0.642913 5.26949 0 -5.52917 0 0 -19.4925 
0.768 1.987 0.1765 0.302463 0 0.637374 6.57451 0 -5.53898 0 0 -19.4925 1.987 0.1765 4.27838 0 0.637374 5.26949 0 -5.53898 0 0 -19.4925 
0.769 1.987 0.1765 0.309038 0 0.631825 6.57451 0 -5.54879 0 0 -19.4925 1.987 0.1765 4.28365 0 0.631825 5.26949 0 -5.54879 0 0 -19.4925 
0.77 1.987 0.1765 0.315612 0 0.626267 6.57451 0 -5.5586 0 0 -19.4925 1.987 0.1765 4.28892 0 0.626267 5.26949 0 -5.5586 0 0 -19.4925 
0.771 1.987 0.1765 0.322187 0 0.620698 6.57451 0 -5.56841 0 0 -19.4925 1.987 0.1765 4.29419 0 0.620698 5.26949 0 -5.56841 0 0 -19.4925 
0.772 1.987 0.1765 0.328761 0 0.61512 6.57451 0 -5.57822 0 0 -19.4925 1.987 0.1765 4.29946 0 0.61512 5.26949 0 -5.57822 0 0 -19.4925 
0.773 1.987 0.1765 0.335336 0 0.609532 6.57451 0 -5.58803 0 0 -19.4925 1.987 0.1765 4.30473 0 0.609532 5.26949 0 -5.58803 0 0 -19.4925 
0.774 1.987 0.1765 0.34191 0 0.603934 6.57451 0 -5.59784 0 0 -19.4925 1.987 0.1765 4.31 0 0.603934 5.26949 0 -5.59784 0 0 -19.4925 
0.775 1.987 0.1765 0.348485 0 0.598327 6.57451 0 -5.60765 0 0 -19.4925 1.987 0.1765 4.31527 0 0.598327 5.26949 0 -5.60765 0 0 -19.4925 
0.776 1.987 0.1765 0.355059 0 0.592709 6.57451 0 -5.61746 0 0 -19.4925 1.987 0.1765 4.32054 0 0.592709 5.26949 0 -5.61746 0 0 -19.4925 
0.777 1.987 0.1765 0.361634 0 0.587082 6.57451 0 -5.62727 0 0 -19.4925 1.987 0.1765 4.32581 0 0.587082 5.26949 0 -5.62727 0 0 -19.4925 
0.778 1.987 0.1765 0.368208 0 0.581445 6.57451 0 -5.63708 0 0 -19.4925 1.987 0.1765 4.33107 0 0.581445 5.26949 0 -5.63708 0 0 -19.4925 
0.779 1.987 0.1765 0.374783 0 0.575798 6.57451 0 -5.64689 0 0 -19.4925 1.987 0.1765 4.33634 0 0.575798 5.26949 0 -5.64689 0 0 -19.4925 
0.78 1.987 0.1765 0.381357 0 0.570141 6.57451 0 -5.6567 0 0 -19.4925 1.987 0.1765 4.34161 0 0.570141 5.26949 0 -5.6567 0 0 -19.4925 
0.781 1.987 0.1765 0.387932 0 0.564475 6.57451 0 -5.66651 0 0 -19.4925 1.987 0.1765 4.34688 0 0.564475 5.26949 0 -5.66651 0 0 -19.4925 
0.782 1.987 0.1765 0.394506 0 0.558798 6.57451 0 -5.67632 0 0 -19.4925 1.987 0.1765 4.35215 0 0.558798 5.26949 0 -5.67632 0 0 -19.4925 
0.783 1.987 0.1765 0.401081 0 0.553112 6.57451 0 -5.68613 0 0 -19.4925 1.987 0.1765 4.35742 0 0.553112 5.26949 0 -5.68613 0 0 -19.4925 
0.784 1.987 0.1765 0.407655 0 0.547416 6.57451 0 -5.69594 0 0 -19.4925 1.987 0.1765 4.36269 0 0.547416 5.26949 0 -5.69594 0 0 -19.4925 
0.785 1.987 0.1765 0.41423 0 0.541711 6.57451 0 -5.70575 0 0 -19.4925 1.987 0.1765 4.36796 0 0.541711 5.26949 0 -5.70575 0 0 -19.4925 
0.786 1.987 0.1765 0.420804 0 0.535995 6.57451 0 -5.71556 0 0 -19.4925 1.987 0.1765 4.37323 0 0.535995 5.26949 0 -5.71556 0 0 -19.4925 
0.787 1.987 0.1765 0.427379 0 0.53027 6.57451 0 -5.72537 0 0 -19.4925 1.987 0.1765 4.3785 0 0.53027 5.26949 0 -5.72537 0 0 -19.4925 
0.788 1.987 0.1765 0.433953 0 0.524534 6.57451 0 -5.73518 0 0 -19.4925 1.987 0.1765 4.38377 0 0.524534 5.26949 0 -5.73518 0 0 -19.4925 
0.789 1.987 0.1765 0.440528 0 0.518789 6.57451 0 -5.74499 0 0 -19.4925 1.987 0.1765 4.38904 0 0.518789 5.26949 0 -5.74499 0 0 -19.4925 
0.79 1.987 0.1765 0.447102 0 0.513035 6.57451 0 -5.7548 0 0 -19.4925 1.987 0.1765 4.39431 0 0.513035 5.26949 0 -5.7548 0 0 -19.4925 
0.791 1.987 0.1765 0.453677 0 0.50727 6.57451 0 -5.76461 0 0 -19.4925 1.987 0.1765 4.39958 0 0.50727 5.26949 0 -5.76461 0 0 -19.4925 
0.792 1.987 0.1765 0.460251 0 0.501496 6.57451 0 -5.77442 0 0 -19.4925 1.987 0.1765 4.40485 0 0.501496 5.26949 0 -5.77442 0 0 -19.4925 
0.793 1.987 0.1765 0.466826 0 0.495711 6.57451 0 -5.78423 0 0 -19.4925 1.987 0.1765 4.41012 0 0.495711 5.26949 0 -5.78423 0 0 -19.4925 
0.794 1.987 0.1765 0.4734 0 0.489917 6.57451 0 -5.79404 0 0 -19.4925 1.987 0.1765 4.41539 0 0.489917 5.26949 0 -5.79404 0 0 -19.4925 
0.795 1.987 0.1765 0.479975 0 0.484114 6.57451 0 -5.80385 0 0 -19.4925 1.987 0.1765 4.42066 0 0.484114 5.26949 0 -5.80385 0 0 -19.4925 
0.796 1.987 0.1765 0.486549 0 0.4783 6.57451 0 -5.81366 0 0 -19.4925 1.987 0.1765 4.42593 0 0.4783 5.26949 0 -5.81366 0 0 -19.4925 
0.797 1.987 0.1765 0.493124 0 0.472476 6.57451 0 -5.82347 0 0 -19.4925 1.987 0.1765 4.4312 0 0.472476 5.26949 0 -5.82347 0 0 -19.4925 
0.798 1.987 0.1765 0.499698 0 0.466643 6.57451 0 -5.83328 0 0 -19.4925 1.987 0.1765 4.43646 0 0.466643 5.26949 0 -5.83328 0 0 -19.4925 
0.799 1.987 0.1765 0.506273 0 0.4608 6.57451 0 -5.84309 0 0 -19.4925 1.987 0.1765 4.44173 0 0.4608 5.26949 0 -5.84309 0 0 -19.4925 
0.8 1.987 0.1765 0.512847 0 0.454947 6.57451 0 -5.8529 0 0 -19.4925 1.987 0.1765 4.447 0 0.454947 5.26949 0 -5.8529 0 0 -19.4925 
0.801 1.987 0.1765 0.519422 0 0.449084 6.57451 0 -5.86271 0 0 -19.4925 1.987 0.1765 4.45227 0 0.449084 5.26949 0 -5.86271 0 0 -19.4925 
0.802 1.987 0.1765 0.525996 0 0.443212 6.57451 0 -5.87252 0 0 -19.4925 1.987 0.1765 4.45754 0 0.443212 5.26949 0 -5.87252 0 0 -19.4925 
0.803 1.987 0.1765 0.532571 0 0.43733 6.57451 0 -5.88233 0 0 -19.4925 1.987 0.1765 4.46281 0 0.43733 5.26949 0 -5.88233 0 0 -19.4925 
0.804 1.987 0.1765 0.539146 0 0.431437 6.57451 0 -5.89214 0 0 -19.4925 1.987 0.1765 4.46808 0 0.431437 5.26949 0 -5.89214 0 0 -19.4925 
0.805 1.987 0.1765 0.54572 0 0.425535 6.57451 0 -5.90195 0 0 -19.4925 1.987 0.1765 4.47335 0 0.425535 5.26949 0 -5.90195 0 0 -19.4925 
0.806 1.987 0.1765 0.552295 0 0.419624 6.57451 0 -5.91176 0 0 -19.4925 1.987 0.1765 4.47862 0 0.419624 5.26949 0 -5.91176 0 0 -19.4925 
0.807 1.987 0.1765 0.558869 0 0.413702 6.57451 0 -5.92157 0 0 -19.4925 1.987 0.1765 4.48389 0 0.413702 5.26949 0 -5.92157 0 0 -19.4925 
0.808 1.987 0.1765 0.565444 0 0.407771 6.57451 0 -5.93138 0 0 -19.4925 1.987 0.1765 4.48916 0 0.407771 5.26949 0 -5.93138 0 0 -19.4925 
0.809 1.987 0.1765 0.572018 0 0.40183 6.57451 0 -5.94119 0 0 -19.4925 1.987 0.1765 4.49443 0 0.40183 5.26949 0 -5.94119 0 0 -19.4925 
0.81 1.987 0.1765 0.578593 0 0.395878 6.57451 0 -5.951 0 0 -19.4925 1.987 0.1765 4.4997 0 0.395878 5.26949 0 -5.951 0 0 -19.4925 
0.811 1.987 0.1765 0.585167 0 0.389918 6.57451 0 -5.96081 0 0 -19.4925 1.987 0.1765 4.50497 0 0.389918 5.26949 0 -5.96081 0 0 -19.4925 
0.812 1.987 0.1765 0.591742 0 0.383947 6.57451 0 -5.97062 0 0 -19.4925 1.987 0.1765 4.51024 0 0.383947 5.26949 0 -5.97062 0 0 -19.4925 
0.813 1.987 0.1765 0.598316 0 0.377967 6.57451 0 -5.98043 0 0 -19.4925 1.987 0.1765 4.51551 0 0.377967 5.26949 0 -5.98043 0 0 -19.4925 
0.814 1.987 0.1765 0.604891 0 0.371976 6.57451 0 -5.99024 0 0 -19.4925 1.987 0.1765 4.52078 0 0.371976 5.26949 0 -5.99024 0 0 -19.4925 
0.815 1.987 0.1765 0.611465 0 0.365976 6.57451 0 -6.00005 0 0 -19.4925 1.987 0.1765 4.52605 0 0.365976 5.26949 0 -6.00005 0 0 -19.4925 
0.816 1.987 0.1765 0.61804 0 0.359966 6.57451 0 -6.00986 0 0 -19.4925 1.987 0.1765 4.53132 0 0.359966 5.26949 0 -6.00986 0 0 -19.4925 
0.817 1.987 0.1765 0.624614 0 0.353947 6.57451 0 -6.01967 0 0 -19.4925 1.987 0.1765 4.53659 0 0.353947 5.26949 0 -6.01967 0 0 -19.4925 
0.818 1.987 0.1765 0.631189 0 0.347917 6.57451 0 -6.02948 0 0 -19.4925 1.987 0.1765 4.54185 0 0.347917 5.26949 0 -6.02948 0 0 -19.4925 
0.819 1.987 0.1765 0.637763 0 0.341878 6.57451 0 -6.03929 0 0 -19.4925 1.987 0.1765 4.54712 0 0.341878 5.26949 0 -6.03929 0 0 -19.4925 
0.82 1.987 0.1765 0.644338 0 0.335829 6.57451 0 -6.0491 0 0 -19.4925 1.987 0.1765 4.55239 0 0.335829 5.26949 0 -6.0491 0 0 -19.4925 
0.821 1.987 0.1765 0.650912 0 0.32977 6.57451 0 -6.05891 0 0 -19.4925 1.987 0.1765 4.55766 0 0.32977 5.26949 0 -6.05891 0 0 -19.4925 
0.822 1.987 0.1765 0.657487 0 0.323701 6.57451 0 -6.06872 0 0 -19.4925 1.987 0.1765 4.56293 0 0.323701 5.26949 0 -6.06872 0 0 -19.4925 
0.823 1.987 0.1765 0.664061 0 0.317623 6.57451 0 -6.07853 0 0 -19.4925 1.987 0.1765 4.5682 0 0.317623 5.26949 0 -6.07853 0 0 -19.4925 
0.824 1.987 0.1765 0.670636 0 0.311534 6.57451 0 -6.08834 0 0 -19.4925 1.987 0.1765 4.57347 0 0.311534 5.26949 0 -6.08834 0 0 -19.4925 
0.825 1.987 0.1765 0.67721 0 0.305436 6.57451 0 -6.09815 0 0 -19.4925 1.987 0.1765 4.57874 0 0.305436 5.26949 0 -6.09815 0 0 -19.4925 
0.826 1.987 0.1765 0.683785 0 0.299328 6.57451 0 -6.10796 0 0 -19.4925 1.987 0.1765 4.58401 0 0.299328 5.26949 0 -6.10796 0 0 -19.4925 
0.827 1.987 0.1765 0.690359 0 0.29321 6.57451 0 -6.11777 0 0 -19.4925 1.987 0.1765 4.58928 0 0.29321 5.26949 0 -6.11777 0 0 -19.4925 
0.828 1.987 0.1765 0.696934 0 0.287083 6.57451 0 -6.12758 0 0 -19.4925 1.987 0.1765 4.59455 0 0.287083 5.26949 0 -6.12758 0 0 -19.4925 
0.829 1.987 0.1765 0.703508 0 0.280946 6.57451 0 -6.13739 0 0 -19.4925 1.987 0.1765 4.59982 0 0.280946 5.26949 0 -6.13739 0 0 -19.4925 
0.83 1.987 0.1765 0.710083 0 0.274798 6.57451 0 -6.1472 0 0 -19.4925 1.987 0.1765 4.60509 0 0.274798 5.26949 0 -6.1472 0 0 -19.4925 
0.831 1.987 0.1765 0.716657 0 0.268641 6.57451 0 -6.15701 0 0 -19.4925 1.987 0.1765 4.61036 0 0.268641 5.26949 0 -6.15701 0 0 -19.4925 
0.832 1.987 0.1765 0.723232 0 0.262474 6.57451 0 -6.16682 0 0 -19.4925 1.987 0.1765 4.61563 0 0.262474 5.26949 0 -6.16682 0 0 -19.4925 
0.833 1.987 0.1765 0.729806 0 0.256298 6.57451 0 -6.17663 0 0 -19.4925 1.987 0.1765 4.6209 0 0.256298 5.26949 0 -6.17663 0 0 -19.4925 
0.834 1.987 0.1765 0.736381 0 0.250111 6.57451 0 -6.18644 0 0 -19.4925 1.987 0.1765 4.62617 0 0.250111 5.26949 0 -6.18644 0 0 -19.4925 
0.835 1.987 0.1765 0.742955 0 0.243915 6.57451 0 -6.19625 0 0 -19.4925 1.987 0.1765 4.63144 0 0.243915 5.26949 0 -6.19625 0 0 -19.4925 
0.836 1.987 0.1765 0.74953 0 0.237709 6.57451 0 -6.20606 0 0 -19.4925 1.987 0.1765 4.63671 0 0.237709 5.26949 0 -6.20606 0 0 -19.4925 
0.837 1.987 0.1765 0.756104 0 0.231493 6.57451 0 -6.21587 0 0 -19.4925 1.987 0.1765 4.64197 0 0.231493 5.26949 0 -6.21587 0 0 -19.4925 
0.838 1.987 0.1765 0.762679 0 0.225267 6.57451 0 -6.22568 0 0 -19.4925 1.987 0.1765 4.64724 0 0.225267 5.26949 0 -6.22568 0 0 -19.4925 
0.839 1.987 0.1765 0.769253 0 0.219032 6.57451 0 -6.23549 0 0 -19.4925 1.987 0.1765 4.65251 0 0.219032 5.26949 0 -6.23549 0 0 -19.4925 
0.84 1.987 0.1765 0.775828 0 0.212787 6.57451 0 -6.2453 0 0 -19.4925 1.987 0.1765 4.65778 0 0.212787 5.26949 0 -6.2453 0 0 -19.4925 
0.841 1.987 0.1765 0.782402 0 0.206532 6.57451 0 -6.25511 0 0 -19.4925 1.987 0.1765 4.66305 0 0.206532 5.26949 0 -6.25511 0 0 -19.4925 
0.842 1.987 0.1765 0.788977 0 0.200267 6.57451 0 -6.26492 0 0 -19.4925 1.987 0.1765 4.66832 0 0.200267 5.26949 0 -6.26492 0 0 -19.4925 
0.843 1.987 0.1765 0.795551 0 0.193992 6.57451 0 -6.27473 0 0 -19.4925 1.987 0.1765 4.67359 0 0.193992 5.26949 0 -6.27473 0 0 -19.4925 
0.844 1.987 0.1765 0.802126 0 0.187707 6.57451 0 -6.28454 0 0 -19.4925 1.987 0.1765 4.67886 0 0.187707 5.26949 0 -6.28454 0 0 -19.4925 
0.845 1.987 0.1765 0.808701 0 0.181413 6.57451 0 -6.29435 0 0 -19.4925 1.987 0.1765 4.68413 0 0.181413 5.26949 0 -6.29435 0 0 -19.4925 
0.846 1.987 0.1765 0.815275 0 0.175109 6.57451 0 -6.30416 0 0 -19.4925 1.987 0.1765 4.6894 0 0.175109 5.26949 0 -6.30416 0 0 -19.4925 
0.847 1.987 0.1765 0.82185 0 0.168801 6.57451 0 -6.30821 0 0 -8.04271 1.987 0.1765 4.69467 0 0.168801 5.26949 0 -6.30821 0 0 -8.04271 
0.848 1.987 0.1765 0.828424 0 0.162515 6.57451 0 -6.28613 0 0 43.8768 1.987 0.1765 4.69994 0 0.162515 5.26949 0 -6.28613 0 0 43.8768 
0.849 1.987 0.1765 0.834999 0 0.156277 6.57451 0 -6.23801 0 0 95.6145 1.987 0.1765 4.70521 0 0.156277 5.26949 0 -6.23801 0 0 95.6145 
0.85 1.987 0.1765 0.841573 0 0.150112 6.57451 0 -6.16405 0 0 146.956 1.987 0.1765 4.71048 0 0.150112 5.26949 0 -6.16405 0 0 146.956 
0.851 1.987 0.1765 0.848148 0 0.144048 6.57451 0 -6.06456 0 0 197.689 1.987 0.1765 4.71575 0 0.144048 5.26949 0 -6.06456 0 0 197.689 
0.852 1.987 0.1765 0.854722 0 0.138108 6.57451 0 -5.93995 0 0 247.603 1.987 0.1765 4.72102 0 0.138108 5.26949 0 -5.93995 0 0 247.603 
0.853 1.987 0.1765 0.861297 0 0.132317 6.57451 0 -5.79073 0 0 296.492 1.987 0.1765 4.72629 0 0.132317 5.26949 0 -5.79073 0 0 296.492 
0.854 1.987 0.1765 0.867871 0 0.1267 6.57451 0 -5.61753 0 0 344.152 1.987 0.1765 4.73156 0 0.1267 5.26949 0 -5.61753 0 0 344.152 
0.855 1.987 0.1765 0.874446 0 0.121279 6.57451 0 -5.42106 0 0 390.387 1.987 0.1765 4.73683 0 0.121279 5.26949 0 -5.42106 0 0 390.387 
0.856 1.987 0.1765 0.88102 0 0.116076 6.57451 0 -5.20214 0 0 435.005 1.987 0.1765 4.7421 0 0.116076 5.26949 0 -5.20214 0 0 435.005 
0.857 1.987 0.1765 0.887595 0 0.111115 6.57451 0 -4.96166 0 0 477.821 1.987 0.1765 4.74736 0 0.111115 5.26949 0 -4.96166 0 0 477.821 
0.858 1.987 0.1765 0.894169 0 0.106414 6.57451 0 -4.70064 0 0 518.657 1.987 0.1765 4.75263 0 0.106414 5.26949 0 -4.70064 0 0 518.657 
0.859 1.987 0.1765 0.900744 0 0.101994 6.57451 0 -4.42014 0 0 557.346 1.987 0.1765 4.7579 0 0.101994 5.26949 0 -4.42014 0 0 557.346 
0.86 1.987 0.1765 0.907318 0 0.0978727 6.57451 0 -4.12134 0 0 593.726 1.987 0.1765 4.76317 0 0.0978727 5.26949 0 -4.12134 0 0 593.726 
0.861 1.987 0.1765 0.913893 0 0.0940672 6.57451 0 -3.80546 0 0 627.646 1.987 0.1765 4.76844 0 0.0940672 5.26949 0 -3.80546 0 0 627.646 
0.862 1.987 0.1765 0.920467 0 0.0905934 6.57451 0 -3.47382 0 0 658.967 1.987 0.1765 4.77371 0 0.0905934 5.26949 0 -3.47382 0 0 658.967 
0.863 1.987 0.1765 0.927042 0 0.0874656 6.57451 0 -3.12779 0 0 687.558 1.987 0.1765 4.77898 0 0.0874656 5.26949 0 -3.12779 0 0 687.558 
0.864 1.987 0.1765 0.933616 0 0.0846968 6.57451 0 -2.76881 0 0 713.301 1.987 0.1765 4.78425 0 0.0846968 5.26949 0 -2.76881 0 0 713.301 
0.865 1.987 0.1765 0.940191 0 0.0822985 6.57451 0 -2.39836 0 0 736.09 1.987 0.1765 4.78952 0 0.0822985 5.26949 0 -2.39836 0 0 736.09 
0.866 1.987 0.1765 0.946765 0 0.0802805 6.57451 0 -2.01797 0 0 755.829 1.987 0.1765 4.79479 0 0.0802805 5.26949 0 -2.01797 0 0 755.829 
0.867 1.987 0.1765 0.95334 0 0.0786513 6.57451 0 -1.62922 0 0 772.438 1.987 0.1765 4.80006 0 0.0786513 5.26949 0 -1.62922 0 0 772.438 
0.868 1.987 0.1765 0.959914 0 0.0774175 6.57451 0 -1.23373 0 0 785.847 1.987 0.1765 4.80533 0 0.0774175 5.26949 0 -1.23373 0 0 785.847 
0.869 1.987 0.1765 0.966489 0 0.0765844 6.57451 0 -0.833124 0 0 796.001 1.987 0.1765 4.81059 0 0.0765844 5.25612 0 -0.833124 -26.5784 0 796.001 
0.87 1.987 0.1765 0.973063 0 0.0761554 6.57451 0 -0.429068 0 0 802.858 1.987 0.1765 4.81581 0 0.0761554 5.22097 0 -0.429068 -69.8386 0 802.858 
0.871 1.987 0.1765 0.979638 0 0.0761321 6.57451 0 -0.0232353 0 0 806.39 1.987 0.1765 4.82097 0 0.0761321 5.1642 0 -0.0232353 -112.81 0 806.39 
0.872 1.987 0.1765 0.986212 0 0.0765148 6.57451 0 0.382694 0 0 806.581 1.987 0.1765 4.82606 0 0.0765148 5.08603 0 0.382694 -155.313 0 806.581 
0.873 1.987 0.1765 0.992787 0 0.0773019 6.57451 0 0.787038 0 0 803.431 1.987 0.1765 4.83104 0 0.0773019 4.9868 0 0.787038 -197.174 0 803.431 
0.874 1.987 0.1765 0.999361 0 0.07849 6.57451 0 1.18812 0 0 796.954 1.987 0.1765 4.83591 0 0.07849 4.86691 0 1.18812 -238.217 0 796.954 
0.875 1.987 0.1765 1.00594 0 0.0800743 6.57451 0 1.58428 0 0 787.175 1.987 0.1765 4.84064 0 0.0800743 4.72686 0 1.58428 -278.274 0 787.175 
0.876 1.987 0.1765 1.01251 0 0.0820481 6.57451 0 1.97388 0 0 774.135 1.987 0.1765 4.8452 0 0.0820481 4.56724 0 1.97388 -317.178 0 774.135 
0.877 1.987 0.1765 1.01908 0 0.0844035 6.57451 0 2.35531 0 0 757.889 1.987 0.1765 4.84959 0 0.0844035 4.38869 0 2.35531 -354.769 0 757.889 
0.878 1.987 0.1765 1.02566 0 0.0871304 6.57451 0 2.72698 0 0 738.504 1.987 0.1765 4.85379 0 0.0871304 4.19197 0 2.72698 -390.89 0 738.504 
0.879 1.987 0.1765 1.03223 0 0.0902178 6.57451 0 3.08735 0 0 716.06 1.987 0.1765 4.85776 0 0.0902178 3.97788 0 3.08735 -425.392 0 716.06 
0.88 1.987 0.1765 1.03881 0 0.0936527 6.57451 0 3.43493 0 0 690.65 1.987 0.1765 4.86151 0 0.0936527 3.74732 0 3.43493 -458.131 0 690.65 
0.881 1.987 0.1765 1.04538 0 0.097421 6.57451 0 3.76829 0 0 662.379 1.987 0.1765 4.86501 0 0.097421 3.50123 0 3.76829 -488.974 0 662.379 
0.882 1.987 0.1765 1.05196 0 0.101507 6.57451 0 4.08604 0 0 631.364 1.987 0.1765 4.86825 0 0.101507 3.24064 0 4.08604 -517.79 0 631.364 
0.883 1.987 0.1765 1.05853 0 0.105894 6.57451 0 4.38686 0 0 597.734 1.987 0.1765 4.87122 0 0.105894 2.96663 0 4.38686 -544.462 0 597.734 
0.884 1.987 0.1765 1.06511 0 0.110563 6.57451 0 4.66951 0 0 561.628 1.987 0.1765 4.8739 0 0.110563 2.68033 0 4.66951 -568.879 0 561.628 
0.885 1.987 0.1765 1.07168 0 0.115496 6.57451 0 4.93282 0 0 523.196 1.987 0.1765 4.87628 0 0.115496 2.38293 0 4.93282 -590.939 0 523.196 
0.886 1.987 0.1765 1.07826 0 0.120672 6.57451 0 5.1757 0 0 482.597 1.987 0.1765 4.87836 0 0.120672 2.07565 0 5.1757 -610.552 0 482.597 
0.887 1.987 0.1765 1.08483 0 0.126069 6.57451 0 5.39713 0 0 439.998 1.987 0.1765 4.88012 0 0.126069 1.75978 0 5.39713 -627.635 0 439.998 
0.888 1.987 0.1765 1.0914 0 0.131665 6.57451 0 5.59622 0 0 395.577 1.987 0.1765 4.88155 0 0.131665 1.43662 0 5.59622 -642.119 0 395.577 
0.889 1.987 0.1765 1.09798 0 0.137437 6.57451 0 5.77212 0 0 349.518 1.987 0.1765 4.88266 0 0.137437 1.10751 0 5.77212 -653.943 0 349.518 
0.89 1.987 0.1765 1.10455 0 0.143361 6.57451 0 5.92411 0 0 302.011 1.987 0.1765 4.88344 0 0.143361 0.773813 0 5.92411 -663.059 0 302.011 
0.891 1.987 0.1765 1.11113 0 0.149413 6.57451 0 6.05157 0 0 253.253 1.987 0.1765 4.88387 0 0.149413 0.436909 0 6.05157 -669.427 0 253.253 
0.892 1.987 0.1765 1.1177 0 0.155567 6.57451 0 6.15396 0 0 203.445 1.987 0.1765 4.88397 0 0.155567 0.0981958 0 6.15396 -673.023 0 203.445 
0.893 1.987 0.1765 1.12428 0 0.161798 6.57451 0 6.23085 0 0 152.796 1.987 0.1765 4.88373 0 0.161798 -0.240924 0 6.23085 -673.832 0 152.796 
0.894 1.987 0.1765 1.13085 0 0.16808 6.57451 0 6.28194 0 0 101.513 1.987 0.1765 4.88315 0 0.16808 -0.579046 0 6.28194 -671.849 0 101.513 
0.895 1.987 0.1765 1.13743 0 0.174387 6.57451 0 6.30701 0 0 49.8095 1.987 0.1765 4.88224 0 0.174387 -0.91477 0 6.30701 -667.083 0 49.8095 
0.896 1.987 0.1765 1.144 0 0.180693 6.57451 0 6.30595 0 0 -2.10006 1.987 0.1765 4.88099 0 0.180693 -1.2467 0 6.30595 -659.554 0 -2.10006 
0.897 1.987 0.1765 1.15058 0 0.186989 6.57451 0 6.29614 0 0 -19.4925 1.987 0.1765 4.87942 0 0.186989 -1.57348 0 6.29614 -649.293 0 -19.4925 
0.898 1.987 0.1765 1.15715 0 0.193275 6.57451 0 6.28633 0 0 -19.4925 1.987 0.1765 4.87752 0 0.193275 -1.89373 0 6.28633 -636.343 0 -19.4925 
0.899 1.987 0.1765 1.16372 0 0.199552 6.57451 0 6.27652 0 0 -19.4925 1.987 0.1765 4.87532 0 0.199552 -2.20614 0 6.27652 -620.756 0 -19.4925 
0.9 1.987 0.1765 1.1703 0 0.205818 6.57451 0 6.26671 0 0 -19.4925 1.987 0.1765 4.87281 0 0.205818 -2.50941 0 6.26671 -602.599 0 -19.4925 
0.901 1.987 0.1765 1.17687 0 0.212075 6.57451 0 6.2569 0 0 -19.4925 1.987 0.1765 4.87 0 0.212075 -2.80228 0 6.2569 -581.945 0 -19.4925 
0.902 1.987 0.1765 1.18345 0 0.218322 6.57451 0 6.24709 0 0 -19.4925 1.987 0.1765 4.86692 0 0.218322 -3.08355 0 6.24709 -558.881 0 -19.4925 
0.903 1.987 0.1765 1.19002 0 0.22456 6.57451 0 6.23728 0 0 -19.4925 1.987 0.1765 4.86357 0 0.22456 -3.35205 0 6.23728 -533.502 0 -19.4925 
0.904 1.987 0.1765 1.1966 0 0.230787 6.57451 0 6.22747 0 0 -19.4925 1.987 0.1765 4.85996 0 0.230787 -3.60666 0 6.22747 -505.913 0 -19.4925 
0.905 1.987 0.1765 1.20317 0 0.237005 6.57451 0 6.21766 0 0 -19.4925 1.987 0.1765 4.85612 0 0.237005 -3.84633 0 6.21766 -476.229 0 -19.4925 
0.906 1.987 0.1765 1.20975 0 0.243213 6.57451 0 6.20785 0 0 -19.4925 1.987 0.1765 4.85205 0 0.243213 -4.07007 0 6.20785 -444.572 0 -19.4925 
0.907 1.987 0.1765 1.21632 0 0.249411 6.57451 0 6.19804 0 0 -19.4925 1.987 0.1765 4.84777 0 0.249411 -4.27695 0 6.19804 -411.073 0 -19.4925 
0.908 1.987 0.1765 1.22289 0 0.255599 6.57451 0 6.18823 0 0 -19.4925 1.987 0.1765 4.8433 0 0.255599 -4.46612 0 6.18823 -375.872 0 -19.4925 
0.909 1.987 0.1765 1.22947 0 0.261777 6.57451 0 6.17842 0 0 -19.4925 1.987 0.1765 4.83867 0 0.261777 -4.63679 0 6.17842 -339.114 0 -19.4925 
0.91 1.987 0.1765 1.23604 0 0.267946 6.57451 0 6.16861 0 0 -19.4925 1.987 0.1765 4.83388 0 0.267946 -4.78825 0 6.16861 -300.951 0 -19.4925 
0.911 1.987 0.1765 1.24262 0 0.274105 6.57451 0 6.1588 0 0 -19.4925 1.987 0.1765 4.82896 0 0.274105 -4.91987 0 6.1588 -261.541 0 -19.4925 
0.912 1.987 0.1765 1.24919 0 0.280254 6.57451 0 6.14899 0 0 -19.4925 1.987 0.1765 4.82393 0 0.280254 -5.03112 0 6.14899 -221.049 0 -19.4925 
0.913 1.987 0.1765 1.25577 0 0.286393 6.57451 0 6.13918 0 0 -19.4925 1.987 0.1765 4.8188 0 0.286393 -5.12153 0 6.13918 -179.64 0 -19.4925 
0.914 1.987 0.1765 1.26234 0 0.292522 6.57451 0 6.12937 0 0 -19.4925 1.987 0.1765 4.81361 0 0.292522 -5.19072 0 6.12937 -137.488 0 -19.4925 
0.915 1.987 0.1765 1.26892 0 0.298642 6.57451 0 6.11956 0 0 -19.4925 1.987 0.1765 4.80838 0 0.298642 -5.23841 0 6.11956 -94.7656 0 -19.4925 
0.916 1.987 0.1765 1.27549 0 0.304752 6.57451 0 6.10975 0 0 -19.4925 1.987 0.1765 4.80311 0 0.304752 -5.26441 0 6.10975 -51.6511 0 -19.4925 
0.917 1.987 0.1765 1.28207 0 0.310852 6.57451 0 6.09994 0 0 -19.4925 1.987 0.1765 4.79784 0 0.310852 -5.2686 0 6.09994 -8.32259 0 -19.4925 
0.918 1.987 0.1765 1.28864 0 0.316942 6.57451 0 6.09013 0 0 -19.4925 1.987 0.1765 4.79257 0 0.316942 -5.2686 0 6.09013 0 0 -19.4925 
0.919 1.987 0.1765 1.29521 0 0.323022 6.57451 0 6.08032 0 0 -19.4925 1.987 0.1765 4.78731 0 0.323022 -5.2686 0 6.08032 0 0 -19.4925 
0.92 1.987 0.1765 1.30179 0 0.329093 6.57451 0 6.07051 0 0 -19.4925 1.987 0.1765 4.78204 0 0.329093 -5.2686 0 6.07051 0 0 -19.4925 
0.921 1.987 0.1765 1.30836 0 0.335153 6.57451 0 6.0607 0 0 -19.4925 1.987 0.1765 4.77677 0 0.335153 -5.2686 0 6.0607 0 0 -19.4925 
0.922 1.987 0.1765 1.31494 0 0.341204 6.57451 0 6.05089 0 0 -19.4925 1.987 0.1765 4.7715 0 0.341204 -5.2686 0 6.05089 0 0 -19.4925 
0.923 1.987 0.1765 1.32151 0 0.347245 6.57451 0 6.04108 0 0 -19.4925 1.987 0.1765 4.76623 0 0.347245 -5.2686 0 6.04108 0 0 -19.4925 
0.924 1.987 0.1765 1.32809 0 0.353277 6.57451 0 6.03127 0 0 -19.4925 1.987 0.1765 4.76096 0 0.353277 -5.2686 0 6.03127 0 0 -19.4925 
0.925 1.987 0.1765 1.33466 0 0.359298 6.57451 0 6.02146 0 0 -19.4925 1.987 0.1765 4.75569 0 0.359298 -5.2686 0 6.02146 0 0 -19.4925 
0.926 1.987 0.1765 1.34124 0 0.36531 6.57451 0 6.01165 0 0 -19.4925 1.987 0.1765 4.75043 0 0.36531 -5.2686 0 6.01165 0 0 -19.4925 
0.927 1.987 0.1765 1.34781 0 0.371312 6.57451 0 6.00184 0 0 -19.4925 1.987 0.1765 4.74516 0 0.371312 -5.2686 0 6.00184 0 0 -19.4925 
0.928 1.987 0.1765 1.35439 0 0.377304 6.57451 0 5.99203 0 0 -19.4925 1.987 0.1765 4.73989 0 0.377304 -5.2686 0 5.99203 0 0 -19.4925 
0.929 1.987 0.1765 1.36096 0 0.383286 6.57451 0 5.98222 0 0 -19.4925 1.987 0.1765 4.73462 0 0.383286 -5.2686 0 5.98222 0 0 -19.4925 
0.93 1.987 0.1765 1.36753 0 0.389258 6.57451 0 5.97241 0 0 -19.4925 1.987 0.1765 4.72935 0 0.389258 -5.2686 0 5.97241 0 0 -19.4925 
0.931 1.987 0.1765 1.37411 0 0.395221 6.57451 0 5.9626 0 0 -19.4925 1.987 0.1765 4.72408 0 0.395221 -5.2686 0 5.9626 0 0 -19.4925 
0.932 1.987 0.1765 1.38068 0 0.401174 6.57451 0 5.95279 0 0 -19.4925 1.987 0.1765 4.71881 0 0.401174 -5.2686 0 5.95279 0 0 -19.4925 
0.933 1.987 0.1765 1.38726 0 0.407117 6.57451 0 5.94298 0 0 -19.4925 1.987 0.1765 4.71355 0 0.407117 -5.2686 0 5.94298 0 0 -19.4925 
0.934 1.987 0.1765 1.39383 0 0.41305 6.57451 0 5.93317 0 0 -19.4925 1.987 0.1765 4.70828 0 0.41305 -5.2686 0 5.93317 0 0 -19.4925 
0.935 1.987 0.1765 1.40041 0 0.418973 6.57451 0 5.92336 0 0 -19.4925 1.987 0.1765 4.70301 0 0.418973 -5.2686 0 5.92336 0 0 -19.4925 
0.936 1.987 0.1765 1.40698 0 0.424887 6.57451 0 5.91355 0 0 -19.4925 1.987 0.1765 4.69774 0 0.424887 -5.2686 0 5.91355 0 0 -19.4925 
0.937 1.987 0.1765 1.41356 0 0.43079 6.57451 0 5.90374 0 0 -19.4925 1.987 0.1765 4.69247 0 0.43079 -5.2686 0 5.90374 0 0 -19.4925 
0.938 1.987 0.1765 1.42013 0 0.436684 6.57451 0 5.89393 0 0 -19.4925 1.987 0.1765 4.6872 0 0.436684 -5.2686 0 5.89393 0 0 -19.4925 
0.939 1.987 0.1765 1.4267 0 0.442568 6.57451 0 5.88412 0 0 -19.4925 1.987 0.1765 4.68193 0 0.442568 -5.2686 0 5.88412 0 0 -19.4925 
0.94 1.987 0.1765 1.43328 0 0.448443 6.57451 0 5.87431 0 0 -19.4925 1.987 0.1765 4.67666 0 0.448443 -5.2686 0 5.87431 0 0 -19.4925 
0.941 1.987 0.1765 1.43985 0 0.454307 6.57451 0 5.8645 0 0 -19.4925 1.987 0.1765 4.6714 0 0.454307 -5.2686 0 5.8645 0 0 -19.4925 
0.942 1.987 0.1765 1.44643 0 0.460162 6.57451 0 5.85469 0 0 -19.4925 1.987 0.1765 4.66613 0 0.460162 -5.2686 0 5.85469 0 0 -19.4925 
0.943 1.987 0.1765 1.453 0 0.466007 6.57451 0 5.84488 0 0 -19.4925 1.987 0.1765 4.66086 0 0.466007 -5.2686 0 5.84488 0 0 -19.4925 
0.944 1.987 0.1765 1.45958 0 0.471842 6.57451 0 5.83507 0 0 -19.4925 1.987 0.1765 4.65559 0 0.471842 -5.2686 0 5.83507 0 0 -19.4925 
0.945 1.987 0.1765 1.46615 0 0.477667 6.57451 0 5.82526 0 0 -19.4925 1.987 0.1765 4.65032 0 0.477667 -5.2686 0 5.82526 0 0 -19.4925 
